soubor,cesta,trida,trida_cz,pohlavi,vekova_kategorie,is_augmented,augmentation_id,mfcc_1_mean,mfcc_1_std,mfcc_2_mean,mfcc_2_std,mfcc_3_mean,mfcc_3_std,mfcc_4_mean,mfcc_4_std,mfcc_5_mean,mfcc_5_std,mfcc_6_mean,mfcc_6_std,mfcc_7_mean,mfcc_7_std,mfcc_8_mean,mfcc_8_std,mfcc_9_mean,mfcc_9_std,mfcc_10_mean,mfcc_10_std,mfcc_11_mean,mfcc_11_std,mfcc_12_mean,mfcc_12_std,mfcc_13_mean,mfcc_13_std
999bf14b-e417-4b44-b746-9253f81efe38-1430844979531-1.7-m-04-ch.wav,..\dataset\discomfort\999bf14b-e417-4b44-b746-9253f81efe38-1430844979531-1.7-m-04-ch.wav,discomfort,nepohodlí,chlapec,0–4 týdny,False,0,-608.0796508789062,109.77030944824219,95.8519058227539,38.468101501464844,-17.701213836669922,41.407344818115234,5.03010892868042,16.881052017211914,-6.319079399108887,21.44222068786621,-11.85373306274414,13.086005210876465,-7.070057392120361,12.429540634155273,8.162323951721191,12.870115280151367,2.236379384994507,11.066205024719238,-9.118175506591797,10.75519847869873,-10.359846115112305,13.693146705627441,-7.9973602294921875,16.30556297302246,-8.844015121459961,14.96967601776123
999bf14b-e417-4b44-b746-9253f81efe38-1430844979531-1.7-m-04-ch.wav,..\dataset\discomfort\999bf14b-e417-4b44-b746-9253f81efe38-1430844979531-1.7-m-04-ch.wav,discomfort,nepohodlí,chlapec,0–4 týdny,True,1,-333.0936279296875,18.920820236206055,5.252913475036621,13.867733001708984,1.687190055847168,10.734859466552734,-2.672553777694702,10.998336791992188,-2.6196229457855225,10.971582412719727,-2.3006606101989746,9.46530818939209,0.5745852589607239,7.539276123046875,1.4211297035217285,8.019763946533203,0.3314211666584015,7.938406944274902,-1.8147622346878052,8.245501518249512,-2.1860427856445312,9.054098129272461,-0.7394960522651672,11.712077140808105,0.23040331900119781,11.306530952453613
999bf14b-e417-4b44-b746-9253f81efe38-1430844979531-1.7-m-04-ch.wav,..\dataset\discomfort\999bf14b-e417-4b44-b746-9253f81efe38-1430844979531-1.7-m-04-ch.wav,discomfort,nepohodlí,chlapec,0–4 týdny,True,2,-333.82257080078125,18.789287567138672,4.7665791511535645,13.746074676513672,1.4937223196029663,10.954469680786133,-2.971449851989746,10.929150581359863,-3.2629687786102295,10.820651054382324,-3.044384241104126,8.966513633728027,0.21226155757904053,8.014044761657715,1.259568691253662,8.331727981567383,0.11328116059303284,8.170607566833496,-1.969770073890686,8.591520309448242,-2.5909314155578613,9.828617095947266,-0.7460726499557495,11.690618515014648,0.23061776161193848,11.130796432495117
D833237F-1F7C-4338-BEDE-84C0CF5F4145-1430084007-1.0-f-26-hu.wav,..\dataset\hungry\D833237F-1F7C-4338-BEDE-84C0CF5F4145-1430084007-1.0-f-26-hu.wav,hungry,hlad,dívka,2–6 měsíců,False,0,-463.8193664550781,89.00928497314453,79.37601470947266,21.518524169921875,-29.751680374145508,24.50840950012207,-35.7786865234375,21.564197540283203,-56.66062545776367,25.64753532409668,-0.8832522630691528,13.85236644744873,-10.156525611877441,14.222803115844727,-13.297428131103516,13.110848426818848,-21.151432037353516,14.534696578979492,-5.7991623878479,18.44599151611328,-5.750685214996338,19.375802993774414,-4.527892112731934,16.981796264648438,-11.276266098022461,22.138303756713867
549a46d8-9c84-430e-ade8-97eae2bef787-1430130714659-1.7-m-48-hu.wav,..\dataset\hungry\549a46d8-9c84-430e-ade8-97eae2bef787-1430130714659-1.7-m-48-hu.wav,hungry,hlad,chlapec,4–8 týdnů,False,0,-698.611083984375,148.93382263183594,42.359012603759766,29.83538055419922,-44.742252349853516,42.62166976928711,-3.359940528869629,12.985762596130371,-29.504539489746094,20.0300350189209,-0.9945926666259766,12.15446949005127,-2.2761714458465576,13.288555145263672,-4.548001289367676,11.480049133300781,-8.418075561523438,13.676437377929688,-8.403173446655273,11.066717147827148,-9.25722599029541,11.367512702941895,5.514187812805176,17.26784324645996,18.037708282470703,24.632022857666016
7A864194-4B6B-4850-ABBF-0C2A8170107B-1436846824-1.1-f-26-hu.wav,..\dataset\hungry\7A864194-4B6B-4850-ABBF-0C2A8170107B-1436846824-1.1-f-26-hu.wav,hungry,hlad,dívka,2–6 měsíců,False,0,-443.8287353515625,101.62168884277344,35.598915100097656,21.755041122436523,-29.723567962646484,23.529207229614258,-13.662384986877441,16.60173225402832,-22.42999839782715,14.062832832336426,-9.405810356140137,14.730196952819824,-21.427845001220703,12.54012680053711,-14.083623886108398,11.491339683532715,-15.704776763916016,13.722743034362793,-3.0382373332977295,17.92096519470215,-6.9849629402160645,19.26422119140625,-5.852407455444336,14.797847747802734,-10.88383960723877,16.70482635498047
ed31b187-34af-4ff1-979c-3b8a5905fb7b-1430045366784-1.7-f-04-hu.wav,..\dataset\hungry\ed31b187-34af-4ff1-979c-3b8a5905fb7b-1430045366784-1.7-f-04-hu.wav,hungry,hlad,dívka,0–4 týdny,False,0,-473.73333740234375,130.8827362060547,41.81519317626953,52.35833740234375,-31.2072811126709,26.63098907470703,-12.798482894897461,16.1960391998291,-7.656054496765137,14.175389289855957,2.1762731075286865,13.929370880126953,-16.408212661743164,12.738759994506836,-4.069252014160156,13.348307609558105,-11.821818351745605,13.989632606506348,-8.523746490478516,10.233559608459473,-8.203577995300293,9.904752731323242,-2.407529592514038,12.80038070678711,-6.051187992095947,17.347328186035156
7CF37029-1040-40B8-ACC9-7E6E5C03AF9B-1429808939-1.0-m-72-hu.wav,..\dataset\hungry\7CF37029-1040-40B8-ACC9-7E6E5C03AF9B-1429808939-1.0-m-72-hu.wav,hungry,hlad,chlapec,7 měsíců–2 roky,False,0,-481.7384033203125,159.23861694335938,29.66265869140625,33.156734466552734,-14.754070281982422,26.4550724029541,-8.230768203735352,25.33568000793457,-24.92169952392578,20.790037155151367,-5.372818470001221,13.094661712646484,-9.260732650756836,11.305888175964355,-3.211838722229004,13.551153182983398,-14.019766807556152,14.570734977722168,-10.402433395385742,14.2085599899292,-6.997544765472412,14.471755027770996,-7.384952068328857,15.946283340454102,-0.5864588618278503,20.15814781188965
3bb2445a-9ae9-4dc8-9a2e-86c696ffa405-1430146536552-1.7-m-26-hu.wav,..\dataset\hungry\3bb2445a-9ae9-4dc8-9a2e-86c696ffa405-1430146536552-1.7-m-26-hu.wav,hungry,hlad,chlapec,2–6 měsíců,False,0,-345.107177734375,110.42503356933594,-6.154775619506836,29.41880989074707,-34.12969207763672,22.557357788085938,-3.7269465923309326,19.400060653686523,-26.5273494720459,16.28438949584961,-8.658098220825195,12.953790664672852,-22.490137100219727,12.74605941772461,1.657631754875183,11.473957061767578,-21.577024459838867,12.799213409423828,2.0494163036346436,10.789928436279297,-6.648174285888672,14.257340431213379,11.95788288116455,20.5687198638916,-0.4092967212200165,21.867908477783203
999bf14b-e417-4b44-b746-9253f81efe38-1431013068243-1.7-m-26-hu.wav,..\dataset\hungry\999bf14b-e417-4b44-b746-9253f81efe38-1431013068243-1.7-m-26-hu.wav,hungry,hlad,chlapec,2–6 měsíců,False,0,-401.5542907714844,127.37158203125,60.95409393310547,43.83780288696289,-66.18550872802734,25.61607551574707,9.084602355957031,16.24007225036621,-47.23329544067383,18.964412689208984,-0.3905448913574219,16.392738342285156,-17.974506378173828,12.867027282714844,-3.9832403659820557,10.397533416748047,-15.197742462158203,10.37646770477295,-11.924555778503418,9.866781234741211,-8.487640380859375,15.401529312133789,2.7365500926971436,22.25368881225586,11.378026962280273,23.817642211914062
86c2b87a-ae7c-46a3-b6fb-7ebe748812cf-1430036547966-1.7-m-04-hu.wav,..\dataset\hungry\86c2b87a-ae7c-46a3-b6fb-7ebe748812cf-1430036547966-1.7-m-04-hu.wav,hungry,hlad,chlapec,0–4 týdny,False,0,-330.0708923339844,94.29374694824219,65.7499771118164,30.834016799926758,0.9714816808700562,19.074199676513672,3.3114349842071533,15.628324508666992,-22.132585525512695,13.021941184997559,-6.035602569580078,13.948278427124023,-8.922452926635742,14.821672439575195,-3.2378973960876465,9.96532154083252,-8.124754905700684,9.695781707763672,-3.7990517616271973,8.94616985321045,-5.732510566711426,8.689806938171387,-0.7820146083831787,8.357879638671875,-2.6799256801605225,9.428731918334961
B2AABCE0-1F62-4B57-B58A-308959ABDFE7-1437188751-1.1-m-26-ti.wav,..\dataset\tired\B2AABCE0-1F62-4B57-B58A-308959ABDFE7-1437188751-1.1-m-26-ti.wav,tired,únava,chlapec,2–6 měsíců,False,0,-395.4817199707031,74.32096862792969,37.824256896972656,34.238670349121094,-20.441654205322266,15.571465492248535,4.712007999420166,12.31516170501709,-30.150827407836914,11.382956504821777,-1.9888614416122437,17.096511840820312,-17.81923484802246,8.85190200805664,-14.03980827331543,8.907271385192871,-14.099923133850098,9.882954597473145,-15.351049423217773,17.42560386657715,-8.576933860778809,24.969520568847656,2.1385445594787598,22.045305252075195,10.005293846130371,27.521085739135742
B2AABCE0-1F62-4B57-B58A-308959ABDFE7-1437188751-1.1-m-26-ti.wav,..\dataset\tired\B2AABCE0-1F62-4B57-B58A-308959ABDFE7-1437188751-1.1-m-26-ti.wav,tired,únava,chlapec,2–6 měsíců,True,1,-309.15771484375,33.03239822387695,9.888467788696289,16.90007781982422,-3.7869296073913574,11.562216758728027,-1.92859947681427,8.879066467285156,-13.928882598876953,11.132475852966309,-0.45177507400512695,12.29281234741211,-8.010878562927246,8.3888521194458,-7.898938179016113,8.826689720153809,-6.700338840484619,9.643857955932617,-8.614155769348145,14.584360122680664,0.5971181392669678,18.225841522216797,5.239023208618164,16.094711303710938,11.079583168029785,20.19087028503418
B2AABCE0-1F62-4B57-B58A-308959ABDFE7-1437188751-1.1-m-26-ti.wav,..\dataset\tired\B2AABCE0-1F62-4B57-B58A-308959ABDFE7-1437188751-1.1-m-26-ti.wav,tired,únava,chlapec,2–6 měsíců,True,2,-305.83551025390625,31.69730567932129,9.084944725036621,16.495019912719727,-4.14106559753418,10.604351043701172,-2.234778881072998,8.761333465576172,-13.722079277038574,11.373339653015137,-0.2820517420768738,12.284698486328125,-8.107666015625,8.14604377746582,-7.168846607208252,8.588647842407227,-6.82070255279541,9.492141723632812,-8.546906471252441,14.194845199584961,0.4060494005680084,17.475374221801758,5.219012260437012,16.247547149658203,11.363371849060059,19.661237716674805
7B924575-21FC-462A-969E-BABB46D1CBF5-1430055167-1.0-f-72-hu.wav,..\dataset\hungry\7B924575-21FC-462A-969E-BABB46D1CBF5-1430055167-1.0-f-72-hu.wav,hungry,hlad,dívka,7 měsíců–2 roky,False,0,-451.3996887207031,143.89495849609375,16.594295501708984,30.61116600036621,-28.926815032958984,28.438241958618164,-11.28629207611084,13.043951988220215,-19.463302612304688,13.930595397949219,1.2255620956420898,11.972516059875488,-29.909961700439453,12.643815040588379,-4.408997058868408,14.924272537231445,-8.600675582885742,18.374853134155273,3.672598361968994,21.63407325744629,-0.018363703042268753,19.55107307434082,-9.133126258850098,22.600833892822266,2.42911696434021,23.407285690307617
0a983cd2-0078-4698-a048-99ac01eb167a-1433917038889-1.7-f-04-hu.wav,..\dataset\hungry\0a983cd2-0078-4698-a048-99ac01eb167a-1433917038889-1.7-f-04-hu.wav,hungry,hlad,dívka,0–4 týdny,False,0,-397.2018127441406,90.30986785888672,10.981423377990723,33.36457443237305,-38.71392059326172,15.737462043762207,-34.41535186767578,20.0390567779541,-44.847930908203125,20.253986358642578,3.738487482070923,18.093923568725586,-35.51468276977539,18.855825424194336,20.20375633239746,24.182058334350586,4.868737697601318,16.7016658782959,10.566792488098145,21.87874412536621,-18.89615249633789,24.08945083618164,-13.382092475891113,13.765885353088379,-12.806321144104004,11.415681838989258
459c3f85-5710-4efa-bcc9-8012aa1af55e-1430034880215-1.7-f-48-hu.wav,..\dataset\hungry\459c3f85-5710-4efa-bcc9-8012aa1af55e-1430034880215-1.7-f-48-hu.wav,hungry,hlad,dívka,4–8 týdnů,False,0,-533.1926879882812,105.7105484008789,4.615842342376709,38.032474517822266,-17.560884475708008,27.730382919311523,-1.4501566886901855,16.516469955444336,-6.334559917449951,15.113207817077637,12.88348388671875,16.314228057861328,-20.03356170654297,16.88222312927246,0.8525696992874146,12.7044038772583,-8.786014556884766,12.71300983428955,-5.914124011993408,12.205455780029297,-5.24331521987915,9.499606132507324,-4.137442111968994,11.939445495605469,-8.498369216918945,9.926024436950684
4be720ce-a5e5-4a48-930f-a212f8a239f6-1434737694572-1.7-f-48-hu.wav,..\dataset\hungry\4be720ce-a5e5-4a48-930f-a212f8a239f6-1434737694572-1.7-f-48-hu.wav,hungry,hlad,dívka,4–8 týdnů,False,0,-635.5025024414062,102.36263275146484,39.54822540283203,31.803016662597656,-10.275751113891602,31.054540634155273,-4.706387042999268,15.546643257141113,-2.2481131553649902,12.859540939331055,-0.28131914138793945,14.278919219970703,-10.083765029907227,11.58210277557373,-2.531034469604492,9.633955001831055,-9.278564453125,10.216046333312988,-1.0277186632156372,11.569557189941406,-8.789347648620605,11.048554420471191,-5.465568542480469,14.901368141174316,-8.619914054870605,12.046539306640625
d6cda191-4962-4308-9a36-46d5648a95ed-1428333797380-1.5-f-26-hu.wav,..\dataset\hungry\d6cda191-4962-4308-9a36-46d5648a95ed-1428333797380-1.5-f-26-hu.wav,hungry,hlad,dívka,2–6 měsíců,False,0,-489.2383117675781,162.63880920410156,56.49369812011719,47.08809280395508,-8.094518661499023,51.78662109375,6.667026519775391,20.864992141723633,-8.077265739440918,22.375032424926758,-2.8250539302825928,19.820966720581055,-9.622513771057129,16.69188117980957,3.8804283142089844,13.065223693847656,-6.344165325164795,14.684735298156738,-0.7356249690055847,9.677125930786133,-2.5848960876464844,12.35448169708252,-2.412659168243408,9.352446556091309,-5.59741735458374,9.810935974121094
e0cc5beb-50e5-46ef-852e-c92106216e62-1430143334661-1.7-m-04-hu.wav,..\dataset\hungry\e0cc5beb-50e5-46ef-852e-c92106216e62-1430143334661-1.7-m-04-hu.wav,hungry,hlad,chlapec,0–4 týdny,False,0,-506.1399841308594,116.22856903076172,-0.597030758857727,34.86076354980469,-38.43430709838867,26.035335540771484,-11.773696899414062,19.176868438720703,-23.108989715576172,20.85843849182129,5.641737937927246,16.247224807739258,-17.83890151977539,17.74226188659668,4.121054649353027,16.6046085357666,-16.10658836364746,15.32711410522461,3.2399537563323975,11.589566230773926,-14.338314056396484,16.674989700317383,15.164628028869629,19.691919326782227,10.686944007873535,18.641027450561523
7A22229D-06C2-4AAA-9674-DE5DF1906B3A-1436891933-1.1-m-72-hu.wav,..\dataset\hungry\7A22229D-06C2-4AAA-9674-DE5DF1906B3A-1436891933-1.1-m-72-hu.wav,hungry,hlad,chlapec,7 měsíců–2 roky,False,0,-408.4267883300781,119.6710205078125,1.4966952800750732,28.112548828125,-23.407604217529297,21.205202102661133,-2.100605010986328,11.232565879821777,-19.367965698242188,12.926734924316406,-2.982565402984619,12.03208065032959,-14.6767578125,15.030749320983887,-6.796725749969482,9.86488151550293,-6.540719509124756,12.189143180847168,-5.656118392944336,13.307191848754883,-8.498543739318848,15.045960426330566,6.297489166259766,19.95989418029785,1.3624505996704102,20.123573303222656
aaa57dbd-7b88-454a-963e-6faa2f4ed4e7-1436982066128-1.7-f-04-hu.wav,..\dataset\hungry\aaa57dbd-7b88-454a-963e-6faa2f4ed4e7-1436982066128-1.7-f-04-hu.wav,hungry,hlad,dívka,0–4 týdny,False,0,-653.1414794921875,106.80740356445312,50.56803894042969,28.933122634887695,-23.028697967529297,25.01114273071289,-5.025008678436279,22.56424903869629,-22.41134262084961,14.665185928344727,-6.674471855163574,11.460628509521484,-1.3345091342926025,11.394026756286621,-2.319889783859253,11.966306686401367,-1.2377978563308716,11.027435302734375,-0.6837950944900513,10.564651489257812,-2.247365951538086,9.93526554107666,-1.0458942651748657,9.0018892288208,-5.048283576965332,10.744336128234863
B327333E-2DE2-4833-A75A-4C576208BED3-1430087456-1.0-f-48-hu.wav,..\dataset\hungry\B327333E-2DE2-4833-A75A-4C576208BED3-1430087456-1.0-f-48-hu.wav,hungry,hlad,dívka,4–8 týdnů,False,0,-405.0293273925781,80.0340576171875,31.555145263671875,28.25428009033203,-12.823143005371094,14.18271255493164,-1.3304632902145386,13.466382026672363,-3.5609095096588135,15.84705924987793,-4.487523555755615,8.819570541381836,-16.1563663482666,9.323615074157715,-8.003246307373047,12.095905303955078,-13.717761993408203,9.778430938720703,-7.146327018737793,14.093328475952148,-10.944182395935059,15.831925392150879,1.508384346961975,13.834412574768066,-4.697287082672119,20.697240829467773
9fe37482-6a64-401d-b8b9-3e47d6ed9ac0-1430047590938-1.7-f-26-hu.wav,..\dataset\hungry\9fe37482-6a64-401d-b8b9-3e47d6ed9ac0-1430047590938-1.7-f-26-hu.wav,hungry,hlad,dívka,2–6 měsíců,False,0,-437.0457763671875,135.1944122314453,40.15223693847656,25.520029067993164,-41.95159149169922,33.98171615600586,-24.604997634887695,19.801904678344727,-31.971851348876953,25.58186912536621,5.804609298706055,16.557586669921875,-9.9277982711792,13.891657829284668,-1.1253961324691772,15.288949966430664,-17.785070419311523,21.087425231933594,-7.736621856689453,16.003122329711914,-3.9031734466552734,19.302396774291992,17.026952743530273,29.207860946655273,13.815571784973145,27.63654136657715
6639C63C-F634-489C-91B3-E3DB5930EFD5-1431370278-1.1-m-04-hu.wav,..\dataset\hungry\6639C63C-F634-489C-91B3-E3DB5930EFD5-1431370278-1.1-m-04-hu.wav,hungry,hlad,chlapec,0–4 týdny,False,0,-396.0804748535156,96.79216766357422,58.93389892578125,26.094295501708984,-28.78973960876465,16.535491943359375,-5.811203479766846,12.394893646240234,-43.573673248291016,17.826091766357422,-41.80348587036133,19.924074172973633,-21.072526931762695,13.527816772460938,-11.68101978302002,9.218279838562012,-38.12092590332031,14.98967456817627,-2.3318138122558594,14.340994834899902,-9.513114929199219,12.41996955871582,2.0764143466949463,16.736242294311523,12.708998680114746,20.919240951538086
3941D08C-5A97-48A4-8830-091D878137F6-1430099813-1.0-m-72-hu.wav,..\dataset\hungry\3941D08C-5A97-48A4-8830-091D878137F6-1430099813-1.0-m-72-hu.wav,hungry,hlad,chlapec,7 měsíců–2 roky,False,0,-319.475341796875,142.76290893554688,2.6364505290985107,25.13227653503418,-33.87856674194336,18.497949600219727,-18.72559928894043,27.441051483154297,-7.2886223793029785,16.96807289123535,9.184074401855469,15.813104629516602,-5.943098068237305,13.360991477966309,-1.4271718263626099,12.498663902282715,-17.49615478515625,14.676615715026855,-1.239379644393921,13.470870971679688,5.856305122375488,18.081348419189453,19.350757598876953,22.632373809814453,12.042006492614746,18.996654510498047
64acb345-a61e-4ef3-a5a6-cf83c04b83f1-1430045478300-1.7-m-72-hu.wav,..\dataset\hungry\64acb345-a61e-4ef3-a5a6-cf83c04b83f1-1430045478300-1.7-m-72-hu.wav,hungry,hlad,chlapec,7 měsíců–2 roky,False,0,-368.90338134765625,101.62834167480469,59.9609260559082,36.05307388305664,-31.426677703857422,24.921785354614258,-18.15357780456543,24.98150062561035,-30.198881149291992,27.311994552612305,-18.0905704498291,21.87128448486328,-10.927063941955566,16.098365783691406,-3.683248996734619,15.14111614227295,3.994080066680908,16.59079360961914,13.013686180114746,19.23851776123047,4.226393699645996,21.999155044555664,-6.772125244140625,16.096946716308594,-11.34415340423584,16.645292282104492
D54D9C2A-56ED-4338-9D1F-2ADB4E081DAD-1429807598-1.0-m-48-hu.wav,..\dataset\hungry\D54D9C2A-56ED-4338-9D1F-2ADB4E081DAD-1429807598-1.0-m-48-hu.wav,hungry,hlad,chlapec,4–8 týdnů,False,0,-551.8955688476562,157.91989135742188,14.698233604431152,24.21516227722168,-20.252233505249023,20.805038452148438,-15.5806245803833,18.598426818847656,-16.17810821533203,25.043415069580078,1.7183929681777954,14.020231246948242,-10.43923282623291,11.138934135437012,-7.931299209594727,12.108512878417969,-7.137785911560059,11.271454811096191,-4.276462078094482,13.274093627929688,1.7849235534667969,17.774274826049805,3.8543221950531006,22.931978225708008,-3.7981479167938232,16.987934112548828
D54D9C2A-56ED-4338-9D1F-2ADB4E081DAD-1429807587-1.0-m-48-hu.wav,..\dataset\hungry\D54D9C2A-56ED-4338-9D1F-2ADB4E081DAD-1429807587-1.0-m-48-hu.wav,hungry,hlad,chlapec,4–8 týdnů,False,0,-466.9425964355469,138.10800170898438,12.984463691711426,44.004676818847656,-21.46666717529297,30.510374069213867,-4.962048530578613,18.476533889770508,-18.42152976989746,20.306596755981445,-4.21388578414917,17.200510025024414,-20.485027313232422,19.542661666870117,-15.207937240600586,17.94759750366211,-5.726074695587158,18.54124641418457,0.8734937310218811,19.786508560180664,-5.19005012512207,20.607162475585938,-7.702068328857422,19.516836166381836,-5.133445739746094,17.54132080078125
9CFD61B9-BF13-406D-8B2F-F73CFAAF25CB-1430927741-1.0-f-04-hu.wav,..\dataset\hungry\9CFD61B9-BF13-406D-8B2F-F73CFAAF25CB-1430927741-1.0-f-04-hu.wav,hungry,hlad,dívka,0–4 týdny,False,0,-302.2672424316406,82.75453186035156,61.66524887084961,39.52301788330078,-18.68819236755371,24.67243194580078,-1.715073585510254,19.6192626953125,-23.71062469482422,18.92976188659668,-1.4855313301086426,16.251909255981445,-5.341335296630859,9.70288372039795,-7.08069372177124,14.677932739257812,-19.75762939453125,11.547269821166992,-16.8846435546875,13.81081771850586,-0.5179946422576904,17.70807647705078,9.602225303649902,23.34984016418457,2.439957857131958,19.50454330444336
2EE636FB-BD76-4118-A0EF-82FAFC32301F-1436586600-1.1-f-04-hu.wav,..\dataset\hungry\2EE636FB-BD76-4118-A0EF-82FAFC32301F-1436586600-1.1-f-04-hu.wav,hungry,hlad,dívka,0–4 týdny,False,0,-366.1860046386719,38.54349136352539,50.298301696777344,15.123147010803223,-11.74548625946045,16.68934440612793,-10.39663314819336,12.219298362731934,-40.6285285949707,11.022598266601562,-18.42522621154785,13.479182243347168,-24.01487922668457,12.560663223266602,-22.755847930908203,8.690654754638672,-24.30253028869629,10.063572883605957,-13.905061721801758,9.54570484161377,-9.86647891998291,12.27763557434082,-6.0257368087768555,12.01152229309082,0.38838493824005127,13.008612632751465
64acb345-a61e-4ef3-a5a6-cf83c04b83f1-1430059012473-1.7-m-72-dc.wav,..\dataset\discomfort\64acb345-a61e-4ef3-a5a6-cf83c04b83f1-1430059012473-1.7-m-72-dc.wav,discomfort,nepohodlí,chlapec,7 měsíců–2 roky,False,0,-295.57708740234375,112.22406005859375,-1.780052661895752,33.810516357421875,-63.312923431396484,36.60951232910156,-3.509559392929077,22.56575584411621,-15.132013320922852,18.299057006835938,4.979960918426514,13.163698196411133,-21.282461166381836,15.853089332580566,-8.009672164916992,16.833740234375,0.6610807180404663,20.476879119873047,3.2070579528808594,23.2491397857666,5.956783294677734,22.171281814575195,-5.080254554748535,25.657331466674805,-9.14224624633789,23.815753936767578
64acb345-a61e-4ef3-a5a6-cf83c04b83f1-1430059012473-1.7-m-72-dc.wav,..\dataset\discomfort\64acb345-a61e-4ef3-a5a6-cf83c04b83f1-1430059012473-1.7-m-72-dc.wav,discomfort,nepohodlí,chlapec,7 měsíců–2 roky,True,1,-251.35890197753906,56.21011734008789,-5.5806379318237305,24.092147827148438,-46.76772689819336,31.86297607421875,-3.4692249298095703,20.052688598632812,-5.56756591796875,15.028008460998535,5.35133171081543,12.45327377319336,-14.569039344787598,14.520861625671387,-6.052635669708252,15.689167976379395,4.697876453399658,18.695510864257812,4.752437114715576,22.844982147216797,8.494730949401855,22.1290225982666,-3.4270517826080322,24.288938522338867,-6.149416923522949,21.89498519897461
64acb345-a61e-4ef3-a5a6-cf83c04b83f1-1430059012473-1.7-m-72-dc.wav,..\dataset\discomfort\64acb345-a61e-4ef3-a5a6-cf83c04b83f1-1430059012473-1.7-m-72-dc.wav,discomfort,nepohodlí,chlapec,7 měsíců–2 roky,True,2,-245.20230102539062,52.66658020019531,-5.7333478927612305,22.25157356262207,-44.51782989501953,30.768482208251953,-3.294404983520508,19.633380889892578,-4.76697301864624,14.50312328338623,4.83254861831665,11.735812187194824,-14.20023250579834,14.6965913772583,-6.097077369689941,15.738801956176758,4.420594215393066,18.635112762451172,4.804171562194824,22.84160614013672,8.475044250488281,22.11011505126953,-2.9963653087615967,23.828842163085938,-5.973410129547119,20.967588424682617
64acb345-a61e-4ef3-a5a6-cf83c04b83f1-1430058990597-1.7-m-72-dc.wav,..\dataset\discomfort\64acb345-a61e-4ef3-a5a6-cf83c04b83f1-1430058990597-1.7-m-72-dc.wav,discomfort,nepohodlí,chlapec,7 měsíců–2 roky,False,0,-367.6221008300781,102.40067291259766,40.08141326904297,29.649166107177734,-35.12721252441406,31.406272888183594,-8.54273796081543,25.7276611328125,-33.67643356323242,26.4554500579834,-6.623162269592285,15.929241180419922,-3.8314385414123535,18.43495750427246,-5.130550861358643,14.827966690063477,1.7870599031448364,18.731544494628906,0.9428419470787048,16.31184196472168,-12.257643699645996,18.196969985961914,-2.7454311847686768,14.974302291870117,-8.534219741821289,15.25581169128418
64acb345-a61e-4ef3-a5a6-cf83c04b83f1-1430058990597-1.7-m-72-dc.wav,..\dataset\discomfort\64acb345-a61e-4ef3-a5a6-cf83c04b83f1-1430058990597-1.7-m-72-dc.wav,discomfort,nepohodlí,chlapec,7 měsíců–2 roky,True,1,-293.0095520019531,49.04325866699219,16.3839111328125,19.288715362548828,-16.18338394165039,26.073034286499023,-11.88394832611084,22.374286651611328,-18.963611602783203,22.79173469543457,-6.430334091186523,14.422792434692383,2.4289026260375977,15.307572364807129,0.3760705590248108,14.680938720703125,5.08179235458374,16.582487106323242,2.8640778064727783,15.189472198486328,-4.667626857757568,16.67494010925293,-1.8151527643203735,14.718098640441895,-3.8397138118743896,13.595675468444824
64acb345-a61e-4ef3-a5a6-cf83c04b83f1-1430058990597-1.7-m-72-dc.wav,..\dataset\discomfort\64acb345-a61e-4ef3-a5a6-cf83c04b83f1-1430058990597-1.7-m-72-dc.wav,discomfort,nepohodlí,chlapec,7 měsíců–2 roky,True,2,-305.60467529296875,53.82910919189453,19.5098934173584,21.057146072387695,-17.617246627807617,27.711410522460938,-12.472002983093262,23.19674301147461,-20.99152374267578,22.556989669799805,-6.710119724273682,14.354902267456055,1.9267586469650269,15.523752212524414,-0.8205780386924744,14.744721412658691,4.890169620513916,17.275419235229492,2.6248345375061035,15.117022514343262,-5.620275497436523,16.623830795288086,-2.0788028240203857,14.961564064025879,-4.50648832321167,14.088022232055664
D54D9C2A-56ED-4338-9D1F-2ADB4E081DAD-1430036283-1.0-m-48-hu.wav,..\dataset\hungry\D54D9C2A-56ED-4338-9D1F-2ADB4E081DAD-1430036283-1.0-m-48-hu.wav,hungry,hlad,chlapec,4–8 týdnů,False,0,-407.2082824707031,148.89556884765625,-16.429580688476562,32.30018615722656,-48.99930191040039,27.539154052734375,5.1610894203186035,16.82274055480957,-31.54277992248535,19.501596450805664,14.07968807220459,17.076921463012695,4.320480823516846,14.253511428833008,-1.4552539587020874,11.437378883361816,-5.941826343536377,14.297762870788574,-6.976264476776123,13.566682815551758,-11.953902244567871,15.231553077697754,2.5355117321014404,21.05848503112793,-3.202575445175171,18.89883804321289
21c07aff-0a8d-4e74-ad5e-e3c7f7bcb11b-1430105653796-1.7-m-04-hu.wav,..\dataset\hungry\21c07aff-0a8d-4e74-ad5e-e3c7f7bcb11b-1430105653796-1.7-m-04-hu.wav,hungry,hlad,chlapec,0–4 týdny,False,0,-336.6348876953125,107.55606079101562,23.783933639526367,48.04874801635742,-44.566184997558594,20.20857048034668,-3.1257708072662354,23.648910522460938,-21.518606185913086,18.05523681640625,-13.201467514038086,12.227875709533691,-4.40505313873291,13.12474536895752,-10.290629386901855,11.219018936157227,-12.929207801818848,12.737879753112793,3.0506739616394043,14.022488594055176,-5.80958366394043,14.247505187988281,-6.1526947021484375,10.586389541625977,-10.617386817932129,12.545173645019531
06c4cfa2-7fa6-4fda-91a1-ea186a4acc64-1430029221058-1.7-f-26-ti.wav,..\dataset\tired\06c4cfa2-7fa6-4fda-91a1-ea186a4acc64-1430029221058-1.7-f-26-ti.wav,tired,únava,dívka,2–6 měsíců,False,0,-584.302978515625,121.279541015625,8.186579704284668,44.806907653808594,-35.506282806396484,25.372764587402344,-9.135306358337402,15.01994514465332,-25.26596450805664,18.721111297607422,-1.3881956338882446,13.07567310333252,-6.385120868682861,13.81203842163086,-2.1048481464385986,11.24360179901123,-11.344319343566895,11.373345375061035,-1.4695085287094116,14.858174324035645,-0.6521050930023193,13.128559112548828,2.7613906860351562,16.329416275024414,5.159823894500732,18.577640533447266
06c4cfa2-7fa6-4fda-91a1-ea186a4acc64-1430029221058-1.7-f-26-ti.wav,..\dataset\tired\06c4cfa2-7fa6-4fda-91a1-ea186a4acc64-1430029221058-1.7-f-26-ti.wav,tired,únava,dívka,2–6 měsíců,True,1,-362.6872253417969,30.939430236816406,-8.010384559631348,18.190101623535156,0.5159061551094055,9.33778190612793,-0.7493154406547546,9.896925926208496,-4.770766258239746,11.49786376953125,-0.11141514778137207,8.3724946975708,-1.6076807975769043,8.7785062789917,-0.21957799792289734,7.924226760864258,-1.9435359239578247,8.658045768737793,0.4762878715991974,10.14896011352539,0.5573065876960754,8.3878173828125,1.756859302520752,9.627311706542969,0.9367377161979675,9.609790802001953
06c4cfa2-7fa6-4fda-91a1-ea186a4acc64-1430029221058-1.7-f-26-ti.wav,..\dataset\tired\06c4cfa2-7fa6-4fda-91a1-ea186a4acc64-1430029221058-1.7-f-26-ti.wav,tired,únava,dívka,2–6 měsíců,True,2,-351.6853942871094,28.01953125,-8.528892517089844,17.749656677246094,0.3436885476112366,8.795809745788574,-0.8366513848304749,9.310466766357422,-5.137266159057617,11.711981773376465,-0.1251053363084793,8.176851272583008,-1.221436619758606,8.181407928466797,0.0760587751865387,7.203829288482666,-2.3598482608795166,7.768308162689209,1.1663835048675537,10.050451278686523,1.1297179460525513,8.848675727844238,1.599613904953003,9.224291801452637,1.4884988069534302,9.458938598632812
3bb2445a-9ae9-4dc8-9a2e-86c696ffa405-1430123758633-1.7-m-26-hu.wav,..\dataset\hungry\3bb2445a-9ae9-4dc8-9a2e-86c696ffa405-1430123758633-1.7-m-26-hu.wav,hungry,hlad,chlapec,2–6 měsíců,False,0,-354.5469055175781,93.46211242675781,33.772178649902344,50.67197036743164,-19.599477767944336,26.07110023498535,1.1210060119628906,21.79767608642578,-35.24144744873047,16.655210494995117,1.7588698863983154,18.90848731994629,-28.986553192138672,13.587204933166504,-2.2476797103881836,13.06894302368164,-21.65810775756836,12.83385944366455,3.0369651317596436,17.21542739868164,-4.208123683929443,19.026500701904297,4.02146053314209,19.305397033691406,-11.350316047668457,17.70133399963379
090C15A8-5406-4EA5-97A3-81F6527227C0-1430147525-1.0-m-72-hu.wav,..\dataset\hungry\090C15A8-5406-4EA5-97A3-81F6527227C0-1430147525-1.0-m-72-hu.wav,hungry,hlad,chlapec,7 měsíců–2 roky,False,0,-457.46246337890625,136.35870361328125,24.10201072692871,35.836936950683594,-29.07940673828125,24.51225471496582,8.713105201721191,14.143562316894531,-14.917781829833984,16.833768844604492,-22.291095733642578,13.508049964904785,-4.48011589050293,12.194762229919434,-9.076617240905762,14.407196998596191,-9.893766403198242,11.914616584777832,0.3800910711288452,16.693382263183594,-12.855679512023926,18.830738067626953,-5.425657272338867,12.66533374786377,-9.119782447814941,12.049859046936035
c6fd9d60-0fa7-44c0-b3ce-0192527d7b81-1430066825817-1.7-m-72-hu.wav,..\dataset\hungry\c6fd9d60-0fa7-44c0-b3ce-0192527d7b81-1430066825817-1.7-m-72-hu.wav,hungry,hlad,chlapec,7 měsíců–2 roky,False,0,-536.1040649414062,142.71217346191406,44.74851989746094,36.23963165283203,8.245849609375,27.394378662109375,3.363147497177124,21.156986236572266,-29.712093353271484,26.494281768798828,-5.573740005493164,12.10153579711914,-15.279335975646973,14.63649845123291,-11.907492637634277,13.334206581115723,-11.8095064163208,12.236817359924316,-9.237509727478027,14.161620140075684,-5.451512336730957,14.483577728271484,-5.662597179412842,12.66332721710205,-4.626882076263428,12.780475616455078
643D64AD-B711-469A-AF69-55C0D5D3E30F-1430138495-1.0-m-72-bp.wav,..\dataset\belly_pain\643D64AD-B711-469A-AF69-55C0D5D3E30F-1430138495-1.0-m-72-bp.wav,belly_pain,bolest břicha,chlapec,7 měsíců–2 roky,False,0,-567.482421875,75.11321258544922,42.841148376464844,17.179216384887695,-17.555273056030273,14.59992790222168,-9.04497241973877,12.857190132141113,-18.024690628051758,9.909200668334961,-19.688623428344727,15.778696060180664,-17.198150634765625,10.090165138244629,-14.619898796081543,9.327577590942383,-15.135245323181152,10.373722076416016,-15.120280265808105,10.635677337646484,-16.23134422302246,10.900327682495117,-6.851365566253662,10.159407615661621,-7.922989368438721,14.126900672912598
643D64AD-B711-469A-AF69-55C0D5D3E30F-1430138495-1.0-m-72-bp.wav,..\dataset\belly_pain\643D64AD-B711-469A-AF69-55C0D5D3E30F-1430138495-1.0-m-72-bp.wav,belly_pain,bolest břicha,chlapec,7 měsíců–2 roky,True,1,-359.2424621582031,10.980463027954102,2.7446680068969727,9.602791786193848,2.2096357345581055,7.566439151763916,-1.46774423122406,7.942112922668457,-2.2909045219421387,7.835973739624023,-3.9966630935668945,8.75353717803955,-3.532106637954712,8.084856986999512,-2.8727147579193115,7.145314693450928,-3.047884941101074,7.8203606605529785,-3.7171149253845215,8.04171371459961,-2.154327154159546,7.727816581726074,-0.24125081300735474,7.688814163208008,2.042149782180786,8.575830459594727
643D64AD-B711-469A-AF69-55C0D5D3E30F-1430138495-1.0-m-72-bp.wav,..\dataset\belly_pain\643D64AD-B711-469A-AF69-55C0D5D3E30F-1430138495-1.0-m-72-bp.wav,belly_pain,bolest břicha,chlapec,7 měsíců–2 roky,True,2,-346.64306640625,9.925745964050293,2.0229012966156006,8.792983055114746,1.9097398519515991,7.428183555603027,-0.9505413174629211,7.367734432220459,-1.70449960231781,7.93017053604126,-3.8535587787628174,8.7848539352417,-2.6344926357269287,8.012825012207031,-2.400820016860962,7.673329830169678,-2.8477044105529785,7.863749980926514,-3.361692190170288,7.997016429901123,-1.9691210985183716,7.874013900756836,0.3999522924423218,7.307082176208496,2.0016841888427734,8.516255378723145
c42e76b9-a4c1-48f6-a91d-27ab83015874-1430737177322-1.7-f-72-hu.wav,..\dataset\hungry\c42e76b9-a4c1-48f6-a91d-27ab83015874-1430737177322-1.7-f-72-hu.wav,hungry,hlad,dívka,7 měsíců–2 roky,False,0,-534.9013671875,164.30982971191406,-1.3313813209533691,34.23683547973633,-24.53404426574707,36.314456939697266,-13.245338439941406,21.978254318237305,-15.352710723876953,21.338138580322266,-10.471285820007324,14.633556365966797,-1.761300802230835,20.062891006469727,4.779916286468506,20.04207992553711,2.486724615097046,15.199039459228516,4.73080587387085,23.310302734375,-7.355156898498535,13.081537246704102,-7.037330150604248,15.48013687133789,-3.5957679748535156,11.201088905334473
DCB33551-F9BA-4B4A-8DA1-A3107E1AD859-1430406495-1.0-m-04-hu.wav,..\dataset\hungry\DCB33551-F9BA-4B4A-8DA1-A3107E1AD859-1430406495-1.0-m-04-hu.wav,hungry,hlad,chlapec,0–4 týdny,False,0,-302.1501159667969,99.83443450927734,4.9308390617370605,43.35139465332031,-5.1035261154174805,16.33265495300293,17.937501907348633,16.53218650817871,-0.8176200985908508,13.377742767333984,5.890477180480957,10.48596477508545,-9.070484161376953,11.127973556518555,2.003974199295044,14.821109771728516,-17.551504135131836,10.36395263671875,-7.255366802215576,13.298118591308594,-5.238073825836182,11.999244689941406,-0.6065980195999146,18.710092544555664,-3.3040523529052734,17.392690658569336
9CFD61B9-BF13-406D-8B2F-F73CFAAF25CB-1430927704-1.0-f-04-hu.wav,..\dataset\hungry\9CFD61B9-BF13-406D-8B2F-F73CFAAF25CB-1430927704-1.0-f-04-hu.wav,hungry,hlad,dívka,0–4 týdny,False,0,-438.5612487792969,101.6982421875,72.62789916992188,37.38786697387695,6.156350135803223,21.77178192138672,-6.310120105743408,27.72179412841797,-16.986711502075195,23.224655151367188,-0.9836618900299072,17.267715454101562,-12.531620979309082,11.874540328979492,-8.15331745147705,12.591979026794434,-10.035090446472168,11.448919296264648,-2.7295854091644287,14.661331176757812,-5.387713432312012,19.72967529296875,-4.355603218078613,17.498647689819336,-12.457279205322266,14.65766716003418
F4A0C710-AC2D-42E0-8EA9-3E4CAC31EE20-1430318416-1.0-m-04-hu.wav,..\dataset\hungry\F4A0C710-AC2D-42E0-8EA9-3E4CAC31EE20-1430318416-1.0-m-04-hu.wav,hungry,hlad,chlapec,0–4 týdny,False,0,-352.4165954589844,126.63523864746094,9.59798812866211,30.920692443847656,-37.56818389892578,27.22503662109375,-13.534258842468262,17.832239151000977,-18.21306800842285,12.507857322692871,2.926034688949585,12.345349311828613,-12.257216453552246,12.609000205993652,-15.109536170959473,12.497452735900879,-12.862918853759766,15.067315101623535,-8.445920944213867,16.472171783447266,-7.881896018981934,18.308462142944336,8.687193870544434,24.286640167236328,17.129669189453125,28.645503997802734
653bf718-94bd-40d0-af7c-8fe44e07640c-1430759231913-1.7-m-04-hu.wav,..\dataset\hungry\653bf718-94bd-40d0-af7c-8fe44e07640c-1430759231913-1.7-m-04-hu.wav,hungry,hlad,chlapec,0–4 týdny,False,0,-408.4523010253906,149.48448181152344,42.904449462890625,42.51718521118164,-37.734989166259766,36.034847259521484,2.5637729167938232,18.85706329345703,-33.68290710449219,25.09033203125,3.935187816619873,17.000070571899414,-20.626039505004883,16.5399227142334,-6.100527286529541,15.554994583129883,-9.994878768920898,15.309407234191895,2.8904941082000732,13.275720596313477,-5.95219087600708,12.004328727722168,2.3226256370544434,15.254286766052246,-2.9225456714630127,21.19031524658203
30c2cee4-b682-4dcb-86b9-7fa6f36f1b66-1430728411287-1.7-f-72-hu.wav,..\dataset\hungry\30c2cee4-b682-4dcb-86b9-7fa6f36f1b66-1430728411287-1.7-f-72-hu.wav,hungry,hlad,dívka,7 měsíců–2 roky,False,0,-413.0985107421875,169.88462829589844,-27.665233612060547,47.778221130371094,-39.405452728271484,30.62714385986328,-11.766535758972168,22.74102210998535,-9.219334602355957,20.922338485717773,-9.459362030029297,14.412832260131836,-1.0853644609451294,11.581090927124023,-1.4720088243484497,11.183517456054688,-10.818214416503906,16.056257247924805,3.090285301208496,13.862908363342285,-1.6119766235351562,13.570116996765137,-0.1384996473789215,20.31580352783203,-3.085829257965088,18.844436645507812
7b0e160e-0505-459e-8ecb-304d7afae9d2-1437486941311-1.7-m-04-hu.wav,..\dataset\hungry\7b0e160e-0505-459e-8ecb-304d7afae9d2-1437486941311-1.7-m-04-hu.wav,hungry,hlad,chlapec,0–4 týdny,False,0,-399.5607604980469,122.2041015625,118.58219146728516,45.06697463989258,6.188889026641846,21.2440242767334,1.5095123052597046,16.148042678833008,-19.401105880737305,16.051044464111328,6.424132347106934,12.799202919006348,-8.886677742004395,11.626134872436523,7.233274936676025,13.65147876739502,-14.704368591308594,12.661842346191406,6.930724143981934,13.731358528137207,-8.603078842163086,11.18667984008789,4.77356481552124,12.244590759277344,-4.013185024261475,13.239799499511719
a40b9b8d-e4bc-457a-badf-f38bdbc0c358-1430016745385-1.7-m-04-hu.wav,..\dataset\hungry\a40b9b8d-e4bc-457a-badf-f38bdbc0c358-1430016745385-1.7-m-04-hu.wav,hungry,hlad,chlapec,0–4 týdny,False,0,-331.01470947265625,98.81246948242188,49.67115020751953,62.829280853271484,-25.212656021118164,38.52385711669922,14.092387199401855,25.585065841674805,-15.49759292602539,17.25625991821289,14.329880714416504,14.699273109436035,-25.314748764038086,14.408692359924316,-4.6357831954956055,14.393148422241211,-20.4887638092041,12.689803123474121,-8.931036949157715,11.379502296447754,-5.404987812042236,12.485321998596191,6.876443386077881,26.78874397277832,0.766416609287262,21.782827377319336
7B924575-21FC-462A-969E-BABB46D1CBF5-1430055243-1.0-f-72-hu.wav,..\dataset\hungry\7B924575-21FC-462A-969E-BABB46D1CBF5-1430055243-1.0-f-72-hu.wav,hungry,hlad,dívka,7 měsíců–2 roky,False,0,-414.0347595214844,133.04443359375,23.466121673583984,32.64677047729492,-40.33438491821289,35.322906494140625,-22.23392677307129,22.793350219726562,-19.537691116333008,20.02948570251465,-1.3269485235214233,13.650232315063477,-31.70706558227539,12.374210357666016,-5.196636199951172,12.330300331115723,-1.7344387769699097,19.389081954956055,18.38715934753418,25.67289924621582,-2.66642427444458,19.546476364135742,-11.454760551452637,20.848346710205078,-9.466568946838379,16.94878578186035
03abcb8f-400a-47d8-ad82-7e4586cc06be-1431864192133-1.7-f-48-hu.wav,..\dataset\hungry\03abcb8f-400a-47d8-ad82-7e4586cc06be-1431864192133-1.7-f-48-hu.wav,hungry,hlad,dívka,4–8 týdnů,False,0,-279.1390075683594,122.17910766601562,57.89704513549805,53.29270935058594,-14.194801330566406,21.152502059936523,-12.430052757263184,21.92665672302246,-5.437617778778076,12.640179634094238,14.984535217285156,12.814486503601074,-11.53834056854248,15.7526216506958,-10.98058795928955,14.558512687683105,-11.492330551147461,12.94879150390625,-2.187967300415039,15.705774307250977,-2.8936092853546143,18.008363723754883,6.470852375030518,17.25100326538086,-3.07731556892395,20.195430755615234
81724071-bc5e-4e38-8f35-85a691af5721-1430737552979-1.7-m-04-hu.wav,..\dataset\hungry\81724071-bc5e-4e38-8f35-85a691af5721-1430737552979-1.7-m-04-hu.wav,hungry,hlad,chlapec,0–4 týdny,False,0,-681.845703125,70.49291229248047,98.0574722290039,32.79232406616211,-28.95804214477539,36.99028015136719,-24.52801513671875,27.290836334228516,-1.4276916980743408,14.187746047973633,-10.488302230834961,16.558263778686523,-11.336585998535156,12.673921585083008,-12.386444091796875,11.663347244262695,-27.00295639038086,13.525572776794434,-1.8088371753692627,18.1335506439209,7.230884552001953,22.50135040283203,22.35546112060547,25.209819793701172,3.993830919265747,26.685901641845703
F2F97740-D638-4B6F-9E09-3AC65F06B448-1436849335-1.1-f-48-hu.wav,..\dataset\hungry\F2F97740-D638-4B6F-9E09-3AC65F06B448-1436849335-1.1-f-48-hu.wav,hungry,hlad,dívka,4–8 týdnů,False,0,-394.2431335449219,71.51245880126953,75.8974838256836,23.199552536010742,-14.470536231994629,15.12451457977295,4.737863540649414,13.775458335876465,-19.216148376464844,13.646946907043457,-9.701411247253418,10.77944564819336,-18.065244674682617,9.98691463470459,-13.50377368927002,9.41559886932373,-15.79919719696045,10.765543937683105,-9.474427223205566,9.750051498413086,-6.783327102661133,9.927448272705078,-2.606877088546753,11.060223579406738,-2.473942518234253,11.848185539245605
11417AC2-DCC9-48CD-8177-CA8665E51B2F-1436881489-1.1-m-48-hu.wav,..\dataset\hungry\11417AC2-DCC9-48CD-8177-CA8665E51B2F-1436881489-1.1-m-48-hu.wav,hungry,hlad,chlapec,4–8 týdnů,False,0,-354.68963623046875,59.29909133911133,28.474760055541992,31.0932674407959,-3.19423246383667,17.86594009399414,-11.804947853088379,13.89409351348877,-12.333144187927246,12.442509651184082,6.015353202819824,10.39552116394043,-21.309856414794922,11.115166664123535,-8.607598304748535,10.843708038330078,-11.197246551513672,12.796274185180664,-10.65781021118164,11.22725772857666,-13.21628189086914,17.710493087768555,1.4868390560150146,17.194982528686523,-7.701412677764893,16.03959083557129
ae5a462b-5424-4b5b-82d5-07ccb61654ab-1430405436291-1.7-f-04-hu.wav,..\dataset\hungry\ae5a462b-5424-4b5b-82d5-07ccb61654ab-1430405436291-1.7-f-04-hu.wav,hungry,hlad,dívka,0–4 týdny,False,0,-657.7575073242188,134.26380920410156,56.72708511352539,48.12504196166992,10.204778671264648,38.80491256713867,9.191818237304688,20.223285675048828,5.241100311279297,12.656254768371582,6.013744354248047,14.351439476013184,-15.829856872558594,15.569112777709961,2.465479612350464,10.962303161621094,-9.60277271270752,9.035249710083008,-7.745126724243164,9.569931030273438,-10.839513778686523,13.971024513244629,-0.39755409955978394,22.543262481689453,-6.647907257080078,17.868396759033203
d79affbc-f7b4-4ef0-ae57-be5da4b827bf-1430761528998-1.7-m-72-hu.wav,..\dataset\hungry\d79affbc-f7b4-4ef0-ae57-be5da4b827bf-1430761528998-1.7-m-72-hu.wav,hungry,hlad,chlapec,7 měsíců–2 roky,False,0,-551.7312622070312,104.3543472290039,66.45913696289062,28.436635971069336,-20.887903213500977,22.07862663269043,12.620379447937012,17.613061904907227,-28.557790756225586,20.31682586669922,2.3152618408203125,12.63949966430664,-18.618179321289062,13.125516891479492,-7.008543968200684,14.791135787963867,-19.660198211669922,15.925333976745605,-2.6672451496124268,12.280762672424316,-7.159491539001465,11.645476341247559,-8.440820693969727,9.94164752960205,-21.994524002075195,11.531678199768066
F6C6D3EE-F139-48A4-9EAC-0A50EB011CDC-1430103957-1.0-m-04-hu.wav,..\dataset\hungry\F6C6D3EE-F139-48A4-9EAC-0A50EB011CDC-1430103957-1.0-m-04-hu.wav,hungry,hlad,chlapec,0–4 týdny,False,0,-316.7525939941406,125.44680786132812,-16.553207397460938,38.89725875854492,-31.031991958618164,21.31427764892578,2.9762561321258545,21.05008888244629,-14.885503768920898,13.728120803833008,16.9751033782959,16.678010940551758,-6.261194229125977,14.16751766204834,-13.365659713745117,17.227380752563477,-3.3551888465881348,16.99032211303711,5.629678249359131,20.40110206604004,2.7882683277130127,20.030546188354492,3.516258478164673,17.8985595703125,-11.260404586791992,17.59639549255371
d6cda191-4962-4308-9a36-46d5648a95ed-1431161889263-1.7-m-04-dc.wav,..\dataset\discomfort\d6cda191-4962-4308-9a36-46d5648a95ed-1431161889263-1.7-m-04-dc.wav,discomfort,nepohodlí,chlapec,0–4 týdny,False,0,-589.6051025390625,107.36800384521484,42.38098907470703,40.039127349853516,-20.992938995361328,32.90459060668945,-2.596470832824707,24.268535614013672,-22.414363861083984,18.10501480102539,12.063307762145996,11.269859313964844,-13.503910064697266,16.565256118774414,0.31848353147506714,10.931973457336426,-11.58863639831543,12.428916931152344,-5.209957122802734,11.969865798950195,-8.877992630004883,11.600296974182129,0.12714311480522156,13.572098731994629,2.3328542709350586,18.932964324951172
d6cda191-4962-4308-9a36-46d5648a95ed-1431161889263-1.7-m-04-dc.wav,..\dataset\discomfort\d6cda191-4962-4308-9a36-46d5648a95ed-1431161889263-1.7-m-04-dc.wav,discomfort,nepohodlí,chlapec,0–4 týdny,True,1,-343.8395690917969,19.49165916442871,3.479161024093628,13.32135009765625,-2.036179542541504,11.775646209716797,-5.543068885803223,11.89268684387207,-2.8314173221588135,10.071365356445312,-0.3893871009349823,7.92888879776001,-1.567445158958435,8.807113647460938,-1.817112922668457,7.985080718994141,-2.421539306640625,8.50468635559082,-3.028174638748169,9.008814811706543,-1.1293491125106812,9.001582145690918,1.6408919095993042,9.900802612304688,4.5867815017700195,14.004169464111328
d6cda191-4962-4308-9a36-46d5648a95ed-1431161889263-1.7-m-04-dc.wav,..\dataset\discomfort\d6cda191-4962-4308-9a36-46d5648a95ed-1431161889263-1.7-m-04-dc.wav,discomfort,nepohodlí,chlapec,0–4 týdny,True,2,-344.6795959472656,20.49358367919922,3.660266637802124,13.517547607421875,-2.513789653778076,12.392133712768555,-5.7213544845581055,11.944207191467285,-2.6484594345092773,9.659076690673828,-0.769451379776001,8.677971839904785,-1.2661921977996826,9.1217041015625,-2.0870413780212402,8.084185600280762,-2.866692304611206,8.433235168457031,-3.0456042289733887,8.599074363708496,-1.7583109140396118,9.4896879196167,1.0838929414749146,9.89425277709961,4.199548721313477,13.351767539978027
602b06a7-31f0-4370-b35a-9cc81d205958-1430739609286-1.7-f-72-hu.wav,..\dataset\hungry\602b06a7-31f0-4370-b35a-9cc81d205958-1430739609286-1.7-f-72-hu.wav,hungry,hlad,dívka,7 měsíců–2 roky,False,0,-344.37994384765625,104.74478912353516,74.10496520996094,28.875165939331055,-58.054805755615234,33.264591217041016,-24.00037384033203,14.987733840942383,-40.941795349121094,15.048432350158691,-21.91924476623535,12.677289962768555,-29.07405662536621,16.440532684326172,-2.8502941131591797,14.760309219360352,20.41238784790039,26.51481056213379,28.31903076171875,23.27292823791504,-0.1339482218027115,18.530115127563477,-17.49859619140625,24.75811004638672,-11.961809158325195,15.333401679992676
86c2b87a-ae7c-46a3-b6fb-7ebe748812cf-1430036593222-1.7-f-26-hu.wav,..\dataset\hungry\86c2b87a-ae7c-46a3-b6fb-7ebe748812cf-1430036593222-1.7-f-26-hu.wav,hungry,hlad,dívka,2–6 měsíců,False,0,-344.0573425292969,92.47955322265625,89.0985336303711,36.27582931518555,-8.335253715515137,18.53240394592285,-7.880276203155518,16.810815811157227,-18.646743774414062,12.469242095947266,-4.739800453186035,11.587363243103027,-9.139463424682617,11.421900749206543,-5.798146724700928,10.188135147094727,-9.432765007019043,9.427712440490723,-5.368852615356445,8.882454872131348,-6.766610145568848,8.4060697555542,-2.4253501892089844,9.58785343170166,-3.634559392929077,9.173590660095215
3BF71DAF-2A9E-4355-89D3-41AC37E94083-1437281306-1.1-f-26-hu.wav,..\dataset\hungry\3BF71DAF-2A9E-4355-89D3-41AC37E94083-1437281306-1.1-f-26-hu.wav,hungry,hlad,dívka,2–6 měsíců,False,0,-520.9276733398438,57.15156173706055,35.11135482788086,20.034725189208984,-4.431700706481934,14.34968090057373,-3.427255153656006,15.354254722595215,-24.558183670043945,20.855894088745117,9.034783363342285,14.396868705749512,-25.556922912597656,10.7091703414917,-13.944696426391602,9.716558456420898,-19.740381240844727,8.698628425598145,-19.682954788208008,10.176729202270508,-9.700478553771973,9.936676979064941,-7.30778694152832,10.939383506774902,-8.748724937438965,13.674108505249023
10A40438-09AA-4A21-83B4-8119F03F7A11-1430925172-1.0-f-26-hu.wav,..\dataset\hungry\10A40438-09AA-4A21-83B4-8119F03F7A11-1430925172-1.0-f-26-hu.wav,hungry,hlad,dívka,2–6 měsíců,False,0,-372.6369323730469,175.41871643066406,22.03614044189453,36.645687103271484,-15.555431365966797,23.912504196166992,-27.979053497314453,24.866117477416992,-20.689706802368164,22.383974075317383,3.6686506271362305,16.352020263671875,-10.658529281616211,17.67974090576172,-8.490681648254395,14.931644439697266,-15.40864086151123,15.572480201721191,-3.03007173538208,24.217613220214844,-1.4985020160675049,18.426212310791016,-2.1530187129974365,18.743045806884766,-4.875716209411621,16.636568069458008
F4A65A98-ADEE-49C4-9B45-65A8429DF170-1430232330-1.0-m-72-hu.wav,..\dataset\hungry\F4A65A98-ADEE-49C4-9B45-65A8429DF170-1430232330-1.0-m-72-hu.wav,hungry,hlad,chlapec,7 měsíců–2 roky,False,0,-519.2660522460938,146.03807067871094,7.910306930541992,25.672801971435547,-6.662856578826904,15.518047332763672,-13.955663681030273,17.626514434814453,-15.604167938232422,16.594457626342773,0.3858567774295807,13.258723258972168,-8.943849563598633,12.204483985900879,-7.59174108505249,14.106276512145996,-9.222052574157715,11.296509742736816,-0.4435209631919861,17.06206512451172,6.77413272857666,23.792997360229492,3.8589298725128174,17.067235946655273,-9.222774505615234,16.73321533203125
415d69b4-6d84-4bf8-97b0-10f8f108dc1d-1430739528719-1.7-m-04-hu.wav,..\dataset\hungry\415d69b4-6d84-4bf8-97b0-10f8f108dc1d-1430739528719-1.7-m-04-hu.wav,hungry,hlad,chlapec,0–4 týdny,False,0,-517.9630126953125,123.68026733398438,35.03021240234375,27.71868324279785,-33.84237289428711,16.2557430267334,5.233984470367432,13.94804859161377,-14.985528945922852,11.633910179138184,-5.596261978149414,11.377419471740723,-10.671904563903809,12.3079833984375,-6.448123931884766,10.277181625366211,-11.714141845703125,10.600191116333008,-4.645331859588623,8.825454711914062,-7.87938117980957,8.549575805664062,-0.48192763328552246,8.682411193847656,-3.581341028213501,10.193041801452637
7A864194-4B6B-4850-ABBF-0C2A8170107B-1436846915-1.1-f-26-bu.wav,..\dataset\burping\7A864194-4B6B-4850-ABBF-0C2A8170107B-1436846915-1.1-f-26-bu.wav,burping,říhání,dívka,2–6 měsíců,False,0,-444.4573059082031,70.20843505859375,39.81558609008789,13.85994815826416,-23.059099197387695,16.49272918701172,-0.5660961866378784,9.911181449890137,-15.162178993225098,10.319354057312012,-3.1646575927734375,9.821867942810059,-16.49102210998535,9.561774253845215,-10.279817581176758,8.223711967468262,-13.083343505859375,8.738871574401855,-8.809247970581055,8.41193675994873,-14.358534812927246,8.401618957519531,-11.613871574401855,8.823177337646484,-12.301076889038086,8.572443962097168
7A864194-4B6B-4850-ABBF-0C2A8170107B-1436846915-1.1-f-26-bu.wav,..\dataset\burping\7A864194-4B6B-4850-ABBF-0C2A8170107B-1436846915-1.1-f-26-bu.wav,burping,říhání,dívka,2–6 měsíců,True,1,-347.8362731933594,18.111906051635742,8.602293014526367,11.150213241577148,-0.5245872139930725,11.167587280273438,-0.5960280895233154,8.62160587310791,-0.5749155879020691,8.673105239868164,-0.9739016890525818,7.808474540710449,-3.110135316848755,7.809806823730469,-3.2367191314697266,8.061238288879395,-2.7482402324676514,7.319478988647461,-2.1754114627838135,7.516876220703125,-3.3437395095825195,7.719805717468262,-3.356900930404663,7.554938316345215,-2.898632287979126,7.699028015136719
7A864194-4B6B-4850-ABBF-0C2A8170107B-1436846915-1.1-f-26-bu.wav,..\dataset\burping\7A864194-4B6B-4850-ABBF-0C2A8170107B-1436846915-1.1-f-26-bu.wav,burping,říhání,dívka,2–6 měsíců,True,2,-344.1607666015625,17.82278060913086,7.98271369934082,11.129080772399902,0.13483354449272156,11.471074104309082,-0.9682577848434448,8.375829696655273,-0.4284988343715668,8.430167198181152,-0.1324480026960373,8.027474403381348,-3.1504533290863037,7.917591094970703,-2.930553674697876,7.711787700653076,-2.3367464542388916,7.66423225402832,-1.9970972537994385,8.138021469116211,-2.7152366638183594,7.664854049682617,-2.9097301959991455,7.8072357177734375,-2.154015302658081,7.672252655029297
999bf14b-e417-4b44-b746-9253f81efe38-1430972705879-1.7-m-26-hu.wav,..\dataset\hungry\999bf14b-e417-4b44-b746-9253f81efe38-1430972705879-1.7-m-26-hu.wav,hungry,hlad,chlapec,2–6 měsíců,False,0,-724.6570434570312,87.33187103271484,48.53921890258789,38.76628875732422,9.736357688903809,25.93438148498535,13.667696952819824,13.081815719604492,5.382408618927002,11.761500358581543,0.6369059681892395,8.958066940307617,-1.8293681144714355,8.26291275024414,-1.4775434732437134,6.976541996002197,-4.375016212463379,7.507063388824463,-4.554318904876709,7.569972991943359,-4.986969947814941,7.402614593505859,-3.4853899478912354,7.914261341094971,-3.679893732070923,8.165606498718262
af30880e-5f98-4dc0-b37a-be6b21fa0ba3-1431240072536-1.7-m-26-bu.wav,..\dataset\burping\af30880e-5f98-4dc0-b37a-be6b21fa0ba3-1431240072536-1.7-m-26-bu.wav,burping,říhání,chlapec,2–6 měsíců,False,0,-290.85443115234375,149.97662353515625,-16.528493881225586,33.115623474121094,-17.656709671020508,26.05699348449707,6.087183475494385,23.465579986572266,-45.57297134399414,22.596248626708984,-11.30302619934082,12.060418128967285,-18.634492874145508,15.456058502197266,-0.6261047124862671,11.608628273010254,-20.545183181762695,16.023611068725586,4.617788314819336,15.478424072265625,-6.36440896987915,15.892232894897461,11.727860450744629,21.451204299926758,2.0975351333618164,21.867908477783203
af30880e-5f98-4dc0-b37a-be6b21fa0ba3-1431240072536-1.7-m-26-bu.wav,..\dataset\burping\af30880e-5f98-4dc0-b37a-be6b21fa0ba3-1431240072536-1.7-m-26-bu.wav,burping,říhání,chlapec,2–6 měsíců,True,1,-238.30093383789062,64.093994140625,-15.980504989624023,27.73998260498047,-11.285707473754883,19.901994705200195,7.180063724517822,19.80125617980957,-35.10031509399414,19.94361114501953,-9.688865661621094,11.468209266662598,-13.254018783569336,13.96317195892334,-0.7405486702919006,11.37137508392334,-15.364752769470215,15.688436508178711,4.357430934906006,15.735634803771973,-2.3567326068878174,14.620006561279297,10.538843154907227,20.315662384033203,4.786614418029785,20.279050827026367
af30880e-5f98-4dc0-b37a-be6b21fa0ba3-1431240072536-1.7-m-26-bu.wav,..\dataset\burping\af30880e-5f98-4dc0-b37a-be6b21fa0ba3-1431240072536-1.7-m-26-bu.wav,burping,říhání,chlapec,2–6 měsíců,True,2,-240.73829650878906,66.10302734375,-16.61524200439453,27.541383743286133,-11.947159767150879,20.425525665283203,6.877716541290283,20.121952056884766,-36.29868698120117,20.049888610839844,-10.022836685180664,11.50868034362793,-13.210227012634277,14.153157234191895,-0.3589523732662201,11.678950309753418,-15.14765739440918,15.99637508392334,4.507752418518066,15.899903297424316,-2.301638603210449,14.765758514404297,10.497305870056152,20.465784072875977,4.435566425323486,20.280027389526367
743E7CCA-D32B-40B6-9541-9808122D3F6B-1436860161-1.1-f-26-hu.wav,..\dataset\hungry\743E7CCA-D32B-40B6-9541-9808122D3F6B-1436860161-1.1-f-26-hu.wav,hungry,hlad,dívka,2–6 měsíců,False,0,-330.698486328125,95.98275756835938,-4.319049835205078,26.552902221679688,-19.0224609375,22.722658157348633,-8.536555290222168,18.845903396606445,-1.7308828830718994,19.22997283935547,-0.42419493198394775,15.81103229522705,-12.106636047363281,15.604253768920898,-2.7203941345214844,12.939866065979004,-11.935293197631836,10.649078369140625,-0.9896373152732849,12.371039390563965,-5.781140327453613,13.065556526184082,0.03425108268857002,14.773189544677734,1.428381323814392,19.539653778076172
afa44e7f-4187-4f1c-9437-b49ba75f542e-1430629785235-1.7-f-04-hu.wav,..\dataset\hungry\afa44e7f-4187-4f1c-9437-b49ba75f542e-1430629785235-1.7-f-04-hu.wav,hungry,hlad,dívka,0–4 týdny,False,0,-496.5723876953125,93.77698516845703,44.683990478515625,34.572479248046875,7.872139930725098,30.008163452148438,12.984582901000977,20.88356590270996,-13.427249908447266,20.712848663330078,-0.5298458337783813,15.11645793914795,-14.177985191345215,16.829565048217773,-3.1213691234588623,14.958353042602539,-19.42957878112793,12.357660293579102,-0.6727192997932434,12.651844024658203,-11.440484046936035,11.009980201721191,4.669430732727051,13.09643840789795,-4.559175491333008,15.934672355651855
7060a4f6-4c0c-494b-912c-ae60158b185a-1436931995150-1.7-f-04-hu.wav,..\dataset\hungry\7060a4f6-4c0c-494b-912c-ae60158b185a-1436931995150-1.7-f-04-hu.wav,hungry,hlad,dívka,0–4 týdny,False,0,-470.8518981933594,88.37015533447266,100.69603729248047,35.21148681640625,2.977558135986328,22.827293395996094,8.381209373474121,22.435171127319336,-2.5851943492889404,16.551076889038086,-3.3910579681396484,10.765108108520508,-15.573202133178711,11.860356330871582,-5.750577449798584,12.850204467773438,-12.490344047546387,13.000988006591797,-4.903012752532959,9.761168479919434,-15.264466285705566,11.921141624450684,-7.121673107147217,9.446113586425781,-14.433941841125488,9.922652244567871
1445575b-80ad-477b-8e48-36194cac728e-1430244987914-1.7-f-48-hu.wav,..\dataset\hungry\1445575b-80ad-477b-8e48-36194cac728e-1430244987914-1.7-f-48-hu.wav,hungry,hlad,dívka,4–8 týdnů,False,0,-446.0574645996094,102.48157501220703,79.80784606933594,25.857704162597656,-26.852882385253906,25.0266170501709,-28.976707458496094,20.786052703857422,-24.619205474853516,15.73411750793457,-14.380066871643066,14.048176765441895,-13.577584266662598,10.901044845581055,-8.5523042678833,10.617000579833984,-18.245899200439453,10.755342483520508,-8.439090728759766,10.183074951171875,-13.206393241882324,9.74817180633545,-7.680170059204102,9.372167587280273,-6.021520614624023,10.579727172851562
a40b9b8d-e4bc-457a-badf-f38bdbc0c358-1430016981469-1.7-m-26-dc.wav,..\dataset\discomfort\a40b9b8d-e4bc-457a-badf-f38bdbc0c358-1430016981469-1.7-m-26-dc.wav,discomfort,nepohodlí,chlapec,2–6 měsíců,False,0,-246.77284240722656,100.35454559326172,48.59121322631836,53.65492248535156,-44.8309440612793,37.89101791381836,12.311810493469238,28.292980194091797,-13.930416107177734,19.054298400878906,19.76331329345703,18.293106079101562,-20.211275100708008,16.17450523376465,-9.817736625671387,14.329689979553223,-21.684494018554688,15.126884460449219,-5.970321178436279,17.894994735717773,2.958493709564209,20.882991790771484,7.759022235870361,20.666446685791016,-12.936006546020508,19.775514602661133
a40b9b8d-e4bc-457a-badf-f38bdbc0c358-1430016981469-1.7-m-26-dc.wav,..\dataset\discomfort\a40b9b8d-e4bc-457a-badf-f38bdbc0c358-1430016981469-1.7-m-26-dc.wav,discomfort,nepohodlí,chlapec,2–6 měsíců,True,1,-219.478759765625,68.29790496826172,29.966567993164062,41.11635971069336,-31.377763748168945,37.25532913208008,5.055252552032471,24.749372482299805,-5.093163013458252,16.197080612182617,13.431640625,16.557872772216797,-13.514307022094727,15.543753623962402,-12.192748069763184,14.348760604858398,-16.788772583007812,13.648839950561523,-7.368740081787109,17.549028396606445,5.605216026306152,21.600107192993164,6.872771263122559,20.204320907592773,-10.24593734741211,18.98912239074707
a40b9b8d-e4bc-457a-badf-f38bdbc0c358-1430016981469-1.7-m-26-dc.wav,..\dataset\discomfort\a40b9b8d-e4bc-457a-badf-f38bdbc0c358-1430016981469-1.7-m-26-dc.wav,discomfort,nepohodlí,chlapec,2–6 měsíců,True,2,-218.36697387695312,67.76042175292969,29.632152557373047,40.42094802856445,-31.191280364990234,37.22430419921875,5.052198886871338,24.52098274230957,-5.164544582366943,15.826781272888184,13.13158130645752,16.3923397064209,-13.539976119995117,15.678567886352539,-11.942724227905273,14.47380256652832,-16.962207794189453,13.839577674865723,-7.360564708709717,17.301959991455078,5.830668926239014,21.602109909057617,6.682544708251953,20.25540542602539,-10.519355773925781,18.73040199279785
8FDA58A7-FDC6-4421-855F-738E6E853E43-1429895751-1.0-m-26-hu.wav,..\dataset\hungry\8FDA58A7-FDC6-4421-855F-738E6E853E43-1429895751-1.0-m-26-hu.wav,hungry,hlad,chlapec,2–6 měsíců,False,0,-446.0910339355469,126.01242065429688,8.393041610717773,25.472274780273438,-51.69222640991211,31.249433517456055,4.678718090057373,16.770727157592773,-8.586018562316895,16.545135498046875,-8.593306541442871,13.573280334472656,0.9331209659576416,12.47684383392334,-5.74352502822876,13.877265930175781,-14.734536170959473,9.436624526977539,-7.194928169250488,13.958094596862793,-11.67696762084961,11.49043083190918,-2.507528066635132,13.34725570678711,7.189205646514893,20.694129943847656
46002244-7304-45DC-BF69-B6EC2BB25009-1436902364-1.1-f-48-hu.wav,..\dataset\hungry\46002244-7304-45DC-BF69-B6EC2BB25009-1436902364-1.1-f-48-hu.wav,hungry,hlad,dívka,4–8 týdnů,False,0,-550.5088500976562,100.79486083984375,28.382287979125977,35.85934829711914,-28.085330963134766,27.083572387695312,-9.313440322875977,16.913530349731445,-9.400550842285156,15.467832565307617,-0.8076276183128357,11.953197479248047,-22.087142944335938,12.880738258361816,-9.790579795837402,8.376569747924805,-13.22343635559082,9.66226863861084,-7.460211753845215,10.791081428527832,-12.544069290161133,13.451289176940918,-5.70493745803833,18.449012756347656,-4.876342296600342,21.00301170349121
06c4cfa2-7fa6-4fda-91a1-ea186a4acc64-1430029246453-1.7-f-26-ti.wav,..\dataset\tired\06c4cfa2-7fa6-4fda-91a1-ea186a4acc64-1430029246453-1.7-f-26-ti.wav,tired,únava,dívka,2–6 měsíců,False,0,-546.5665283203125,122.5136489868164,40.457820892333984,55.18116760253906,-14.750921249389648,25.776432037353516,5.864512920379639,13.84433650970459,-18.34029769897461,21.120311737060547,-1.0576391220092773,12.951087951660156,-14.817849159240723,12.303970336914062,-10.122570037841797,12.92607593536377,-21.489431381225586,15.109917640686035,-9.069451332092285,14.690879821777344,-3.537753105163574,14.708212852478027,4.845437526702881,20.09738540649414,1.562903642654419,19.873065948486328
06c4cfa2-7fa6-4fda-91a1-ea186a4acc64-1430029246453-1.7-f-26-ti.wav,..\dataset\tired\06c4cfa2-7fa6-4fda-91a1-ea186a4acc64-1430029246453-1.7-f-26-ti.wav,tired,únava,dívka,2–6 měsíců,True,1,-350.3117370605469,32.12511444091797,-4.1977338790893555,16.192432403564453,-1.7342301607131958,13.487516403198242,1.779699444770813,12.016569137573242,-6.1066203117370605,12.918855667114258,-1.5747730731964111,8.971381187438965,-0.9865543246269226,8.275259017944336,-1.9657574892044067,7.752401828765869,-5.081859111785889,8.827736854553223,-1.1119877099990845,10.189112663269043,2.547004461288452,9.310190200805664,3.7556817531585693,10.54494857788086,1.094353199005127,11.912459373474121
06c4cfa2-7fa6-4fda-91a1-ea186a4acc64-1430029246453-1.7-f-26-ti.wav,..\dataset\tired\06c4cfa2-7fa6-4fda-91a1-ea186a4acc64-1430029246453-1.7-f-26-ti.wav,tired,únava,dívka,2–6 měsíců,True,2,-328.99468994140625,27.74427604675293,-5.181193828582764,15.050437927246094,-1.0721837282180786,12.602097511291504,2.0530009269714355,11.173782348632812,-4.476130485534668,12.341693878173828,-0.7561082243919373,8.897632598876953,-1.123578667640686,8.242362976074219,-1.3622276782989502,7.853878974914551,-3.6776037216186523,8.708396911621094,-0.703765332698822,9.162805557250977,1.891068696975708,9.225605010986328,3.464369297027588,10.2778959274292,1.3326085805892944,10.843025207519531
bb2bdafb-0477-4be4-8c41-1a6192e8c6d4-1430637640279-1.7-m-72-hu.wav,..\dataset\hungry\bb2bdafb-0477-4be4-8c41-1a6192e8c6d4-1430637640279-1.7-m-72-hu.wav,hungry,hlad,chlapec,7 měsíců–2 roky,False,0,-346.8859558105469,134.8055877685547,50.488365173339844,34.53229522705078,-61.76768493652344,40.45005416870117,-5.611983299255371,22.424726486206055,-16.732704162597656,15.702859878540039,-7.2972092628479,15.298800468444824,-7.560075283050537,14.236971855163574,-16.343297958374023,13.278244972229004,-12.65660285949707,13.539750099182129,-9.884843826293945,10.213529586791992,-14.358226776123047,11.059662818908691,-5.659086227416992,9.704324722290039,-8.889467239379883,10.955240249633789
8f4dbf5a-b504-4452-b6ac-94e646a6a052-1430735157938-1.7-f-72-hu.wav,..\dataset\hungry\8f4dbf5a-b504-4452-b6ac-94e646a6a052-1430735157938-1.7-f-72-hu.wav,hungry,hlad,dívka,7 měsíců–2 roky,False,0,-532.7711791992188,88.82903289794922,20.023387908935547,39.4267692565918,-12.30379581451416,32.555484771728516,-18.24488067626953,20.45702362060547,-11.293192863464355,23.760948181152344,11.701529502868652,21.10347557067871,-9.142333984375,15.960107803344727,-4.738814830780029,19.355579376220703,-14.816832542419434,21.360960006713867,-2.0654304027557373,18.373737335205078,-8.941926956176758,13.051200866699219,-0.404294490814209,11.00108528137207,-7.8133440017700195,14.494119644165039
10A40438-09AA-4A21-83B4-8119F03F7A11-1430848070-1.0-f-26-hu.wav,..\dataset\hungry\10A40438-09AA-4A21-83B4-8119F03F7A11-1430848070-1.0-f-26-hu.wav,hungry,hlad,dívka,2–6 měsíců,False,0,-292.19659423828125,109.50093078613281,-18.15618896484375,30.595687866210938,2.081664800643921,19.11086082458496,-11.55151653289795,17.392066955566406,-9.128843307495117,11.009824752807617,10.436443328857422,12.985430717468262,-15.743910789489746,14.187651634216309,-10.07771110534668,15.090669631958008,-13.037330627441406,16.5222110748291,-0.10025664418935776,16.212575912475586,-4.207026958465576,18.642406463623047,4.866027355194092,20.612382888793945,-4.943469524383545,19.132720947265625
5728DDD6-149B-412F-A14B-C29B9B5E415F-1432635035-1.0-m-26-hu.wav,..\dataset\hungry\5728DDD6-149B-412F-A14B-C29B9B5E415F-1432635035-1.0-m-26-hu.wav,hungry,hlad,chlapec,2–6 měsíců,False,0,-403.61181640625,52.68385314941406,43.8616828918457,13.327723503112793,-21.980770111083984,15.844953536987305,-6.331060409545898,14.070016860961914,-23.345592498779297,14.952776908874512,1.3412671089172363,15.543621063232422,-4.370711803436279,12.603471755981445,-17.259002685546875,13.118478775024414,-18.0877628326416,11.425068855285645,-17.291793823242188,14.824151992797852,-18.041767120361328,19.727703094482422,-5.544492721557617,19.857318878173828,-6.734742641448975,21.320016860961914
40a4c760-facf-4911-b0a6-22eccc3ab18d-1430466176951-1.7-f-26-hu.wav,..\dataset\hungry\40a4c760-facf-4911-b0a6-22eccc3ab18d-1430466176951-1.7-f-26-hu.wav,hungry,hlad,dívka,2–6 měsíců,False,0,-352.3456115722656,91.6885986328125,39.9371452331543,20.56521224975586,9.838680267333984,18.230426788330078,3.253382444381714,12.629467010498047,2.72830867767334,13.602768898010254,-8.499468803405762,12.076459884643555,-14.825461387634277,10.984554290771484,-15.201183319091797,12.411442756652832,-15.999029159545898,11.698345184326172,-15.206214904785156,10.627094268798828,-11.686598777770996,9.719202995300293,-13.979355812072754,9.596290588378906,-7.544684886932373,9.576273918151855
3d3e244d-20b1-4ec3-9732-92dcd14ff35a-1436961241219-1.7-m-72-hu.wav,..\dataset\hungry\3d3e244d-20b1-4ec3-9732-92dcd14ff35a-1436961241219-1.7-m-72-hu.wav,hungry,hlad,chlapec,7 měsíců–2 roky,False,0,-329.358154296875,130.7427215576172,136.38626098632812,53.517887115478516,16.228269577026367,28.04911994934082,13.421041488647461,16.060800552368164,-0.36064812541007996,12.285502433776855,0.7155765295028687,10.639998435974121,-9.958230018615723,10.522756576538086,-1.0400731563568115,10.844429969787598,-8.610504150390625,9.920297622680664,-6.041607856750488,9.354244232177734,-3.939607858657837,11.761785507202148,-3.328929901123047,10.710501670837402,-7.61154842376709,9.111659049987793
177dc72e-d0f8-47ef-a5a7-3b46878e11a0-1430736549614-1.7-f-26-hu.wav,..\dataset\hungry\177dc72e-d0f8-47ef-a5a7-3b46878e11a0-1430736549614-1.7-f-26-hu.wav,hungry,hlad,dívka,2–6 měsíců,False,0,-321.8702697753906,121.85401153564453,51.41828536987305,47.235313415527344,-23.59732437133789,32.17960739135742,2.891742706298828,25.045089721679688,-37.52365493774414,18.852413177490234,-3.422027587890625,20.740480422973633,-24.544824600219727,15.926669120788574,-7.639213562011719,16.362913131713867,-23.54306411743164,16.45184326171875,-2.0185117721557617,14.56881046295166,-11.113666534423828,16.05821418762207,-4.773130416870117,14.678545951843262,-9.983755111694336,10.917415618896484
31e785de-b0c9-464f-88e2-bd8f1dd5cda4-1433403682898-1.7-m-04-hu.wav,..\dataset\hungry\31e785de-b0c9-464f-88e2-bd8f1dd5cda4-1433403682898-1.7-m-04-hu.wav,hungry,hlad,chlapec,0–4 týdny,False,0,-446.9778137207031,153.26817321777344,4.948551654815674,50.67536926269531,-22.63976287841797,37.00434494018555,2.0051369667053223,18.458816528320312,-18.983469009399414,24.285839080810547,-8.069064140319824,13.116764068603516,-13.53761100769043,17.319650650024414,2.722109794616699,16.526517868041992,10.037139892578125,17.899242401123047,9.238868713378906,19.603572845458984,-11.939661026000977,19.417638778686523,-10.04259967803955,14.588013648986816,-5.410949230194092,12.45410442352295
2e25d0a5-0b2b-44ef-8491-e445b16ea75c-1430056314272-1.7-f-26-hu.wav,..\dataset\hungry\2e25d0a5-0b2b-44ef-8491-e445b16ea75c-1430056314272-1.7-f-26-hu.wav,hungry,hlad,dívka,2–6 měsíců,False,0,-661.44970703125,96.46852111816406,57.0025520324707,29.175827026367188,-20.862499237060547,29.788898468017578,-21.450054168701172,16.89264678955078,-7.285224437713623,14.424959182739258,0.4309235215187073,14.362173080444336,-16.66965103149414,16.57345962524414,-14.553179740905762,13.074592590332031,-13.080743789672852,10.625516891479492,-4.504714488983154,12.149627685546875,-3.067842483520508,11.111872673034668,0.5688568949699402,12.188936233520508,-1.5944476127624512,13.748912811279297
3bb2445a-9ae9-4dc8-9a2e-86c696ffa405-1430124221551-1.7-m-26-hu.wav,..\dataset\hungry\3bb2445a-9ae9-4dc8-9a2e-86c696ffa405-1430124221551-1.7-m-26-hu.wav,hungry,hlad,chlapec,2–6 měsíců,False,0,-320.30169677734375,107.6636734008789,-9.689610481262207,45.617881774902344,-27.173023223876953,23.22701072692871,7.346126556396484,22.13665008544922,-33.17039489746094,18.173917770385742,-7.742884635925293,14.045022964477539,-11.13011360168457,12.860897064208984,-1.3517061471939087,11.596049308776855,-20.3836669921875,12.110371589660645,9.433048248291016,13.450193405151367,-3.1265666484832764,14.316054344177246,1.134111762046814,14.890807151794434,-14.391111373901367,14.788812637329102
1259bcad-2308-46fa-9a36-b5d8f359886a-1430143617162-1.7-m-04-hu.wav,..\dataset\hungry\1259bcad-2308-46fa-9a36-b5d8f359886a-1430143617162-1.7-m-04-hu.wav,hungry,hlad,chlapec,0–4 týdny,False,0,-414.3388977050781,141.23519897460938,16.060020446777344,35.03590774536133,-36.950660705566406,28.17117691040039,-37.96915817260742,27.138330459594727,-27.80179214477539,23.1491756439209,20.935869216918945,28.49040985107422,-36.03483963012695,22.940471649169922,-0.5928682684898376,15.598723411560059,-9.385770797729492,19.29930877685547,22.911874771118164,23.60423469543457,4.096113204956055,17.946998596191406,-4.077073097229004,14.431780815124512,-14.490509033203125,17.306814193725586
ed31b187-34af-4ff1-979c-3b8a5905fb7b-1430044897699-1.7-f-48-hu.wav,..\dataset\hungry\ed31b187-34af-4ff1-979c-3b8a5905fb7b-1430044897699-1.7-f-48-hu.wav,hungry,hlad,dívka,4–8 týdnů,False,0,-410.8869934082031,166.45945739746094,5.504399299621582,64.28640747070312,-17.2702579498291,31.419025421142578,4.167263984680176,16.761098861694336,-21.614023208618164,17.040597915649414,3.1831555366516113,17.278018951416016,-15.131956100463867,11.803079605102539,-12.92267894744873,12.559133529663086,-12.019416809082031,11.200729370117188,-8.052257537841797,10.524145126342773,-7.921932697296143,14.319754600524902,4.826388359069824,18.47943878173828,-9.737961769104004,18.312843322753906
0f257dac-7d6f-4575-9192-e3b4dcd3d4ef-1430185441581-1.7-f-26-hu.wav,..\dataset\hungry\0f257dac-7d6f-4575-9192-e3b4dcd3d4ef-1430185441581-1.7-f-26-hu.wav,hungry,hlad,dívka,2–6 měsíců,False,0,-387.3208923339844,107.61263275146484,54.17673873901367,31.66501808166504,0.15719348192214966,36.73394012451172,24.572301864624023,26.948945999145508,-3.2261574268341064,25.903499603271484,15.582886695861816,20.628232955932617,-3.915196180343628,15.906829833984375,-2.6601877212524414,14.014020919799805,-3.6008291244506836,13.472893714904785,1.9008846282958984,14.004973411560059,-0.6622570157051086,13.004633903503418,0.6424290537834167,12.182425498962402,-6.148161888122559,10.765862464904785
539FDD32-6326-422E-A707-FCF063D3426C-1437073534-1.1-f-26-hu.wav,..\dataset\hungry\539FDD32-6326-422E-A707-FCF063D3426C-1437073534-1.1-f-26-hu.wav,hungry,hlad,dívka,2–6 měsíců,False,0,-311.795166015625,94.1778335571289,33.724979400634766,26.111421585083008,2.026562452316284,16.9456844329834,-10.14596939086914,11.524863243103027,-41.180747985839844,17.496625900268555,1.3694876432418823,12.395112991333008,-22.942829132080078,10.497815132141113,-1.7721352577209473,9.218180656433105,-10.057844161987305,8.650870323181152,-13.680932998657227,6.897761821746826,-7.741220474243164,8.569308280944824,-10.628641128540039,9.668743133544922,-14.88002872467041,10.621170997619629
e4051e62-d21d-4bb8-a235-fd7e859ad787-1430739655763-1.7-m-04-hu.wav,..\dataset\hungry\e4051e62-d21d-4bb8-a235-fd7e859ad787-1430739655763-1.7-m-04-hu.wav,hungry,hlad,chlapec,0–4 týdny,False,0,-432.7104187011719,153.58413696289062,55.335479736328125,36.173892974853516,-11.86120319366455,25.189550399780273,-18.218475341796875,19.684717178344727,-40.857139587402344,27.66754913330078,1.789854645729065,10.748976707458496,-14.297122955322266,14.982193946838379,-20.47777557373047,13.03260612487793,-12.6978120803833,13.968714714050293,-8.229223251342773,10.87922477722168,-20.642824172973633,17.576066970825195,5.819247245788574,20.918746948242188,14.775303840637207,26.196331024169922
d6cda191-4962-4308-9a36-46d5648a95ed-1426942891562-1.4-f-48-dc.wav,..\dataset\discomfort\d6cda191-4962-4308-9a36-46d5648a95ed-1426942891562-1.4-f-48-dc.wav,discomfort,nepohodlí,dívka,4–8 týdnů,False,0,-678.9307861328125,82.74747467041016,51.91041946411133,37.57114791870117,9.099905014038086,23.935489654541016,23.60334587097168,17.376056671142578,-2.0710880756378174,19.36949920654297,13.308938980102539,18.132644653320312,-4.087116241455078,15.808904647827148,4.430296421051025,11.391144752502441,-5.493191719055176,11.608234405517578,-1.7145678997039795,10.28908634185791,-4.099071502685547,12.039715766906738,11.303589820861816,17.21074676513672,10.127737045288086,17.260074615478516
d6cda191-4962-4308-9a36-46d5648a95ed-1426942891562-1.4-f-48-dc.wav,..\dataset\discomfort\d6cda191-4962-4308-9a36-46d5648a95ed-1426942891562-1.4-f-48-dc.wav,discomfort,nepohodlí,dívka,4–8 týdnů,True,1,-359.27203369140625,11.398813247680664,-0.19105136394500732,12.361976623535156,4.168928623199463,10.228022575378418,0.9827927947044373,8.13174819946289,-0.11808130145072937,7.585203647613525,-0.07879851758480072,7.721334934234619,-0.15005630254745483,7.472673416137695,-0.3343757092952728,7.670567512512207,-0.260892778635025,7.558561325073242,-0.48511865735054016,7.546069145202637,0.471996009349823,7.450369358062744,0.24537262320518494,7.343306064605713,-0.3825926184654236,7.498256683349609
d6cda191-4962-4308-9a36-46d5648a95ed-1426942891562-1.4-f-48-dc.wav,..\dataset\discomfort\d6cda191-4962-4308-9a36-46d5648a95ed-1426942891562-1.4-f-48-dc.wav,discomfort,nepohodlí,dívka,4–8 týdnů,True,2,-360.55908203125,11.32066535949707,0.5011963844299316,12.519309997558594,4.253663063049316,9.619359016418457,1.3501113653182983,7.8478312492370605,-0.17577581107616425,7.896222114562988,-0.2341192364692688,7.590774059295654,-0.03806718438863754,7.829469203948975,-0.3993392586708069,7.249541759490967,-0.6712100505828857,7.036681652069092,-1.0698133707046509,7.3388566970825195,0.16138319671154022,7.189177989959717,-0.024128345772624016,7.0022993087768555,-0.14180181920528412,7.219380855560303
ae5a462b-5424-4b5b-82d5-07ccb61654ab-1431064345173-1.7-f-48-dc.wav,..\dataset\discomfort\ae5a462b-5424-4b5b-82d5-07ccb61654ab-1431064345173-1.7-f-48-dc.wav,discomfort,nepohodlí,dívka,4–8 týdnů,False,0,-593.8878173828125,160.1602783203125,-3.945188283920288,49.46836853027344,-12.241410255432129,31.882009506225586,-4.349353790283203,27.017791748046875,-11.303520202636719,18.9483642578125,12.638148307800293,17.367900848388672,-16.576602935791016,18.23750877380371,0.5226286053657532,10.301122665405273,-10.629855155944824,11.506427764892578,-1.8378709554672241,10.738865852355957,-5.222317695617676,13.850835800170898,5.520863056182861,20.945194244384766,2.764003276824951,18.157915115356445
ae5a462b-5424-4b5b-82d5-07ccb61654ab-1431064345173-1.7-f-48-dc.wav,..\dataset\discomfort\ae5a462b-5424-4b5b-82d5-07ccb61654ab-1431064345173-1.7-f-48-dc.wav,discomfort,nepohodlí,dívka,4–8 týdnů,True,1,-335.2284851074219,23.25644874572754,-7.430938720703125,13.170669555664062,-1.4012792110443115,9.445539474487305,-3.494386911392212,8.298879623413086,-1.33880615234375,8.0018892288208,3.6054470539093018,9.50695514678955,-3.491024971008301,9.95158576965332,1.5025981664657593,8.094969749450684,-2.284534215927124,7.780965328216553,-1.5353375673294067,8.227071762084961,0.1001667007803917,8.758702278137207,3.494953155517578,12.06939697265625,2.6399316787719727,10.117295265197754
ae5a462b-5424-4b5b-82d5-07ccb61654ab-1431064345173-1.7-f-48-dc.wav,..\dataset\discomfort\ae5a462b-5424-4b5b-82d5-07ccb61654ab-1431064345173-1.7-f-48-dc.wav,discomfort,nepohodlí,dívka,4–8 týdnů,True,2,-341.0174865722656,24.986961364746094,-8.136259078979492,13.11803913116455,-1.8251503705978394,9.588427543640137,-3.2928030490875244,8.72109317779541,-2.082702398300171,7.9742631912231445,4.148284435272217,10.111100196838379,-4.105130195617676,10.214609146118164,1.0365557670593262,7.989197731018066,-2.2523834705352783,8.019207954406738,-1.550797462463379,8.017533302307129,-0.34836316108703613,8.763428688049316,3.547523021697998,12.375618934631348,3.3895864486694336,10.101916313171387
a56e2494-d2b2-480e-af0b-de9ea8f33572-1436897427825-1.7-f-26-hu.wav,..\dataset\hungry\a56e2494-d2b2-480e-af0b-de9ea8f33572-1436897427825-1.7-f-26-hu.wav,hungry,hlad,dívka,2–6 měsíců,False,0,-445.9203796386719,137.29591369628906,14.261198043823242,26.15465545654297,-18.5100154876709,21.46636390686035,-15.501019477844238,22.173662185668945,-25.14291000366211,16.926536560058594,4.909673690795898,15.466347694396973,-16.836355209350586,13.822495460510254,-3.46875,12.766157150268555,-12.599793434143066,10.113102912902832,-4.78285551071167,10.54951000213623,-2.019866943359375,15.927508354187012,0.1216353178024292,18.518949508666992,-0.12470757961273193,15.278478622436523
d1e236a0-e030-4137-9030-5625026cd098-1430477951092-1.2-m-04-hu.wav,..\dataset\hungry\d1e236a0-e030-4137-9030-5625026cd098-1430477951092-1.2-m-04-hu.wav,hungry,hlad,chlapec,0–4 týdny,False,0,-454.6900939941406,111.83448791503906,69.4368667602539,39.15915298461914,-54.76213836669922,37.7413444519043,-45.677303314208984,27.3161678314209,-17.832162857055664,16.31818962097168,1.124631643295288,13.392328262329102,-22.655162811279297,15.162280082702637,-6.035613059997559,12.33651065826416,-13.80314826965332,14.486318588256836,-6.425265789031982,13.739851951599121,-4.928651809692383,20.131641387939453,19.397686004638672,30.064777374267578,19.270200729370117,24.354679107666016
5B416CE8-2591-4531-9ADC-86D085B5D48B-1430144827-1.0-m-48-ti.wav,..\dataset\tired\5B416CE8-2591-4531-9ADC-86D085B5D48B-1430144827-1.0-m-48-ti.wav,tired,únava,chlapec,4–8 týdnů,False,0,-451.1096496582031,61.313961029052734,74.44876098632812,14.211548805236816,-34.11600112915039,18.214401245117188,-5.499821186065674,13.709158897399902,-24.91909408569336,15.069623947143555,-21.06814956665039,12.102554321289062,-17.751850128173828,9.80704402923584,-10.802541732788086,9.02580738067627,-13.289165496826172,9.18830394744873,-7.670958995819092,8.104982376098633,-15.46090030670166,8.215285301208496,-7.984468936920166,9.5908203125,-9.628052711486816,10.401195526123047
5B416CE8-2591-4531-9ADC-86D085B5D48B-1430144827-1.0-m-48-ti.wav,..\dataset\tired\5B416CE8-2591-4531-9ADC-86D085B5D48B-1430144827-1.0-m-48-ti.wav,tired,únava,chlapec,4–8 týdnů,True,1,-327.4404296875,27.167146682739258,13.885690689086914,15.506139755249023,-0.8715499639511108,14.49168872833252,-5.514495372772217,9.96196460723877,-7.086277484893799,10.380014419555664,-7.238308906555176,9.943310737609863,-4.963858127593994,9.458252906799316,-2.5675241947174072,7.846073150634766,-1.1893728971481323,8.26894760131836,-1.2979681491851807,8.006482124328613,-2.6242454051971436,8.228487968444824,-1.892336130142212,8.614227294921875,-1.1634327173233032,9.244675636291504
5B416CE8-2591-4531-9ADC-86D085B5D48B-1430144827-1.0-m-48-ti.wav,..\dataset\tired\5B416CE8-2591-4531-9ADC-86D085B5D48B-1430144827-1.0-m-48-ti.wav,tired,únava,chlapec,4–8 týdnů,True,2,-326.337890625,26.66863441467285,13.616705894470215,14.972384452819824,-0.7006557583808899,14.868154525756836,-5.833584785461426,10.129073143005371,-7.295355319976807,10.020134925842285,-7.7039899826049805,9.873586654663086,-4.662543296813965,8.80903148651123,-1.313842535018921,7.565246105194092,-0.3452525734901428,7.832215785980225,-0.874998927116394,8.137663841247559,-2.259674072265625,8.347818374633789,-1.7817344665527344,8.640396118164062,-0.761658787727356,9.236872673034668
40a4c760-facf-4911-b0a6-22eccc3ab18d-1430477756469-1.7-f-26-hu.wav,..\dataset\hungry\40a4c760-facf-4911-b0a6-22eccc3ab18d-1430477756469-1.7-f-26-hu.wav,hungry,hlad,dívka,2–6 měsíců,False,0,-247.21575927734375,115.6302719116211,-15.648083686828613,40.84270477294922,11.801725387573242,24.001869201660156,-24.076908111572266,17.68924331665039,-5.6990227699279785,13.647493362426758,-1.7332454919815063,13.023828506469727,-10.231313705444336,17.58962631225586,-16.424232482910156,12.309097290039062,-5.905303955078125,13.606258392333984,-11.57744312286377,11.715717315673828,-12.877106666564941,12.875547409057617,-0.05875926837325096,15.089691162109375,-3.566148281097412,15.698613166809082
9aa8bac5-eeb9-4f19-a4bf-7c439e87364b-1430745385374-1.7-m-04-hu.wav,..\dataset\hungry\9aa8bac5-eeb9-4f19-a4bf-7c439e87364b-1430745385374-1.7-m-04-hu.wav,hungry,hlad,chlapec,0–4 týdny,False,0,-462.6874084472656,132.51449584960938,35.35845184326172,26.00086212158203,-33.924774169921875,31.148048400878906,-16.536869049072266,13.45080280303955,-39.00985336303711,21.238454818725586,17.574392318725586,13.063165664672852,-8.901859283447266,16.38263511657715,-18.41023063659668,14.29444694519043,-10.067731857299805,14.556217193603516,-10.350685119628906,13.075793266296387,10.126333236694336,14.828032493591309,15.327197074890137,20.13841438293457,5.9195075035095215,19.593624114990234
2602b7c2-e96d-42f6-9767-f1ae74925ef8-1431376228657-1.7-f-22-hu.wav,..\dataset\hungry\2602b7c2-e96d-42f6-9767-f1ae74925ef8-1431376228657-1.7-f-22-hu.wav,hungry,hlad,dívka,více než 2 roky,False,0,-534.779541015625,74.41079711914062,58.91824722290039,22.573589324951172,-22.288835525512695,18.3189754486084,-4.5739006996154785,16.439250946044922,-21.52831268310547,14.498663902282715,-3.6807305812835693,14.47275161743164,-25.778324127197266,12.733826637268066,-7.533113956451416,10.534156799316406,-18.56165313720703,13.00242805480957,-5.437177658081055,10.631272315979004,-13.155895233154297,9.807403564453125,-2.379716634750366,15.411171913146973,-3.1415979862213135,24.63515281677246
4CD5903D-E2CE-401E-B898-D873C763F44B-1430727653-1.0-m-26-hu.wav,..\dataset\hungry\4CD5903D-E2CE-401E-B898-D873C763F44B-1430727653-1.0-m-26-hu.wav,hungry,hlad,chlapec,2–6 měsíců,False,0,-514.010009765625,129.1424102783203,22.0967960357666,39.19894790649414,-27.6218318939209,25.079696655273438,-9.188283920288086,24.15607261657715,7.702869892120361,15.940285682678223,-3.159770965576172,13.069867134094238,-16.964879989624023,12.999085426330566,-12.07543659210205,13.781477928161621,-14.839378356933594,11.778970718383789,-2.734551191329956,12.624011993408203,-12.256346702575684,10.646010398864746,-0.750210702419281,13.404163360595703,-11.895027160644531,13.124045372009277
35D58153-7AB7-443D-BED0-2D7ABF73743F-1431855847-1.1-m-04-hu.wav,..\dataset\hungry\35D58153-7AB7-443D-BED0-2D7ABF73743F-1431855847-1.1-m-04-hu.wav,hungry,hlad,chlapec,0–4 týdny,False,0,-279.7707824707031,113.04938507080078,-34.97965621948242,24.99805450439453,-25.218603134155273,26.432310104370117,1.3808001279830933,20.243179321289062,-26.790977478027344,17.66873550415039,1.7739259004592896,14.991849899291992,-4.287817478179932,19.666080474853516,8.928106307983398,18.55653953552246,2.0313940048217773,21.110063552856445,5.056399345397949,23.00787925720215,-0.7844631671905518,22.73134422302246,-5.147186279296875,15.742131233215332,-3.8810536861419678,15.945002555847168
415d69b4-6d84-4bf8-97b0-10f8f108dc1d-1430739498797-1.7-m-04-hu.wav,..\dataset\hungry\415d69b4-6d84-4bf8-97b0-10f8f108dc1d-1430739498797-1.7-m-04-hu.wav,hungry,hlad,chlapec,0–4 týdny,False,0,-470.65472412109375,127.33318328857422,48.82172775268555,30.424543380737305,-24.242717742919922,19.279985427856445,0.6212953925132751,13.47573184967041,-11.618090629577637,13.283019065856934,-7.833512306213379,10.937474250793457,-15.091086387634277,12.416621208190918,-3.35882306098938,11.63394546508789,-9.307455062866211,9.644073486328125,-0.4317992627620697,9.878660202026367,-9.115670204162598,10.220715522766113,1.4300283193588257,8.171830177307129,-4.507301330566406,10.05081558227539
50DC5FBC-AC95-44F2-B55F-E4E5FB03AC96-1430108024-1.0-m-26-hu.wav,..\dataset\hungry\50DC5FBC-AC95-44F2-B55F-E4E5FB03AC96-1430108024-1.0-m-26-hu.wav,hungry,hlad,chlapec,2–6 měsíců,False,0,-341.75860595703125,101.2750015258789,-22.949541091918945,23.398170471191406,-7.020554542541504,12.730942726135254,-5.103120803833008,15.330462455749512,-28.281166076660156,16.505491256713867,4.6672797203063965,11.119246482849121,-9.450833320617676,11.99831485748291,-5.788741588592529,16.890413284301758,-19.575822830200195,13.419793128967285,2.889636278152466,19.060365676879883,4.365987300872803,20.802583694458008,7.011927604675293,20.261308670043945,-1.9101871252059937,21.028268814086914
AEA8AE04-D00E-48A7-8A0B-6D87E2175121-1430563241-1.0-f-72-bu.wav,..\dataset\burping\AEA8AE04-D00E-48A7-8A0B-6D87E2175121-1430563241-1.0-f-72-bu.wav,burping,říhání,dívka,7 měsíců–2 roky,False,0,-412.73431396484375,118.30802917480469,13.472634315490723,41.876747131347656,14.30579662322998,22.163057327270508,-6.966660499572754,19.666521072387695,-24.775253295898438,15.301044464111328,-0.6259056329727173,14.323336601257324,-16.18812370300293,13.104315757751465,-4.472516059875488,16.851787567138672,-19.17381477355957,10.905071258544922,-8.214111328125,12.949569702148438,-9.54127025604248,12.359020233154297,-2.7839622497558594,12.03844165802002,-12.117602348327637,10.40308666229248
AEA8AE04-D00E-48A7-8A0B-6D87E2175121-1430563241-1.0-f-72-bu.wav,..\dataset\burping\AEA8AE04-D00E-48A7-8A0B-6D87E2175121-1430563241-1.0-f-72-bu.wav,burping,říhání,dívka,7 měsíců–2 roky,True,1,-321.6249084472656,57.93788146972656,-3.028109312057495,27.101232528686523,9.51196575164795,15.716087341308594,-2.345508098602295,13.9795503616333,-8.45988655090332,12.845479965209961,0.12870286405086517,11.549978256225586,-8.280543327331543,12.408818244934082,0.7713932991027832,13.119549751281738,-7.492332458496094,11.287994384765625,-2.2685136795043945,10.980734825134277,-3.3963658809661865,10.783036231994629,-0.34878668189048767,9.593127250671387,-4.095231056213379,9.53846263885498
AEA8AE04-D00E-48A7-8A0B-6D87E2175121-1430563241-1.0-f-72-bu.wav,..\dataset\burping\AEA8AE04-D00E-48A7-8A0B-6D87E2175121-1430563241-1.0-f-72-bu.wav,burping,říhání,dívka,7 měsíců–2 roky,True,2,-307.18212890625,51.258522033691406,-4.621128082275391,25.534122467041016,8.927238464355469,15.126443862915039,-2.918701648712158,12.99525260925293,-7.309633731842041,12.23017406463623,0.45604512095451355,11.317946434020996,-7.4353227615356445,12.543477058410645,1.3971290588378906,12.827715873718262,-6.0267181396484375,11.739008903503418,-1.4146671295166016,10.604021072387695,-3.138566255569458,10.435351371765137,-0.18250323832035065,9.511266708374023,-3.6389825344085693,9.359291076660156
DCB33551-F9BA-4B4A-8DA1-A3107E1AD859-1430406483-1.0-m-04-hu.wav,..\dataset\hungry\DCB33551-F9BA-4B4A-8DA1-A3107E1AD859-1430406483-1.0-m-04-hu.wav,hungry,hlad,chlapec,0–4 týdny,False,0,-337.45404052734375,52.10404586791992,34.40760803222656,18.28575897216797,-16.81812858581543,15.084564208984375,13.250053405761719,14.818351745605469,-12.46615982055664,15.930970191955566,5.0244669914245605,11.265430450439453,-5.360012054443359,12.035820007324219,-10.08250617980957,10.112656593322754,-12.194680213928223,10.747055053710938,-15.90679931640625,9.580865859985352,-12.372651100158691,9.996591567993164,-2.6427018642425537,17.747791290283203,-8.159213066101074,18.72865867614746
bb2bdafb-0477-4be4-8c41-1a6192e8c6d4-1430637736064-1.7-m-72-hu.wav,..\dataset\hungry\bb2bdafb-0477-4be4-8c41-1a6192e8c6d4-1430637736064-1.7-m-72-hu.wav,hungry,hlad,chlapec,7 měsíců–2 roky,False,0,-362.0112609863281,144.51715087890625,23.727970123291016,24.24419593811035,-33.155128479003906,30.874691009521484,-9.908783912658691,23.658655166625977,-23.44625473022461,19.626296997070312,-10.264448165893555,20.845888137817383,-11.305468559265137,12.929807662963867,-7.768507480621338,15.071934700012207,-12.093464851379395,15.539892196655273,-5.760258674621582,11.919391632080078,-12.592706680297852,14.466565132141113,-7.628248691558838,11.838619232177734,-0.939342200756073,21.864713668823242
cecd525b-18fd-49e3-b2b9-dfb08b93ad95-1430110029205-1.7-m-26-ti.wav,..\dataset\tired\cecd525b-18fd-49e3-b2b9-dfb08b93ad95-1430110029205-1.7-m-26-ti.wav,tired,únava,chlapec,2–6 měsíců,False,0,-420.6614685058594,109.29979705810547,53.97175979614258,33.155025482177734,6.9683709144592285,32.1484260559082,5.574368476867676,22.252155303955078,-12.411531448364258,13.57746410369873,23.36701011657715,13.029653549194336,-15.319253921508789,11.740679740905762,14.18911361694336,11.797534942626953,-2.05226731300354,9.268678665161133,-4.852996349334717,8.925653457641602,-4.597280979156494,9.728168487548828,-14.047550201416016,10.47636604309082,-2.8347525596618652,14.542585372924805
cecd525b-18fd-49e3-b2b9-dfb08b93ad95-1430110029205-1.7-m-26-ti.wav,..\dataset\tired\cecd525b-18fd-49e3-b2b9-dfb08b93ad95-1430110029205-1.7-m-26-ti.wav,tired,únava,chlapec,2–6 měsíců,True,1,-313.6133117675781,33.18932342529297,12.94116497039795,12.715982437133789,4.114145755767822,21.286197662353516,0.6027531027793884,15.62243938446045,1.1123865842819214,10.135740280151367,10.255060195922852,11.128678321838379,-2.4094605445861816,10.643156051635742,3.5126256942749023,8.303489685058594,1.2164268493652344,8.592327117919922,-3.1259381771087646,8.321885108947754,-3.620969772338867,9.252912521362305,-6.853707790374756,9.690223693847656,-0.22238773107528687,13.010994911193848
cecd525b-18fd-49e3-b2b9-dfb08b93ad95-1430110029205-1.7-m-26-ti.wav,..\dataset\tired\cecd525b-18fd-49e3-b2b9-dfb08b93ad95-1430110029205-1.7-m-26-ti.wav,tired,únava,chlapec,2–6 měsíců,True,2,-308.13311767578125,30.81500244140625,12.386322021484375,12.001484870910645,3.6509320735931396,19.959936141967773,-0.032771091908216476,14.905763626098633,0.8334131240844727,9.911203384399414,9.835949897766113,10.891763687133789,-1.7363460063934326,10.633124351501465,3.0147173404693604,8.237821578979492,0.8275704383850098,8.696300506591797,-2.986506462097168,8.566238403320312,-2.923977851867676,9.288177490234375,-6.140978813171387,9.465554237365723,0.8056948781013489,12.858821868896484
F3BAEDDA-CDC0-4A65-90EE-5C372CEE4F3B-1437012076-1.1-f-26-hu.wav,..\dataset\hungry\F3BAEDDA-CDC0-4A65-90EE-5C372CEE4F3B-1437012076-1.1-f-26-hu.wav,hungry,hlad,dívka,2–6 měsíců,False,0,-410.4392395019531,68.4368896484375,53.26375961303711,24.57952880859375,-10.32083511352539,13.348291397094727,4.935579776763916,11.40788745880127,-17.122175216674805,9.205883979797363,-3.011823892593384,9.034810066223145,-13.252930641174316,9.3953275680542,-9.907240867614746,8.774723052978516,-15.74645709991455,9.19070816040039,-7.258810043334961,9.47673225402832,-13.341267585754395,10.21384048461914,-9.995058059692383,12.747980117797852,-17.73275375366211,9.914411544799805
c10e2b0f-0cb8-4485-b82f-d453edf97db7-1430739158854-1.7-f-26-hu.wav,..\dataset\hungry\c10e2b0f-0cb8-4485-b82f-d453edf97db7-1430739158854-1.7-f-26-hu.wav,hungry,hlad,dívka,2–6 měsíců,False,0,-852.7542114257812,68.63749694824219,62.240604400634766,35.58460235595703,27.615917205810547,25.236665725708008,13.357497215270996,16.323572158813477,4.008167743682861,15.575081825256348,3.6839687824249268,11.383338928222656,-0.4100330173969269,9.241847038269043,-3.3235538005828857,10.419833183288574,-1.4521785974502563,9.250889778137207,-3.315554618835449,8.557015419006348,-1.8867295980453491,8.836068153381348,-1.4202840328216553,10.255873680114746,-5.448936939239502,9.335714340209961
549a46d8-9c84-430e-ade8-97eae2bef787-1430130686288-1.7-m-48-hu.wav,..\dataset\hungry\549a46d8-9c84-430e-ade8-97eae2bef787-1430130686288-1.7-m-48-hu.wav,hungry,hlad,chlapec,4–8 týdnů,False,0,-739.1364135742188,115.72098541259766,35.81146240234375,28.60280990600586,-35.51775360107422,37.033935546875,-3.635582685470581,13.474458694458008,-30.39101791381836,19.986238479614258,-1.7444844245910645,10.029572486877441,-1.2530980110168457,12.618842124938965,-5.58347225189209,13.372801780700684,-0.45612046122550964,9.953991889953613,3.1985318660736084,12.016764640808105,-1.5675517320632935,12.65817928314209,3.3930301666259766,12.67805004119873,-0.9350189566612244,13.886209487915039
7b0e160e-0505-459e-8ecb-304d7afae9d2-1437486974312-1.7-m-04-dc.wav,..\dataset\discomfort\7b0e160e-0505-459e-8ecb-304d7afae9d2-1437486974312-1.7-m-04-dc.wav,discomfort,nepohodlí,chlapec,0–4 týdny,False,0,-417.0489501953125,115.03553009033203,114.63378143310547,42.18587112426758,2.1149964332580566,17.247499465942383,6.9765448570251465,18.56233787536621,-16.71798324584961,13.843053817749023,2.476792335510254,12.954521179199219,-7.169674396514893,11.715327262878418,12.911023139953613,13.381485939025879,-9.978226661682129,11.604193687438965,5.220322608947754,13.596759796142578,-10.001875877380371,12.324518203735352,2.8071835041046143,12.309382438659668,-5.389598846435547,13.179886817932129
7b0e160e-0505-459e-8ecb-304d7afae9d2-1437486974312-1.7-m-04-dc.wav,..\dataset\discomfort\7b0e160e-0505-459e-8ecb-304d7afae9d2-1437486974312-1.7-m-04-dc.wav,discomfort,nepohodlí,chlapec,0–4 týdny,True,1,-307.7265930175781,30.719701766967773,46.026851654052734,20.0911922454834,17.529361724853516,14.7316312789917,-0.3499591648578644,14.132515907287598,-5.819756031036377,12.147459030151367,-2.7348337173461914,9.50765609741211,0.4002093970775604,9.451380729675293,2.0984091758728027,9.896890640258789,-1.9061044454574585,9.991044044494629,-1.7177621126174927,11.955611228942871,-3.1955814361572266,10.716418266296387,-1.2082096338272095,11.394255638122559,-1.4020580053329468,11.717854499816895
7b0e160e-0505-459e-8ecb-304d7afae9d2-1437486974312-1.7-m-04-dc.wav,..\dataset\discomfort\7b0e160e-0505-459e-8ecb-304d7afae9d2-1437486974312-1.7-m-04-dc.wav,discomfort,nepohodlí,chlapec,0–4 týdny,True,2,-296.3337707519531,27.301860809326172,40.80318832397461,19.03141212463379,16.355554580688477,13.386917114257812,-0.5548495650291443,14.211132049560547,-5.290920734405518,11.19334602355957,-2.488558053970337,9.57203197479248,0.17748674750328064,9.119887351989746,2.113403797149658,9.22254753112793,-1.2039240598678589,10.543510437011719,-1.2741785049438477,11.166126251220703,-3.2305707931518555,10.580855369567871,-1.4809573888778687,10.829647064208984,-1.3274699449539185,11.702632904052734
653bf718-94bd-40d0-af7c-8fe44e07640c-1430759214066-1.7-m-04-hu.wav,..\dataset\hungry\653bf718-94bd-40d0-af7c-8fe44e07640c-1430759214066-1.7-m-04-hu.wav,hungry,hlad,chlapec,0–4 týdny,False,0,-527.447021484375,108.80941009521484,71.55045318603516,45.27273178100586,-8.436909675598145,15.834846496582031,-18.400243759155273,16.892486572265625,-30.875375747680664,23.103391647338867,-7.414904594421387,12.668701171875,-25.3973445892334,17.536483764648438,-5.397809028625488,10.820954322814941,-12.100228309631348,15.15470027923584,0.2740664780139923,19.011646270751953,-11.158757209777832,15.64688491821289,-4.6326212882995605,15.425222396850586,-10.632285118103027,13.450933456420898
ad7fd28b-3e85-4e9b-9e18-af4bda64c60f-1430756389867-1.7-m-72-hu.wav,..\dataset\hungry\ad7fd28b-3e85-4e9b-9e18-af4bda64c60f-1430756389867-1.7-m-72-hu.wav,hungry,hlad,chlapec,7 měsíců–2 roky,False,0,-374.2216491699219,108.42581939697266,41.15357971191406,24.841690063476562,-53.89225387573242,30.01714515686035,5.165316104888916,16.42560577392578,-41.991615295410156,25.971763610839844,2.8719232082366943,15.003156661987305,-18.817163467407227,12.318950653076172,-9.140263557434082,10.62734317779541,-12.279365539550781,10.935443878173828,-12.715062141418457,9.934401512145996,-17.071969985961914,10.599613189697266,-4.286571979522705,10.028587341308594,-9.110777854919434,11.611980438232422
4be720ce-a5e5-4a48-930f-a212f8a239f6-1434774947458-1.7-f-48-hu.wav,..\dataset\hungry\4be720ce-a5e5-4a48-930f-a212f8a239f6-1434774947458-1.7-f-48-hu.wav,hungry,hlad,dívka,4–8 týdnů,False,0,-515.3526000976562,144.00506591796875,30.89237403869629,38.473846435546875,-48.72453308105469,41.15336227416992,-8.16068172454834,18.65559959411621,-16.96210289001465,22.812238693237305,6.3447265625,14.719968795776367,-16.296192169189453,17.28061294555664,4.686694145202637,10.327242851257324,-8.477749824523926,13.890098571777344,-3.0764334201812744,12.718841552734375,-15.005742073059082,14.125615119934082,-1.016618251800537,20.64984130859375,9.370079040527344,22.880840301513672
D4665929-8695-4655-927F-63F09B2D4CB8-1430726940-1.0-f-26-ti.wav,..\dataset\tired\D4665929-8695-4655-927F-63F09B2D4CB8-1430726940-1.0-f-26-ti.wav,tired,únava,dívka,2–6 měsíců,False,0,-603.4329833984375,81.4288330078125,15.146814346313477,26.72662353515625,-8.810920715332031,22.44834327697754,5.947267532348633,19.106843948364258,-28.154333114624023,14.995726585388184,-8.098284721374512,13.033696174621582,-12.700712203979492,10.884949684143066,-6.483343601226807,11.028626441955566,-10.445564270019531,10.691699028015137,-8.879059791564941,11.674729347229004,-6.379543781280518,11.670455932617188,-3.9768595695495605,12.512670516967773,-6.276144504547119,18.900615692138672
D4665929-8695-4655-927F-63F09B2D4CB8-1430726940-1.0-f-26-ti.wav,..\dataset\tired\D4665929-8695-4655-927F-63F09B2D4CB8-1430726940-1.0-f-26-ti.wav,tired,únava,dívka,2–6 měsíců,True,1,-369.4263916015625,13.26700210571289,0.43821796774864197,10.461417198181152,1.0353074073791504,7.794771671295166,-2.0181281566619873,8.615224838256836,-2.184512138366699,8.337945938110352,-2.0013508796691895,8.50501537322998,-1.5176128149032593,8.182587623596191,-1.4367642402648926,7.770564079284668,-0.8461934328079224,7.4768266677856445,-0.9509645700454712,8.196967124938965,-0.7860392332077026,8.30807113647461,0.30711349844932556,8.312711715698242,1.779329776763916,10.19006633758545
D4665929-8695-4655-927F-63F09B2D4CB8-1430726940-1.0-f-26-ti.wav,..\dataset\tired\D4665929-8695-4655-927F-63F09B2D4CB8-1430726940-1.0-f-26-ti.wav,tired,únava,dívka,2–6 měsíců,True,2,-375.00177001953125,13.9917573928833,1.1643167734146118,10.680930137634277,0.24797996878623962,7.74746561050415,-2.3539481163024902,8.480512619018555,-2.4705793857574463,8.960325241088867,-2.2174508571624756,8.51297378540039,-1.4233875274658203,8.173684120178223,-1.0343884229660034,7.257188320159912,-1.3620809316635132,7.516826629638672,-1.0470614433288574,7.7360053062438965,-0.5957723259925842,7.9240946769714355,0.31853848695755005,8.370198249816895,1.8954594135284424,10.22374439239502
719bb382-a592-46b7-82d2-8b4a625263b7-1430376267895-1.7-m-48-hu.wav,..\dataset\hungry\719bb382-a592-46b7-82d2-8b4a625263b7-1430376267895-1.7-m-48-hu.wav,hungry,hlad,chlapec,4–8 týdnů,False,0,-682.4038696289062,90.20413970947266,41.560115814208984,25.244382858276367,-8.512221336364746,22.770421981811523,6.48884916305542,16.03245735168457,-12.307650566101074,16.213661193847656,5.4739909172058105,14.345806121826172,-5.172614574432373,12.020628929138184,-6.916813373565674,11.22716236114502,-12.969542503356934,10.50859260559082,-7.122280597686768,9.92436408996582,-5.64265251159668,9.328510284423828,-5.7137556076049805,8.156826972961426,-5.646500587463379,7.913773536682129
090C15A8-5406-4EA5-97A3-81F6527227C0-1430147533-1.0-m-72-hu.wav,..\dataset\hungry\090C15A8-5406-4EA5-97A3-81F6527227C0-1430147533-1.0-m-72-hu.wav,hungry,hlad,chlapec,7 měsíců–2 roky,False,0,-471.6119079589844,112.71206665039062,46.75376510620117,26.741683959960938,-27.3057804107666,29.26709747314453,-5.320412635803223,14.78568172454834,-16.683610916137695,22.9581241607666,-32.500244140625,17.90275001525879,-14.512451171875,14.778518676757812,-5.230616569519043,10.562932968139648,-15.140600204467773,15.277318954467773,-3.163360357284546,20.52518081665039,-2.8243768215179443,17.844602584838867,-7.624401092529297,16.351558685302734,-12.761186599731445,16.372169494628906
DBA77EDC-D457-4B3A-83B8-B7AFBF272D4E-1436860486-1.1-m-72-hu.wav,..\dataset\hungry\DBA77EDC-D457-4B3A-83B8-B7AFBF272D4E-1436860486-1.1-m-72-hu.wav,hungry,hlad,chlapec,7 měsíců–2 roky,False,0,-395.0907287597656,55.8599967956543,55.833106994628906,15.138866424560547,-20.537118911743164,10.594586372375488,3.4632370471954346,11.434660911560059,-6.617487907409668,10.13033676147461,0.23954766988754272,9.311842918395996,-14.733043670654297,10.283953666687012,-19.320030212402344,8.581040382385254,-24.98474884033203,9.764888763427734,-8.636815071105957,8.829276084899902,-9.021687507629395,9.305868148803711,-10.39859390258789,13.911201477050781,-15.75234603881836,13.27025032043457
d6cda191-4962-4308-9a36-46d5648a95ed-1431587887997-1.7-m-04-ti.wav,..\dataset\tired\d6cda191-4962-4308-9a36-46d5648a95ed-1431587887997-1.7-m-04-ti.wav,tired,únava,chlapec,0–4 týdny,False,0,-503.4180603027344,160.8868865966797,-17.92374610900879,33.389442443847656,-46.95378875732422,46.939178466796875,-8.570590019226074,18.803964614868164,-12.158757209777832,17.30544090270996,12.042010307312012,12.42546272277832,-5.147823333740234,10.555529594421387,-2.5378806591033936,12.573077201843262,-10.37580680847168,12.922106742858887,0.07568877190351486,9.264315605163574,2.7457635402679443,14.600455284118652,9.09782886505127,16.71872901916504,-2.239800453186035,17.480010986328125
d6cda191-4962-4308-9a36-46d5648a95ed-1431587887997-1.7-m-04-ti.wav,..\dataset\tired\d6cda191-4962-4308-9a36-46d5648a95ed-1431587887997-1.7-m-04-ti.wav,tired,únava,chlapec,0–4 týdny,True,1,-307.44671630859375,45.63853454589844,-9.217613220214844,15.902756690979004,-19.20502471923828,27.739133834838867,-1.2254904508590698,13.613880157470703,-2.7694382667541504,10.79138469696045,5.365938663482666,10.484851837158203,0.04463887959718704,8.037286758422852,-2.5237174034118652,10.558631896972656,-4.853918075561523,10.76927375793457,-1.1389251947402954,9.315903663635254,3.9451613426208496,13.625168800354004,6.25859260559082,14.569077491760254,-1.0715563297271729,14.844858169555664
d6cda191-4962-4308-9a36-46d5648a95ed-1431587887997-1.7-m-04-ti.wav,..\dataset\tired\d6cda191-4962-4308-9a36-46d5648a95ed-1431587887997-1.7-m-04-ti.wav,tired,únava,chlapec,0–4 týdny,True,2,-319.7080078125,49.80117416381836,-10.10251235961914,16.3194637298584,-20.94583511352539,29.373781204223633,-0.23142188787460327,14.740387916564941,-2.561349391937256,10.782808303833008,6.068645477294922,11.22421932220459,0.3652406334877014,8.287637710571289,-1.7688536643981934,10.684786796569824,-4.045872688293457,10.65474796295166,-0.5040779709815979,9.780125617980957,4.460515975952148,14.130993843078613,7.286321640014648,15.119902610778809,-0.2500855326652527,14.880269050598145
ae5f103b-5fee-442f-bb1b-d9d0570c46ab-1431533857965-1.7-m-26-bp.wav,..\dataset\belly_pain\ae5f103b-5fee-442f-bb1b-d9d0570c46ab-1431533857965-1.7-m-26-bp.wav,belly_pain,bolest břicha,chlapec,2–6 měsíců,False,0,-552.5326538085938,154.3638916015625,51.79786682128906,41.139183044433594,9.926358222961426,34.74478530883789,3.0941972732543945,26.26396369934082,-10.787131309509277,24.546031951904297,4.464150905609131,16.29597282409668,-9.665709495544434,14.304019927978516,-9.355813980102539,14.102677345275879,-20.136505126953125,13.175728797912598,-1.7537572383880615,13.066383361816406,-6.531373977661133,14.315797805786133,2.52984619140625,17.199329376220703,-1.7166510820388794,15.60136890411377
ae5f103b-5fee-442f-bb1b-d9d0570c46ab-1431533857965-1.7-m-26-bp.wav,..\dataset\belly_pain\ae5f103b-5fee-442f-bb1b-d9d0570c46ab-1431533857965-1.7-m-26-bp.wav,belly_pain,bolest břicha,chlapec,2–6 měsíců,True,1,-332.5650329589844,39.132015228271484,7.812623977661133,16.353239059448242,2.5787911415100098,14.080947875976562,-2.483883857727051,13.43619441986084,-1.611061692237854,11.343572616577148,-0.5137683749198914,9.102465629577637,-1.4701688289642334,8.981546401977539,-5.060326099395752,9.699151992797852,-6.633250713348389,11.258194923400879,-1.2282671928405762,10.081625938415527,-0.8098381161689758,11.088109016418457,2.478440046310425,14.124283790588379,1.4115800857543945,12.98970890045166
ae5f103b-5fee-442f-bb1b-d9d0570c46ab-1431533857965-1.7-m-26-bp.wav,..\dataset\belly_pain\ae5f103b-5fee-442f-bb1b-d9d0570c46ab-1431533857965-1.7-m-26-bp.wav,belly_pain,bolest břicha,chlapec,2–6 měsíců,True,2,-326.7532958984375,37.95820236206055,6.88576078414917,15.633822441101074,2.0931339263916016,13.549363136291504,-3.1200509071350098,12.608102798461914,-1.6732691526412964,11.735119819641113,-0.22006230056285858,9.024700164794922,-1.7653512954711914,8.927717208862305,-4.229111671447754,9.3690824508667,-6.090086936950684,10.825891494750977,-1.0557854175567627,10.129630088806152,-0.364825576543808,11.341756820678711,2.3577933311462402,14.254947662353516,1.0541378259658813,12.834168434143066
50DC5FBC-AC95-44F2-B55F-E4E5FB03AC96-1430007656-1.0-m-26-hu.wav,..\dataset\hungry\50DC5FBC-AC95-44F2-B55F-E4E5FB03AC96-1430007656-1.0-m-26-hu.wav,hungry,hlad,chlapec,2–6 měsíců,False,0,-418.412841796875,103.36843872070312,-1.2076313495635986,38.174949645996094,-41.335262298583984,18.6207218170166,6.783749103546143,26.308313369750977,-21.916854858398438,16.487228393554688,-8.307409286499023,14.236440658569336,-9.478394508361816,11.373417854309082,-10.147374153137207,11.337088584899902,-22.39141273498535,10.812976837158203,-7.9136433601379395,14.189641952514648,-10.956867218017578,15.828941345214844,3.337392568588257,26.40046501159668,10.481376647949219,27.31338882446289
FF2CD2F6-404D-4626-8718-6E6C751F63B8-1431104346-1.0-m-04-hu.wav,..\dataset\hungry\FF2CD2F6-404D-4626-8718-6E6C751F63B8-1431104346-1.0-m-04-hu.wav,hungry,hlad,chlapec,0–4 týdny,False,0,-409.7066650390625,94.40977478027344,59.85188674926758,19.37864112854004,-31.207225799560547,31.730432510375977,-20.208993911743164,17.887191772460938,-36.873939514160156,14.455145835876465,-24.86841583251953,11.872970581054688,-6.5631256103515625,12.943055152893066,-20.623266220092773,11.572816848754883,-11.494087219238281,10.391230583190918,-16.074878692626953,10.770381927490234,-16.08536720275879,11.155290603637695,4.742651462554932,15.568692207336426,7.812569618225098,21.410585403442383
79FF400A-97E2-4701-987D-C7C850D5523C-1430089621-1.0-f-48-dc.wav,..\dataset\discomfort\79FF400A-97E2-4701-987D-C7C850D5523C-1430089621-1.0-f-48-dc.wav,discomfort,nepohodlí,dívka,4–8 týdnů,False,0,-516.084716796875,101.16116333007812,41.32246780395508,44.32602310180664,-1.133641242980957,20.44639778137207,1.7582011222839355,13.558758735656738,-9.922968864440918,13.549599647521973,-10.593722343444824,13.585851669311523,-16.131567001342773,12.091440200805664,-8.821968078613281,15.054242134094238,-12.866775512695312,10.495057106018066,-10.069355010986328,14.173872947692871,-6.55959939956665,15.182822227478027,-5.916145324707031,15.448282241821289,-13.529659271240234,11.14835262298584
79FF400A-97E2-4701-987D-C7C850D5523C-1430089621-1.0-f-48-dc.wav,..\dataset\discomfort\79FF400A-97E2-4701-987D-C7C850D5523C-1430089621-1.0-f-48-dc.wav,discomfort,nepohodlí,dívka,4–8 týdnů,True,1,-331.8994140625,20.22490119934082,-1.130350947380066,16.987306594848633,3.1675000190734863,10.11838150024414,0.5467196702957153,9.716301918029785,-2.811431407928467,9.717231750488281,-0.6731056571006775,8.570520401000977,-2.066652774810791,8.322447776794434,-2.760692834854126,8.966775894165039,-2.370255708694458,8.018644332885742,-1.6885031461715698,8.901780128479004,-0.3261559009552002,10.917272567749023,0.43586111068725586,10.427013397216797,-2.3341283798217773,8.506882667541504
79FF400A-97E2-4701-987D-C7C850D5523C-1430089621-1.0-f-48-dc.wav,..\dataset\discomfort\79FF400A-97E2-4701-987D-C7C850D5523C-1430089621-1.0-f-48-dc.wav,discomfort,nepohodlí,dívka,4–8 týdnů,True,2,-331.8219909667969,20.757099151611328,-1.3202733993530273,17.437755584716797,3.4370598793029785,10.436741828918457,0.6755049228668213,9.853228569030762,-2.080087900161743,9.37266731262207,-0.5583881139755249,8.162422180175781,-2.1822707653045654,8.208518981933594,-3.077312707901001,9.052838325500488,-2.2539098262786865,8.255717277526855,-1.1142146587371826,8.810253143310547,0.37361979484558105,10.527549743652344,0.7133630514144897,10.011542320251465,-2.290369987487793,8.216044425964355
24f2a4e1-7161-42a3-a2a2-a29a2422c0b8-1430814741368-1.7-f-26-hu.wav,..\dataset\hungry\24f2a4e1-7161-42a3-a2a2-a29a2422c0b8-1430814741368-1.7-f-26-hu.wav,hungry,hlad,dívka,2–6 měsíců,False,0,-631.52587890625,137.2714385986328,24.45614242553711,31.614355087280273,-7.172550678253174,34.758819580078125,8.056450843811035,17.24404525756836,1.4123882055282593,18.483251571655273,9.154840469360352,11.280167579650879,2.337161064147949,12.38094711303711,2.0251054763793945,9.540820121765137,-2.9899327754974365,11.166126251220703,-3.7479379177093506,9.112606048583984,-1.7137595415115356,10.395281791687012,3.5299384593963623,13.99042797088623,0.6987491250038147,10.153389930725098
adcefe56-90b1-4120-83b1-93008cb6f7f0-1430731683554-1.7-m-04-hu.wav,..\dataset\hungry\adcefe56-90b1-4120-83b1-93008cb6f7f0-1430731683554-1.7-m-04-hu.wav,hungry,hlad,chlapec,0–4 týdny,False,0,-356.5050964355469,148.70419311523438,0.3643016815185547,45.29389190673828,-0.489205926656723,29.14679718017578,-21.583114624023438,19.440988540649414,-35.57148742675781,22.613323211669922,-12.030206680297852,18.086713790893555,-14.997233390808105,16.00230598449707,-15.061572074890137,19.279767990112305,6.545047760009766,15.294849395751953,19.873462677001953,18.55246353149414,8.025581359863281,17.316831588745117,4.543145656585693,16.364376068115234,-18.5521240234375,17.498699188232422
85FAB169-4DCC-406D-AC93-2F6A8D797DAB-1437632141-1.1-m-04-hu.wav,..\dataset\hungry\85FAB169-4DCC-406D-AC93-2F6A8D797DAB-1437632141-1.1-m-04-hu.wav,hungry,hlad,chlapec,0–4 týdny,False,0,-398.77978515625,163.723388671875,-9.620906829833984,31.796226501464844,-26.44509506225586,22.922761917114258,-5.070437908172607,17.817636489868164,-20.215011596679688,13.084877967834473,0.14222723245620728,11.785533905029297,-26.71061897277832,14.77362060546875,4.358075141906738,13.241138458251953,0.12934333086013794,18.874488830566406,27.072385787963867,23.305465698242188,19.080604553222656,22.787464141845703,-3.1578774452209473,20.52398681640625,-14.890580177307129,15.943285942077637
02c3b725-26e4-4a2c-9336-04ddc58836d9-1430726196216-1.7-m-04-hu.wav,..\dataset\hungry\02c3b725-26e4-4a2c-9336-04ddc58836d9-1430726196216-1.7-m-04-hu.wav,hungry,hlad,chlapec,0–4 týdny,False,0,-783.3479614257812,81.12645721435547,37.299007415771484,28.651500701904297,0.5411632657051086,25.62094497680664,-8.930841445922852,20.6800537109375,-11.826032638549805,18.094009399414062,2.0537846088409424,13.22240161895752,-5.592875957489014,11.612076759338379,-5.896428108215332,12.302135467529297,-4.437044620513916,10.850946426391602,-0.43129169940948486,9.381033897399902,-5.295689582824707,11.353313446044922,-3.2647604942321777,11.020513534545898,-7.652339458465576,11.339250564575195
3bb2445a-9ae9-4dc8-9a2e-86c696ffa405-1430142784308-1.7-m-26-hu.wav,..\dataset\hungry\3bb2445a-9ae9-4dc8-9a2e-86c696ffa405-1430142784308-1.7-m-26-hu.wav,hungry,hlad,chlapec,2–6 měsíců,False,0,-306.3545837402344,110.3573989868164,-16.920278549194336,44.86176681518555,-18.409128189086914,16.075895309448242,-8.719223976135254,22.1135196685791,-53.332088470458984,16.78249168395996,1.1410716772079468,14.871742248535156,-20.613346099853516,15.470033645629883,10.564018249511719,13.508711814880371,-22.459978103637695,14.861696243286133,4.188370704650879,16.811492919921875,0.7290157675743103,16.463449478149414,4.00798225402832,20.028921127319336,1.0012245178222656,23.396217346191406
eccb4617-8373-4c4f-b49e-bb2d72bce8d8-1430035348191-1.7-m-26-hu.wav,..\dataset\hungry\eccb4617-8373-4c4f-b49e-bb2d72bce8d8-1430035348191-1.7-m-26-hu.wav,hungry,hlad,chlapec,2–6 měsíců,False,0,-485.9777526855469,98.89240264892578,51.436317443847656,27.47264289855957,-18.75836181640625,35.183467864990234,-14.369645118713379,24.09697723388672,-25.498991012573242,19.466123580932617,-0.4187053442001343,16.200918197631836,-30.006105422973633,14.247615814208984,-4.534727096557617,14.272821426391602,-25.788227081298828,13.536839485168457,-6.504042625427246,14.420328140258789,-13.374259948730469,14.798624038696289,-1.1842694282531738,17.069107055664062,-3.7941668033599854,13.449414253234863
50DC5FBC-AC95-44F2-B55F-E4E5FB03AC96-1430007691-1.0-m-26-hu.wav,..\dataset\hungry\50DC5FBC-AC95-44F2-B55F-E4E5FB03AC96-1430007691-1.0-m-26-hu.wav,hungry,hlad,chlapec,2–6 měsíců,False,0,-395.2859191894531,135.814208984375,-16.61918830871582,34.26897430419922,-35.77243423461914,20.41373634338379,7.530158042907715,22.90950584411621,-26.10955810546875,15.506999015808105,-3.3758857250213623,14.872135162353516,-5.6425557136535645,15.607871055603027,-12.117563247680664,16.01219940185547,-16.564393997192383,16.577045440673828,12.896245002746582,21.586015701293945,4.486636161804199,22.381324768066406,0.6419069766998291,20.924774169921875,-7.913523197174072,16.943326950073242
F24DE44B-762C-4149-AC92-96A5E57ED118-1430816918-1.0-m-04-hu.wav,..\dataset\hungry\F24DE44B-762C-4149-AC92-96A5E57ED118-1430816918-1.0-m-04-hu.wav,hungry,hlad,chlapec,0–4 týdny,False,0,-453.6186218261719,108.05974578857422,57.806480407714844,27.05086326599121,-21.366840362548828,17.87544822692871,-12.313054084777832,12.772314071655273,-34.28282165527344,19.019811630249023,-39.65208435058594,14.764993667602539,-17.351404190063477,12.346179008483887,-16.54548454284668,9.427071571350098,-22.091426849365234,12.04457950592041,-2.1009767055511475,17.790950775146484,-2.4907402992248535,15.820572853088379,17.450891494750977,26.479095458984375,15.853948593139648,27.709962844848633
A123AD65-38D3-4A65-AB37-330034765840-1430093699-1.0-m-04-hu.wav,..\dataset\hungry\A123AD65-38D3-4A65-AB37-330034765840-1430093699-1.0-m-04-hu.wav,hungry,hlad,chlapec,0–4 týdny,False,0,-449.12615966796875,56.824188232421875,70.6717529296875,25.872291564941406,1.1974133253097534,22.830785751342773,23.033185958862305,13.79353141784668,-14.067824363708496,10.495626449584961,-3.0756964683532715,11.959258079528809,-15.552583694458008,10.357237815856934,-18.20291519165039,9.926807403564453,-15.702865600585938,8.705278396606445,-12.977883338928223,10.378863334655762,-12.02711296081543,9.995227813720703,-10.959256172180176,9.231922149658203,-13.387735366821289,8.122224807739258
1f40790f-68f2-4e7e-845e-715bd97c82d0-1429979568422-1.7-m-04-hu.wav,..\dataset\hungry\1f40790f-68f2-4e7e-845e-715bd97c82d0-1429979568422-1.7-m-04-hu.wav,hungry,hlad,chlapec,0–4 týdny,False,0,-346.6734924316406,125.63685607910156,40.97711181640625,29.69727325439453,-27.92103385925293,33.670501708984375,-13.940296173095703,23.192241668701172,-35.46144485473633,19.988298416137695,-7.459235191345215,19.52634048461914,-3.412961959838867,17.38589859008789,-11.808497428894043,16.0410099029541,1.9911071062088013,15.845613479614258,2.924121618270874,14.364956855773926,2.998530864715576,17.090795516967773,-2.652846097946167,16.622983932495117,-12.353433609008789,14.461030960083008
52dfc27a-fbc4-4d9f-bbcf-6406c919324a-1430041657947-1.7-m-26-hu.wav,..\dataset\hungry\52dfc27a-fbc4-4d9f-bbcf-6406c919324a-1430041657947-1.7-m-26-hu.wav,hungry,hlad,chlapec,2–6 měsíců,False,0,-412.39251708984375,150.6646728515625,-5.390911102294922,42.503929138183594,-45.083133697509766,35.56094741821289,-8.356175422668457,22.473037719726562,-32.36317443847656,18.648319244384766,4.146810531616211,14.5260009765625,-12.590859413146973,17.537012100219727,-0.3269124925136566,13.024215698242188,-12.304723739624023,16.068069458007812,-2.5813727378845215,13.937524795532227,-2.2148401737213135,16.97151756286621,9.144638061523438,22.70237159729004,6.404182434082031,23.503280639648438
3c51dedc-6e4c-47dd-a179-86a25e95f1ef-1430651019625-1.7-m-04-hu.wav,..\dataset\hungry\3c51dedc-6e4c-47dd-a179-86a25e95f1ef-1430651019625-1.7-m-04-hu.wav,hungry,hlad,chlapec,0–4 týdny,False,0,-353.8689270019531,124.26165008544922,43.67981719970703,55.16867446899414,-54.73518753051758,43.405921936035156,-3.5140724182128906,26.42171859741211,-12.092036247253418,21.01068115234375,-21.945222854614258,22.142248153686523,-12.530328750610352,17.289104461669922,-3.3971238136291504,13.58684253692627,-24.20171546936035,13.027685165405273,-3.852780818939209,13.42749309539795,8.693968772888184,22.792613983154297,30.536373138427734,36.03300094604492,3.780771017074585,23.731929779052734
999bf14b-e417-4b44-b746-9253f81efe38-1430845018393-1.7-m-26-ch.wav,..\dataset\discomfort\999bf14b-e417-4b44-b746-9253f81efe38-1430845018393-1.7-m-26-ch.wav,discomfort,nepohodlí,chlapec,2–6 měsíců,False,0,-551.0634765625,113.26346588134766,101.9638442993164,35.314205169677734,-47.20936584472656,30.621238708496094,12.734734535217285,17.788532257080078,-0.496926486492157,35.22598648071289,-15.34463882446289,14.785062789916992,-8.727413177490234,10.00869083404541,3.166752576828003,12.981245040893555,-5.990039825439453,11.16627025604248,-10.460047721862793,10.398362159729004,-10.401585578918457,10.83193588256836,-10.438416481018066,13.135854721069336,-6.70335578918457,17.37818717956543
999bf14b-e417-4b44-b746-9253f81efe38-1430845018393-1.7-m-26-ch.wav,..\dataset\discomfort\999bf14b-e417-4b44-b746-9253f81efe38-1430845018393-1.7-m-26-ch.wav,discomfort,nepohodlí,chlapec,2–6 měsíců,True,1,-345.8914794921875,32.0045166015625,14.310491561889648,21.47384262084961,-2.376739978790283,12.254772186279297,-5.641411304473877,13.20910358428955,-5.926188945770264,13.949891090393066,-6.960334777832031,13.169693946838379,-1.5891506671905518,7.539133548736572,0.4001656472682953,7.299558162689209,-0.7385591864585876,8.375020027160645,-2.0637660026550293,9.378697395324707,-3.1859121322631836,9.311134338378906,-2.0295627117156982,9.188937187194824,-1.011601209640503,13.215311050415039
999bf14b-e417-4b44-b746-9253f81efe38-1430845018393-1.7-m-26-ch.wav,..\dataset\discomfort\999bf14b-e417-4b44-b746-9253f81efe38-1430845018393-1.7-m-26-ch.wav,discomfort,nepohodlí,chlapec,2–6 měsíců,True,2,-332.0727844238281,28.783666610717773,12.287680625915527,19.734676361083984,-1.2348322868347168,12.172391891479492,-5.220685958862305,13.149005889892578,-6.250945091247559,13.564791679382324,-6.676494598388672,12.181841850280762,-1.3268694877624512,7.444950580596924,0.4784265458583832,7.604668140411377,-0.6691427230834961,8.532872200012207,-2.212357521057129,8.811753273010254,-2.852724552154541,8.831927299499512,-1.7591242790222168,9.067292213439941,-0.3245641589164734,12.429495811462402
8FDA58A7-FDC6-4421-855F-738E6E853E43-1429895742-1.0-m-26-hu.wav,..\dataset\hungry\8FDA58A7-FDC6-4421-855F-738E6E853E43-1429895742-1.0-m-26-hu.wav,hungry,hlad,chlapec,2–6 měsíců,False,0,-483.5514831542969,112.13935852050781,9.363834381103516,22.66573143005371,-40.244911193847656,28.89131736755371,3.146329402923584,14.634589195251465,-10.798113822937012,19.355106353759766,-12.693008422851562,17.12078857421875,4.854048728942871,12.834554672241211,-2.183269739151001,12.302669525146484,-14.707340240478516,11.367786407470703,-10.507707595825195,10.947652816772461,-10.639246940612793,11.89887523651123,3.459326982498169,14.78105354309082,4.030787944793701,21.453968048095703
643D64AD-B711-469A-AF69-55C0D5D3E30F-1430138524-1.0-m-72-bp.wav,..\dataset\belly_pain\643D64AD-B711-469A-AF69-55C0D5D3E30F-1430138524-1.0-m-72-bp.wav,belly_pain,bolest břicha,chlapec,7 měsíců–2 roky,False,0,-371.06982421875,59.52695846557617,40.415279388427734,19.51613426208496,-10.94031810760498,13.865745544433594,-18.878732681274414,13.830907821655273,-34.74042510986328,11.573372840881348,-24.64362907409668,13.460803031921387,-20.827491760253906,10.970686912536621,-14.267107009887695,9.828312873840332,-15.575745582580566,9.208922386169434,-10.926023483276367,11.553361892700195,-9.405086517333984,14.594802856445312,-2.6835718154907227,15.934493064880371,-5.162790775299072,14.212752342224121
643D64AD-B711-469A-AF69-55C0D5D3E30F-1430138524-1.0-m-72-bp.wav,..\dataset\belly_pain\643D64AD-B711-469A-AF69-55C0D5D3E30F-1430138524-1.0-m-72-bp.wav,belly_pain,bolest břicha,chlapec,7 měsíců–2 roky,True,1,-303.8546447753906,27.33719253540039,22.057493209838867,15.160099029541016,1.9767820835113525,10.640687942504883,-9.375090599060059,11.203202247619629,-15.873434066772461,12.497116088867188,-13.2028226852417,11.438949584960938,-8.776851654052734,10.298219680786133,-5.742109298706055,9.348421096801758,-4.160706043243408,9.009634971618652,-2.6630911827087402,10.253968238830566,-0.10184797644615173,12.063167572021484,3.0900888442993164,12.500774383544922,2.2250914573669434,11.235955238342285
643D64AD-B711-469A-AF69-55C0D5D3E30F-1430138524-1.0-m-72-bp.wav,..\dataset\belly_pain\643D64AD-B711-469A-AF69-55C0D5D3E30F-1430138524-1.0-m-72-bp.wav,belly_pain,bolest břicha,chlapec,7 měsíců–2 roky,True,2,-318.73431396484375,31.81993293762207,25.547937393188477,16.157535552978516,0.9621281027793884,11.244717597961426,-10.546662330627441,11.836282730102539,-18.550737380981445,12.660861015319824,-14.861637115478516,11.856474876403809,-10.428079605102539,10.36306095123291,-6.934044361114502,9.570035934448242,-4.864802360534668,8.92123794555664,-2.699019193649292,10.509146690368652,-0.5429200530052185,12.467131614685059,2.4908273220062256,13.169556617736816,1.7892602682113647,11.946447372436523
7616E8F4-B1A7-45A6-9A0C-C9BB2DE64FC3-1436868751-1.1-m-72-hu.wav,..\dataset\hungry\7616E8F4-B1A7-45A6-9A0C-C9BB2DE64FC3-1436868751-1.1-m-72-hu.wav,hungry,hlad,chlapec,7 měsíců–2 roky,False,0,-290.5138244628906,69.52485656738281,8.616951942443848,38.949581146240234,-25.964614868164062,25.958293914794922,-6.285216331481934,13.195548057556152,-10.46484375,12.102116584777832,-1.455369234085083,13.463395118713379,1.2457228899002075,14.673730850219727,-10.84801959991455,9.947311401367188,-9.075888633728027,13.30833911895752,-2.7290585041046143,19.84678077697754,-9.630846977233887,18.179759979248047,-1.635782241821289,19.15882682800293,0.347075492143631,17.995119094848633
323cab80-2551-4a46-8c3d-62c7a5264afa-1430382588301-1.7-m-22-hu.wav,..\dataset\hungry\323cab80-2551-4a46-8c3d-62c7a5264afa-1430382588301-1.7-m-22-hu.wav,hungry,hlad,chlapec,více než 2 roky,False,0,-290.6984558105469,75.11399841308594,-34.74754333496094,33.587886810302734,-66.28923797607422,25.12509536743164,-23.524707794189453,17.91261100769043,-10.9673433303833,17.4199275970459,4.91158390045166,13.079474449157715,-8.591163635253906,15.916096687316895,-9.004937171936035,12.378958702087402,-4.892948627471924,10.319717407226562,-4.786620616912842,14.363065719604492,-12.186042785644531,11.146958351135254,7.863461494445801,18.543100357055664,12.071763038635254,21.618362426757812
dc5429de-26b4-48e2-bc47-bc607b9bba06-1430741828918-1.7-f-72-hu.wav,..\dataset\hungry\dc5429de-26b4-48e2-bc47-bc607b9bba06-1430741828918-1.7-f-72-hu.wav,hungry,hlad,dívka,7 měsíců–2 roky,False,0,-548.06884765625,122.66378784179688,-12.25990104675293,39.69601058959961,-64.12174224853516,36.81935501098633,20.33478546142578,18.799280166625977,-15.576347351074219,17.264511108398438,-13.36557674407959,14.59495735168457,-0.8451685309410095,14.704034805297852,-1.5199631452560425,19.08182144165039,-1.8423032760620117,15.030516624450684,-8.915680885314941,14.755067825317383,0.09127429127693176,14.92602825164795,0.8897788524627686,18.339126586914062,-5.288215160369873,17.039640426635742
549a46d8-9c84-430e-ade8-97eae2bef787-1430130702316-1.7-m-48-hu.wav,..\dataset\hungry\549a46d8-9c84-430e-ade8-97eae2bef787-1430130702316-1.7-m-48-hu.wav,hungry,hlad,chlapec,4–8 týdnů,False,0,-550.9814453125,152.05580139160156,32.999759674072266,43.53056716918945,-51.55010223388672,31.398597717285156,4.877192974090576,17.22218894958496,-41.120174407958984,24.05592155456543,1.871493935585022,13.170251846313477,-14.706151008605957,17.563596725463867,1.1643307209014893,10.879938125610352,-15.606941223144531,15.166414260864258,-4.314900875091553,16.040983200073242,-4.093984127044678,17.255504608154297,9.575013160705566,21.78102684020996,26.211776733398438,28.027978897094727
3c51dedc-6e4c-47dd-a179-86a25e95f1ef-1430651049104-1.7-m-72-hu.wav,..\dataset\hungry\3c51dedc-6e4c-47dd-a179-86a25e95f1ef-1430651049104-1.7-m-72-hu.wav,hungry,hlad,chlapec,7 měsíců–2 roky,False,0,-391.6158142089844,122.59477996826172,67.58145904541016,46.64857482910156,-34.23712921142578,44.07110595703125,-5.258667469024658,28.223430633544922,-8.324949264526367,18.73731803894043,-19.92967414855957,29.096553802490234,-15.377039909362793,15.40916633605957,-1.790107011795044,17.214599609375,-19.533361434936523,16.606056213378906,-4.892538070678711,22.55959129333496,-3.624424695968628,25.602991104125977,15.588695526123047,26.74347686767578,7.772597312927246,33.51934814453125
1b381a1e-88a6-4a48-b889-a5ccdf0aacaf-1430299568333-1.7-f-72-hu.wav,..\dataset\hungry\1b381a1e-88a6-4a48-b889-a5ccdf0aacaf-1430299568333-1.7-f-72-hu.wav,hungry,hlad,dívka,7 měsíců–2 roky,False,0,-337.6443786621094,139.42230224609375,-9.234396934509277,52.83740997314453,-30.902671813964844,25.833669662475586,-18.599763870239258,22.619136810302734,-32.74394607543945,25.031036376953125,1.2591557502746582,14.622244834899902,-3.420413017272949,15.337753295898438,-1.7298825979232788,13.081758499145508,-5.202847957611084,13.950596809387207,-1.1817320585250854,13.296002388000488,-4.108805179595947,14.215709686279297,8.689153671264648,18.31524085998535,-1.091681718826294,15.090009689331055
837fd072-8704-4196-9ff1-1d2c07886e55-1432429478471-1.7-m-22-dc.wav,..\dataset\discomfort\837fd072-8704-4196-9ff1-1d2c07886e55-1432429478471-1.7-m-22-dc.wav,discomfort,nepohodlí,chlapec,více než 2 roky,False,0,-600.03564453125,83.68408966064453,92.99156951904297,21.62316131591797,11.850456237792969,14.656169891357422,3.9049620628356934,18.8563232421875,-25.751325607299805,14.65047836303711,9.981277465820312,10.49636173248291,-16.761388778686523,14.096782684326172,-2.800537347793579,10.752071380615234,-12.425871849060059,11.6561861038208,-4.520321369171143,11.334431648254395,-1.906050205230713,12.82385540008545,-1.0619479417800903,11.748969078063965,8.77113151550293,15.315205574035645
837fd072-8704-4196-9ff1-1d2c07886e55-1432429478471-1.7-m-22-dc.wav,..\dataset\discomfort\837fd072-8704-4196-9ff1-1d2c07886e55-1432429478471-1.7-m-22-dc.wav,discomfort,nepohodlí,chlapec,více než 2 roky,True,1,-358.788818359375,9.797640800476074,2.968473196029663,9.179789543151855,4.4597086906433105,8.405959129333496,-1.7948135137557983,7.706897735595703,-3.631638765335083,8.009187698364258,-3.580029010772705,7.698112487792969,-2.5991666316986084,7.097392559051514,-0.8742305040359497,7.305025577545166,-0.5234267115592957,7.483296871185303,0.10755948722362518,8.226645469665527,1.5315375328063965,7.976134777069092,1.7440589666366577,7.698022365570068,2.082970142364502,8.033822059631348
837fd072-8704-4196-9ff1-1d2c07886e55-1432429478471-1.7-m-22-dc.wav,..\dataset\discomfort\837fd072-8704-4196-9ff1-1d2c07886e55-1432429478471-1.7-m-22-dc.wav,discomfort,nepohodlí,chlapec,více než 2 roky,True,2,-346.4205627441406,9.41616439819336,3.0170133113861084,9.034553527832031,4.133414268493652,7.801724910736084,-0.795369565486908,7.660188674926758,-2.553044319152832,8.08825969696045,-2.937427520751953,7.959717273712158,-2.7094249725341797,6.789829254150391,-1.9641309976577759,7.148987770080566,-0.4775703549385071,7.17711067199707,0.29739779233932495,7.466153144836426,1.2596592903137207,7.713008403778076,1.300814151763916,7.6303510665893555,2.144375801086426,8.14130687713623
d79affbc-f7b4-4ef0-ae57-be5da4b827bf-1430761514476-1.7-m-72-hu.wav,..\dataset\hungry\d79affbc-f7b4-4ef0-ae57-be5da4b827bf-1430761514476-1.7-m-72-hu.wav,hungry,hlad,chlapec,7 měsíců–2 roky,False,0,-564.76318359375,96.48693084716797,61.44218063354492,30.55225372314453,-21.267038345336914,29.301237106323242,4.729465484619141,27.45364761352539,-37.32265853881836,20.913660049438477,9.355697631835938,20.32200050354004,-16.67840003967285,14.527109146118164,0.8681781888008118,14.491886138916016,-14.99012279510498,15.862196922302246,-6.818331718444824,16.062301635742188,-10.577492713928223,12.526047706604004,-5.5180439949035645,10.0999174118042,-11.222631454467773,11.703814506530762
d6cda191-4962-4308-9a36-46d5648a95ed-1431700390946-1.7-m-04-bp.wav,..\dataset\belly_pain\d6cda191-4962-4308-9a36-46d5648a95ed-1431700390946-1.7-m-04-bp.wav,belly_pain,bolest břicha,chlapec,0–4 týdny,False,0,-295.54791259765625,160.6816864013672,-57.100425720214844,30.316911697387695,-24.971277236938477,20.969619750976562,1.234771728515625,21.706743240356445,-24.932401657104492,20.239273071289062,14.159933090209961,12.38208293914795,-35.6328010559082,16.239044189453125,8.649226188659668,13.024452209472656,-6.895325183868408,13.186590194702148,-11.636544227600098,12.773651123046875,-2.280683755874634,10.845584869384766,3.0631210803985596,13.142909049987793,-1.8436594009399414,13.400389671325684
d6cda191-4962-4308-9a36-46d5648a95ed-1431700390946-1.7-m-04-bp.wav,..\dataset\belly_pain\d6cda191-4962-4308-9a36-46d5648a95ed-1431700390946-1.7-m-04-bp.wav,belly_pain,bolest břicha,chlapec,0–4 týdny,True,1,-234.26551818847656,71.34988403320312,-42.8034553527832,25.483308792114258,-15.167210578918457,16.28140640258789,5.809115886688232,17.67767906188965,-16.708057403564453,19.160974502563477,13.447915077209473,12.315878868103027,-27.11450958251953,17.164236068725586,8.176292419433594,12.665634155273438,-3.141902446746826,11.50881576538086,-9.67421817779541,11.767057418823242,0.5764335989952087,10.050607681274414,3.932276487350464,12.369060516357422,0.575218677520752,12.548495292663574
d6cda191-4962-4308-9a36-46d5648a95ed-1431700390946-1.7-m-04-bp.wav,..\dataset\belly_pain\d6cda191-4962-4308-9a36-46d5648a95ed-1431700390946-1.7-m-04-bp.wav,belly_pain,bolest břicha,chlapec,0–4 týdny,True,2,-233.31507873535156,71.0844497680664,-42.429466247558594,24.697187423706055,-14.934844970703125,15.448054313659668,6.213972568511963,18.196468353271484,-16.283245086669922,19.679786682128906,13.762823104858398,12.326800346374512,-26.6785888671875,17.303821563720703,8.648079872131348,12.880609512329102,-2.606389045715332,11.472735404968262,-9.30332088470459,11.88840389251709,0.810291588306427,10.261473655700684,4.168452739715576,12.215842247009277,0.3620798885822296,12.543652534484863
4cefc13c-e7c0-4b5a-bddb-c40c103e640a-1431583470764-1.7-f-26-hu.wav,..\dataset\hungry\4cefc13c-e7c0-4b5a-bddb-c40c103e640a-1431583470764-1.7-f-26-hu.wav,hungry,hlad,dívka,2–6 měsíců,False,0,-483.2413635253906,113.37525177001953,44.00576400756836,31.435136795043945,-17.17815589904785,32.273651123046875,-25.96987533569336,21.76691246032715,-29.172958374023438,16.559581756591797,-1.0372241735458374,21.204679489135742,-26.810916900634766,16.462989807128906,-8.486945152282715,13.452558517456055,-12.734254837036133,12.185227394104004,4.9667744636535645,21.015005111694336,4.907844543457031,18.522113800048828,-5.293181896209717,13.512343406677246,-9.170607566833496,18.291961669921875
DB95BF4A-E3E5-4429-A660-DBBCF486E6DF-1430664633-1.0-f-72-hu.wav,..\dataset\hungry\DB95BF4A-E3E5-4429-A660-DBBCF486E6DF-1430664633-1.0-f-72-hu.wav,hungry,hlad,dívka,7 měsíců–2 roky,False,0,-557.34814453125,79.13101959228516,46.826019287109375,23.260717391967773,-33.02418518066406,24.13410186767578,-8.342674255371094,20.675941467285156,-18.63160514831543,16.346769332885742,-30.664480209350586,14.83566951751709,-14.725005149841309,12.304693222045898,-8.442347526550293,15.296873092651367,-15.833187103271484,18.241168975830078,-0.881114661693573,19.19696617126465,-7.794149875640869,17.60749626159668,-10.618831634521484,15.489805221557617,-3.920790910720825,15.006135940551758
37105492-58b1-432e-a1ce-ea154425abab-1430744728397-1.7-f-26-hu.wav,..\dataset\hungry\37105492-58b1-432e-a1ce-ea154425abab-1430744728397-1.7-f-26-hu.wav,hungry,hlad,dívka,2–6 měsíců,False,0,-691.28564453125,126.44689178466797,30.374698638916016,24.45109748840332,-33.19215393066406,45.209407806396484,-6.039752006530762,16.221179962158203,3.147346019744873,17.10896110534668,3.1888341903686523,11.400956153869629,-12.51184368133545,15.012829780578613,-6.7101850509643555,8.846637725830078,-1.1536000967025757,11.367440223693848,1.8177248239517212,13.34225845336914,-4.124281883239746,8.839686393737793,-5.077513694763184,10.091389656066895,-4.217194557189941,12.062301635742188
376C006E-3664-4056-80D0-7661F631A062-1436930593-1.1-m-26-hu.wav,..\dataset\hungry\376C006E-3664-4056-80D0-7661F631A062-1436930593-1.1-m-26-hu.wav,hungry,hlad,chlapec,2–6 měsíců,False,0,-380.9599609375,108.91608428955078,26.34006118774414,32.785953521728516,-14.7557954788208,18.06133270263672,-6.947359085083008,17.871505737304688,-10.598910331726074,13.532480239868164,0.05108041688799858,15.364373207092285,-12.951631546020508,11.03785514831543,-5.2827582359313965,15.374687194824219,-15.59955883026123,12.731032371520996,-6.018377780914307,15.800932884216309,-9.744418144226074,18.19312286376953,-4.528790473937988,17.343278884887695,-13.386941909790039,13.257790565490723
b9d0daab-43c8-41f1-86af-3bcdea9af63c-1429979961789-1.7-f-22-hu.wav,..\dataset\hungry\b9d0daab-43c8-41f1-86af-3bcdea9af63c-1429979961789-1.7-f-22-hu.wav,hungry,hlad,dívka,více než 2 roky,False,0,-481.68731689453125,102.32573699951172,59.48134231567383,43.82733154296875,-22.114713668823242,44.52106475830078,-17.363449096679688,49.02666091918945,-27.725061416625977,34.88556671142578,-10.762079238891602,19.640304565429688,10.026162147521973,21.368507385253906,9.375311851501465,23.153684616088867,2.660916805267334,21.912250518798828,-4.1530961990356445,20.196779251098633,-26.57942008972168,16.8090763092041,-8.735339164733887,9.657974243164062,-9.511282920837402,11.87865161895752
cde108d0-62c3-47f8-82c4-233c9fba5cdd-1436884406827-1.7-m-48-hu.wav,..\dataset\hungry\cde108d0-62c3-47f8-82c4-233c9fba5cdd-1436884406827-1.7-m-48-hu.wav,hungry,hlad,chlapec,4–8 týdnů,False,0,-327.42657470703125,76.9995346069336,19.329818725585938,24.999778747558594,0.43504762649536133,33.895843505859375,22.848888397216797,17.720735549926758,-31.294679641723633,13.43791675567627,4.684741020202637,13.177274703979492,-30.944276809692383,13.48690128326416,-9.09792423248291,11.559083938598633,-17.482139587402344,11.151189804077148,-7.777464389801025,10.247886657714844,-12.514162063598633,11.85677719116211,-1.511837124824524,10.900764465332031,-5.642272472381592,13.69448184967041
1abb2260-a652-4ba7-bd98-7d463312730f-1430041727150-1.7-m-04-hu.wav,..\dataset\hungry\1abb2260-a652-4ba7-bd98-7d463312730f-1430041727150-1.7-m-04-hu.wav,hungry,hlad,chlapec,0–4 týdny,False,0,-371.6940002441406,129.71563720703125,49.53466033935547,34.9082145690918,-8.942926406860352,25.191905975341797,-5.620546817779541,20.26573371887207,-56.271915435791016,26.912351608276367,6.055563926696777,11.94831657409668,-45.16719055175781,18.636241912841797,-9.452914237976074,9.712140083312988,-25.278799057006836,14.316296577453613,-8.137472152709961,8.564970016479492,-19.96883773803711,13.074699401855469,-4.199094295501709,17.994991302490234,15.261398315429688,25.541961669921875
cecd525b-18fd-49e3-b2b9-dfb08b93ad95-1430109958636-1.7-m-26-hu.wav,..\dataset\hungry\cecd525b-18fd-49e3-b2b9-dfb08b93ad95-1430109958636-1.7-m-26-hu.wav,hungry,hlad,chlapec,2–6 měsíců,False,0,-440.38128662109375,95.29711151123047,65.9534683227539,24.72903823852539,12.201528549194336,18.363794326782227,11.298513412475586,19.073368072509766,-11.3311185836792,15.975208282470703,20.427751541137695,11.532608985900879,-10.347330093383789,10.895716667175293,10.47774887084961,12.570292472839355,-4.216635227203369,9.054414749145508,0.37249669432640076,8.765595436096191,-7.083470821380615,8.976794242858887,-12.781521797180176,9.886954307556152,-10.444741249084473,9.437662124633789
665BDF6D-2897-49F9-8AD0-978B3B2A0468-1430530218-1.0-m-26-dc.wav,..\dataset\discomfort\665BDF6D-2897-49F9-8AD0-978B3B2A0468-1430530218-1.0-m-26-dc.wav,discomfort,nepohodlí,chlapec,2–6 měsíců,False,0,-550.4525146484375,107.42918395996094,43.691131591796875,25.344175338745117,-19.249284744262695,26.84520721435547,-6.06803560256958,15.885112762451172,-24.397214889526367,15.577570915222168,-1.4453755617141724,12.535496711730957,-10.609745025634766,13.119646072387695,-10.339399337768555,10.884173393249512,-13.904767990112305,11.57342529296875,-11.875767707824707,9.63372802734375,-12.952857971191406,10.10886287689209,-11.675602912902832,8.041420936584473,-14.05189323425293,8.943012237548828
665BDF6D-2897-49F9-8AD0-978B3B2A0468-1430530218-1.0-m-26-dc.wav,..\dataset\discomfort\665BDF6D-2897-49F9-8AD0-978B3B2A0468-1430530218-1.0-m-26-dc.wav,discomfort,nepohodlí,chlapec,2–6 měsíců,True,1,-365.72283935546875,19.69984245300293,2.794179677963257,10.383475303649902,-1.4123830795288086,12.97829532623291,-3.3355724811553955,9.936066627502441,-3.059007406234741,8.922164916992188,-1.1836187839508057,7.905498504638672,1.6689218282699585,9.142358779907227,-0.3252990245819092,8.025010108947754,-2.509625196456909,8.557188987731934,-1.3618462085723877,7.807999134063721,-1.2062486410140991,7.991024971008301,-2.171644449234009,7.319507122039795,-1.3761110305786133,7.505397319793701
665BDF6D-2897-49F9-8AD0-978B3B2A0468-1430530218-1.0-m-26-dc.wav,..\dataset\discomfort\665BDF6D-2897-49F9-8AD0-978B3B2A0468-1430530218-1.0-m-26-dc.wav,discomfort,nepohodlí,chlapec,2–6 měsíců,True,2,-354.908935546875,17.171735763549805,1.7396736145019531,10.043416023254395,-1.4671378135681152,11.818278312683105,-3.0256428718566895,9.884805679321289,-2.082869291305542,8.66612720489502,-0.8841918706893921,7.675065517425537,1.132423758506775,8.699782371520996,-0.2952616214752197,7.8829731941223145,-2.004284381866455,8.478915214538574,-1.440871238708496,7.499223709106445,-1.201780080795288,7.698170185089111,-2.002251148223877,7.473516941070557,-1.1079226732254028,7.2033796310424805
24f94b49-c8bc-4ed2-b43a-80b099f12936-1430534429690-1.7-m-04-hu.wav,..\dataset\hungry\24f94b49-c8bc-4ed2-b43a-80b099f12936-1430534429690-1.7-m-04-hu.wav,hungry,hlad,chlapec,0–4 týdny,False,0,-317.4902038574219,120.8724365234375,63.55514907836914,38.13429641723633,-26.989635467529297,23.430240631103516,17.504793167114258,14.48646354675293,-14.177371978759766,15.259963035583496,11.994848251342773,12.103081703186035,-16.01565933227539,10.92663860321045,-5.5629658699035645,10.394978523254395,-17.086454391479492,10.170940399169922,-1.3355071544647217,11.181938171386719,-8.153862953186035,13.386507987976074,1.8062032461166382,12.93521499633789,-15.469596862792969,13.112919807434082
1309B82C-F146-46F0-A723-45345AFA6EA8-1430704008-1.0-f-48-dc.wav,..\dataset\discomfort\1309B82C-F146-46F0-A723-45345AFA6EA8-1430704008-1.0-f-48-dc.wav,discomfort,nepohodlí,dívka,4–8 týdnů,False,0,-463.66729736328125,135.18626403808594,25.031299591064453,41.808197021484375,-10.65918254852295,16.494722366333008,-9.946208000183105,14.554689407348633,-23.498567581176758,14.137076377868652,-4.3747076988220215,17.184104919433594,-14.425115585327148,12.76734447479248,-11.605937957763672,10.060401916503906,-13.777972221374512,10.978004455566406,-7.436237812042236,10.015460014343262,-13.388290405273438,10.352685928344727,-0.2758217751979828,18.037443161010742,-1.1418161392211914,20.280189514160156
1309B82C-F146-46F0-A723-45345AFA6EA8-1430704008-1.0-f-48-dc.wav,..\dataset\discomfort\1309B82C-F146-46F0-A723-45345AFA6EA8-1430704008-1.0-f-48-dc.wav,discomfort,nepohodlí,dívka,4–8 týdnů,True,1,-321.64263916015625,44.61423110961914,-4.012096405029297,16.510421752929688,-0.7707383632659912,9.891814231872559,-4.044859886169434,9.611087799072266,-4.595129013061523,8.840559959411621,0.09901870042085648,10.719467163085938,-3.3014094829559326,8.971564292907715,-1.9542732238769531,8.11197280883789,-2.5812110900878906,8.708815574645996,-1.614465594291687,8.094478607177734,-3.3148350715637207,9.988859176635742,4.4210100173950195,14.165797233581543,5.63313102722168,14.067562103271484
1309B82C-F146-46F0-A723-45345AFA6EA8-1430704008-1.0-f-48-dc.wav,..\dataset\discomfort\1309B82C-F146-46F0-A723-45345AFA6EA8-1430704008-1.0-f-48-dc.wav,discomfort,nepohodlí,dívka,4–8 týdnů,True,2,-326.6106872558594,46.85761260986328,-3.3040897846221924,16.777009963989258,-0.6946110725402832,10.367273330688477,-4.171348571777344,9.299448013305664,-5.340941905975342,9.237549781799316,-0.7486893534660339,10.475325584411621,-4.162280559539795,9.037123680114746,-2.8848676681518555,8.363323211669922,-2.7186379432678223,8.330046653747559,-0.8682138919830322,8.160093307495117,-2.9364824295043945,9.963445663452148,4.16051721572876,14.017276763916016,5.10506534576416,14.271711349487305
39180491-e076-4300-b5de-24e812dca6fe-1435708371348-1.7-f-04-hu.wav,..\dataset\hungry\39180491-e076-4300-b5de-24e812dca6fe-1435708371348-1.7-f-04-hu.wav,hungry,hlad,dívka,0–4 týdny,False,0,-476.7474670410156,148.5458526611328,22.688980102539062,39.38285827636719,-14.653925895690918,19.326345443725586,-14.028247833251953,18.89286231994629,-25.353038787841797,25.572723388671875,-2.756974697113037,15.390604972839355,-20.33078956604004,18.983842849731445,-4.643310070037842,11.242246627807617,-13.189035415649414,12.968672752380371,-7.6145405769348145,11.754364013671875,-6.863467693328857,17.289836883544922,5.972160339355469,18.99399757385254,3.2504589557647705,21.340572357177734
e1e640e2-78cb-4cb7-9ccc-93813bfc251c-1430738640598-1.7-m-72-hu.wav,..\dataset\hungry\e1e640e2-78cb-4cb7-9ccc-93813bfc251c-1430738640598-1.7-m-72-hu.wav,hungry,hlad,chlapec,7 měsíců–2 roky,False,0,-418.95233154296875,108.02450561523438,18.853302001953125,30.235532760620117,-17.765296936035156,18.72617530822754,-9.595846176147461,19.758621215820312,-40.61360549926758,23.165998458862305,-12.942622184753418,13.095789909362793,-15.081323623657227,12.205772399902344,-7.0768656730651855,13.991777420043945,-4.264338970184326,11.794005393981934,-2.284579277038574,12.36283016204834,5.277945518493652,17.55198097229004,-6.313451290130615,15.86755084991455,-2.7866814136505127,11.94114875793457
40a4c760-facf-4911-b0a6-22eccc3ab18d-1430477691332-1.7-f-26-hu.wav,..\dataset\hungry\40a4c760-facf-4911-b0a6-22eccc3ab18d-1430477691332-1.7-f-26-hu.wav,hungry,hlad,dívka,2–6 měsíců,False,0,-260.80377197265625,117.02511596679688,40.11732864379883,62.19858169555664,4.087041854858398,29.709171295166016,-14.62932300567627,25.45343589782715,-1.022344946861267,17.73068618774414,-3.9708821773529053,20.17824363708496,-16.422426223754883,15.826371192932129,-10.93454647064209,13.054555892944336,-13.23169994354248,14.121833801269531,-6.994877338409424,11.88651180267334,-8.205102920532227,10.240693092346191,-5.948424816131592,11.964943885803223,-10.247239112854004,10.38007640838623
F3BAEDDA-CDC0-4A65-90EE-5C372CEE4F3B-1437012059-1.1-m-26-hu.wav,..\dataset\hungry\F3BAEDDA-CDC0-4A65-90EE-5C372CEE4F3B-1437012059-1.1-m-26-hu.wav,hungry,hlad,chlapec,2–6 měsíců,False,0,-346.93646240234375,100.19064331054688,21.575071334838867,41.613243103027344,-7.461681365966797,13.281880378723145,9.26852035522461,13.196229934692383,-18.231613159179688,11.87542724609375,-2.693356990814209,8.511275291442871,-7.73331880569458,12.405600547790527,-10.605859756469727,12.219626426696777,-12.873564720153809,11.473140716552734,3.9284169673919678,17.85572624206543,1.2135932445526123,17.424392700195312,4.337308406829834,17.95294952392578,-13.633118629455566,17.512359619140625
743E7CCA-D32B-40B6-9541-9808122D3F6B-1436860011-1.1-f-26-hu.wav,..\dataset\hungry\743E7CCA-D32B-40B6-9541-9808122D3F6B-1436860011-1.1-f-26-hu.wav,hungry,hlad,dívka,2–6 měsíců,False,0,-275.03265380859375,99.23149871826172,-11.465950965881348,24.04945945739746,-12.429524421691895,14.614289283752441,4.311185836791992,16.062646865844727,-8.792590141296387,15.017902374267578,-8.944847106933594,11.279172897338867,-16.717239379882812,16.155738830566406,-9.57172966003418,11.876703262329102,-8.734148979187012,11.857478141784668,1.3909293413162231,9.974919319152832,0.7589424848556519,14.027594566345215,15.86937141418457,23.1302547454834,15.886237144470215,17.803579330444336
69BDA5D6-0276-4462-9BF7-951799563728-1436936185-1.1-m-26-bp.wav,..\dataset\belly_pain\69BDA5D6-0276-4462-9BF7-951799563728-1436936185-1.1-m-26-bp.wav,belly_pain,bolest břicha,chlapec,2–6 měsíců,False,0,-322.866943359375,123.86266326904297,35.20655822753906,37.58501434326172,-27.238933563232422,22.603605270385742,-32.79220962524414,17.984243392944336,-22.22713851928711,16.006650924682617,-12.339941024780273,14.856377601623535,-4.014203071594238,12.176751136779785,-6.218377113342285,10.998064041137695,-12.368535041809082,10.869918823242188,-11.67103385925293,12.892369270324707,-15.27143669128418,14.804603576660156,-2.223294973373413,17.40589141845703,8.933486938476562,27.195310592651367
69BDA5D6-0276-4462-9BF7-951799563728-1436936185-1.1-m-26-bp.wav,..\dataset\belly_pain\69BDA5D6-0276-4462-9BF7-951799563728-1436936185-1.1-m-26-bp.wav,belly_pain,bolest břicha,chlapec,2–6 měsíců,True,1,-255.73626708984375,58.98141098022461,15.602790832519531,21.725017547607422,-15.717015266418457,14.366695404052734,-21.538259506225586,16.214067459106445,-13.976998329162598,12.665539741516113,-7.228569984436035,11.18358039855957,-0.4051539897918701,9.505057334899902,-1.256376028060913,10.251360893249512,-5.743776798248291,9.823840141296387,-6.538257122039795,12.520718574523926,-10.046609878540039,15.281292915344238,-0.1832779496908188,15.94682502746582,11.493537902832031,23.74542808532715
69BDA5D6-0276-4462-9BF7-951799563728-1436936185-1.1-m-26-bp.wav,..\dataset\belly_pain\69BDA5D6-0276-4462-9BF7-951799563728-1436936185-1.1-m-26-bp.wav,belly_pain,bolest břicha,chlapec,2–6 měsíců,True,2,-270.489013671875,68.65067291259766,17.75301742553711,23.842674255371094,-17.63724136352539,16.323095321655273,-23.92180061340332,16.91438865661621,-15.642744064331055,13.932609558105469,-7.62252950668335,12.618010520935059,-0.6770650148391724,9.683403015136719,-2.426142692565918,10.162757873535156,-6.638875484466553,10.238927841186523,-7.511641502380371,12.204951286315918,-10.747668266296387,15.285599708557129,-0.38423869013786316,15.761775970458984,11.718667984008789,24.452226638793945
d6cda191-4962-4308-9a36-46d5648a95ed-1431616581736-1.7-m-04-ti.wav,..\dataset\tired\d6cda191-4962-4308-9a36-46d5648a95ed-1431616581736-1.7-m-04-ti.wav,tired,únava,chlapec,0–4 týdny,False,0,-398.24072265625,162.00521850585938,-20.55561637878418,35.804359436035156,-30.282001495361328,23.105131149291992,-21.167152404785156,21.695898056030273,-28.369722366333008,20.21012306213379,13.187639236450195,15.397421836853027,-26.979164123535156,14.213833808898926,5.161377906799316,13.243139266967773,-7.923972129821777,12.206664085388184,-8.37073802947998,12.994958877563477,-7.642667293548584,12.368393898010254,3.47696852684021,16.19755744934082,0.5100838541984558,18.60128402709961
d6cda191-4962-4308-9a36-46d5648a95ed-1431616581736-1.7-m-04-ti.wav,..\dataset\tired\d6cda191-4962-4308-9a36-46d5648a95ed-1431616581736-1.7-m-04-ti.wav,tired,únava,chlapec,0–4 týdny,True,1,-282.8009033203125,49.95547103881836,-13.18315315246582,20.125022888183594,-12.633257865905762,13.869625091552734,-8.969805717468262,14.264453887939453,-9.57092571258545,15.26445484161377,7.074494361877441,11.1921968460083,-9.478528022766113,12.441781997680664,4.2585272789001465,12.118186950683594,-1.2909460067749023,9.211432456970215,-5.906742572784424,10.767647743225098,-1.5379034280776978,10.436580657958984,3.3030776977539062,13.477615356445312,2.1785807609558105,15.149073600769043
d6cda191-4962-4308-9a36-46d5648a95ed-1431616581736-1.7-m-04-ti.wav,..\dataset\tired\d6cda191-4962-4308-9a36-46d5648a95ed-1431616581736-1.7-m-04-ti.wav,tired,únava,chlapec,0–4 týdny,True,2,-284.6065979003906,51.517704010009766,-13.71334457397461,19.600143432617188,-12.473054885864258,14.144392967224121,-8.702737808227539,14.351274490356445,-10.456149101257324,15.053752899169922,6.490786075592041,11.265501022338867,-10.159064292907715,12.309942245483398,3.774536609649658,12.019414901733398,-1.3420826196670532,9.853501319885254,-6.059152603149414,10.424696922302246,-1.2556939125061035,10.87507438659668,2.946063995361328,13.378430366516113,2.1957409381866455,14.814441680908203
0F4B1065-4012-47C8-88B7-ACE11B1A536E-1430038775-1.0-m-04-hu.wav,..\dataset\hungry\0F4B1065-4012-47C8-88B7-ACE11B1A536E-1430038775-1.0-m-04-hu.wav,hungry,hlad,chlapec,0–4 týdny,False,0,-284.90081787109375,115.06035614013672,20.612302780151367,36.14620590209961,-16.01043701171875,17.12024688720703,-16.48811912536621,15.327133178710938,-12.181453704833984,14.984736442565918,1.9468895196914673,13.953696250915527,-15.559301376342773,13.358592987060547,-7.895817279815674,12.544784545898438,-16.419593811035156,9.918314933776855,-0.2858738601207733,15.347652435302734,-6.2415771484375,18.13139533996582,-0.32558101415634155,18.896135330200195,-0.22645846009254456,26.229848861694336
D54D9C2A-56ED-4338-9D1F-2ADB4E081DAD-1430036301-1.0-m-48-hu.wav,..\dataset\hungry\D54D9C2A-56ED-4338-9D1F-2ADB4E081DAD-1430036301-1.0-m-48-hu.wav,hungry,hlad,chlapec,4–8 týdnů,False,0,-449.2757568359375,148.08717346191406,10.404382705688477,31.695411682128906,-47.63552474975586,35.42607498168945,-0.373046875,17.947725296020508,-26.285785675048828,17.240821838378906,8.29324722290039,14.306246757507324,-0.9119674563407898,13.732396125793457,-5.073931694030762,11.911057472229004,-6.522919178009033,13.77425765991211,-7.43692684173584,15.947176933288574,-11.56165885925293,16.169727325439453,-0.9917080402374268,18.836620330810547,-4.050293445587158,21.71327781677246
2a0e6a88-b049-4f46-a3d6-d73ffae470d5-1430770161530-1.7-m-04-hu.wav,..\dataset\hungry\2a0e6a88-b049-4f46-a3d6-d73ffae470d5-1430770161530-1.7-m-04-hu.wav,hungry,hlad,chlapec,0–4 týdny,False,0,-375.8231201171875,136.9109344482422,42.442108154296875,41.4743766784668,-28.517976760864258,27.103464126586914,-5.898200035095215,20.072948455810547,-23.102516174316406,24.545259475708008,-5.224754810333252,16.70326042175293,-4.110774517059326,15.067099571228027,-13.53635025024414,13.061301231384277,-16.801145553588867,12.609068870544434,-11.521746635437012,11.145305633544922,-8.061976432800293,15.389049530029297,2.897714376449585,22.768163681030273,4.582718372344971,23.189777374267578
b4c460d8-bd6b-4017-9bb8-2ae4ff0c5af1-1430418266487-1.7-f-26-ti.wav,..\dataset\tired\b4c460d8-bd6b-4017-9bb8-2ae4ff0c5af1-1430418266487-1.7-f-26-ti.wav,tired,únava,dívka,2–6 měsíců,False,0,-314.901123046875,85.5822982788086,90.84712982177734,51.14630889892578,-16.74785041809082,31.819032669067383,-32.00650405883789,26.421186447143555,-35.364994049072266,23.412166595458984,-25.849475860595703,16.528318405151367,-14.987873077392578,17.526395797729492,-15.981402397155762,16.284343719482422,-17.317115783691406,18.112367630004883,-4.561252593994141,15.726734161376953,-10.824671745300293,17.858787536621094,5.330477714538574,21.0396671295166,14.221406936645508,27.633193969726562
b4c460d8-bd6b-4017-9bb8-2ae4ff0c5af1-1430418266487-1.7-f-26-ti.wav,..\dataset\tired\b4c460d8-bd6b-4017-9bb8-2ae4ff0c5af1-1430418266487-1.7-f-26-ti.wav,tired,únava,dívka,2–6 měsíců,True,1,-259.95928955078125,46.62830352783203,56.86525344848633,37.383056640625,-6.4712443351745605,26.212068557739258,-25.537078857421875,20.392230987548828,-29.807716369628906,18.039051055908203,-22.884416580200195,14.976181983947754,-12.529559135437012,15.794548034667969,-13.770537376403809,13.595415115356445,-11.138900756835938,15.278709411621094,-5.383581638336182,14.9105224609375,-5.9456400871276855,15.953422546386719,5.955639362335205,19.518686294555664,16.261741638183594,25.674259185791016
b4c460d8-bd6b-4017-9bb8-2ae4ff0c5af1-1430418266487-1.7-f-26-ti.wav,..\dataset\tired\b4c460d8-bd6b-4017-9bb8-2ae4ff0c5af1-1430418266487-1.7-f-26-ti.wav,tired,únava,dívka,2–6 měsíců,True,2,-257.4461364746094,45.36863327026367,55.34062957763672,36.78773880004883,-6.0088348388671875,25.980436325073242,-25.67259979248047,20.364492416381836,-29.503742218017578,18.06078338623047,-22.475767135620117,14.986140251159668,-13.32597541809082,15.923137664794922,-13.921672821044922,13.512079238891602,-11.04073715209961,14.714428901672363,-5.383421421051025,14.419543266296387,-5.92722749710083,15.40434455871582,5.726600646972656,20.247840881347656,15.733125686645508,25.736865997314453
9641D2D5-7D9F-41B2-8345-229AE9555FEC-1430022546-1.0-m-72-hu.wav,..\dataset\hungry\9641D2D5-7D9F-41B2-8345-229AE9555FEC-1430022546-1.0-m-72-hu.wav,hungry,hlad,chlapec,7 měsíců–2 roky,False,0,-417.17230224609375,17.969921112060547,50.1689567565918,16.919389724731445,-18.284032821655273,10.242278099060059,-11.9266939163208,8.855223655700684,-46.35956954956055,11.62732982635498,-24.28425407409668,10.70855712890625,-27.128047943115234,10.171955108642578,-22.292102813720703,10.165658950805664,-16.01508140563965,8.902255058288574,-5.72542142868042,10.375520706176758,0.7779399752616882,12.9607515335083,10.82211685180664,14.249221801757812,10.275994300842285,11.478053092956543
090C15A8-5406-4EA5-97A3-81F6527227C0-1430147582-1.0-m-72-hu.wav,..\dataset\hungry\090C15A8-5406-4EA5-97A3-81F6527227C0-1430147582-1.0-m-72-hu.wav,hungry,hlad,chlapec,7 měsíců–2 roky,False,0,-488.3072509765625,89.31880187988281,46.69710159301758,20.841657638549805,-28.924053192138672,22.546220779418945,-10.942856788635254,14.618643760681152,-28.279104232788086,15.773256301879883,-32.267520904541016,12.456902503967285,-14.999438285827637,11.474726676940918,-6.09520149230957,17.0343074798584,-15.383461952209473,15.784446716308594,-3.7634928226470947,15.736919403076172,-24.825469970703125,11.62707805633545,-5.928201675415039,14.151752471923828,-6.085063934326172,19.38775062561035
be21ef2a-a415-4e8b-bfe6-731bf9956e2c-1431320909516-1.7-f-26-hu.wav,..\dataset\hungry\be21ef2a-a415-4e8b-bfe6-731bf9956e2c-1431320909516-1.7-f-26-hu.wav,hungry,hlad,dívka,2–6 měsíců,False,0,-424.2954406738281,151.0159149169922,10.105626106262207,45.168155670166016,-38.063114166259766,39.09892654418945,-1.4423719644546509,17.12415313720703,-25.119211196899414,22.30263900756836,13.249261856079102,16.830202102661133,-17.557706832885742,13.820943832397461,-11.498584747314453,13.338529586791992,-10.854819297790527,10.954473495483398,-9.395489692687988,12.79452896118164,7.574872970581055,20.24369239807129,7.7736382484436035,25.271957397460938,-4.327290058135986,20.099794387817383
643D64AD-B711-469A-AF69-55C0D5D3E30F-1430138536-1.0-m-72-bp.wav,..\dataset\belly_pain\643D64AD-B711-469A-AF69-55C0D5D3E30F-1430138536-1.0-m-72-bp.wav,belly_pain,bolest břicha,chlapec,7 měsíců–2 roky,False,0,-455.08917236328125,103.21248626708984,15.920719146728516,28.92163848876953,-19.084781646728516,19.329147338867188,-20.180191040039062,20.411720275878906,-23.655609130859375,12.982274055480957,-7.893441677093506,14.981393814086914,-15.93773078918457,10.692205429077148,-4.738001823425293,16.232271194458008,-15.596062660217285,13.238627433776855,-9.29621410369873,13.068594932556152,-9.115829467773438,14.178221702575684,-4.2082695960998535,15.776402473449707,-1.801512598991394,18.040817260742188
643D64AD-B711-469A-AF69-55C0D5D3E30F-1430138536-1.0-m-72-bp.wav,..\dataset\belly_pain\643D64AD-B711-469A-AF69-55C0D5D3E30F-1430138536-1.0-m-72-bp.wav,belly_pain,bolest břicha,chlapec,7 měsíců–2 roky,True,1,-322.916015625,35.70960235595703,0.624791145324707,12.340566635131836,-5.147952556610107,15.005743980407715,-7.267762184143066,12.379655838012695,-5.840003967285156,11.00973129272461,-0.522882878780365,9.51473617553711,-2.985826253890991,8.57516098022461,1.0052251815795898,10.54483699798584,-2.9247260093688965,10.307806968688965,-1.7804780006408691,9.642857551574707,-0.5123170614242554,11.168095588684082,0.8080189228057861,11.637707710266113,3.0613579750061035,11.464488983154297
643D64AD-B711-469A-AF69-55C0D5D3E30F-1430138536-1.0-m-72-bp.wav,..\dataset\belly_pain\643D64AD-B711-469A-AF69-55C0D5D3E30F-1430138536-1.0-m-72-bp.wav,belly_pain,bolest břicha,chlapec,7 měsíců–2 roky,True,2,-343.3021240234375,42.47467803955078,1.1466699838638306,13.797428131103516,-5.943911075592041,15.892219543457031,-8.206792831420898,13.395479202270508,-7.349361419677734,10.965261459350586,-0.7396005988121033,9.717211723327637,-3.5520761013031006,9.27341079711914,0.474797785282135,11.142449378967285,-3.75212025642395,11.449834823608398,-2.7909798622131348,9.919833183288574,-0.697990894317627,11.003536224365234,0.588228166103363,12.199651718139648,2.6483817100524902,12.877779006958008
aaa57dbd-7b88-454a-963e-6faa2f4ed4e7-1437166513710-1.7-f-04-hu.wav,..\dataset\hungry\aaa57dbd-7b88-454a-963e-6faa2f4ed4e7-1437166513710-1.7-f-04-hu.wav,hungry,hlad,dívka,0–4 týdny,False,0,-484.4127197265625,149.1028289794922,1.291060209274292,63.23568344116211,-25.70586585998535,29.418964385986328,-11.886394500732422,25.15791893005371,-16.951021194458008,20.51006317138672,-11.379643440246582,18.25408935546875,-9.330409049987793,18.236093521118164,-3.1478071212768555,11.827982902526855,-17.179109573364258,16.22010612487793,2.3928871154785156,13.020027160644531,-6.000569820404053,15.131195068359375,7.1925458908081055,16.96201515197754,2.1689035892486572,19.379894256591797
549a46d8-9c84-430e-ade8-97eae2bef787-1430130669340-1.7-m-48-hu.wav,..\dataset\hungry\549a46d8-9c84-430e-ade8-97eae2bef787-1430130669340-1.7-m-48-hu.wav,hungry,hlad,chlapec,4–8 týdnů,False,0,-808.6707153320312,115.42232513427734,30.398195266723633,22.71319007873535,-5.7086567878723145,29.807710647583008,-6.0897216796875,14.327902793884277,-20.8400936126709,18.94775390625,0.42632028460502625,13.167296409606934,-14.763834953308105,10.685051918029785,-5.431481838226318,9.297399520874023,-7.113566875457764,11.306522369384766,-4.512524127960205,11.049015998840332,-2.158574104309082,10.031143188476562,2.368398427963257,14.903639793395996,6.139329433441162,18.88065528869629
aaa57dbd-7b88-454a-963e-6faa2f4ed4e7-1436982075169-1.7-f-04-hu.wav,..\dataset\hungry\aaa57dbd-7b88-454a-963e-6faa2f4ed4e7-1436982075169-1.7-f-04-hu.wav,hungry,hlad,dívka,0–4 týdny,False,0,-618.9107666015625,142.85531616210938,47.158103942871094,30.85618782043457,-33.95968246459961,37.16940689086914,-3.8619425296783447,21.8259220123291,-14.680732727050781,16.9671573638916,-1.4018059968948364,17.25506591796875,-12.245906829833984,17.943866729736328,0.3015104830265045,11.684250831604004,-2.2896060943603516,11.783950805664062,-0.060134146362543106,10.27375316619873,-4.500753879547119,10.46939468383789,-6.908316135406494,9.776850700378418,-5.687808036804199,10.130895614624023
4CD5903D-E2CE-401E-B898-D873C763F44B-1430727644-1.0-m-26-hu.wav,..\dataset\hungry\4CD5903D-E2CE-401E-B898-D873C763F44B-1430727644-1.0-m-26-hu.wav,hungry,hlad,chlapec,2–6 měsíců,False,0,-544.5198974609375,126.46369934082031,31.442163467407227,32.01976013183594,-23.09477996826172,27.23378562927246,-6.514489650726318,16.143465042114258,5.098429203033447,14.59768295288086,-8.706438064575195,12.40013313293457,-17.089008331298828,12.752307891845703,-8.680991172790527,14.068094253540039,-9.839991569519043,15.760161399841309,-4.780064582824707,13.445779800415039,-10.729421615600586,12.832361221313477,-2.8814268112182617,12.767953872680664,-3.7078232765197754,17.551504135131836
67414C5E-0EB2-48FD-8391-FCF085FDB6D9-1430050964-1.0-m-04-hu.wav,..\dataset\hungry\67414C5E-0EB2-48FD-8391-FCF085FDB6D9-1430050964-1.0-m-04-hu.wav,hungry,hlad,chlapec,0–4 týdny,False,0,-398.93603515625,105.98344421386719,33.793487548828125,29.909259796142578,-21.794387817382812,27.61850357055664,2.3904237747192383,16.667078018188477,-18.91368293762207,13.333145141601562,-9.347273826599121,20.43836784362793,-15.516408920288086,16.07940673828125,-20.355060577392578,12.380084037780762,-14.301325798034668,13.458871841430664,-5.922232151031494,17.24869155883789,6.751546859741211,25.164958953857422,9.711723327636719,24.33522605895996,-6.181722640991211,18.816694259643555
bb2bdafb-0477-4be4-8c41-1a6192e8c6d4-1430637663087-1.7-m-72-hu.wav,..\dataset\hungry\bb2bdafb-0477-4be4-8c41-1a6192e8c6d4-1430637663087-1.7-m-72-hu.wav,hungry,hlad,chlapec,7 měsíců–2 roky,False,0,-390.06103515625,128.7625274658203,47.790611267089844,27.529178619384766,-6.605050086975098,20.734882354736328,-7.376959323883057,23.075931549072266,-25.671796798706055,20.92445945739746,-26.98672866821289,20.080533981323242,-5.814772129058838,15.475727081298828,-13.052834510803223,14.598108291625977,-11.63226318359375,12.516144752502441,-3.9857451915740967,10.653882026672363,-9.936504364013672,14.367365837097168,-5.327662467956543,12.006951332092285,-3.400557041168213,13.56174373626709
F24DE44B-762C-4149-AC92-96A5E57ED118-1430816949-1.0-m-04-bu.wav,..\dataset\burping\F24DE44B-762C-4149-AC92-96A5E57ED118-1430816949-1.0-m-04-bu.wav,burping,říhání,chlapec,0–4 týdny,False,0,-458.08746337890625,97.09777069091797,74.05250549316406,27.960548400878906,-5.646494388580322,18.022899627685547,-24.308746337890625,18.70077896118164,-28.72372817993164,19.247509002685547,-27.413211822509766,16.58242416381836,-20.396621704101562,11.636308670043945,-20.929643630981445,11.431975364685059,-20.300636291503906,11.735577583312988,-5.6547417640686035,13.337358474731445,-9.104025840759277,15.37315559387207,5.196310997009277,21.701797485351562,11.131823539733887,26.685094833374023
F24DE44B-762C-4149-AC92-96A5E57ED118-1430816949-1.0-m-04-bu.wav,..\dataset\burping\F24DE44B-762C-4149-AC92-96A5E57ED118-1430816949-1.0-m-04-bu.wav,burping,říhání,chlapec,0–4 týdny,True,1,-324.68438720703125,32.43717575073242,25.444684982299805,20.185684204101562,4.268805503845215,10.670207977294922,-11.263118743896484,12.447551727294922,-17.724855422973633,14.979475021362305,-16.366012573242188,12.631749153137207,-11.99887752532959,10.362292289733887,-11.042984008789062,10.234940528869629,-9.46998405456543,9.724798202514648,-3.4907493591308594,11.260283470153809,-0.0692315548658371,12.793437957763672,9.194973945617676,16.409469604492188,14.017158508300781,18.273900985717773
F24DE44B-762C-4149-AC92-96A5E57ED118-1430816949-1.0-m-04-bu.wav,..\dataset\burping\F24DE44B-762C-4149-AC92-96A5E57ED118-1430816949-1.0-m-04-bu.wav,burping,říhání,chlapec,0–4 týdny,True,2,-322.6877136230469,31.25691032409668,25.576396942138672,19.93045997619629,4.089686393737793,10.471220016479492,-11.958367347717285,12.12442398071289,-17.13286781311035,15.10030460357666,-16.001060485839844,13.236600875854492,-11.611065864562988,10.593897819519043,-10.404934883117676,10.402268409729004,-9.339176177978516,9.762921333312988,-4.1529412269592285,11.143157958984375,0.24395237863063812,13.226874351501465,9.34066390991211,16.135929107666016,14.234734535217285,18.517675399780273
50DC5FBC-AC95-44F2-B55F-E4E5FB03AC96-1430007668-1.0-m-26-hu.wav,..\dataset\hungry\50DC5FBC-AC95-44F2-B55F-E4E5FB03AC96-1430007668-1.0-m-26-hu.wav,hungry,hlad,chlapec,2–6 měsíců,False,0,-424.8621520996094,120.83417510986328,4.513607501983643,29.578365325927734,-34.1545295715332,23.120214462280273,-7.243561267852783,20.820369720458984,-27.91761016845703,19.74110984802246,-3.4416184425354004,14.285277366638184,-6.597441673278809,14.429534912109375,-9.511327743530273,14.160709381103516,-16.457176208496094,15.550043106079102,1.010080099105835,19.940061569213867,4.771356105804443,25.624900817871094,2.181079864501953,21.202600479125977,-5.455844879150391,20.473712921142578
602b06a7-31f0-4370-b35a-9cc81d205958-1430907796431-1.7-f-72-hu.wav,..\dataset\hungry\602b06a7-31f0-4370-b35a-9cc81d205958-1430907796431-1.7-f-72-hu.wav,hungry,hlad,dívka,7 měsíců–2 roky,False,0,-515.0368041992188,102.58467102050781,51.36175537109375,26.9088077545166,-23.80484962463379,30.1272029876709,-3.4197700023651123,21.001873016357422,-27.122007369995117,14.63471508026123,-9.418407440185547,10.081925392150879,-16.077110290527344,10.858716011047363,-14.547530174255371,10.002018928527832,-14.672847747802734,10.295511245727539,-5.80586051940918,9.890042304992676,-15.874601364135742,12.231635093688965,-0.24504031240940094,13.791947364807129,-5.20881986618042,18.441768646240234
10A40438-09AA-4A21-83B4-8119F03F7A11-1430848101-1.0-f-26-hu.wav,..\dataset\hungry\10A40438-09AA-4A21-83B4-8119F03F7A11-1430848101-1.0-f-26-hu.wav,hungry,hlad,dívka,2–6 měsíců,False,0,-309.8852844238281,128.8452606201172,-3.9636290073394775,40.02272415161133,-6.223250865936279,20.992462158203125,-21.39236068725586,21.39899253845215,-22.614273071289062,19.715682983398438,-1.876121997833252,14.258376121520996,-9.637901306152344,15.944217681884766,-6.5281782150268555,13.639164924621582,-5.547072410583496,18.670740127563477,3.3266615867614746,20.12095832824707,-1.4771939516067505,20.171367645263672,-2.2512550354003906,19.31993865966797,-4.460565567016602,19.400117874145508
999bf14b-e417-4b44-b746-9253f81efe38-1430845035663-1.7-m-26-ch.wav,..\dataset\discomfort\999bf14b-e417-4b44-b746-9253f81efe38-1430845035663-1.7-m-26-ch.wav,discomfort,nepohodlí,chlapec,2–6 měsíců,False,0,-454.2838439941406,102.46654510498047,118.60992431640625,36.54387664794922,-56.78156661987305,28.13800048828125,1.5544898509979248,14.396977424621582,-37.04215621948242,22.74510955810547,-23.83738136291504,16.62776756286621,-2.287536382675171,10.713501930236816,-7.295656681060791,12.182976722717285,-3.244664192199707,12.947935104370117,-5.01557731628418,12.30172061920166,-15.838190078735352,12.144197463989258,-3.4774458408355713,12.900060653686523,-0.40261557698249817,20.615188598632812
999bf14b-e417-4b44-b746-9253f81efe38-1430845035663-1.7-m-26-ch.wav,..\dataset\discomfort\999bf14b-e417-4b44-b746-9253f81efe38-1430845035663-1.7-m-26-ch.wav,discomfort,nepohodlí,chlapec,2–6 měsíců,True,1,-306.7676696777344,31.74020004272461,30.371721267700195,22.6717472076416,-4.318235874176025,12.003528594970703,-14.574191093444824,14.504589080810547,-18.206058502197266,16.04878044128418,-15.088212013244629,11.686652183532715,-1.9207998514175415,6.873733997344971,-0.26092302799224854,8.188455581665039,-0.5555793046951294,9.959242820739746,-1.6820703744888306,10.922661781311035,-5.73049783706665,10.244202613830566,-2.953266143798828,11.141043663024902,2.648348093032837,16.701976776123047
999bf14b-e417-4b44-b746-9253f81efe38-1430845035663-1.7-m-26-ch.wav,..\dataset\discomfort\999bf14b-e417-4b44-b746-9253f81efe38-1430845035663-1.7-m-26-ch.wav,discomfort,nepohodlí,chlapec,2–6 měsíců,True,2,-317.9003601074219,34.17869567871094,33.944244384765625,23.984451293945312,-5.285926818847656,13.625823974609375,-15.516534805297852,14.542598724365234,-19.772863388061523,16.2633113861084,-15.833970069885254,12.303304672241211,-2.2160260677337646,7.443592071533203,-0.352255642414093,9.163620948791504,-1.1276633739471436,10.356640815734863,-3.2193360328674316,11.481637954711914,-6.837207317352295,10.287382125854492,-2.396256685256958,11.43482780456543,3.1534154415130615,17.246566772460938
C421C6FE-DFEE-4080-8AEA-848E7CE4756B-1430548393-1.0-f-26-ti.wav,..\dataset\tired\C421C6FE-DFEE-4080-8AEA-848E7CE4756B-1430548393-1.0-f-26-ti.wav,tired,únava,dívka,2–6 měsíců,False,0,-381.48046875,70.46475219726562,41.858253479003906,33.80068588256836,-35.31435775756836,24.5456485748291,-21.13589096069336,20.75899887084961,-14.202392578125,16.668867111206055,-11.87460994720459,15.7814359664917,-18.870847702026367,13.280436515808105,-11.542716979980469,13.688454627990723,-21.161882400512695,13.878360748291016,-9.877535820007324,13.846535682678223,-6.870112895965576,19.494022369384766,-0.5016252994537354,17.216846466064453,-2.5165464878082275,25.28207015991211
C421C6FE-DFEE-4080-8AEA-848E7CE4756B-1430548393-1.0-f-26-ti.wav,..\dataset\tired\C421C6FE-DFEE-4080-8AEA-848E7CE4756B-1430548393-1.0-f-26-ti.wav,tired,únava,dívka,2–6 měsíců,True,1,-307.9830017089844,31.881486892700195,18.15258026123047,18.172266006469727,-13.067283630371094,18.175161361694336,-12.015836715698242,13.71456527709961,-5.809240341186523,10.492341995239258,-4.535054683685303,11.207338333129883,-5.176398754119873,9.830921173095703,-5.967555999755859,10.076729774475098,-8.335587501525879,10.18942928314209,-4.183061599731445,11.619765281677246,0.45615628361701965,15.563350677490234,2.432547092437744,13.839871406555176,1.8251228332519531,18.114013671875
C421C6FE-DFEE-4080-8AEA-848E7CE4756B-1430548393-1.0-f-26-ti.wav,..\dataset\tired\C421C6FE-DFEE-4080-8AEA-848E7CE4756B-1430548393-1.0-f-26-ti.wav,tired,únava,dívka,2–6 měsíců,True,2,-304.5002746582031,31.173839569091797,17.067792892456055,18.466838836669922,-12.527873039245605,17.938800811767578,-11.255046844482422,12.972894668579102,-4.73240327835083,10.56440544128418,-4.778308868408203,10.380963325500488,-5.373777389526367,9.589167594909668,-5.733323097229004,10.248601913452148,-8.119634628295898,10.358321189880371,-4.345299243927002,11.502768516540527,0.47611021995544434,15.026154518127441,2.1466622352600098,13.541155815124512,1.9559153318405151,17.728294372558594
999bf14b-e417-4b44-b746-9253f81efe38-1431013054417-1.7-m-26-hu.wav,..\dataset\hungry\999bf14b-e417-4b44-b746-9253f81efe38-1431013054417-1.7-m-26-hu.wav,hungry,hlad,chlapec,2–6 měsíců,False,0,-452.9468994140625,110.22422790527344,92.41643524169922,43.48423767089844,-51.426544189453125,29.261335372924805,-10.074251174926758,22.648290634155273,-38.18450927734375,22.61255645751953,-2.611900806427002,16.11698341369629,-15.822144508361816,14.520889282226562,-5.2115678787231445,10.865516662597656,-13.447013854980469,12.683205604553223,-17.034204483032227,14.53551197052002,-9.00549030303955,14.071337699890137,-6.8108811378479,17.81073570251465,1.9409115314483643,23.873567581176758
7A864194-4B6B-4850-ABBF-0C2A8170107B-1436846870-1.1-f-26-hu.wav,..\dataset\hungry\7A864194-4B6B-4850-ABBF-0C2A8170107B-1436846870-1.1-f-26-hu.wav,hungry,hlad,dívka,2–6 měsíců,False,0,-358.0690612792969,104.30480194091797,15.736835479736328,33.94938659667969,-32.389671325683594,26.295324325561523,-5.37034797668457,17.32851219177246,-13.358609199523926,21.157955169677734,-6.822967529296875,12.02267074584961,-13.164793968200684,13.558114051818848,-12.805183410644531,13.680505752563477,-3.9975996017456055,20.625730514526367,5.429744720458984,20.659908294677734,-6.9812822341918945,19.06749153137207,-7.482698440551758,18.31629180908203,-3.7072203159332275,20.216856002807617
6d922623-8424-4625-be4c-4964e0c9e25c-1434898452774-1.7-m-04-hu.wav,..\dataset\hungry\6d922623-8424-4625-be4c-4964e0c9e25c-1434898452774-1.7-m-04-hu.wav,hungry,hlad,chlapec,0–4 týdny,False,0,-431.5023193359375,83.02703857421875,115.85236358642578,34.17636489868164,3.5440890789031982,25.974822998046875,-17.404712677001953,20.806730270385742,-20.68828773498535,14.946435928344727,-12.11116886138916,13.850920677185059,-11.223804473876953,12.9027099609375,-17.352401733398438,12.842325210571289,-15.744833946228027,12.464742660522461,-11.204079627990723,11.728033065795898,-11.580707550048828,10.7069673538208,-5.600153923034668,11.426834106445312,-11.559873580932617,10.11051082611084
FF2CD2F6-404D-4626-8718-6E6C751F63B8-1431104360-1.0-m-04-hu.wav,..\dataset\hungry\FF2CD2F6-404D-4626-8718-6E6C751F63B8-1431104360-1.0-m-04-hu.wav,hungry,hlad,chlapec,0–4 týdny,False,0,-383.17279052734375,89.37699127197266,44.018680572509766,23.212793350219727,-34.59175109863281,23.550518035888672,-17.789947509765625,14.528130531311035,-31.73468780517578,13.910438537597656,-17.474584579467773,16.908517837524414,-6.252411365509033,13.590523719787598,-16.062482833862305,16.570293426513672,-19.452817916870117,16.772445678710938,-14.383649826049805,14.251180648803711,-4.370693206787109,20.946054458618164,8.345943450927734,25.986669540405273,8.714704513549805,23.953872680664062
d6cda191-4962-4308-9a36-46d5648a95ed-1430640304482-1.7-m-04-hu.wav,..\dataset\hungry\d6cda191-4962-4308-9a36-46d5648a95ed-1430640304482-1.7-m-04-hu.wav,hungry,hlad,chlapec,0–4 týdny,False,0,-423.3511962890625,153.6300811767578,-23.670921325683594,26.250980377197266,-54.525177001953125,27.06844711303711,-15.79073715209961,20.282440185546875,-1.7831240892410278,16.97635841369629,3.134956121444702,15.457232475280762,-22.04950714111328,14.201050758361816,-0.8120831251144409,15.3353271484375,-13.5026216506958,12.808274269104004,0.0551125705242157,12.70747184753418,3.2026402950286865,19.162464141845703,5.447013854980469,16.456518173217773,-4.4171295166015625,19.646915435791016
8f5c01dc-6826-4076-a831-027ad61afdaf-1435873509176-1.7-f-26-hu.wav,..\dataset\hungry\8f5c01dc-6826-4076-a831-027ad61afdaf-1435873509176-1.7-f-26-hu.wav,hungry,hlad,dívka,2–6 měsíců,False,0,-446.27728271484375,111.40570068359375,-19.812288284301758,58.20386505126953,-31.237472534179688,38.08624267578125,-6.129342079162598,28.776283264160156,-7.779174327850342,20.74737548828125,-14.76657485961914,20.816194534301758,-0.2966141402721405,17.873342514038086,-2.304072856903076,16.1095027923584,-2.4508118629455566,17.096010208129883,2.165428876876831,19.478330612182617,-11.460912704467773,19.163368225097656,3.727757453918457,17.32754135131836,-7.290713787078857,15.488828659057617
B2A105BB-347B-4878-A735-AA4ECF32CD16-1436864116-1.1-m-26-hu.wav,..\dataset\hungry\B2A105BB-347B-4878-A735-AA4ECF32CD16-1436864116-1.1-m-26-hu.wav,hungry,hlad,chlapec,2–6 měsíců,False,0,-274.33807373046875,65.42904663085938,-14.419169425964355,28.169267654418945,-20.1269588470459,18.8884334564209,-1.3318616151809692,13.115561485290527,-18.43195915222168,14.984124183654785,12.481103897094727,11.089244842529297,-16.203266143798828,13.504345893859863,-3.3082141876220703,14.099164009094238,-6.228450775146484,13.694844245910645,1.7040327787399292,18.758079528808594,-4.213414192199707,20.80238151550293,4.57893705368042,19.873878479003906,-8.967231750488281,19.249488830566406
79FF400A-97E2-4701-987D-C7C850D5523C-1430089487-1.0-f-48-ti.wav,..\dataset\tired\79FF400A-97E2-4701-987D-C7C850D5523C-1430089487-1.0-f-48-ti.wav,tired,únava,dívka,4–8 týdnů,False,0,-459.4735107421875,139.24053955078125,9.424822807312012,52.057491302490234,-6.554677963256836,31.882413864135742,-1.7408111095428467,19.768571853637695,-11.327934265136719,14.759443283081055,-2.856025218963623,16.72153091430664,-15.444761276245117,15.956001281738281,-15.078893661499023,14.300908088684082,-8.780003547668457,15.870318412780762,-4.696176528930664,16.418420791625977,-3.6062099933624268,15.577929496765137,1.2216160297393799,16.92015838623047,-6.190972328186035,13.055932998657227
79FF400A-97E2-4701-987D-C7C850D5523C-1430089487-1.0-f-48-ti.wav,..\dataset\tired\79FF400A-97E2-4701-987D-C7C850D5523C-1430089487-1.0-f-48-ti.wav,tired,únava,dívka,4–8 týdnů,True,1,-331.7749328613281,46.407989501953125,-12.505845069885254,22.41905403137207,-2.138644218444824,14.9419584274292,0.5959221720695496,13.795475959777832,-5.485584735870361,12.780698776245117,2.63189697265625,12.158854484558105,-4.573012351989746,12.431235313415527,-4.4987616539001465,10.443868637084961,-0.298555850982666,11.531323432922363,0.8468828797340393,11.676361083984375,1.9110130071640015,11.566591262817383,2.698868751525879,12.985628128051758,-2.232207775115967,10.807214736938477
79FF400A-97E2-4701-987D-C7C850D5523C-1430089487-1.0-f-48-ti.wav,..\dataset\tired\79FF400A-97E2-4701-987D-C7C850D5523C-1430089487-1.0-f-48-ti.wav,tired,únava,dívka,4–8 týdnů,True,2,-334.6575012207031,48.169403076171875,-12.402182579040527,22.437089920043945,-2.3395676612854004,15.1888427734375,0.2728210389614105,13.677788734436035,-5.4340362548828125,13.394853591918945,2.8955140113830566,12.108912467956543,-4.636603355407715,12.271835327148438,-5.166783332824707,10.641828536987305,-0.9388792514801025,11.960023880004883,1.427253246307373,12.131000518798828,1.93210768699646,11.574600219726562,2.7642767429351807,13.406513214111328,-1.6040617227554321,10.547966003417969
602b06a7-31f0-4370-b35a-9cc81d205958-1430739585531-1.7-m-04-hu.wav,..\dataset\hungry\602b06a7-31f0-4370-b35a-9cc81d205958-1430739585531-1.7-m-04-hu.wav,hungry,hlad,chlapec,0–4 týdny,False,0,-362.1643981933594,109.52031707763672,79.61754608154297,23.093229293823242,-28.06546974182129,33.182247161865234,-7.522408485412598,14.612003326416016,-35.706478118896484,16.306875228881836,-9.58578872680664,14.095062255859375,-25.645299911499023,13.027765274047852,-5.121252059936523,12.67589282989502,-19.161087036132812,9.20937728881836,-6.448761940002441,10.740059852600098,-10.412096977233887,15.346147537231445,-1.949302315711975,14.496517181396484,-10.012311935424805,15.63198184967041
1259bcad-2308-46fa-9a36-b5d8f359886a-1430143668806-1.7-f-04-hu.wav,..\dataset\hungry\1259bcad-2308-46fa-9a36-b5d8f359886a-1430143668806-1.7-f-04-hu.wav,hungry,hlad,dívka,0–4 týdny,False,0,-433.6890563964844,115.40774536132812,75.32975006103516,40.47965621948242,-54.95475387573242,38.03410339355469,-25.49736785888672,29.157899856567383,-21.289270401000977,20.449430465698242,11.4179105758667,21.176822662353516,-22.913423538208008,17.04395294189453,-12.264596939086914,13.256547927856445,-19.29865837097168,15.06937026977539,8.642579078674316,17.065134048461914,6.530611038208008,19.907506942749023,0.5273167490959167,16.250469207763672,-16.59369659423828,13.115230560302734
e37c323c-0edb-4942-be47-3cc0b2de00a1-1434392919844-1.7-f-26-hu.wav,..\dataset\hungry\e37c323c-0edb-4942-be47-3cc0b2de00a1-1434392919844-1.7-f-26-hu.wav,hungry,hlad,dívka,2–6 měsíců,False,0,-553.925537109375,101.34841918945312,50.653011322021484,35.235713958740234,-11.327425956726074,25.184677124023438,-6.015164375305176,23.416908264160156,-28.395753860473633,24.346588134765625,7.887664794921875,12.877306938171387,-10.066771507263184,14.9784517288208,-2.6023340225219727,13.383666038513184,-10.885279655456543,11.686285018920898,-6.768394947052002,11.090121269226074,-14.229679107666016,13.141707420349121,-4.154853820800781,14.491581916809082,-0.2471354454755783,16.149263381958008
177dc72e-d0f8-47ef-a5a7-3b46878e11a0-1430736358754-1.7-f-26-hu.wav,..\dataset\hungry\177dc72e-d0f8-47ef-a5a7-3b46878e11a0-1430736358754-1.7-f-26-hu.wav,hungry,hlad,dívka,2–6 měsíců,False,0,-401.88775634765625,129.9604034423828,36.254512786865234,28.16697883605957,-55.65320587158203,39.8552360534668,-9.571176528930664,16.144954681396484,-35.842384338378906,18.307506561279297,0.8239935636520386,14.648514747619629,-14.557369232177734,13.314403533935547,-10.556870460510254,13.189759254455566,-9.561738967895508,13.578431129455566,-1.0260961055755615,14.936013221740723,-0.5977254509925842,19.543922424316406,9.880385398864746,23.05550765991211,-2.911879777908325,17.662363052368164
e0717ce2-da25-417c-89a5-58d7175f4a6d-1436966513203-1.7-m-26-hu.wav,..\dataset\hungry\e0717ce2-da25-417c-89a5-58d7175f4a6d-1436966513203-1.7-m-26-hu.wav,hungry,hlad,chlapec,2–6 měsíců,False,0,-474.8771057128906,176.8192596435547,12.620329856872559,55.882301330566406,-24.933534622192383,24.58525276184082,-3.2496070861816406,17.560306549072266,-21.98307991027832,17.04051971435547,4.904182434082031,11.57469367980957,-15.958003997802734,11.312238693237305,-2.4792540073394775,8.562610626220703,-11.535961151123047,9.27409553527832,-2.361320734024048,7.821061134338379,-10.627479553222656,8.516401290893555,0.2971179783344269,8.796981811523438,-6.349222183227539,9.305335998535156
8b1faa77-e3ac-48af-bf2a-58aadebefcba-1436798541805-1.7-m-04-hu.wav,..\dataset\hungry\8b1faa77-e3ac-48af-bf2a-58aadebefcba-1436798541805-1.7-m-04-hu.wav,hungry,hlad,chlapec,0–4 týdny,False,0,-596.8175659179688,108.34432220458984,25.34855842590332,23.927927017211914,-4.457610607147217,26.789592742919922,-3.9500274658203125,17.832447052001953,2.9721755981445312,12.304567337036133,9.983479499816895,11.735610961914062,-8.606772422790527,14.285587310791016,-2.8216052055358887,7.411900043487549,-5.491582870483398,10.16663646697998,-0.05315883457660675,7.740138053894043,-6.647288799285889,10.404206275939941,-4.795088291168213,7.1404595375061035,-2.3227531909942627,12.33090877532959
3030d0e9-0c9b-4616-9b83-f10dc2dedbfd-1430053456045-1.7-m-26-hu.wav,..\dataset\hungry\3030d0e9-0c9b-4616-9b83-f10dc2dedbfd-1430053456045-1.7-m-26-hu.wav,hungry,hlad,chlapec,2–6 měsíců,False,0,-455.965576171875,141.368896484375,93.63801574707031,38.500450134277344,-25.393892288208008,33.72331619262695,-6.228738307952881,19.829452514648438,-19.69186019897461,16.272098541259766,1.9683818817138672,15.382588386535645,-13.50876522064209,13.50401496887207,-11.28656005859375,15.388839721679688,-16.166866302490234,11.945792198181152,-10.198158264160156,10.177278518676758,-9.156209945678711,10.837361335754395,-5.863626956939697,9.515898704528809,-3.7736122608184814,14.090678215026855
1f40790f-68f2-4e7e-845e-715bd97c82d0-1429979603276-1.7-m-72-hu.wav,..\dataset\hungry\1f40790f-68f2-4e7e-845e-715bd97c82d0-1429979603276-1.7-m-72-hu.wav,hungry,hlad,chlapec,7 měsíců–2 roky,False,0,-498.4255676269531,109.369873046875,32.48972702026367,30.56578826904297,8.333672523498535,22.806581497192383,-7.501351356506348,16.925655364990234,-2.9764461517333984,14.295186042785645,-9.212603569030762,14.354080200195312,-9.681812286376953,11.542625427246094,-11.102154731750488,12.342509269714355,-7.09729528427124,11.84555435180664,-5.307452201843262,10.783010482788086,-9.8052978515625,10.858077049255371,-6.09924840927124,10.20294189453125,-8.433269500732422,10.887996673583984
771fa0cc-4535-471b-9cec-d26deff8d567-1429803644891-1.7-m-04-hu.wav,..\dataset\hungry\771fa0cc-4535-471b-9cec-d26deff8d567-1429803644891-1.7-m-04-hu.wav,hungry,hlad,chlapec,0–4 týdny,False,0,-360.64910888671875,127.74320983886719,28.518938064575195,29.136157989501953,-40.22346878051758,20.6962890625,-6.380241394042969,18.63552474975586,-37.2691535949707,22.97015380859375,-4.849157810211182,11.426395416259766,-0.7302682995796204,11.188719749450684,-2.090857744216919,9.907491683959961,-27.072542190551758,11.864041328430176,8.268827438354492,10.180167198181152,-15.614541053771973,14.043633460998535,-20.023164749145508,14.746249198913574,4.525238037109375,14.928337097167969
70d30513-0ec3-49e4-9976-e85785e85c2d-1431033390358-1.7-m-04-hu.wav,..\dataset\hungry\70d30513-0ec3-49e4-9976-e85785e85c2d-1431033390358-1.7-m-04-hu.wav,hungry,hlad,chlapec,0–4 týdny,False,0,-528.263427734375,211.309326171875,7.123864650726318,25.18626594543457,-12.35067081451416,27.551481246948242,-13.839015007019043,23.635488510131836,-11.081253051757812,17.489925384521484,-0.1877809762954712,9.415321350097656,-10.953922271728516,13.830037117004395,0.6245223879814148,12.901037216186523,-7.442869663238525,13.657234191894531,3.5970160961151123,13.834294319152832,-2.2270352840423584,14.058380126953125,2.55737566947937,15.764557838439941,-3.6521048545837402,15.326297760009766
64acb345-a61e-4ef3-a5a6-cf83c04b83f1-1430058973897-1.7-m-72-hu.wav,..\dataset\hungry\64acb345-a61e-4ef3-a5a6-cf83c04b83f1-1430058973897-1.7-m-72-hu.wav,hungry,hlad,chlapec,7 měsíců–2 roky,False,0,-362.74432373046875,106.38301086425781,33.263240814208984,19.316932678222656,-21.897329330444336,20.651498794555664,-15.792649269104004,30.808685302734375,-27.970903396606445,19.853456497192383,-7.241281986236572,14.612003326416016,-14.88969898223877,15.153836250305176,0.5290924310684204,17.558177947998047,-0.801950216293335,15.551650047302246,2.710902452468872,17.914194107055664,-10.269930839538574,13.643021583557129,-10.68139934539795,14.161354064941406,-12.193727493286133,10.398816108703613
c10e2b0f-0cb8-4485-b82f-d453edf97db7-1430738986076-1.7-f-26-hu.wav,..\dataset\hungry\c10e2b0f-0cb8-4485-b82f-d453edf97db7-1430738986076-1.7-f-26-hu.wav,hungry,hlad,dívka,2–6 měsíců,False,0,-697.1244506835938,156.72203063964844,51.699302673339844,36.085811614990234,-26.449419021606445,45.792842864990234,16.85786247253418,23.11083221435547,-20.583545684814453,18.837158203125,-8.347220420837402,13.95458984375,-13.846784591674805,13.741886138916016,-12.407658576965332,11.225748062133789,-11.217403411865234,12.085184097290039,-6.939781665802002,11.451398849487305,-3.082165241241455,12.812887191772461,-4.3166046142578125,14.996898651123047,-6.058324813842773,12.740431785583496
f896b69d-6241-4b51-9c45-0d628bc827c1-1430090400166-1.7-m-72-hu.wav,..\dataset\hungry\f896b69d-6241-4b51-9c45-0d628bc827c1-1430090400166-1.7-m-72-hu.wav,hungry,hlad,chlapec,7 měsíců–2 roky,False,0,-500.3494873046875,105.43431091308594,34.27356719970703,57.34324264526367,-22.291013717651367,42.854583740234375,16.168792724609375,24.840513229370117,-10.262001991271973,27.419591903686523,-13.978384971618652,19.247617721557617,-18.948684692382812,23.211320877075195,5.964181900024414,27.54962921142578,-8.468632698059082,24.310884475708008,0.5291697382926941,20.35858154296875,-8.447029113769531,13.522391319274902,-11.04516887664795,15.104300498962402,-10.962571144104004,14.367594718933105
3030d0e9-0c9b-4616-9b83-f10dc2dedbfd-1430326171876-1.7-m-26-hu.wav,..\dataset\hungry\3030d0e9-0c9b-4616-9b83-f10dc2dedbfd-1430326171876-1.7-m-26-hu.wav,hungry,hlad,chlapec,2–6 měsíců,False,0,-526.0199584960938,148.904296875,13.376838684082031,31.05746841430664,-7.326681137084961,25.535362243652344,-4.036538124084473,16.48822593688965,-34.564125061035156,21.927791595458984,12.354307174682617,15.29568862915039,-25.22559356689453,15.999310493469238,1.6205260753631592,10.326668739318848,-7.371511459350586,12.081441879272461,-8.333174705505371,12.350309371948242,-4.371061325073242,10.739500999450684,-0.9900043606758118,17.19198989868164,2.6125354766845703,17.641572952270508
549a46d8-9c84-430e-ade8-97eae2bef787-1430130772174-1.7-m-48-bp.wav,..\dataset\belly_pain\549a46d8-9c84-430e-ade8-97eae2bef787-1430130772174-1.7-m-48-bp.wav,belly_pain,bolest břicha,chlapec,4–8 týdnů,False,0,-603.4698486328125,170.61802673339844,29.081409454345703,52.59184265136719,-35.14353942871094,38.822078704833984,-1.1577891111373901,14.055615425109863,-27.936494827270508,21.537233352661133,2.9964852333068848,11.408971786499023,-16.72911262512207,21.085132598876953,0.7059414982795715,11.601128578186035,-8.900908470153809,11.530367851257324,-9.43399429321289,9.171182632446289,-7.2334208488464355,10.51287841796875,6.617824077606201,16.897844314575195,16.37843132019043,24.46975326538086
549a46d8-9c84-430e-ade8-97eae2bef787-1430130772174-1.7-m-48-bp.wav,..\dataset\belly_pain\549a46d8-9c84-430e-ade8-97eae2bef787-1430130772174-1.7-m-48-bp.wav,belly_pain,bolest břicha,chlapec,4–8 týdnů,True,1,-347.8428039550781,26.695045471191406,-4.403894901275635,13.561779022216797,-6.255074501037598,12.441123962402344,-2.150714635848999,9.983451843261719,-4.408265113830566,8.539971351623535,0.31796520948410034,7.973127365112305,-4.5956854820251465,11.82368278503418,2.634819984436035,8.307051658630371,-1.8987046480178833,8.2070951461792,-4.871275901794434,8.96615982055664,-2.23539400100708,8.615842819213867,2.815248489379883,10.822632789611816,8.762394905090332,14.754729270935059
549a46d8-9c84-430e-ade8-97eae2bef787-1430130772174-1.7-m-48-bp.wav,..\dataset\belly_pain\549a46d8-9c84-430e-ade8-97eae2bef787-1430130772174-1.7-m-48-bp.wav,belly_pain,bolest břicha,chlapec,4–8 týdnů,True,2,-339.0704650878906,25.637805938720703,-4.038352012634277,12.246349334716797,-5.371960163116455,11.738560676574707,-1.8014867305755615,9.952359199523926,-3.740673780441284,8.172741889953613,0.3495626747608185,7.577355861663818,-4.681302070617676,10.986828804016113,2.280203342437744,8.381487846374512,-1.7918440103530884,7.302541255950928,-4.416155815124512,8.605039596557617,-2.268472194671631,8.554105758666992,2.9077372550964355,11.22101879119873,8.013161659240723,14.881782531738281
8f4dbf5a-b504-4452-b6ac-94e646a6a052-1430727792958-1.7-f-72-hu.wav,..\dataset\hungry\8f4dbf5a-b504-4452-b6ac-94e646a6a052-1430727792958-1.7-f-72-hu.wav,hungry,hlad,dívka,7 měsíců–2 roky,False,0,-570.4385986328125,92.78836822509766,69.25096893310547,31.566757202148438,-6.5274553298950195,23.181108474731445,-6.226415634155273,16.15509605407715,-10.531915664672852,14.1865816116333,-16.7402286529541,15.836446762084961,-15.262802124023438,11.839630126953125,-1.6719543933868408,11.26256275177002,-15.213961601257324,12.395196914672852,-3.200847625732422,10.06500244140625,-8.327330589294434,9.833773612976074,-3.337024211883545,9.67851734161377,-9.720573425292969,12.593935012817383
4be720ce-a5e5-4a48-930f-a212f8a239f6-1434737668804-1.7-f-48-hu.wav,..\dataset\hungry\4be720ce-a5e5-4a48-930f-a212f8a239f6-1434737668804-1.7-f-48-hu.wav,hungry,hlad,dívka,4–8 týdnů,False,0,-610.7218017578125,126.13172149658203,49.710235595703125,33.26164245605469,-19.19059181213379,34.33893585205078,-0.5395532250404358,21.809921264648438,-3.906768321990967,14.970829963684082,0.9040154814720154,12.962728500366211,-11.691844940185547,12.030678749084473,-5.113780498504639,10.072184562683105,-11.605761528015137,10.014566421508789,-2.3678853511810303,11.952150344848633,-8.513001441955566,11.544325828552246,-3.480617046356201,14.054274559020996,-7.104790210723877,11.012557983398438
2ad6d558-32f2-4bfd-99c5-cbd31ee3bb11-1430064396119-1.7-m-72-hu.wav,..\dataset\hungry\2ad6d558-32f2-4bfd-99c5-cbd31ee3bb11-1430064396119-1.7-m-72-hu.wav,hungry,hlad,chlapec,7 měsíců–2 roky,False,0,-446.931884765625,98.13404846191406,64.25003051757812,31.870946884155273,-17.506574630737305,22.985946655273438,-38.91102981567383,20.615739822387695,-31.874130249023438,22.747831344604492,-10.44192123413086,17.64078712463379,-10.999988555908203,13.632043838500977,-2.0548386573791504,14.13739013671875,-15.208950996398926,12.429645538330078,-1.5412517786026,14.648653984069824,-4.394077777862549,10.885692596435547,-1.8475641012191772,15.203794479370117,-4.289402961730957,17.003929138183594
5f0a1ed4-ee2c-493c-bc00-6b56aad78a72-1430933240505-1.7-m-72-hu.wav,..\dataset\hungry\5f0a1ed4-ee2c-493c-bc00-6b56aad78a72-1430933240505-1.7-m-72-hu.wav,hungry,hlad,chlapec,7 měsíců–2 roky,False,0,-633.7581176757812,99.63514709472656,9.334224700927734,38.08597946166992,-19.04512596130371,24.273696899414062,-0.441435843706131,15.256917953491211,-13.96645736694336,20.49993896484375,-1.294773817062378,17.693199157714844,-7.789309024810791,14.541447639465332,5.070012092590332,15.415643692016602,-5.441929340362549,13.302129745483398,5.028833866119385,13.79915714263916,-8.641789436340332,15.255655288696289,3.578753709793091,11.426532745361328,-5.794095993041992,11.472766876220703
f5b29377-7cd6-4688-942c-5a07add39dc5-1437178455960-1.7-f-26-hu.wav,..\dataset\hungry\f5b29377-7cd6-4688-942c-5a07add39dc5-1437178455960-1.7-f-26-hu.wav,hungry,hlad,dívka,2–6 měsíců,False,0,-494.97552490234375,123.16620635986328,50.267391204833984,40.46451950073242,-30.996871948242188,48.8408317565918,-15.017965316772461,24.182653427124023,-20.20302391052246,17.659767150878906,7.2510175704956055,19.254186630249023,-16.985063552856445,13.65078353881836,-11.619063377380371,14.228574752807617,-11.27975082397461,11.786783218383789,-9.620185852050781,11.496572494506836,-9.169265747070312,12.021758079528809,-6.900318145751953,13.887734413146973,-0.4234095811843872,17.637466430664062
8c920fd0-fa9f-4926-bcac-074767dcbfcd-1436850948195-1.7-m-04-hu.wav,..\dataset\hungry\8c920fd0-fa9f-4926-bcac-074767dcbfcd-1436850948195-1.7-m-04-hu.wav,hungry,hlad,chlapec,0–4 týdny,False,0,-593.5289916992188,128.99949645996094,46.66912078857422,44.69431686401367,-1.3982093334197998,29.711978912353516,-7.69285249710083,19.74883460998535,-1.6348234415054321,12.846476554870605,-6.545612812042236,13.99849796295166,-12.715384483337402,15.327458381652832,-3.3162624835968018,12.962854385375977,-10.501646995544434,14.590961456298828,-3.0830719470977783,12.446839332580566,-5.6508588790893555,16.239849090576172,-2.9950127601623535,15.763640403747559,-7.672236442565918,11.751870155334473
375308C6-F894-49A5-B246-8C2819E9C6ED-1430416651-1.0-m-04-hu.wav,..\dataset\hungry\375308C6-F894-49A5-B246-8C2819E9C6ED-1430416651-1.0-m-04-hu.wav,hungry,hlad,chlapec,0–4 týdny,False,0,-552.9592895507812,95.04972839355469,32.23165512084961,30.98442268371582,-14.019390106201172,26.851961135864258,-8.275503158569336,17.332063674926758,-25.939594268798828,15.84105110168457,-13.729984283447266,17.07494354248047,-23.005325317382812,14.092242240905762,-8.780777931213379,12.097481727600098,-13.293116569519043,12.655693054199219,-9.602654457092285,15.048763275146484,-1.7070485353469849,18.965007781982422,-0.9736186861991882,16.446996688842773,-3.1663641929626465,19.188304901123047
ed31b187-34af-4ff1-979c-3b8a5905fb7b-1430044853892-1.7-f-04-hu.wav,..\dataset\hungry\ed31b187-34af-4ff1-979c-3b8a5905fb7b-1430044853892-1.7-f-04-hu.wav,hungry,hlad,dívka,0–4 týdny,False,0,-471.7861022949219,157.50767517089844,41.656375885009766,43.609928131103516,-19.789182662963867,31.61629295349121,4.082731246948242,17.8288516998291,-11.7285795211792,15.883761405944824,-7.652140140533447,14.920429229736328,-15.963769912719727,13.138548851013184,1.4775639772415161,15.732946395874023,-17.650554656982422,13.444735527038574,-5.054533004760742,9.693270683288574,-11.940752983093262,10.429330825805664,-5.158242225646973,12.362927436828613,-4.9202680587768555,16.97487449645996
4D43D6CD-C084-4081-ABF3-8B25951B2D75-1430146631-1.0-m-04-hu.wav,..\dataset\hungry\4D43D6CD-C084-4081-ABF3-8B25951B2D75-1430146631-1.0-m-04-hu.wav,hungry,hlad,chlapec,0–4 týdny,False,0,-470.30194091796875,129.228515625,17.940324783325195,28.6663875579834,-22.78631591796875,26.381589889526367,-5.583785533905029,19.683006286621094,-31.180450439453125,18.9663028717041,7.778453826904297,14.384288787841797,-16.176025390625,13.130284309387207,-19.886180877685547,14.946654319763184,-11.83292007446289,16.546836853027344,0.9682354927062988,25.10625648498535,9.285588264465332,28.109432220458984,3.2306621074676514,22.198505401611328,-4.212562561035156,24.72244644165039
9fe37482-6a64-401d-b8b9-3e47d6ed9ac0-1430047362195-1.7-f-26-hu.wav,..\dataset\hungry\9fe37482-6a64-401d-b8b9-3e47d6ed9ac0-1430047362195-1.7-f-26-hu.wav,hungry,hlad,dívka,2–6 měsíců,False,0,-477.70880126953125,153.9605712890625,49.02162551879883,25.44249153137207,-39.18334197998047,35.35579299926758,-13.875641822814941,18.957996368408203,-44.7547492980957,26.489303588867188,-5.0139594078063965,15.812898635864258,2.1998469829559326,16.440832138061523,-6.605527400970459,17.60773468017578,-8.675162315368652,19.708646774291992,-0.42303305864334106,16.731061935424805,-2.8044426441192627,17.336294174194336,9.926252365112305,22.179731369018555,6.01647424697876,20.176231384277344
3bb2445a-9ae9-4dc8-9a2e-86c696ffa405-1430142760958-1.7-m-26-hu.wav,..\dataset\hungry\3bb2445a-9ae9-4dc8-9a2e-86c696ffa405-1430142760958-1.7-m-26-hu.wav,hungry,hlad,chlapec,2–6 měsíců,False,0,-360.50054931640625,110.16020202636719,-0.028676772490143776,35.63181686401367,-38.5840950012207,25.494951248168945,-14.359254837036133,20.450838088989258,-32.218414306640625,16.339475631713867,-1.7029775381088257,16.173871994018555,-11.322331428527832,12.130256652832031,3.017524242401123,11.981487274169922,-21.77483558654785,13.647841453552246,5.767951488494873,15.446388244628906,-0.4863748848438263,18.47232437133789,10.22756576538086,21.704139709472656,-5.773322582244873,21.861034393310547
7E4B9C14-F955-4BED-9B03-7F3096A6CBFF-1430232166-1.0-f-26-hu.wav,..\dataset\hungry\7E4B9C14-F955-4BED-9B03-7F3096A6CBFF-1430232166-1.0-f-26-hu.wav,hungry,hlad,dívka,2–6 měsíců,False,0,-451.1954345703125,116.24307250976562,24.32925033569336,23.737606048583984,-38.89371871948242,23.114919662475586,-25.339601516723633,17.31423568725586,-29.190004348754883,15.883631706237793,-7.169145107269287,22.66775131225586,-15.033615112304688,16.021772384643555,-11.175006866455078,20.370494842529297,-2.6226303577423096,15.600936889648438,-4.048287391662598,15.029255867004395,3.650181770324707,19.065105438232422,-2.2939882278442383,16.206493377685547,-6.9112443923950195,14.971580505371094
FF2CD2F6-404D-4626-8718-6E6C751F63B8-1431104337-1.0-m-04-hu.wav,..\dataset\hungry\FF2CD2F6-404D-4626-8718-6E6C751F63B8-1431104337-1.0-m-04-hu.wav,hungry,hlad,chlapec,0–4 týdny,False,0,-439.6250915527344,100.90580749511719,70.7166748046875,19.30831527709961,-27.409997940063477,27.75924301147461,-17.18656349182129,18.52458381652832,-37.99951934814453,14.74190902709961,-26.50098419189453,13.615316390991211,-12.649419784545898,12.321697235107422,-16.675251007080078,11.009201049804688,-13.255290985107422,10.053277969360352,-17.861228942871094,11.51632022857666,-13.685964584350586,11.234920501708984,-1.0827151536941528,12.342817306518555,3.4970879554748535,21.031904220581055
7A22229D-06C2-4AAA-9674-DE5DF1906B3A-1436891944-1.1-m-72-ti.wav,..\dataset\tired\7A22229D-06C2-4AAA-9674-DE5DF1906B3A-1436891944-1.1-m-72-ti.wav,tired,únava,chlapec,7 měsíců–2 roky,False,0,-424.6017150878906,102.55328369140625,11.114057540893555,29.76426124572754,-12.150744438171387,18.517465591430664,-7.620894432067871,19.624019622802734,-19.64543914794922,13.521440505981445,-10.114734649658203,16.90181541442871,-16.707359313964844,13.314322471618652,-8.82620620727539,12.830304145812988,-5.413087844848633,17.2764949798584,4.616739749908447,17.851274490356445,-2.761528253555298,19.47076988220215,1.340982437133789,20.504146575927734,-8.055421829223633,17.441579818725586
7A22229D-06C2-4AAA-9674-DE5DF1906B3A-1436891944-1.1-m-72-ti.wav,..\dataset\tired\7A22229D-06C2-4AAA-9674-DE5DF1906B3A-1436891944-1.1-m-72-ti.wav,tired,únava,chlapec,7 měsíců–2 roky,True,1,-334.318603515625,50.441734313964844,-1.2051918506622314,17.95405387878418,-3.2049853801727295,14.134033203125,-2.8095319271087646,13.921732902526855,-9.067313194274902,12.817845344543457,-3.7324628829956055,13.214177131652832,-8.209365844726562,12.032685279846191,-3.612111806869507,9.889016151428223,0.8302860260009766,13.348713874816895,4.64391565322876,14.400936126708984,3.753878116607666,14.578248023986816,4.207343101501465,15.565375328063965,1.2011972665786743,13.119522094726562
7A22229D-06C2-4AAA-9674-DE5DF1906B3A-1436891944-1.1-m-72-ti.wav,..\dataset\tired\7A22229D-06C2-4AAA-9674-DE5DF1906B3A-1436891944-1.1-m-72-ti.wav,tired,únava,chlapec,7 měsíců–2 roky,True,2,-329.4450378417969,47.96648406982422,-1.7622624635696411,17.937524795532227,-3.382763147354126,14.218850135803223,-2.672501564025879,13.84572982788086,-8.775735855102539,12.788800239562988,-3.9554781913757324,12.959754943847656,-8.878825187683105,11.913156509399414,-3.957986831665039,10.337580680847168,0.5989800691604614,13.054046630859375,4.495827674865723,13.863374710083008,3.605415105819702,14.202859878540039,4.2944183349609375,15.398746490478516,0.37710100412368774,13.381932258605957
5b49f19f-a3a7-411e-bb32-755da3cbd6f0-1430029991480-1.7-m-48-hu.wav,..\dataset\hungry\5b49f19f-a3a7-411e-bb32-755da3cbd6f0-1430029991480-1.7-m-48-hu.wav,hungry,hlad,chlapec,4–8 týdnů,False,0,-301.46771240234375,100.83321380615234,28.725826263427734,34.071937561035156,-44.86593246459961,29.08965492248535,2.9832682609558105,16.745996475219727,-13.92905044555664,21.23982048034668,6.656571865081787,13.389561653137207,-6.4877824783325195,16.609888076782227,5.925853729248047,14.961137771606445,-9.694430351257324,13.573216438293457,-4.475057125091553,11.858684539794922,-6.610896110534668,12.545730590820312,-0.181143119931221,18.026988983154297,0.37117907404899597,25.113563537597656
e4051e62-d21d-4bb8-a235-fd7e859ad787-1430740613780-1.7-f-72-hu.wav,..\dataset\hungry\e4051e62-d21d-4bb8-a235-fd7e859ad787-1430740613780-1.7-f-72-hu.wav,hungry,hlad,dívka,7 měsíců–2 roky,False,0,-379.7746887207031,120.79261016845703,48.194366455078125,36.519065856933594,-7.7099175453186035,37.53644561767578,-13.821152687072754,23.851261138916016,-21.339519500732422,20.94400405883789,-5.684732437133789,15.848372459411621,-22.72780990600586,14.130242347717285,-18.145273208618164,15.094303131103516,-13.24329948425293,12.79144287109375,-11.951139450073242,13.369734764099121,-4.155093193054199,14.326643943786621,10.771581649780273,26.02944564819336,7.726041316986084,26.525543212890625
3bb2445a-9ae9-4dc8-9a2e-86c696ffa405-1430122381138-1.7-m-26-hu.wav,..\dataset\hungry\3bb2445a-9ae9-4dc8-9a2e-86c696ffa405-1430122381138-1.7-m-26-hu.wav,hungry,hlad,chlapec,2–6 měsíců,False,0,-382.2495422363281,74.4974136352539,46.160343170166016,23.22707748413086,-7.990687370300293,19.529766082763672,12.855705261230469,13.711976051330566,-25.34733772277832,17.889240264892578,-14.026418685913086,16.15537452697754,-23.638267517089844,12.554655075073242,-6.020056247711182,10.637519836425781,-19.188467025756836,10.752410888671875,4.023195266723633,11.803829193115234,-16.2530574798584,10.819634437561035,-2.078979730606079,12.848722457885742,-9.10516357421875,14.02546215057373
d6cda191-4962-4308-9a36-46d5648a95ed-1431882032820-1.7-m-04-hu.wav,..\dataset\hungry\d6cda191-4962-4308-9a36-46d5648a95ed-1431882032820-1.7-m-04-hu.wav,hungry,hlad,chlapec,0–4 týdny,False,0,-336.3896179199219,170.17648315429688,-26.286245346069336,28.704307556152344,-49.29682922363281,30.93568992614746,3.9656500816345215,23.348703384399414,-19.129674911499023,20.86026382446289,7.403751373291016,18.17575454711914,-26.99747657775879,14.302166938781738,8.290736198425293,13.453749656677246,-9.2139892578125,14.906221389770508,-6.996081352233887,16.952617645263672,1.7885327339172363,11.653817176818848,4.318478584289551,13.327756881713867,-6.013574123382568,14.449620246887207
AE02C934-F4E5-4C73-818D-56AA6887EC18-1430279441-1.0-m-26-hu.wav,..\dataset\hungry\AE02C934-F4E5-4C73-818D-56AA6887EC18-1430279441-1.0-m-26-hu.wav,hungry,hlad,chlapec,2–6 měsíců,False,0,-453.2038269042969,134.73695373535156,2.599905252456665,35.81918716430664,-21.12116241455078,19.57869529724121,-23.40146255493164,18.705158233642578,-5.758846759796143,14.241040229797363,13.154221534729004,19.23228645324707,-24.0600528717041,15.019376754760742,-17.76457405090332,12.764874458312988,-6.216264724731445,17.859708786010742,7.182441711425781,22.136512756347656,-11.442845344543457,16.879480361938477,-4.603126525878906,16.426301956176758,-6.97741174697876,14.723260879516602
3c0b4e07-33ec-4d68-a6b2-5f5dcb8cff8e-1430070829977-1.7-m-26-hu.wav,..\dataset\hungry\3c0b4e07-33ec-4d68-a6b2-5f5dcb8cff8e-1430070829977-1.7-m-26-hu.wav,hungry,hlad,chlapec,2–6 měsíců,False,0,-348.9878845214844,103.7348403930664,49.344242095947266,26.911537170410156,-23.130836486816406,27.805477142333984,-17.06096839904785,21.152496337890625,-18.747177124023438,15.368220329284668,-17.84552574157715,17.21659278869629,-9.365117073059082,13.387258529663086,-7.423551082611084,11.60065746307373,-13.931735038757324,12.015800476074219,-4.155106067657471,10.37946605682373,-7.547513961791992,9.592639923095703,-4.101411819458008,14.45279312133789,2.4909844398498535,21.775876998901367
4be720ce-a5e5-4a48-930f-a212f8a239f6-1434774932733-1.7-f-48-hu.wav,..\dataset\hungry\4be720ce-a5e5-4a48-930f-a212f8a239f6-1434774932733-1.7-f-48-hu.wav,hungry,hlad,dívka,4–8 týdnů,False,0,-476.9069519042969,119.6702651977539,-8.01953411102295,30.156005859375,-75.2599868774414,34.92390823364258,7.296164512634277,14.79019546508789,-22.486351013183594,16.197525024414062,11.337137222290039,14.739493370056152,-19.932897567749023,14.380758285522461,5.13938045501709,12.49219799041748,-14.09390926361084,12.761215209960938,0.3845708668231964,12.515456199645996,-8.016437530517578,14.289827346801758,5.982344627380371,23.546035766601562,3.4002797603607178,20.800613403320312
7e3de9b8-2be5-473f-b8c3-c2657f1317bb-1430006339251-1.7-f-04-hu.wav,..\dataset\hungry\7e3de9b8-2be5-473f-b8c3-c2657f1317bb-1430006339251-1.7-f-04-hu.wav,hungry,hlad,dívka,0–4 týdny,False,0,-654.9502563476562,144.28671264648438,69.55099487304688,50.61131286621094,-35.16890335083008,42.51768112182617,-6.551586627960205,23.18524742126465,-24.105926513671875,23.451976776123047,-18.484968185424805,18.98040771484375,-0.8935745358467102,14.034310340881348,-10.457118034362793,15.124458312988281,-11.639336585998535,14.044498443603516,-10.223517417907715,13.110879898071289,-13.243997573852539,17.350574493408203,-2.853783369064331,19.61235809326172,14.712057113647461,24.32718849182129
990DE219-FCD1-4634-91CE-19AB93E5D2B0-1430214575-1.0-m-04-hu.wav,..\dataset\hungry\990DE219-FCD1-4634-91CE-19AB93E5D2B0-1430214575-1.0-m-04-hu.wav,hungry,hlad,chlapec,0–4 týdny,False,0,-420.0643615722656,34.15560531616211,41.679588317871094,13.726364135742188,-34.459075927734375,11.465909957885742,-9.021482467651367,10.779170989990234,-10.499523162841797,9.437996864318848,-11.68480396270752,11.308539390563965,-21.865631103515625,9.7752046585083,-15.065574645996094,10.284464836120605,-19.686126708984375,8.28378963470459,-13.619614601135254,8.953577041625977,-16.142379760742188,9.415778160095215,-11.103259086608887,9.352530479431152,-9.559383392333984,8.961456298828125
5728DDD6-149B-412F-A14B-C29B9B5E415F-1432635069-1.0-m-26-hu.wav,..\dataset\hungry\5728DDD6-149B-412F-A14B-C29B9B5E415F-1432635069-1.0-m-26-hu.wav,hungry,hlad,chlapec,2–6 měsíců,False,0,-373.2318115234375,64.2493667602539,42.14323043823242,23.083885192871094,-21.749698638916016,17.192874908447266,-3.5842626094818115,13.442152976989746,-18.22895050048828,11.922619819641113,7.601239204406738,13.592474937438965,-10.453856468200684,10.641761779785156,-14.941180229187012,12.972861289978027,-19.570392608642578,13.374711990356445,-13.868557929992676,14.514713287353516,-9.156096458435059,19.824687957763672,0.3026002049446106,20.830543518066406,-2.1492788791656494,25.774127960205078
B0D9116D-8FA4-41AF-B626-BE508FD5CA04-1430832542-1.0-m-04-hu.wav,..\dataset\hungry\B0D9116D-8FA4-41AF-B626-BE508FD5CA04-1430832542-1.0-m-04-hu.wav,hungry,hlad,chlapec,0–4 týdny,False,0,-458.6407775878906,120.89701843261719,36.939056396484375,22.437259674072266,7.532716751098633,17.814847946166992,-12.176679611206055,17.719867706298828,-38.90618896484375,20.871353149414062,-21.507156372070312,12.916051864624023,-9.506026268005371,13.73687744140625,-24.535917282104492,13.070164680480957,-12.557944297790527,11.877901077270508,-12.029082298278809,14.577839851379395,-14.155409812927246,20.98118019104004,2.731951951980591,25.916292190551758,-5.593284606933594,24.749160766601562
F24DE44B-762C-4149-AC92-96A5E57ED118-1430816936-1.0-m-04-hu.wav,..\dataset\hungry\F24DE44B-762C-4149-AC92-96A5E57ED118-1430816936-1.0-m-04-hu.wav,hungry,hlad,chlapec,0–4 týdny,False,0,-386.0774230957031,58.276798248291016,57.497802734375,21.40646743774414,-12.715824127197266,14.024665832519531,-26.858015060424805,10.127066612243652,-41.98422622680664,11.24923324584961,-32.89579772949219,12.070549011230469,-15.875967025756836,8.37194538116455,-30.28460121154785,12.748824119567871,-19.175310134887695,12.26772689819336,-5.638458728790283,9.670900344848633,-17.045848846435547,20.787303924560547,7.714995384216309,29.141021728515625,1.4963083267211914,32.37977600097656
b5044f9a-6f2e-44fc-8e04-9076a988acf2-1435544527174-1.7-m-04-hu.wav,..\dataset\hungry\b5044f9a-6f2e-44fc-8e04-9076a988acf2-1435544527174-1.7-m-04-hu.wav,hungry,hlad,chlapec,0–4 týdny,False,0,-577.2614135742188,124.45555114746094,104.64657592773438,42.55329513549805,34.781898498535156,27.752723693847656,1.4831702709197998,22.248119354248047,9.144759178161621,15.936925888061523,5.402867317199707,13.089411735534668,-0.4013366997241974,13.242534637451172,2.4451444149017334,11.106119155883789,-1.4919077157974243,10.209213256835938,3.1839518547058105,9.438881874084473,-4.066648960113525,9.218199729919434,3.58996844291687,9.44516658782959,-3.9213624000549316,8.85654354095459
d1e236a0-e030-4137-9030-5625026cd098-1430477960643-1.2-m-04-hu.wav,..\dataset\hungry\d1e236a0-e030-4137-9030-5625026cd098-1430477960643-1.2-m-04-hu.wav,hungry,hlad,chlapec,0–4 týdny,False,0,-356.388427734375,129.03836059570312,61.60032653808594,36.9266357421875,-74.21094512939453,33.32707977294922,-52.88166427612305,25.389198303222656,-15.838567733764648,13.738903045654297,6.695248603820801,16.14229965209961,-30.83036231994629,20.53247833251953,3.065642833709717,14.39145565032959,-14.591353416442871,17.12311363220215,3.107795476913452,16.958925247192383,10.231400489807129,22.46368980407715,17.124103546142578,25.769033432006836,2.4575135707855225,23.40883445739746
b4c460d8-bd6b-4017-9bb8-2ae4ff0c5af1-1432751065608-1.7-f-26-hu.wav,..\dataset\hungry\b4c460d8-bd6b-4017-9bb8-2ae4ff0c5af1-1432751065608-1.7-f-26-hu.wav,hungry,hlad,dívka,2–6 měsíců,False,0,-255.94276428222656,107.39179992675781,6.376160621643066,54.53842544555664,-49.82796859741211,28.9859561920166,-35.54292297363281,33.9336051940918,-18.318098068237305,24.475934982299805,0.19597004354000092,20.898849487304688,-10.100666999816895,17.77510643005371,-2.0698792934417725,16.56857681274414,-16.94052505493164,19.504161834716797,0.4520186185836792,18.340452194213867,-6.500401020050049,19.235984802246094,7.647480487823486,24.00205421447754,2.2643167972564697,24.230690002441406
9fe37482-6a64-401d-b8b9-3e47d6ed9ac0-1430047373513-1.7-f-26-hu.wav,..\dataset\hungry\9fe37482-6a64-401d-b8b9-3e47d6ed9ac0-1430047373513-1.7-f-26-hu.wav,hungry,hlad,dívka,2–6 měsíců,False,0,-458.9621887207031,149.3114013671875,39.454132080078125,25.831939697265625,-55.45911407470703,38.67184066772461,-8.913647651672363,21.97372055053711,-28.38576889038086,18.784650802612305,-10.737906455993652,19.847871780395508,-5.441817283630371,14.582196235656738,-5.078661918640137,16.60869026184082,-18.067495346069336,20.5928897857666,4.060565948486328,15.774800300598145,-4.957962512969971,18.068265914916992,16.61722183227539,24.18134880065918,13.525433540344238,24.37891387939453
743E7CCA-D32B-40B6-9541-9808122D3F6B-1436860053-1.1-f-26-hu.wav,..\dataset\hungry\743E7CCA-D32B-40B6-9541-9808122D3F6B-1436860053-1.1-f-26-hu.wav,hungry,hlad,dívka,2–6 měsíců,False,0,-293.1943664550781,119.97802734375,3.2040865421295166,29.640241622924805,-0.9073435068130493,10.819379806518555,-18.420230865478516,20.55194854736328,-21.660337448120117,20.766712188720703,-13.533236503601074,11.97671127319336,-5.080746650695801,14.86569595336914,-7.346863746643066,13.04131031036377,-24.522716522216797,11.14063549041748,-8.849726676940918,15.344079971313477,6.998847961425781,22.546804428100586,23.796367645263672,26.690385818481445,15.501713752746582,23.651885986328125
c6fd9d60-0fa7-44c0-b3ce-0192527d7b81-1430068167526-1.7-m-72-hu.wav,..\dataset\hungry\c6fd9d60-0fa7-44c0-b3ce-0192527d7b81-1430068167526-1.7-m-72-hu.wav,hungry,hlad,chlapec,7 měsíců–2 roky,False,0,-418.0589294433594,170.70074462890625,34.966697692871094,37.23761749267578,-19.674741744995117,20.84111976623535,-12.343120574951172,27.18003273010254,-39.84461212158203,24.035301208496094,-14.763729095458984,12.811511039733887,-12.138911247253418,18.465608596801758,-6.681471824645996,11.658055305480957,-12.117562294006348,12.48416519165039,-6.815059185028076,9.528478622436523,-2.0747416019439697,13.323966026306152,1.9848166704177856,17.2383975982666,5.954064846038818,18.93324851989746
f896b69d-6241-4b51-9c45-0d628bc827c1-1430090274181-1.7-m-04-hu.wav,..\dataset\hungry\f896b69d-6241-4b51-9c45-0d628bc827c1-1430090274181-1.7-m-04-hu.wav,hungry,hlad,chlapec,0–4 týdny,False,0,-529.0169677734375,102.26583099365234,97.4273910522461,40.7464714050293,23.004213333129883,33.824310302734375,8.819304466247559,23.200042724609375,-18.06407356262207,31.410127639770508,-8.243175506591797,14.246770858764648,-14.22642707824707,14.313629150390625,-13.645586967468262,13.290040016174316,-7.9287004470825195,12.045052528381348,-2.181213617324829,16.46487045288086,-2.4006247520446777,20.152368545532227,-6.985481262207031,13.502652168273926,-11.712884902954102,12.253986358642578
c7fef089-4a65-4b75-bfd4-bae0e3518adf-1430754388848-1.7-m-04-hu.wav,..\dataset\hungry\c7fef089-4a65-4b75-bfd4-bae0e3518adf-1430754388848-1.7-m-04-hu.wav,hungry,hlad,chlapec,0–4 týdny,False,0,-422.0374450683594,155.9156494140625,31.161766052246094,32.025577545166016,-17.300010681152344,31.73787498474121,-1.2621983289718628,30.120861053466797,-23.98482894897461,25.309921264648438,-9.141282081604004,17.27585792541504,-1.6833122968673706,16.27043342590332,-11.901187896728516,13.6193265914917,-12.933711051940918,12.624837875366211,-3.0177249908447266,10.930328369140625,-11.199992179870605,15.414889335632324,13.659659385681152,21.76129913330078,3.4566972255706787,19.056135177612305
40a4c760-facf-4911-b0a6-22eccc3ab18d-1430466164038-1.7-f-26-hu.wav,..\dataset\hungry\40a4c760-facf-4911-b0a6-22eccc3ab18d-1430466164038-1.7-f-26-hu.wav,hungry,hlad,dívka,2–6 měsíců,False,0,-340.9794921875,88.3642349243164,26.58013343811035,20.778661727905273,3.852591037750244,23.84995460510254,-6.17402458190918,19.488910675048828,8.096619606018066,13.134439468383789,1.5175950527191162,12.962037086486816,-8.832901000976562,12.45056438446045,-16.340787887573242,12.466760635375977,-8.041406631469727,11.663023948669434,-10.54491138458252,9.608555793762207,-11.076478958129883,9.744891166687012,-4.454042434692383,11.719392776489258,-8.1143217086792,13.672219276428223
C421C6FE-DFEE-4080-8AEA-848E7CE4756B-1430548250-1.0-f-48-hu.wav,..\dataset\hungry\C421C6FE-DFEE-4080-8AEA-848E7CE4756B-1430548250-1.0-f-48-hu.wav,hungry,hlad,dívka,4–8 týdnů,False,0,-379.75067138671875,104.13373565673828,34.888336181640625,28.974849700927734,-28.031339645385742,25.43600082397461,-16.49384307861328,20.124767303466797,-21.072921752929688,17.169418334960938,-15.2015380859375,14.648161888122559,-19.823280334472656,13.765514373779297,-13.591327667236328,15.16500473022461,-15.8749361038208,15.680274963378906,-10.470745086669922,15.193435668945312,-10.609363555908203,17.376447677612305,0.21707601845264435,21.509597778320312,1.029214859008789,19.929317474365234
1309B82C-F146-46F0-A723-45345AFA6EA8-1430059849-1.0-f-04-hu.wav,..\dataset\hungry\1309B82C-F146-46F0-A723-45345AFA6EA8-1430059849-1.0-f-04-hu.wav,hungry,hlad,dívka,0–4 týdny,False,0,-442.2696533203125,83.05180358886719,35.87906265258789,35.49961853027344,-14.24957275390625,16.35285186767578,0.7090355753898621,15.518921852111816,-7.648934841156006,10.949374198913574,-4.343550205230713,10.370898246765137,-2.853872537612915,9.717985153198242,-7.516592025756836,9.366382598876953,-14.949230194091797,8.354673385620117,-1.4430351257324219,10.7506103515625,-15.599876403808594,12.874552726745605,-4.89786958694458,13.043098449707031,-11.468348503112793,17.697511672973633
11417AC2-DCC9-48CD-8177-CA8665E51B2F-1436881512-1.1-m-48-dc.wav,..\dataset\discomfort\11417AC2-DCC9-48CD-8177-CA8665E51B2F-1436881512-1.1-m-48-dc.wav,discomfort,nepohodlí,chlapec,4–8 týdnů,False,0,-408.5652770996094,77.38383483886719,60.43681335449219,29.57465934753418,-2.77343487739563,19.315643310546875,-8.51501750946045,13.271984100341797,-9.183323860168457,11.570635795593262,-2.0857179164886475,14.0801362991333,-21.910221099853516,11.817216873168945,-13.362552642822266,10.474126815795898,-20.55905532836914,10.401451110839844,-9.371624946594238,9.307490348815918,-13.73619556427002,12.901795387268066,-1.7778985500335693,13.66795825958252,-8.536578178405762,11.725772857666016
11417AC2-DCC9-48CD-8177-CA8665E51B2F-1436881512-1.1-m-48-dc.wav,..\dataset\discomfort\11417AC2-DCC9-48CD-8177-CA8665E51B2F-1436881512-1.1-m-48-dc.wav,discomfort,nepohodlí,chlapec,4–8 týdnů,True,1,-328.6781311035156,23.068265914916992,22.41808319091797,14.197375297546387,7.7343974113464355,11.589143753051758,-2.8153228759765625,9.32950210571289,-1.485281229019165,7.934582710266113,-0.22766457498073578,10.125932693481445,-8.70423698425293,10.015825271606445,-9.073654174804688,8.5708646774292,-10.608718872070312,9.146622657775879,-6.368361949920654,8.404868125915527,-3.3372390270233154,10.426297187805176,0.5455574989318848,11.049701690673828,0.34764453768730164,9.538154602050781
11417AC2-DCC9-48CD-8177-CA8665E51B2F-1436881512-1.1-m-48-dc.wav,..\dataset\discomfort\11417AC2-DCC9-48CD-8177-CA8665E51B2F-1436881512-1.1-m-48-dc.wav,discomfort,nepohodlí,chlapec,4–8 týdnů,True,2,-316.8794250488281,20.60610580444336,18.36973762512207,13.199353218078613,7.158193588256836,10.884954452514648,-2.4838321208953857,9.404096603393555,-1.665225863456726,7.983558654785156,-0.05305953323841095,9.512434959411621,-7.4900665283203125,9.932622909545898,-8.366743087768555,8.90119743347168,-9.982824325561523,8.8145112991333,-6.277392387390137,8.595062255859375,-2.4355928897857666,10.13557243347168,0.9772332906723022,10.425606727600098,0.732001781463623,9.266961097717285
d6cda191-4962-4308-9a36-46d5648a95ed-1431159262344-1.7-m-04-bp.wav,..\dataset\belly_pain\d6cda191-4962-4308-9a36-46d5648a95ed-1431159262344-1.7-m-04-bp.wav,belly_pain,bolest břicha,chlapec,0–4 týdny,False,0,-464.6082458496094,140.32908630371094,-7.565580368041992,22.09322738647461,-46.425697326660156,23.960407257080078,-4.553796768188477,17.069082260131836,-14.101486206054688,15.58488941192627,6.4021220207214355,12.093111991882324,-23.87576675415039,17.036325454711914,1.6691100597381592,12.299248695373535,-13.840799331665039,11.885329246520996,-4.38751220703125,14.140790939331055,-2.8373148441314697,16.462533950805664,9.998978614807129,20.061016082763672,8.544171333312988,23.555583953857422
d6cda191-4962-4308-9a36-46d5648a95ed-1431159262344-1.7-m-04-bp.wav,..\dataset\belly_pain\d6cda191-4962-4308-9a36-46d5648a95ed-1431159262344-1.7-m-04-bp.wav,belly_pain,bolest břicha,chlapec,0–4 týdny,True,1,-331.6033020019531,38.39617919921875,-3.590616226196289,10.379679679870605,-17.761499404907227,17.498281478881836,-3.6475682258605957,11.019303321838379,-2.5399227142333984,11.229704856872559,1.7448816299438477,9.913692474365234,-9.988715171813965,11.56495475769043,0.6722268462181091,9.431015968322754,-4.272819995880127,8.724211692810059,-6.671116352081299,10.395302772521973,1.832395315170288,13.5318021774292,5.334671974182129,14.723251342773438,8.274174690246582,18.163827896118164
d6cda191-4962-4308-9a36-46d5648a95ed-1431159262344-1.7-m-04-bp.wav,..\dataset\belly_pain\d6cda191-4962-4308-9a36-46d5648a95ed-1431159262344-1.7-m-04-bp.wav,belly_pain,bolest břicha,chlapec,0–4 týdny,True,2,-316.8289794921875,32.772865295410156,-4.167708873748779,10.202799797058105,-16.197858810424805,16.612855911254883,-2.8686306476593018,10.123308181762695,-1.4920397996902466,10.899178504943848,1.2416185140609741,9.665630340576172,-9.219822883605957,11.2539644241333,0.23275887966156006,9.515425682067871,-3.563961982727051,8.9450101852417,-6.014829635620117,9.885910987854004,1.5980703830718994,13.305912017822266,4.791221618652344,13.629902839660645,8.389494895935059,16.85797119140625
7b23d26e-6f97-4e8b-b520-a9fdde21ee91-1432275312750-1.7-m-48-hu.wav,..\dataset\hungry\7b23d26e-6f97-4e8b-b520-a9fdde21ee91-1432275312750-1.7-m-48-hu.wav,hungry,hlad,chlapec,4–8 týdnů,False,0,-316.1391906738281,117.39360046386719,35.1130256652832,64.2457504272461,-54.76484298706055,36.149417877197266,4.077084541320801,18.441259384155273,-33.558799743652344,21.319042205810547,-8.734748840332031,17.406694412231445,-12.513348579406738,18.46479034423828,-3.664144277572632,18.352127075195312,-18.04998779296875,15.996819496154785,2.562211513519287,16.629825592041016,-2.466691255569458,18.957168579101562,2.210158348083496,17.35110855102539,6.46847677230835,24.776853561401367
7d1c2cd2-6fa1-499f-8ca8-a298198be4e7-1436850081753-1.7-m-04-hu.wav,..\dataset\hungry\7d1c2cd2-6fa1-499f-8ca8-a298198be4e7-1436850081753-1.7-m-04-hu.wav,hungry,hlad,chlapec,0–4 týdny,False,0,-384.2187194824219,118.90491485595703,57.36915969848633,43.18867874145508,-40.962547302246094,28.287303924560547,-20.69084358215332,16.802440643310547,-6.455784320831299,16.302528381347656,-11.182816505432129,16.239713668823242,-17.61443519592285,13.624653816223145,-6.860522747039795,16.214569091796875,-10.72160530090332,13.999068260192871,-7.489372253417969,11.41150188446045,-11.720856666564941,13.098179817199707,-0.3682893216609955,11.150993347167969,-9.521230697631836,13.589125633239746
10A40438-09AA-4A21-83B4-8119F03F7A11-1430925142-1.0-f-26-dc.wav,..\dataset\discomfort\10A40438-09AA-4A21-83B4-8119F03F7A11-1430925142-1.0-f-26-dc.wav,discomfort,nepohodlí,dívka,2–6 měsíců,False,0,-326.4963073730469,124.88838195800781,26.577930450439453,34.05928421020508,-31.878259658813477,24.257238388061523,-27.789329528808594,22.123117446899414,-18.89766502380371,21.903730392456055,-7.12718391418457,14.73095417022705,-13.717682838439941,15.099495887756348,-11.689695358276367,15.397215843200684,-15.815802574157715,20.109272003173828,-0.8251059055328369,26.317646026611328,6.450989246368408,27.71649932861328,7.881333827972412,27.673049926757812,-4.911098003387451,24.803802490234375
10A40438-09AA-4A21-83B4-8119F03F7A11-1430925142-1.0-f-26-dc.wav,..\dataset\discomfort\10A40438-09AA-4A21-83B4-8119F03F7A11-1430925142-1.0-f-26-dc.wav,discomfort,nepohodlí,dívka,2–6 měsíců,True,1,-259.5614318847656,56.191715240478516,10.296504020690918,19.593076705932617,-18.957555770874023,19.03184700012207,-19.171253204345703,16.55380630493164,-8.82764720916748,14.92605972290039,-2.067883014678955,11.779240608215332,-5.958860397338867,13.673916816711426,-5.418239593505859,12.726213455200195,-7.9714531898498535,17.82663917541504,3.759713649749756,21.74798583984375,9.572347640991211,23.258665084838867,8.692466735839844,23.606172561645508,-1.0237160921096802,21.599462509155273
10A40438-09AA-4A21-83B4-8119F03F7A11-1430925142-1.0-f-26-dc.wav,..\dataset\discomfort\10A40438-09AA-4A21-83B4-8119F03F7A11-1430925142-1.0-f-26-dc.wav,discomfort,nepohodlí,dívka,2–6 měsíců,True,2,-270.5260925292969,62.35102462768555,11.431196212768555,21.25560188293457,-20.122480392456055,19.817935943603516,-20.838634490966797,17.63938331604004,-10.779911041259766,15.683491706848145,-3.1167104244232178,11.479132652282715,-7.187504291534424,13.83928108215332,-6.24976921081543,12.912410736083984,-9.2479829788208,18.085805892944336,3.3651556968688965,22.256671905517578,10.188570022583008,24.188274383544922,9.20641803741455,24.703611373901367,-1.1732110977172852,22.890090942382812
7B924575-21FC-462A-969E-BABB46D1CBF5-1430055220-1.0-f-72-hu.wav,..\dataset\hungry\7B924575-21FC-462A-969E-BABB46D1CBF5-1430055220-1.0-f-72-hu.wav,hungry,hlad,dívka,7 měsíců–2 roky,False,0,-607.9730224609375,101.8233642578125,51.70457458496094,30.405858993530273,-2.8405487537384033,18.288389205932617,-2.269516706466675,10.295095443725586,-13.35483169555664,11.123544692993164,-10.304781913757324,9.25180435180664,-21.59562873840332,9.515212059020996,-12.431838035583496,9.114242553710938,-10.917078018188477,10.614858627319336,-6.004409313201904,8.914326667785645,-11.180262565612793,10.33450984954834,-11.318880081176758,10.264885902404785,-13.575433731079102,9.356217384338379
7b23d26e-6f97-4e8b-b520-a9fdde21ee91-1432261716253-1.7-m-48-hu.wav,..\dataset\hungry\7b23d26e-6f97-4e8b-b520-a9fdde21ee91-1432261716253-1.7-m-48-hu.wav,hungry,hlad,chlapec,4–8 týdnů,False,0,-316.3486633300781,117.28437805175781,28.400171279907227,55.00178909301758,-33.825218200683594,29.584131240844727,-7.021599769592285,28.40056800842285,-36.35038375854492,22.05026626586914,-12.429116249084473,16.390445709228516,-16.783445358276367,16.509193420410156,-17.748271942138672,16.291257858276367,-1.6200045347213745,20.462278366088867,17.84992790222168,19.095815658569336,13.860611915588379,22.839744567871094,9.14106559753418,22.75916862487793,-18.686634063720703,17.641820907592773
08E9485B-2772-444B-A636-77E14DD14A8C-1431493441-1.0-m-04-hu.wav,..\dataset\hungry\08E9485B-2772-444B-A636-77E14DD14A8C-1431493441-1.0-m-04-hu.wav,hungry,hlad,chlapec,0–4 týdny,False,0,-485.3599853515625,169.14108276367188,23.69158935546875,22.83108139038086,-25.769798278808594,20.332355499267578,-5.012048244476318,15.536704063415527,-11.194781303405762,20.32599449157715,1.9863560199737549,18.83027458190918,-12.659306526184082,13.865544319152832,-10.569683074951172,13.076165199279785,-13.317322731018066,9.60942554473877,-8.116273880004883,11.003816604614258,-0.7984163761138916,10.836942672729492,-6.097043514251709,12.647368431091309,0.34076911211013794,14.7316312789917
F1AF5794-AD3B-4181-B010-AB835E5BDA64-1430441342-1.0-m-72-hu.wav,..\dataset\hungry\F1AF5794-AD3B-4181-B010-AB835E5BDA64-1430441342-1.0-m-72-hu.wav,hungry,hlad,chlapec,7 měsíců–2 roky,False,0,-486.6499328613281,69.33882141113281,23.238618850708008,21.265501022338867,-17.560583114624023,20.677581787109375,-6.6068596839904785,19.826156616210938,-14.519536972045898,16.643083572387695,-6.051639556884766,15.127562522888184,-7.118127822875977,11.284210205078125,-8.446017265319824,9.858804702758789,-14.804548263549805,10.514925956726074,-9.328618049621582,12.949761390686035,-10.678276062011719,14.259448051452637,-5.333866119384766,13.758811950683594,-7.860021591186523,13.0320405960083
F950E7E3-A1A5-4A01-99F4-9B155C3C6606-1430305696-1.0-m-72-hu.wav,..\dataset\hungry\F950E7E3-A1A5-4A01-99F4-9B155C3C6606-1430305696-1.0-m-72-hu.wav,hungry,hlad,chlapec,7 měsíců–2 roky,False,0,-427.7006530761719,90.95481872558594,59.84835433959961,29.710102081298828,-16.591537475585938,17.579713821411133,-2.1620984077453613,13.299920082092285,-13.146133422851562,23.201622009277344,1.0873281955718994,11.851991653442383,-11.549479484558105,15.737404823303223,-7.556707382202148,16.226299285888672,-12.346071243286133,12.574721336364746,-14.757216453552246,12.425459861755371,-18.088624954223633,10.913516998291016,-17.70972442626953,11.822118759155273,-15.241435050964355,16.873538970947266
10A40438-09AA-4A21-83B4-8119F03F7A11-1430848060-1.0-f-26-hu.wav,..\dataset\hungry\10A40438-09AA-4A21-83B4-8119F03F7A11-1430848060-1.0-f-26-hu.wav,hungry,hlad,dívka,2–6 měsíců,False,0,-309.3059387207031,124.19295501708984,-1.4730494022369385,35.0859260559082,-9.933853149414062,23.59952163696289,-25.769601821899414,20.770740509033203,-19.408727645874023,17.342365264892578,2.695070505142212,14.946867942810059,-16.012697219848633,15.593132972717285,-5.507325649261475,13.88062858581543,-9.405853271484375,20.95380401611328,6.433834075927734,21.3125057220459,4.032114028930664,20.071882247924805,-0.20105433464050293,20.9377498626709,-5.951236724853516,17.00709342956543
643D64AD-B711-469A-AF69-55C0D5D3E30F-1430138647-1.0-m-72-bp.wav,..\dataset\belly_pain\643D64AD-B711-469A-AF69-55C0D5D3E30F-1430138647-1.0-m-72-bp.wav,belly_pain,bolest břicha,chlapec,7 měsíců–2 roky,False,0,-474.0152587890625,83.9233169555664,25.335119247436523,20.970603942871094,2.693234443664551,15.391312599182129,-33.987552642822266,16.477083206176758,-22.45859146118164,10.679166793823242,-26.570749282836914,13.817486763000488,-21.556249618530273,11.116085052490234,-17.533620834350586,12.730382919311523,-16.557552337646484,10.434891700744629,-9.042598724365234,16.503738403320312,-2.355786085128784,18.918474197387695,9.959343910217285,22.418298721313477,11.306482315063477,23.319833755493164
643D64AD-B711-469A-AF69-55C0D5D3E30F-1430138647-1.0-m-72-bp.wav,..\dataset\belly_pain\643D64AD-B711-469A-AF69-55C0D5D3E30F-1430138647-1.0-m-72-bp.wav,belly_pain,bolest břicha,chlapec,7 měsíců–2 roky,True,1,-328.2975158691406,19.993148803710938,8.167263984680176,9.56680965423584,4.940273761749268,9.430901527404785,-7.930708408355713,11.804712295532227,-8.087749481201172,9.176336288452148,-9.951437950134277,11.145566940307617,-7.8535990715026855,9.684497833251953,-6.7890095710754395,9.725862503051758,-4.470590114593506,8.917238235473633,-1.454936146736145,10.592119216918945,3.7855992317199707,12.39168930053711,8.04253101348877,13.791494369506836,7.737538814544678,12.563836097717285
643D64AD-B711-469A-AF69-55C0D5D3E30F-1430138647-1.0-m-72-bp.wav,..\dataset\belly_pain\643D64AD-B711-469A-AF69-55C0D5D3E30F-1430138647-1.0-m-72-bp.wav,belly_pain,bolest břicha,chlapec,7 měsíců–2 roky,True,2,-329.6044616699219,20.291851043701172,7.745794296264648,10.029101371765137,5.005118370056152,9.606170654296875,-8.285674095153809,11.590705871582031,-8.650190353393555,8.87159538269043,-10.34246826171875,10.26060676574707,-7.275754451751709,9.504313468933105,-6.474226951599121,9.573103904724121,-4.922987937927246,9.619468688964844,-0.8388354182243347,11.021233558654785,4.151739120483398,12.233635902404785,8.037738800048828,13.886799812316895,7.9980788230896,12.46411418914795
42ec6f14-6ba6-457f-8a80-101ee201195c-1431345009828-1.7-m-22-hu.wav,..\dataset\hungry\42ec6f14-6ba6-457f-8a80-101ee201195c-1431345009828-1.7-m-22-hu.wav,hungry,hlad,chlapec,více než 2 roky,False,0,-700.090576171875,152.14273071289062,16.921537399291992,20.637691497802734,-27.31789779663086,24.08709716796875,15.517894744873047,18.596179962158203,-23.17629623413086,18.49281120300293,1.0215383768081665,13.132339477539062,-10.716612815856934,11.493183135986328,-1.403296947479248,12.023807525634766,-8.774794578552246,10.503336906433105,1.4465347528457642,9.27751350402832,-10.791200637817383,10.31230640411377,1.2138640880584717,10.026039123535156,-7.986323833465576,9.548545837402344
04c3386b-e6bc-4bd0-8456-d46ae21a73fc-1435305829013-1.7-f-26-hu.wav,..\dataset\hungry\04c3386b-e6bc-4bd0-8456-d46ae21a73fc-1435305829013-1.7-f-26-hu.wav,hungry,hlad,dívka,2–6 měsíců,False,0,-696.31640625,103.64535522460938,41.42493438720703,23.21082305908203,-30.667322158813477,42.17228317260742,-12.034076690673828,15.952852249145508,-15.21692180633545,18.026573181152344,-3.686481237411499,16.071081161499023,-0.9406609535217285,12.01003646850586,-7.078185081481934,14.832779884338379,-6.9234771728515625,13.146406173706055,-2.101111888885498,11.451580047607422,5.583585739135742,19.219755172729492,12.095648765563965,21.348119735717773,-5.074494361877441,13.858499526977539
D1CB71F9-EF76-49B3-A703-41D557444D21-1436863375-1.1-m-04-hu.wav,..\dataset\hungry\D1CB71F9-EF76-49B3-A703-41D557444D21-1436863375-1.1-m-04-hu.wav,hungry,hlad,chlapec,0–4 týdny,False,0,-353.46954345703125,91.76297760009766,-8.528380393981934,41.77145004272461,-17.221569061279297,17.48194694519043,3.9143195152282715,20.92792510986328,-2.680393695831299,12.062721252441406,-5.292638778686523,15.58388614654541,-7.758779525756836,14.534589767456055,-9.860466957092285,13.465947151184082,-25.749292373657227,11.064733505249023,-5.295619964599609,13.142722129821777,-9.186851501464844,18.67560577392578,10.065305709838867,25.41439437866211,6.636264801025391,22.47975730895996
7B924575-21FC-462A-969E-BABB46D1CBF5-1430055234-1.0-f-72-hu.wav,..\dataset\hungry\7B924575-21FC-462A-969E-BABB46D1CBF5-1430055234-1.0-f-72-hu.wav,hungry,hlad,dívka,7 měsíců–2 roky,False,0,-485.77789306640625,118.42354583740234,20.880887985229492,28.960609436035156,-23.00690460205078,23.237329483032227,-0.06556499004364014,15.769989013671875,-15.535531044006348,14.811777114868164,-8.55041790008545,9.02236557006836,-21.73818016052246,12.51456356048584,-18.46778106689453,11.326126098632812,-1.0386497974395752,13.554678916931152,1.3923423290252686,14.626583099365234,-12.263043403625488,14.669605255126953,-6.80839729309082,12.940742492675781,-4.112860679626465,19.020219802856445
4cefc13c-e7c0-4b5a-bddb-c40c103e640a-1431583459308-1.7-f-26-hu.wav,..\dataset\hungry\4cefc13c-e7c0-4b5a-bddb-c40c103e640a-1431583459308-1.7-f-26-hu.wav,hungry,hlad,dívka,2–6 měsíců,False,0,-510.13818359375,113.03746032714844,43.61695861816406,27.857891082763672,-37.00176239013672,37.485374450683594,-10.689096450805664,19.68840980529785,-19.24240493774414,17.229764938354492,-4.042849540710449,11.509833335876465,-16.034889221191406,17.42034149169922,-8.860235214233398,11.972164154052734,-14.195457458496094,15.923907279968262,0.839855432510376,19.681528091430664,-2.0218183994293213,16.02724266052246,-3.165444850921631,20.71959686279297,-2.2559306621551514,22.752119064331055
643D64AD-B711-469A-AF69-55C0D5D3E30F-1430138506-1.0-m-72-bp.wav,..\dataset\belly_pain\643D64AD-B711-469A-AF69-55C0D5D3E30F-1430138506-1.0-m-72-bp.wav,belly_pain,bolest břicha,chlapec,7 měsíců–2 roky,False,0,-496.36553955078125,87.8917236328125,45.811729431152344,21.2933292388916,-24.127897262573242,14.166583061218262,-17.050594329833984,13.221242904663086,-26.594301223754883,14.0379638671875,-15.458980560302734,13.369050979614258,-18.938962936401367,11.475652694702148,-15.065717697143555,11.204188346862793,-17.3057804107666,11.179282188415527,-9.878446578979492,10.541661262512207,-11.135235786437988,12.22688102722168,-6.243432998657227,11.89240837097168,-9.288387298583984,11.837845802307129
643D64AD-B711-469A-AF69-55C0D5D3E30F-1430138506-1.0-m-72-bp.wav,..\dataset\belly_pain\643D64AD-B711-469A-AF69-55C0D5D3E30F-1430138506-1.0-m-72-bp.wav,belly_pain,bolest břicha,chlapec,7 měsíců–2 roky,True,1,-329.7892150878906,24.54766273498535,3.6251096725463867,11.619514465332031,0.0776451826095581,9.723200798034668,-2.767728567123413,9.722450256347656,-4.9363179206848145,10.904121398925781,-3.574556589126587,9.155673027038574,-3.447610378265381,9.404611587524414,-3.609266757965088,9.413651466369629,-1.879820466041565,8.6983060836792,-0.45814546942710876,8.592779159545898,0.3016597330570221,8.890530586242676,0.6711108684539795,8.841121673583984,0.24678435921669006,8.651970863342285
643D64AD-B711-469A-AF69-55C0D5D3E30F-1430138506-1.0-m-72-bp.wav,..\dataset\belly_pain\643D64AD-B711-469A-AF69-55C0D5D3E30F-1430138506-1.0-m-72-bp.wav,belly_pain,bolest břicha,chlapec,7 měsíců–2 roky,True,2,-340.48260498046875,27.4404296875,4.707714080810547,12.416221618652344,0.3021268844604492,9.945923805236816,-3.122549295425415,10.019521713256836,-5.3352837562561035,11.341930389404297,-3.697305917739868,9.154011726379395,-3.580044984817505,9.206355094909668,-3.7791223526000977,8.784777641296387,-2.47705078125,8.845564842224121,-1.0658562183380127,8.29326057434082,-0.5154414176940918,8.683232307434082,-0.1607234627008438,8.769620895385742,-0.03275023773312569,9.087383270263672
19aae3d1-51c6-4ffb-aeb8-efb6ae7ba83e-1436861395462-1.7-m-48-hu.wav,..\dataset\hungry\19aae3d1-51c6-4ffb-aeb8-efb6ae7ba83e-1436861395462-1.7-m-48-hu.wav,hungry,hlad,chlapec,4–8 týdnů,False,0,-500.43072509765625,121.98224639892578,50.50695037841797,26.728731155395508,-26.8333740234375,20.53380584716797,-16.34267807006836,23.574254989624023,-14.520523071289062,18.450340270996094,5.300164699554443,12.681883811950684,-12.699760437011719,12.902381896972656,-4.939908027648926,12.82361888885498,-14.760384559631348,13.841472625732422,-2.485562562942505,12.912649154663086,-4.802380561828613,13.501992225646973,-0.09458847343921661,15.877307891845703,-4.438395023345947,11.829150199890137
8c920fd0-fa9f-4926-bcac-074767dcbfcd-1436856363348-1.7-f-04-hu.wav,..\dataset\hungry\8c920fd0-fa9f-4926-bcac-074767dcbfcd-1436856363348-1.7-f-04-hu.wav,hungry,hlad,dívka,0–4 týdny,False,0,-531.1559448242188,169.93955993652344,50.614601135253906,42.30428695678711,-12.017254829406738,25.082393646240234,-17.45094108581543,19.278850555419922,-15.417645454406738,19.31826400756836,-8.169576644897461,13.920976638793945,-15.054316520690918,15.751440048217773,-2.907832384109497,13.317230224609375,-18.945470809936523,17.99026107788086,0.7845168113708496,10.322708129882812,-2.103830575942993,12.039552688598633,0.2478838860988617,15.135202407836914,-2.5281054973602295,16.57988166809082
22b43570-d440-475b-b2f1-e528c81081f7-1430663490095-1.7-m-04-hu.wav,..\dataset\hungry\22b43570-d440-475b-b2f1-e528c81081f7-1430663490095-1.7-m-04-hu.wav,hungry,hlad,chlapec,0–4 týdny,False,0,-444.2947692871094,109.33378601074219,84.23693084716797,34.23179626464844,23.23274803161621,47.640262603759766,39.31839370727539,21.851533889770508,-4.485091686248779,19.61741065979004,-7.355989933013916,11.786574363708496,-4.495462894439697,11.743287086486816,-9.683692932128906,11.462034225463867,-15.04607105255127,9.751349449157715,-8.60705852508545,12.431456565856934,-12.522911071777344,10.43903923034668,-2.0522780418395996,15.296919822692871,2.704447031021118,22.017986297607422
719bb382-a592-46b7-82d2-8b4a625263b7-1430376483385-1.7-m-48-hu.wav,..\dataset\hungry\719bb382-a592-46b7-82d2-8b4a625263b7-1430376483385-1.7-m-48-hu.wav,hungry,hlad,chlapec,4–8 týdnů,False,0,-684.6738891601562,120.20446014404297,36.13611602783203,31.005306243896484,-20.586427688598633,40.36288833618164,4.7098612785339355,10.819272994995117,-13.351943016052246,20.381153106689453,1.277462124824524,14.3541259765625,-6.475314140319824,9.032720565795898,-7.973139762878418,9.518774032592773,-6.685941219329834,7.897724628448486,-6.288016319274902,7.3062424659729,-4.298161506652832,8.879850387573242,-3.9116671085357666,8.05284309387207,-7.809938907623291,8.148260116577148
0776b33b-c41a-4a2e-8b9c-f1c184be00c8-1437123838264-1.7-f-26-hu.wav,..\dataset\hungry\0776b33b-c41a-4a2e-8b9c-f1c184be00c8-1437123838264-1.7-f-26-hu.wav,hungry,hlad,dívka,2–6 měsíců,False,0,-249.95199584960938,115.3980484008789,33.168617248535156,48.06460952758789,-42.107872009277344,33.68098449707031,10.006294250488281,21.328271865844727,-12.639433860778809,18.85930633544922,-24.490093231201172,15.251595497131348,-25.084304809570312,13.638212203979492,-3.395702600479126,14.742110252380371,-27.781055450439453,12.567581176757812,-3.6969752311706543,15.272154808044434,-3.489360809326172,15.35310173034668,-3.072392463684082,15.740349769592285,-6.933708667755127,17.70212745666504
3030d0e9-0c9b-4616-9b83-f10dc2dedbfd-1430053594259-1.7-m-26-hu.wav,..\dataset\hungry\3030d0e9-0c9b-4616-9b83-f10dc2dedbfd-1430053594259-1.7-m-26-hu.wav,hungry,hlad,chlapec,2–6 měsíců,False,0,-433.7218322753906,156.51438903808594,53.67436599731445,33.41812515258789,-31.140552520751953,26.880062103271484,-22.614105224609375,18.57126808166504,-16.07659339904785,12.584725379943848,21.04001808166504,12.121977806091309,-25.556421279907227,13.864123344421387,-0.362859308719635,10.702095031738281,-24.033222198486328,12.692803382873535,-10.094388008117676,13.02196216583252,-5.321613311767578,17.308563232421875,2.478992462158203,15.589877128601074,-1.3135395050048828,16.18045425415039
e1e640e2-78cb-4cb7-9ccc-93813bfc251c-1430738652322-1.7-m-72-hu.wav,..\dataset\hungry\e1e640e2-78cb-4cb7-9ccc-93813bfc251c-1430738652322-1.7-m-72-hu.wav,hungry,hlad,chlapec,7 měsíců–2 roky,False,0,-502.2602844238281,84.83668518066406,55.953399658203125,26.77803611755371,-19.815662384033203,26.336301803588867,-7.643181324005127,16.576143264770508,-26.709430694580078,26.96794319152832,-14.252939224243164,13.684663772583008,-10.599624633789062,12.172205924987793,-8.962632179260254,9.990296363830566,-5.686000823974609,11.169418334960938,-3.7492916584014893,14.270907402038574,-1.041394591331482,19.654882431030273,-5.101798057556152,15.03076171875,-6.475341320037842,15.160322189331055
9CFD61B9-BF13-406D-8B2F-F73CFAAF25CB-1430927728-1.0-f-04-hu.wav,..\dataset\hungry\9CFD61B9-BF13-406D-8B2F-F73CFAAF25CB-1430927728-1.0-f-04-hu.wav,hungry,hlad,dívka,0–4 týdny,False,0,-379.5005798339844,94.27985382080078,98.03809356689453,40.00019073486328,8.3530855178833,35.13121795654297,15.653223991394043,22.213951110839844,-12.880904197692871,23.964784622192383,-6.401123523712158,14.817424774169922,-12.267045974731445,13.306787490844727,-11.339048385620117,12.949395179748535,-14.764789581298828,11.898092269897461,-10.980566024780273,9.782781600952148,-14.67514705657959,10.679559707641602,-9.6627836227417,10.451153755187988,-12.232211112976074,9.639530181884766
2439388A-9CF2-4D3B-9534-E6951FC9EAD4-1436877933-1.1-m-26-hu.wav,..\dataset\hungry\2439388A-9CF2-4D3B-9534-E6951FC9EAD4-1436877933-1.1-m-26-hu.wav,hungry,hlad,chlapec,2–6 měsíců,False,0,-483.18768310546875,71.89364624023438,52.223228454589844,18.557653427124023,-14.849288940429688,13.038172721862793,0.4708613157272339,18.5992431640625,-17.081806182861328,14.788427352905273,-6.694864749908447,12.337057113647461,-11.358567237854004,8.6430025100708,-6.230106353759766,8.242876052856445,-9.61181354522705,8.554205894470215,-9.903342247009277,8.97982120513916,-9.17746639251709,11.59821605682373,-7.491008758544922,11.001723289489746,-9.044492721557617,10.017205238342285
F95D4BCE-2FB0-4A0C-A058-BFB0674539AF-1430055800-1.0-m-26-hu.wav,..\dataset\hungry\F95D4BCE-2FB0-4A0C-A058-BFB0674539AF-1430055800-1.0-m-26-hu.wav,hungry,hlad,chlapec,2–6 měsíců,False,0,-343.5893249511719,85.89484405517578,35.38167190551758,46.706275939941406,-0.7428145408630371,21.110620498657227,17.0081787109375,20.210405349731445,-1.5856763124465942,14.035682678222656,-3.4851362705230713,11.88941764831543,-10.798154830932617,13.356522560119629,-8.937871932983398,13.84323501586914,-20.959087371826172,10.806166648864746,-9.600151062011719,10.971611022949219,-13.60660457611084,9.888663291931152,-4.936878204345703,15.14341926574707,1.077423334121704,20.65634536743164
92d08bbe-553f-4844-85b1-15d572f06ea2-1436873183951-1.7-m-04-hu.wav,..\dataset\hungry\92d08bbe-553f-4844-85b1-15d572f06ea2-1436873183951-1.7-m-04-hu.wav,hungry,hlad,chlapec,0–4 týdny,False,0,-354.2067565917969,133.99783325195312,43.116634368896484,48.5801887512207,-34.614471435546875,42.53530502319336,10.437806129455566,22.58860206604004,-22.30396842956543,23.51910400390625,3.8657875061035156,16.43851661682129,-12.049714088439941,14.510870933532715,-3.9901254177093506,13.16086196899414,-1.0373871326446533,16.563907623291016,0.07104605436325073,15.148962020874023,0.8944035172462463,18.94418716430664,2.7341647148132324,20.381935119628906,-5.786269187927246,20.219343185424805
3bb2445a-9ae9-4dc8-9a2e-86c696ffa405-1430122005544-1.7-m-26-hu.wav,..\dataset\hungry\3bb2445a-9ae9-4dc8-9a2e-86c696ffa405-1430122005544-1.7-m-26-hu.wav,hungry,hlad,chlapec,2–6 měsíců,False,0,-314.11712646484375,117.36164093017578,38.823883056640625,37.2288932800293,-12.667736053466797,26.30484390258789,-3.53680419921875,20.476442337036133,-36.434932708740234,19.400251388549805,-9.984369277954102,18.73788070678711,-18.58792495727539,15.38035774230957,-2.5838816165924072,14.33027458190918,-20.721527099609375,12.264202117919922,1.47226881980896,11.181320190429688,-12.152250289916992,12.052397727966309,2.120192289352417,18.45341682434082,-3.512056827545166,18.613052368164062
6639C63C-F634-489C-91B3-E3DB5930EFD5-1431370257-1.1-m-04-hu.wav,..\dataset\hungry\6639C63C-F634-489C-91B3-E3DB5930EFD5-1431370257-1.1-m-04-hu.wav,hungry,hlad,chlapec,0–4 týdny,False,0,-415.98760986328125,131.72203063964844,48.5947151184082,24.14623260498047,-20.805360794067383,23.271827697753906,-8.866225242614746,17.40538215637207,-51.571983337402344,19.29994010925293,-29.261674880981445,15.904947280883789,-19.66867446899414,12.764341354370117,-14.465237617492676,10.944908142089844,-35.497474670410156,13.896709442138672,-1.048767328262329,15.077798843383789,-4.965959072113037,15.16219425201416,11.023079872131348,26.051868438720703,18.44026756286621,22.763378143310547
fa8620d3-e7db-4101-aff0-28dbf0d96a5f-1434296505682-1.7-f-04-hu.wav,..\dataset\hungry\fa8620d3-e7db-4101-aff0-28dbf0d96a5f-1434296505682-1.7-f-04-hu.wav,hungry,hlad,dívka,0–4 týdny,False,0,-477.07574462890625,133.47874450683594,29.612314224243164,28.013071060180664,-66.6710205078125,44.0480842590332,-26.24181365966797,22.756582260131836,-13.6585111618042,18.543832778930664,2.0288612842559814,16.704763412475586,-9.636445999145508,16.64381217956543,-13.084993362426758,20.26122283935547,-3.7893452644348145,20.963525772094727,8.803768157958984,17.358795166015625,10.373083114624023,25.470741271972656,6.745511531829834,23.712400436401367,-8.75956916809082,18.89431381225586
999bf14b-e417-4b44-b746-9253f81efe38-1430844958178-1.7-m-04-ch.wav,..\dataset\discomfort\999bf14b-e417-4b44-b746-9253f81efe38-1430844958178-1.7-m-04-ch.wav,discomfort,nepohodlí,chlapec,0–4 týdny,False,0,-537.4048461914062,110.1417465209961,122.29084777832031,36.65599822998047,-49.417293548583984,31.852815628051758,6.369626045227051,19.79550552368164,-14.136013984680176,22.92401885986328,-18.5013370513916,15.481742858886719,-8.036749839782715,13.79227352142334,-2.726041078567505,12.632299423217773,-10.070605278015137,11.948155403137207,-13.062909126281738,10.915672302246094,-11.388175010681152,14.281469345092773,5.923366546630859,23.027132034301758,14.219968795776367,25.321269989013672
999bf14b-e417-4b44-b746-9253f81efe38-1430844958178-1.7-m-04-ch.wav,..\dataset\discomfort\999bf14b-e417-4b44-b746-9253f81efe38-1430844958178-1.7-m-04-ch.wav,discomfort,nepohodlí,chlapec,0–4 týdny,True,1,-345.69830322265625,25.100431442260742,21.01842498779297,19.103355407714844,-2.422959804534912,12.726075172424316,-8.08071517944336,12.832825660705566,-6.948424816131592,11.560006141662598,-9.310319900512695,11.283492088317871,-5.447363376617432,10.255183219909668,-2.568607807159424,9.601295471191406,-4.414032459259033,10.036173820495605,-6.9687347412109375,9.365828514099121,-3.1910130977630615,11.500569343566895,7.380626201629639,17.5311336517334,13.266839981079102,18.167577743530273
999bf14b-e417-4b44-b746-9253f81efe38-1430844958178-1.7-m-04-ch.wav,..\dataset\discomfort\999bf14b-e417-4b44-b746-9253f81efe38-1430844958178-1.7-m-04-ch.wav,discomfort,nepohodlí,chlapec,0–4 týdny,True,2,-337.19635009765625,23.672569274902344,19.449316024780273,18.382421493530273,-2.036998748779297,12.381043434143066,-8.05141544342041,12.644713401794434,-7.005841255187988,11.401866912841797,-9.122159957885742,10.539155960083008,-5.534136772155762,10.46937084197998,-2.584617853164673,9.760351181030273,-4.392009735107422,9.136242866516113,-7.101748943328857,9.074974060058594,-2.7538340091705322,10.691389083862305,7.2127556800842285,16.73928451538086,13.280179023742676,18.06517791748047
86c2b87a-ae7c-46a3-b6fb-7ebe748812cf-1430036562389-1.7-m-04-hu.wav,..\dataset\hungry\86c2b87a-ae7c-46a3-b6fb-7ebe748812cf-1430036562389-1.7-m-04-hu.wav,hungry,hlad,chlapec,0–4 týdny,False,0,-321.2086181640625,92.3943099975586,63.64936828613281,27.358707427978516,-23.93660545349121,30.76830291748047,9.138236999511719,14.663978576660156,-29.140766143798828,18.4216365814209,-10.33255386352539,16.20546531677246,-4.3633317947387695,11.993570327758789,-5.226156711578369,10.55273151397705,-9.58632755279541,9.129206657409668,-6.027501106262207,10.06075668334961,-6.430510997772217,9.953064918518066,-1.2276268005371094,11.273222923278809,-0.13806654512882233,14.765409469604492
ca7d8d54-13cb-4060-8db4-90651b60c078-1434674792223-1.7-f-26-ti.wav,..\dataset\tired\ca7d8d54-13cb-4060-8db4-90651b60c078-1434674792223-1.7-f-26-ti.wav,tired,únava,dívka,2–6 měsíců,False,0,-535.277587890625,113.76351928710938,35.81919860839844,36.885711669921875,-19.968942642211914,28.462072372436523,-8.98149299621582,18.39893913269043,-39.550262451171875,31.28143882751465,1.9581185579299927,20.68644905090332,-13.241872787475586,14.0111722946167,-16.073596954345703,18.68877410888672,-0.8003041744232178,16.326459884643555,5.942526340484619,18.754411697387695,11.660201072692871,22.039539337158203,9.869636535644531,20.845964431762695,-8.691064834594727,18.63190460205078
ca7d8d54-13cb-4060-8db4-90651b60c078-1434674792223-1.7-f-26-ti.wav,..\dataset\tired\ca7d8d54-13cb-4060-8db4-90651b60c078-1434674792223-1.7-f-26-ti.wav,tired,únava,dívka,2–6 měsíců,True,1,-354.9916687011719,30.804201126098633,8.05258560180664,15.815886497497559,-3.9901082515716553,12.208613395690918,-8.919809341430664,12.32744312286377,-14.002043724060059,15.89920425415039,-5.294177055358887,12.6297607421875,-5.67886209487915,10.518462181091309,-6.658106803894043,13.117100715637207,2.057068347930908,13.565661430358887,8.330498695373535,15.873797416687012,11.780282974243164,17.424095153808594,6.6963348388671875,16.22761344909668,-2.18011474609375,14.202836990356445
ca7d8d54-13cb-4060-8db4-90651b60c078-1434674792223-1.7-f-26-ti.wav,..\dataset\tired\ca7d8d54-13cb-4060-8db4-90651b60c078-1434674792223-1.7-f-26-ti.wav,tired,únava,dívka,2–6 měsíců,True,2,-343.4732971191406,28.326139450073242,6.924957752227783,14.543583869934082,-3.7865681648254395,11.779298782348633,-8.725973129272461,11.904924392700195,-12.971531867980957,15.462103843688965,-4.455706596374512,12.103485107421875,-5.739536285400391,10.948773384094238,-6.80402946472168,12.632231712341309,1.8714088201522827,13.19949722290039,7.932514190673828,15.414587020874023,11.140791893005371,16.993898391723633,6.714021682739258,15.65292739868164,-1.8271256685256958,13.507105827331543
69374818-7b73-48ac-8200-e6a225e293fb-1430746080630-1.7-m-04-hu.wav,..\dataset\hungry\69374818-7b73-48ac-8200-e6a225e293fb-1430746080630-1.7-m-04-hu.wav,hungry,hlad,chlapec,0–4 týdny,False,0,-311.8801574707031,132.30490112304688,30.3190975189209,27.2373046875,-47.71115493774414,30.21309471130371,1.8928947448730469,18.01795196533203,-29.556119918823242,21.341339111328125,-8.972396850585938,11.44837474822998,-20.712322235107422,14.053409576416016,-18.940954208374023,12.112703323364258,-9.145410537719727,10.067073822021484,-13.218276023864746,11.544389724731445,-10.034302711486816,11.438329696655273,-1.9186599254608154,21.43577003479004,4.730069637298584,24.46108055114746
3941D08C-5A97-48A4-8830-091D878137F6-1430099826-1.0-m-72-hu.wav,..\dataset\hungry\3941D08C-5A97-48A4-8830-091D878137F6-1430099826-1.0-m-72-hu.wav,hungry,hlad,chlapec,7 měsíců–2 roky,False,0,-265.1772155761719,105.83668518066406,1.6723557710647583,22.330116271972656,-32.59185028076172,18.710304260253906,-17.752443313598633,25.90485954284668,-5.894467353820801,12.190478324890137,4.804823398590088,12.125316619873047,-10.981464385986328,12.155510902404785,0.8495690822601318,13.654651641845703,-17.191423416137695,14.381142616271973,1.910684585571289,18.328962326049805,9.479859352111816,18.696889877319336,19.748151779174805,23.27042579650879,7.89302396774292,21.873451232910156
1309B82C-F146-46F0-A723-45345AFA6EA8-1432801703-1.1-f-26-dc.wav,..\dataset\discomfort\1309B82C-F146-46F0-A723-45345AFA6EA8-1432801703-1.1-f-26-dc.wav,discomfort,nepohodlí,dívka,2–6 měsíců,False,0,-265.16552734375,141.58946228027344,6.71802282333374,29.707914352416992,-34.86491775512695,23.172283172607422,-20.97130012512207,20.290027618408203,-25.486835479736328,25.386943817138672,8.645599365234375,13.646943092346191,-21.344301223754883,13.576176643371582,-1.858008861541748,17.13266372680664,-12.3785400390625,12.614095687866211,-0.09705234318971634,13.407817840576172,-2.8011558055877686,14.200644493103027,6.844815731048584,19.98084831237793,14.735716819763184,22.56928825378418
1309B82C-F146-46F0-A723-45345AFA6EA8-1432801703-1.1-f-26-dc.wav,..\dataset\discomfort\1309B82C-F146-46F0-A723-45345AFA6EA8-1432801703-1.1-f-26-dc.wav,discomfort,nepohodlí,dívka,2–6 měsíců,True,1,-223.64028930664062,80.12220001220703,0.8020601272583008,21.72949981689453,-28.35606575012207,23.139585494995117,-16.88895606994629,19.724252700805664,-14.873161315917969,19.78379249572754,5.552340984344482,12.36401653289795,-16.394601821899414,14.947759628295898,1.719268798828125,13.528767585754395,-7.557746887207031,12.266257286071777,0.8559110760688782,12.223699569702148,0.2500523328781128,13.06101131439209,8.412039756774902,17.921817779541016,16.535457611083984,20.144147872924805
1309B82C-F146-46F0-A723-45345AFA6EA8-1432801703-1.1-f-26-dc.wav,..\dataset\discomfort\1309B82C-F146-46F0-A723-45345AFA6EA8-1432801703-1.1-f-26-dc.wav,discomfort,nepohodlí,dívka,2–6 měsíců,True,2,-221.7290496826172,78.38833618164062,0.6582191586494446,21.800046920776367,-28.4489688873291,22.791784286499023,-16.677339553833008,19.433820724487305,-14.10984992980957,20.10890007019043,5.591032981872559,12.019267082214355,-16.17325782775879,15.35588264465332,1.6632367372512817,13.595353126525879,-7.507419586181641,11.632158279418945,0.7586033344268799,11.806278228759766,0.5810956954956055,13.074310302734375,8.295814514160156,17.697267532348633,16.80465316772461,19.844467163085938
743E7CCA-D32B-40B6-9541-9808122D3F6B-1436860028-1.1-f-26-hu.wav,..\dataset\hungry\743E7CCA-D32B-40B6-9541-9808122D3F6B-1436860028-1.1-f-26-hu.wav,hungry,hlad,dívka,2–6 měsíců,False,0,-355.9786376953125,126.83715057373047,12.918306350708008,35.75204849243164,0.41020867228507996,15.110496520996094,-10.896388053894043,20.729223251342773,-17.79175567626953,21.29269790649414,-14.181215286254883,11.466625213623047,-4.452729225158691,13.109949111938477,-4.390003681182861,10.479229927062988,-18.03911018371582,10.666722297668457,-13.799162864685059,12.35422134399414,-4.011999607086182,12.1214017868042,2.937056303024292,18.88231658935547,6.476463794708252,22.032785415649414
8C13A1F9-62CC-46AA-9192-BECE5CDD5CB0-1430249362-1.0-f-72-hu.wav,..\dataset\hungry\8C13A1F9-62CC-46AA-9192-BECE5CDD5CB0-1430249362-1.0-f-72-hu.wav,hungry,hlad,dívka,7 měsíců–2 roky,False,0,-616.3740234375,109.43115234375,40.28138732910156,24.130517959594727,-12.05817985534668,24.816471099853516,-6.689425468444824,15.329572677612305,-14.31771469116211,14.850330352783203,-11.39051628112793,10.429147720336914,-11.558527946472168,9.435271263122559,-17.69800567626953,10.150272369384766,-13.545849800109863,8.815513610839844,-8.414758682250977,8.447602272033691,-14.86567211151123,13.002764701843262,-9.024384498596191,11.220100402832031,-4.7335381507873535,13.10699462890625
F2F97740-D638-4B6F-9E09-3AC65F06B448-1436849313-1.1-f-48-hu.wav,..\dataset\hungry\F2F97740-D638-4B6F-9E09-3AC65F06B448-1436849313-1.1-f-48-hu.wav,hungry,hlad,dívka,4–8 týdnů,False,0,-372.836669921875,86.21549987792969,66.16883087158203,34.78501510620117,-23.97171974182129,14.423754692077637,1.270171880722046,14.138031959533691,-18.26738929748535,13.079611778259277,-4.18423318862915,9.290494918823242,-12.177734375,11.028879165649414,-12.620720863342285,9.986773490905762,-20.084009170532227,9.551347732543945,-7.56626558303833,11.261200904846191,-8.06816577911377,12.49990463256836,1.6072146892547607,19.881223678588867,2.965179920196533,17.81869125366211
adb53808-8b13-4c08-b055-6653c75298be-1430133982281-1.7-m-72-hu.wav,..\dataset\hungry\adb53808-8b13-4c08-b055-6653c75298be-1430133982281-1.7-m-72-hu.wav,hungry,hlad,chlapec,7 měsíců–2 roky,False,0,-402.3396911621094,107.14921569824219,44.43551254272461,35.767356872558594,-23.181476593017578,27.948993682861328,17.38956642150879,23.45235252380371,-18.77886199951172,27.123733520507812,21.4153995513916,17.137659072875977,-11.94429874420166,14.679142951965332,-2.9118738174438477,13.119251251220703,1.9528052806854248,14.25779914855957,-0.06331461668014526,17.057287216186523,2.800865650177002,15.307950973510742,1.4211536645889282,17.078718185424805,-4.127738952636719,16.65576171875
03ADDCFB-354E-416D-BF32-260CF47F7060-1433658024-1.1-f-04-ti.wav,..\dataset\tired\03ADDCFB-354E-416D-BF32-260CF47F7060-1433658024-1.1-f-04-ti.wav,tired,únava,dívka,0–4 týdny,False,0,-331.4538879394531,135.50338745117188,-2.1654300689697266,34.993003845214844,-40.967376708984375,15.664737701416016,-14.982769012451172,21.229236602783203,-32.937660217285156,22.794448852539062,-7.884528160095215,13.905879020690918,-16.032001495361328,14.48558521270752,0.9031132459640503,13.869636535644531,-15.90062141418457,14.397555351257324,0.8691002130508423,17.507444381713867,12.743196487426758,22.0373477935791,16.912742614746094,27.068607330322266,-3.317775011062622,24.526752471923828
03ADDCFB-354E-416D-BF32-260CF47F7060-1433658024-1.1-f-04-ti.wav,..\dataset\tired\03ADDCFB-354E-416D-BF32-260CF47F7060-1433658024-1.1-f-04-ti.wav,tired,únava,dívka,0–4 týdny,True,1,-270.150146484375,69.61331176757812,-8.001440048217773,22.432273864746094,-22.91025733947754,17.223024368286133,-8.936118125915527,17.321422576904297,-20.190563201904297,19.113117218017578,-6.235542297363281,11.900586128234863,-5.920302867889404,12.692380905151367,2.485161066055298,11.981950759887695,-8.738525390625,12.473453521728516,2.141662836074829,14.743611335754395,12.543664932250977,19.09264373779297,14.003905296325684,22.137802124023438,-1.6717760562896729,20.44124984741211
03ADDCFB-354E-416D-BF32-260CF47F7060-1433658024-1.1-f-04-ti.wav,..\dataset\tired\03ADDCFB-354E-416D-BF32-260CF47F7060-1433658024-1.1-f-04-ti.wav,tired,únava,dívka,0–4 týdny,True,2,-261.7345886230469,64.32290649414062,-8.576350212097168,21.35417366027832,-21.095924377441406,16.444793701171875,-7.976455211639404,16.55238914489746,-18.635440826416016,19.116559982299805,-5.684706687927246,11.538311004638672,-5.410344123840332,12.638077735900879,1.8648563623428345,12.181392669677734,-7.783278465270996,12.532373428344727,2.45906925201416,14.126633644104004,11.867315292358398,18.405805587768555,13.047014236450195,20.883806228637695,-2.017836093902588,20.401098251342773
B327333E-2DE2-4833-A75A-4C576208BED3-1430087429-1.0-f-48-hu.wav,..\dataset\hungry\B327333E-2DE2-4833-A75A-4C576208BED3-1430087429-1.0-f-48-hu.wav,hungry,hlad,dívka,4–8 týdnů,False,0,-457.65228271484375,84.22994995117188,55.03769302368164,31.869102478027344,-11.426495552062988,15.383707046508789,8.654580116271973,14.772356986999512,-7.701777935028076,12.43528938293457,-0.38339751958847046,13.343464851379395,-16.198089599609375,9.656259536743164,-8.758286476135254,9.06525993347168,-16.21758460998535,11.893563270568848,-9.450942993164062,9.094094276428223,-12.210941314697266,9.919763565063477,-3.261953592300415,10.554003715515137,-13.847695350646973,9.810335159301758
89964233-cbdb-4f34-a819-5f4b5ce3f5f5-1430049868816-1.7-f-04-hu.wav,..\dataset\hungry\89964233-cbdb-4f34-a819-5f4b5ce3f5f5-1430049868816-1.7-f-04-hu.wav,hungry,hlad,dívka,0–4 týdny,False,0,-320.75665283203125,97.06207275390625,32.0897331237793,37.88308334350586,-31.585163116455078,29.04511070251465,-13.135953903198242,20.49749755859375,-22.878904342651367,19.043540954589844,14.080510139465332,15.438921928405762,-37.282135009765625,20.600210189819336,2.6698501110076904,16.1146183013916,-21.170726776123047,13.94394302368164,-3.6120643615722656,12.87165355682373,-18.28765869140625,11.10278034210205,-7.508233070373535,10.541533470153809,-11.109716415405273,14.068788528442383
2a0e6a88-b049-4f46-a3d6-d73ffae470d5-1430770144865-1.7-m-04-hu.wav,..\dataset\hungry\2a0e6a88-b049-4f46-a3d6-d73ffae470d5-1430770144865-1.7-m-04-hu.wav,hungry,hlad,chlapec,0–4 týdny,False,0,-484.3817443847656,116.8747329711914,69.31192779541016,39.85123062133789,-7.509350299835205,30.898134231567383,-1.954885721206665,17.892562866210938,2.853006362915039,20.537696838378906,-11.024569511413574,23.20732879638672,-16.3677921295166,12.814932823181152,-19.069072723388672,13.212963104248047,-10.470619201660156,12.054637908935547,-9.279147148132324,12.392315864562988,-7.2947211265563965,11.625984191894531,-6.430941104888916,11.551647186279297,-11.259089469909668,9.3209228515625
B327333E-2DE2-4833-A75A-4C576208BED3-1430087443-1.0-f-48-hu.wav,..\dataset\hungry\B327333E-2DE2-4833-A75A-4C576208BED3-1430087443-1.0-f-48-hu.wav,hungry,hlad,dívka,4–8 týdnů,False,0,-465.7601623535156,20.20711898803711,55.60853958129883,11.81532096862793,-7.664812088012695,8.369169235229492,8.421359062194824,8.355124473571777,-19.315826416015625,9.340548515319824,-8.482266426086426,8.172327995300293,-17.428930282592773,7.473175525665283,-13.916915893554688,7.890427112579346,-19.91623306274414,7.189042568206787,-12.067957878112793,7.212808609008789,-13.167769432067871,7.149117469787598,-2.8969855308532715,7.69970178604126,-10.835315704345703,8.110114097595215
C421C6FE-DFEE-4080-8AEA-848E7CE4756B-1430548384-1.0-m-26-ti.wav,..\dataset\tired\C421C6FE-DFEE-4080-8AEA-848E7CE4756B-1430548384-1.0-m-26-ti.wav,tired,únava,chlapec,2–6 měsíců,False,0,-384.28582763671875,96.55992126464844,47.93613052368164,29.987022399902344,-23.269441604614258,25.734272003173828,-17.711833953857422,18.588088989257812,-14.754674911499023,18.523571014404297,-20.32990074157715,14.262871742248535,-24.428678512573242,14.522664070129395,-13.271819114685059,11.913102149963379,-22.334583282470703,12.700242042541504,-8.622583389282227,11.486210823059082,-9.789310455322266,11.821885108947754,-9.76965045928955,11.764653205871582,-7.27923059463501,12.276265144348145
C421C6FE-DFEE-4080-8AEA-848E7CE4756B-1430548384-1.0-m-26-ti.wav,..\dataset\tired\C421C6FE-DFEE-4080-8AEA-848E7CE4756B-1430548384-1.0-m-26-ti.wav,tired,únava,chlapec,2–6 měsíců,True,1,-304.294189453125,44.21526336669922,24.727108001708984,22.723529815673828,-4.776973247528076,18.370147705078125,-9.15404224395752,13.827801704406738,-5.193785190582275,13.620335578918457,-8.643279075622559,12.760942459106445,-11.970223426818848,12.76809024810791,-7.062826156616211,9.588998794555664,-8.697906494140625,10.526361465454102,-2.64117431640625,9.523677825927734,-1.671075701713562,9.030113220214844,-1.9822548627853394,10.047916412353516,-1.775813102722168,10.123801231384277
C421C6FE-DFEE-4080-8AEA-848E7CE4756B-1430548384-1.0-m-26-ti.wav,..\dataset\tired\C421C6FE-DFEE-4080-8AEA-848E7CE4756B-1430548384-1.0-m-26-ti.wav,tired,únava,chlapec,2–6 měsíců,True,2,-312.8912658691406,48.01824188232422,26.559789657592773,23.262754440307617,-5.636782646179199,18.679670333862305,-9.990966796875,14.874999046325684,-5.527523517608643,14.669781684875488,-9.830657958984375,12.8833646774292,-12.555213928222656,12.903166770935059,-7.311683654785156,10.387290000915527,-9.653897285461426,10.91015625,-2.520993947982788,9.548028945922852,-1.8384684324264526,9.360785484313965,-2.9865329265594482,10.219109535217285,-1.971051573753357,10.39713191986084
5E01DC60-1DE3-4AF9-A661-7F649EAE457D-1430141106-1.0-m-26-hu.wav,..\dataset\hungry\5E01DC60-1DE3-4AF9-A661-7F649EAE457D-1430141106-1.0-m-26-hu.wav,hungry,hlad,chlapec,2–6 měsíců,False,0,-492.9205627441406,118.69791412353516,25.765945434570312,26.3800048828125,-23.06018829345703,22.258642196655273,-14.320696830749512,20.750137329101562,-13.21621322631836,17.95928955078125,1.9216639995574951,13.487606048583984,-15.988190650939941,12.579675674438477,-8.724894523620605,13.525345802307129,-12.370529174804688,14.094520568847656,4.331897735595703,21.74852180480957,4.5075788497924805,24.38808822631836,-0.3115716874599457,20.9111270904541,-9.079509735107422,15.966626167297363
7E4B9C14-F955-4BED-9B03-7F3096A6CBFF-1430232208-1.0-f-26-bu.wav,..\dataset\burping\7E4B9C14-F955-4BED-9B03-7F3096A6CBFF-1430232208-1.0-f-26-bu.wav,burping,říhání,dívka,2–6 měsíců,False,0,-400.7120056152344,181.10313415527344,11.200238227844238,39.3224983215332,-19.136581420898438,21.55123519897461,-9.999856948852539,23.629894256591797,-21.60636329650879,20.694379806518555,0.4012729823589325,13.041282653808594,-13.657883644104004,15.986519813537598,-3.3229382038116455,14.023917198181152,-6.403061866760254,11.091814994812012,0.3488349914550781,15.733884811401367,-1.8994669914245605,16.573884963989258,-0.8585947155952454,16.356372833251953,-5.500702381134033,13.713519096374512
7E4B9C14-F955-4BED-9B03-7F3096A6CBFF-1430232208-1.0-f-26-bu.wav,..\dataset\burping\7E4B9C14-F955-4BED-9B03-7F3096A6CBFF-1430232208-1.0-f-26-bu.wav,burping,říhání,dívka,2–6 měsíců,True,1,-283.3853759765625,78.85066223144531,-4.997134208679199,23.224040985107422,-5.984039783477783,14.805890083312988,-1.5105891227722168,17.53169822692871,-11.636087417602539,15.029169082641602,0.9239277243614197,9.520923614501953,-5.791496276855469,13.065159797668457,-1.416265845298767,10.15077018737793,-3.3966944217681885,10.054320335388184,3.1677958965301514,12.738102912902832,2.0070295333862305,14.851462364196777,2.528648853302002,14.030439376831055,-1.9476745128631592,12.58974838256836
7E4B9C14-F955-4BED-9B03-7F3096A6CBFF-1430232208-1.0-f-26-bu.wav,..\dataset\burping\7E4B9C14-F955-4BED-9B03-7F3096A6CBFF-1430232208-1.0-f-26-bu.wav,burping,říhání,dívka,2–6 měsíců,True,2,-293.9897155761719,85.3734359741211,-4.636125087738037,25.045257568359375,-6.76215124130249,15.668307304382324,-2.075380563735962,17.322736740112305,-12.038578987121582,15.610234260559082,1.3194587230682373,10.119551658630371,-6.501040458679199,12.792003631591797,-1.678996205329895,10.274195671081543,-3.7269163131713867,10.238545417785645,2.9429333209991455,12.987640380859375,1.3954304456710815,15.29067611694336,2.1312427520751953,14.323756217956543,-2.555476427078247,12.665420532226562
815af07e-4c31-4032-8bd1-dab6e60c879e-1433156423585-1.7-m-04-hu.wav,..\dataset\hungry\815af07e-4c31-4032-8bd1-dab6e60c879e-1433156423585-1.7-m-04-hu.wav,hungry,hlad,chlapec,0–4 týdny,False,0,-344.7835693359375,147.88720703125,-29.102142333984375,34.67319869995117,-17.75935173034668,16.471511840820312,-16.71012306213379,19.764482498168945,-33.77943420410156,17.157291412353516,3.116114377975464,11.467470169067383,-19.476303100585938,14.97498893737793,-4.805009841918945,11.60631275177002,-8.31804370880127,13.242600440979004,4.785544395446777,12.726040840148926,-6.868950366973877,19.509138107299805,5.979755401611328,19.2020320892334,-5.6309814453125,18.53650665283203
a7b13b65-da2c-48ec-8aed-46adcaba705f-1430823489236-1.7-f-26-hu.wav,..\dataset\hungry\a7b13b65-da2c-48ec-8aed-46adcaba705f-1430823489236-1.7-f-26-hu.wav,hungry,hlad,dívka,2–6 měsíců,False,0,-289.2481384277344,134.0866241455078,45.48570251464844,46.874454498291016,-22.152158737182617,25.928672790527344,0.03833208233118057,19.561145782470703,-21.68890953063965,18.13875389099121,-13.822491645812988,18.94789695739746,-10.191109657287598,13.397980690002441,-4.451740741729736,14.213167190551758,-17.895835876464844,13.271150588989258,-10.729362487792969,13.386274337768555,-14.03398323059082,14.618544578552246,7.63408088684082,20.041540145874023,3.6341958045959473,20.348033905029297
5afc6a14-a9d8-45f8-b31d-c79dd87cc8c6-1430757081034-1.7-m-48-hu.wav,..\dataset\hungry\5afc6a14-a9d8-45f8-b31d-c79dd87cc8c6-1430757081034-1.7-m-48-hu.wav,hungry,hlad,chlapec,4–8 týdnů,False,0,-327.5476989746094,153.90806579589844,-7.607019424438477,44.7415657043457,-22.03856086730957,30.28445816040039,-20.080551147460938,21.960588455200195,-18.18410301208496,18.33142852783203,-3.359239101409912,14.310691833496094,-17.807954788208008,18.637327194213867,2.2571089267730713,20.77442741394043,3.930645227432251,17.159576416015625,-5.217493534088135,19.150096893310547,-9.585988998413086,17.270584106445312,-2.8674495220184326,18.239707946777344,-4.979839324951172,19.053388595581055
090C15A8-5406-4EA5-97A3-81F6527227C0-1430147515-1.0-m-72-hu.wav,..\dataset\hungry\090C15A8-5406-4EA5-97A3-81F6527227C0-1430147515-1.0-m-72-hu.wav,hungry,hlad,chlapec,7 měsíců–2 roky,False,0,-429.3417053222656,123.50839233398438,10.072694778442383,33.25563049316406,-23.828754425048828,20.711551666259766,7.453505992889404,17.380338668823242,-17.832326889038086,19.78542137145996,-20.144838333129883,14.613567352294922,-7.126652240753174,11.252190589904785,-10.111319541931152,15.264842987060547,-9.58517837524414,11.478790283203125,-2.5997843742370605,14.376326560974121,-10.04708480834961,18.179588317871094,1.8757425546646118,16.07771110534668,-4.7806501388549805,17.640663146972656
edb5924c-07ba-4eaa-838b-aaf9511a219b-1431899400326-1.7-m-48-hu.wav,..\dataset\hungry\edb5924c-07ba-4eaa-838b-aaf9511a219b-1431899400326-1.7-m-48-hu.wav,hungry,hlad,chlapec,4–8 týdnů,False,0,-409.85943603515625,143.93527221679688,57.97179412841797,33.55837631225586,-48.569129943847656,41.72471237182617,-3.3639721870422363,21.085914611816406,-1.2790182828903198,17.39219093322754,0.5260675549507141,15.123717308044434,-7.950990676879883,13.975082397460938,-6.233564376831055,9.646469116210938,-16.65326690673828,10.214215278625488,-2.936877965927124,8.690508842468262,-11.304744720458984,11.060199737548828,-6.081384181976318,10.7076416015625,-0.8425766825675964,20.666662216186523
A123AD65-38D3-4A65-AB37-330034765840-1430093726-1.0-m-04-hu.wav,..\dataset\hungry\A123AD65-38D3-4A65-AB37-330034765840-1430093726-1.0-m-04-hu.wav,hungry,hlad,chlapec,0–4 týdny,False,0,-432.7429504394531,56.63062286376953,77.16529083251953,26.861923217773438,-1.078744888305664,17.362096786499023,9.930179595947266,16.0449161529541,-3.2306718826293945,13.170585632324219,-7.410099029541016,12.291027069091797,-17.906768798828125,12.935318946838379,-11.99865436553955,10.795177459716797,-13.864152908325195,9.01945686340332,-11.491589546203613,9.01534366607666,-16.77064323425293,9.051828384399414,-14.12907600402832,10.532280921936035,-10.002091407775879,9.744928359985352
9090c7a3-bebc-4485-aafc-64e4298da3ac-1430109146143-1.7-f-26-hu.wav,..\dataset\hungry\9090c7a3-bebc-4485-aafc-64e4298da3ac-1430109146143-1.7-f-26-hu.wav,hungry,hlad,dívka,2–6 měsíců,False,0,-260.8829345703125,85.6760482788086,41.4388542175293,40.65061950683594,-50.711605072021484,23.62148666381836,-31.711193084716797,16.060136795043945,-36.61294174194336,16.50019073486328,9.227445602416992,18.173917770385742,-19.523345947265625,18.509740829467773,-6.668319225311279,22.2575626373291,-6.8686933517456055,24.44711685180664,7.864384651184082,23.45708465576172,-9.925052642822266,22.70594024658203,1.1291199922561646,18.92451286315918,-7.534672737121582,24.4140567779541
9090c7a3-bebc-4485-aafc-64e4298da3ac-1430088396663-1.7-f-26-hu.wav,..\dataset\hungry\9090c7a3-bebc-4485-aafc-64e4298da3ac-1430088396663-1.7-f-26-hu.wav,hungry,hlad,dívka,2–6 měsíců,False,0,-427.88818359375,115.61051177978516,38.51028060913086,35.889007568359375,-24.59203338623047,42.83238220214844,6.306437015533447,16.81397247314453,-10.49096393585205,20.895111083984375,8.134194374084473,12.89816665649414,-7.152425765991211,14.51689624786377,-4.901414394378662,11.593158721923828,-8.91626262664795,12.417500495910645,-1.6292012929916382,11.582686424255371,-4.589784145355225,12.91923713684082,6.825380802154541,19.147579193115234,4.403335094451904,18.22190284729004
999bf14b-e417-4b44-b746-9253f81efe38-1430974001343-1.7-m-26-bp.wav,..\dataset\belly_pain\999bf14b-e417-4b44-b746-9253f81efe38-1430974001343-1.7-m-26-bp.wav,belly_pain,bolest břicha,chlapec,2–6 měsíců,False,0,-504.24285888671875,160.51199340820312,32.50069808959961,40.88697814941406,-37.86216735839844,42.58378601074219,8.361924171447754,17.826772689819336,-49.8697395324707,32.305179595947266,20.82244300842285,14.234163284301758,-9.585081100463867,13.582282066345215,-6.756677150726318,12.080374717712402,-5.434944152832031,10.8691987991333,-9.631855010986328,10.346287727355957,-12.336533546447754,13.174015045166016,-0.5125345587730408,18.70985221862793,6.188473701477051,20.540090560913086
999bf14b-e417-4b44-b746-9253f81efe38-1430974001343-1.7-m-26-bp.wav,..\dataset\belly_pain\999bf14b-e417-4b44-b746-9253f81efe38-1430974001343-1.7-m-26-bp.wav,belly_pain,bolest břicha,chlapec,2–6 měsíců,True,1,-336.3695983886719,34.695682525634766,-0.8041074275970459,14.374795913696289,-10.46051025390625,15.804201126098633,-2.556837558746338,11.15068531036377,-18.119844436645508,18.396028518676758,6.401364326477051,10.494268417358398,1.5063620805740356,8.411163330078125,-4.184971809387207,9.400708198547363,0.4670533835887909,9.046035766601562,-6.942287921905518,9.750809669494629,-5.880833625793457,11.987401962280273,1.4866973161697388,15.156283378601074,6.1222333908081055,15.747722625732422
999bf14b-e417-4b44-b746-9253f81efe38-1430974001343-1.7-m-26-bp.wav,..\dataset\belly_pain\999bf14b-e417-4b44-b746-9253f81efe38-1430974001343-1.7-m-26-bp.wav,belly_pain,bolest břicha,chlapec,2–6 měsíců,True,2,-327.3959045410156,32.156005859375,-1.0010768175125122,13.571850776672363,-9.160941123962402,15.202654838562012,-3.078254222869873,10.9207124710083,-16.795270919799805,17.034547805786133,6.77495813369751,10.307438850402832,1.6425634622573853,8.387028694152832,-3.9400312900543213,9.343338012695312,0.5018091797828674,9.018549919128418,-6.576997756958008,10.141952514648438,-5.970854759216309,11.00078010559082,1.2976577281951904,14.892308235168457,5.576828956604004,15.575725555419922
10A40438-09AA-4A21-83B4-8119F03F7A11-1430848034-1.0-f-26-hu.wav,..\dataset\hungry\10A40438-09AA-4A21-83B4-8119F03F7A11-1430848034-1.0-f-26-hu.wav,hungry,hlad,dívka,2–6 měsíců,False,0,-359.36260986328125,111.3004150390625,22.706819534301758,37.872535705566406,-32.040103912353516,24.047805786132812,-19.358659744262695,17.858509063720703,-17.199907302856445,23.3947696685791,-8.480035781860352,11.83870792388916,-21.475942611694336,14.202614784240723,-14.057994842529297,14.134299278259277,-5.003060817718506,23.638505935668945,8.247886657714844,27.463598251342773,7.2706427574157715,24.568986892700195,1.714978575706482,26.910324096679688,-13.066123008728027,22.746732711791992
1309B82C-F146-46F0-A723-45345AFA6EA8-1431172241-1.0-f-48-ti.wav,..\dataset\tired\1309B82C-F146-46F0-A723-45345AFA6EA8-1431172241-1.0-f-48-ti.wav,tired,únava,dívka,4–8 týdnů,False,0,-541.5432739257812,139.78201293945312,59.280582427978516,29.621267318725586,-11.725290298461914,21.64490509033203,-8.271506309509277,14.428177833557129,-7.465144634246826,10.109894752502441,-1.8531464338302612,16.856382369995117,-14.346458435058594,10.045782089233398,-18.029743194580078,10.711112022399902,-19.311176300048828,8.793322563171387,-14.336275100708008,8.979412078857422,-14.40262508392334,7.819139003753662,-6.987356185913086,8.840370178222656,-6.644036769866943,13.967626571655273
1309B82C-F146-46F0-A723-45345AFA6EA8-1431172241-1.0-f-48-ti.wav,..\dataset\tired\1309B82C-F146-46F0-A723-45345AFA6EA8-1431172241-1.0-f-48-ti.wav,tired,únava,dívka,4–8 týdnů,True,1,-339.0592956542969,52.51594924926758,-0.36693012714385986,9.560735702514648,-4.431735515594482,17.47053337097168,-4.629653453826904,12.765182495117188,-0.7185633778572083,8.792128562927246,4.0755181312561035,11.935001373291016,-2.7634668350219727,9.958155632019043,-2.792900562286377,7.034184455871582,-3.6656930446624756,8.519013404846191,-2.666308641433716,7.572735786437988,-2.480088472366333,7.938016891479492,-1.5216165781021118,9.03433609008789,1.4234633445739746,12.112420082092285
1309B82C-F146-46F0-A723-45345AFA6EA8-1431172241-1.0-f-48-ti.wav,..\dataset\tired\1309B82C-F146-46F0-A723-45345AFA6EA8-1431172241-1.0-f-48-ti.wav,tired,únava,dívka,4–8 týdnů,True,2,-348.51416015625,55.50752639770508,0.7778159379959106,9.738574981689453,-4.3631086349487305,18.027158737182617,-4.274816513061523,13.023723602294922,-1.0270543098449707,8.584171295166016,4.1758270263671875,11.282343864440918,-2.9446821212768555,10.204146385192871,-1.9364596605300903,7.900745391845703,-3.768932580947876,8.455765724182129,-2.9906396865844727,7.369977951049805,-2.6595959663391113,8.47662353515625,-1.9792346954345703,8.992610931396484,1.0367931127548218,11.914320945739746
d6cda191-4962-4308-9a36-46d5648a95ed-1431086262776-1.7-m-04-ch.wav,..\dataset\discomfort\d6cda191-4962-4308-9a36-46d5648a95ed-1431086262776-1.7-m-04-ch.wav,discomfort,nepohodlí,chlapec,0–4 týdny,False,0,-426.97039794921875,164.14157104492188,-24.7473201751709,34.25834274291992,-47.712303161621094,25.842994689941406,-6.330831050872803,20.605342864990234,-17.308496475219727,20.316091537475586,13.512446403503418,16.263141632080078,-22.93100357055664,15.720492362976074,11.95887279510498,12.70076847076416,-13.595953941345215,12.773356437683105,-9.97546100616455,14.184000015258789,-2.9804553985595703,12.164085388183594,3.3073818683624268,13.711599349975586,4.511995792388916,18.88881492614746
d6cda191-4962-4308-9a36-46d5648a95ed-1431086262776-1.7-m-04-ch.wav,..\dataset\discomfort\d6cda191-4962-4308-9a36-46d5648a95ed-1431086262776-1.7-m-04-ch.wav,discomfort,nepohodlí,chlapec,0–4 týdny,True,1,-310.73095703125,50.72455596923828,-14.549513816833496,19.65456771850586,-22.22511863708496,19.220123291015625,-2.7758572101593018,16.651256561279297,-7.669554710388184,15.57590103149414,6.125009536743164,11.880484580993652,-9.919018745422363,11.681302070617676,6.185049533843994,11.353745460510254,-5.014523506164551,9.767343521118164,-9.610732078552246,12.34441089630127,0.510876476764679,10.779887199401855,1.805959939956665,12.408746719360352,6.093339920043945,14.907779693603516
d6cda191-4962-4308-9a36-46d5648a95ed-1431086262776-1.7-m-04-ch.wav,..\dataset\discomfort\d6cda191-4962-4308-9a36-46d5648a95ed-1431086262776-1.7-m-04-ch.wav,discomfort,nepohodlí,chlapec,0–4 týdny,True,2,-306.7347106933594,48.400634765625,-13.68111801147461,18.79068374633789,-20.891447067260742,18.735708236694336,-2.4400126934051514,16.23146629333496,-7.147141456604004,14.923012733459473,6.778353691101074,12.148143768310547,-9.784314155578613,11.511311531066895,5.9885029792785645,11.349205017089844,-4.392276287078857,9.896088600158691,-8.867484092712402,12.11974048614502,0.6959918141365051,10.44602108001709,1.7572848796844482,12.156367301940918,5.845473289489746,15.352173805236816
70d30513-0ec3-49e4-9976-e85785e85c2d-1431033405793-1.7-m-04-hu.wav,..\dataset\hungry\70d30513-0ec3-49e4-9976-e85785e85c2d-1431033405793-1.7-m-04-hu.wav,hungry,hlad,chlapec,0–4 týdny,False,0,-399.9921875,172.27293395996094,-2.367218255996704,39.58911895751953,-17.555891036987305,29.083650588989258,-18.803367614746094,19.05160903930664,-28.3529052734375,19.26388168334961,-2.147533655166626,12.190114974975586,-24.10291290283203,19.020402908325195,2.280764579772949,12.692877769470215,-2.3686094284057617,18.239038467407227,3.7457656860351562,15.47612476348877,-1.7405117750167847,16.176544189453125,4.854359149932861,19.90945053100586,0.9940490126609802,18.761455535888672
80f5ab0a-16c1-4738-9209-fbdae52ff769-1430140636917-1.7-f-04-hu.wav,..\dataset\hungry\80f5ab0a-16c1-4738-9209-fbdae52ff769-1430140636917-1.7-f-04-hu.wav,hungry,hlad,dívka,0–4 týdny,False,0,-488.81268310546875,162.50001525878906,35.658653259277344,50.000823974609375,-34.23350143432617,43.73145294189453,8.382509231567383,21.336454391479492,-38.67166519165039,18.224328994750977,-2.6530468463897705,16.222726821899414,-29.144140243530273,16.034605026245117,-6.201755523681641,11.765771865844727,-13.265585899353027,10.51059341430664,-1.2794820070266724,12.273149490356445,-2.9747931957244873,11.944111824035645,3.499584197998047,12.323033332824707,-6.465291500091553,16.24764633178711
0D1AD73E-4C5E-45F3-85C4-9A3CB71E8856-1430742197-1.0-m-04-hu.wav,..\dataset\hungry\0D1AD73E-4C5E-45F3-85C4-9A3CB71E8856-1430742197-1.0-m-04-hu.wav,hungry,hlad,chlapec,0–4 týdny,False,0,-382.08917236328125,97.77978515625,35.28669357299805,26.81531524658203,-36.658851623535156,20.777687072753906,-8.445123672485352,15.389906883239746,-37.53437423706055,21.67947769165039,-20.713699340820312,17.726346969604492,6.241371154785156,16.65364646911621,-10.988852500915527,15.383112907409668,-10.586746215820312,17.25520133972168,0.07627949118614197,21.339645385742188,-9.147327423095703,20.979652404785156,3.4100210666656494,24.820098876953125,-5.576952934265137,18.65346336364746
218e6fd7-f9c5-4490-afd7-c4fba174e7d2-1430209174300-1.7-m-72-hu.wav,..\dataset\hungry\218e6fd7-f9c5-4490-afd7-c4fba174e7d2-1430209174300-1.7-m-72-hu.wav,hungry,hlad,chlapec,7 měsíců–2 roky,False,0,-463.2557373046875,139.82347106933594,54.51699447631836,34.054019927978516,-1.680091381072998,28.725830078125,-5.688276290893555,21.88888931274414,-25.915868759155273,29.141529083251953,4.354100704193115,15.481959342956543,-9.921430587768555,15.740779876708984,-5.5858049392700195,11.482649803161621,-8.508722305297852,10.642465591430664,-13.635116577148438,14.957528114318848,-4.67734432220459,17.05280303955078,1.0916730165481567,16.27359962463379,1.6245321035385132,20.466819763183594
7A22229D-06C2-4AAA-9674-DE5DF1906B3A-1436891957-1.1-m-72-ti.wav,..\dataset\tired\7A22229D-06C2-4AAA-9674-DE5DF1906B3A-1436891957-1.1-m-72-ti.wav,tired,únava,chlapec,7 měsíců–2 roky,False,0,-414.6399841308594,97.01338958740234,23.460514068603516,27.70794105529785,-8.399134635925293,20.57105827331543,-13.66782283782959,17.553878784179688,-20.579614639282227,16.131534576416016,-19.054790496826172,17.785776138305664,-15.52610969543457,13.04880428314209,-10.26442813873291,13.394502639770508,-14.149401664733887,10.206918716430664,-2.5878288745880127,14.73388385772705,-5.286777019500732,22.480140686035156,6.411396026611328,22.08344268798828,0.2719857096672058,21.327930450439453
7A22229D-06C2-4AAA-9674-DE5DF1906B3A-1436891957-1.1-m-72-ti.wav,..\dataset\tired\7A22229D-06C2-4AAA-9674-DE5DF1906B3A-1436891957-1.1-m-72-ti.wav,tired,únava,chlapec,7 měsíců–2 roky,True,1,-330.73907470703125,46.424224853515625,7.474714756011963,17.945037841796875,-0.6062136292457581,15.180843353271484,-6.9003376960754395,12.646522521972656,-9.944160461425781,12.608339309692383,-10.774897575378418,13.136359214782715,-8.771147727966309,11.959125518798828,-4.421830654144287,11.329032897949219,-6.480125427246094,10.299809455871582,-0.5798505544662476,12.180692672729492,3.1450746059417725,16.10850715637207,8.17751693725586,17.351551055908203,4.660121440887451,16.176025390625
7A22229D-06C2-4AAA-9674-DE5DF1906B3A-1436891957-1.1-m-72-ti.wav,..\dataset\tired\7A22229D-06C2-4AAA-9674-DE5DF1906B3A-1436891957-1.1-m-72-ti.wav,tired,únava,chlapec,7 měsíců–2 roky,True,2,-333.31451416015625,47.14535140991211,8.070030212402344,18.189193725585938,-0.5754668712615967,15.159185409545898,-7.304388046264648,12.271907806396484,-9.789229393005371,13.037985801696777,-10.412492752075195,13.708486557006836,-8.732918739318848,11.624674797058105,-4.83903694152832,11.46333122253418,-5.907784461975098,10.002049446105957,-0.0575445294380188,12.27184009552002,2.851360321044922,16.325607299804688,7.968768119812012,18.382225036621094,4.506711959838867,17.405820846557617
1309B82C-F146-46F0-A723-45345AFA6EA8-1430703937-1.0-f-48-dc.wav,..\dataset\discomfort\1309B82C-F146-46F0-A723-45345AFA6EA8-1430703937-1.0-f-48-dc.wav,discomfort,nepohodlí,dívka,4–8 týdnů,False,0,-356.63751220703125,160.76698303222656,-1.3635334968566895,30.39363670349121,-15.263006210327148,16.75628089904785,-6.717615127563477,14.771049499511719,-8.385642051696777,13.381060600280762,1.605076551437378,10.832014083862305,-10.580009460449219,10.32628345489502,-5.186332702636719,7.7288031578063965,-8.785316467285156,11.056326866149902,-0.6475510597229004,10.597715377807617,-12.57729721069336,10.809612274169922,5.655823230743408,17.910667419433594,12.531923294067383,23.59691047668457
1309B82C-F146-46F0-A723-45345AFA6EA8-1430703937-1.0-f-48-dc.wav,..\dataset\discomfort\1309B82C-F146-46F0-A723-45345AFA6EA8-1430703937-1.0-f-48-dc.wav,discomfort,nepohodlí,dívka,4–8 týdnů,True,1,-278.15802001953125,69.12052917480469,-10.714914321899414,15.160823822021484,-10.121879577636719,12.623903274536133,-3.4015986919403076,10.419124603271484,-2.5638725757598877,8.863317489624023,0.725494384765625,9.601330757141113,-6.377002716064453,9.082222938537598,-3.0960824489593506,7.151966571807861,-3.3811252117156982,8.858952522277832,0.8256152272224426,8.758830070495605,-7.317201614379883,11.629560470581055,7.093699932098389,16.210533142089844,13.63661003112793,20.44281005859375
1309B82C-F146-46F0-A723-45345AFA6EA8-1430703937-1.0-f-48-dc.wav,..\dataset\discomfort\1309B82C-F146-46F0-A723-45345AFA6EA8-1430703937-1.0-f-48-dc.wav,discomfort,nepohodlí,dívka,4–8 týdnů,True,2,-278.4670715332031,69.63626098632812,-10.706974983215332,14.862695693969727,-9.389654159545898,12.846256256103516,-3.018836736679077,10.66975212097168,-2.950232982635498,9.093798637390137,-0.008239920251071453,8.883049964904785,-6.124636173248291,9.50755500793457,-2.917680263519287,7.246973514556885,-3.675694227218628,9.247332572937012,0.8318579792976379,8.634726524353027,-7.193111896514893,11.496269226074219,7.0325608253479,16.0330867767334,13.983792304992676,20.004920959472656
101c6709-39fb-44dc-b905-7cbeed5714a2-1434361963544-1.7-f-04-hu.wav,..\dataset\hungry\101c6709-39fb-44dc-b905-7cbeed5714a2-1434361963544-1.7-f-04-hu.wav,hungry,hlad,dívka,0–4 týdny,False,0,-617.23291015625,138.39395141601562,13.879998207092285,45.77436447143555,-6.866373062133789,41.54641342163086,-16.372119903564453,28.05155372619629,8.77669620513916,24.786962509155273,-4.231329441070557,22.34864616394043,-0.4420967102050781,15.328496932983398,0.43252289295196533,15.330280303955078,-2.586188316345215,14.441973686218262,3.4913151264190674,12.808829307556152,-8.14618968963623,13.646864891052246,4.0945634841918945,13.610150337219238,-4.446390151977539,12.715744972229004
F95D4BCE-2FB0-4A0C-A058-BFB0674539AF-1430055950-1.0-m-26-hu.wav,..\dataset\hungry\F95D4BCE-2FB0-4A0C-A058-BFB0674539AF-1430055950-1.0-m-26-hu.wav,hungry,hlad,chlapec,2–6 měsíců,False,0,-275.406982421875,99.27294921875,-7.792075157165527,35.66617965698242,-15.839258193969727,15.776129722595215,-1.1666806936264038,22.09738540649414,-3.8605780601501465,13.096036911010742,-7.128044605255127,11.57483196258545,-0.36831381916999817,13.514504432678223,-6.226698398590088,11.410104751586914,-15.463446617126465,12.230175971984863,-6.590713024139404,14.080268859863281,-9.187065124511719,14.055742263793945,18.070114135742188,24.86255645751953,14.584907531738281,24.02264404296875
7E4B9C14-F955-4BED-9B03-7F3096A6CBFF-1430232157-1.0-f-26-hu.wav,..\dataset\hungry\7E4B9C14-F955-4BED-9B03-7F3096A6CBFF-1430232157-1.0-f-26-hu.wav,hungry,hlad,dívka,2–6 měsíců,False,0,-506.84808349609375,128.37643432617188,22.16665267944336,30.2628173828125,-30.663711547851562,20.156068801879883,-4.438379287719727,17.896713256835938,-14.501320838928223,12.650435447692871,-14.112675666809082,16.377164840698242,-13.922767639160156,13.98127555847168,-3.3202972412109375,14.658769607543945,-14.851771354675293,14.049459457397461,-4.67688512802124,11.56356143951416,0.07555020600557327,13.954190254211426,5.54255485534668,15.181501388549805,-1.2221176624298096,14.25633430480957
FAE74A94-9968-43ED-958C-50D7C4C1F13C-1430770858-1.0-f-22-hu.wav,..\dataset\hungry\FAE74A94-9968-43ED-958C-50D7C4C1F13C-1430770858-1.0-f-22-hu.wav,hungry,hlad,dívka,více než 2 roky,False,0,-487.97076416015625,116.77802276611328,33.753963470458984,21.823877334594727,-13.75687313079834,18.002817153930664,-4.196879863739014,12.966902732849121,-23.444292068481445,20.691789627075195,-36.24663162231445,25.120161056518555,-15.979954719543457,15.913936614990234,-10.604647636413574,14.538307189941406,-0.4630212187767029,18.01114273071289,7.204277038574219,27.414979934692383,4.681574821472168,17.22677230834961,-6.351907253265381,14.497028350830078,-7.6874680519104,23.585813522338867
8c920fd0-fa9f-4926-bcac-074767dcbfcd-1436856382717-1.7-m-04-hu.wav,..\dataset\hungry\8c920fd0-fa9f-4926-bcac-074767dcbfcd-1436856382717-1.7-m-04-hu.wav,hungry,hlad,chlapec,0–4 týdny,False,0,-547.1782836914062,120.69945526123047,83.93795776367188,35.084049224853516,-57.15520095825195,42.8922004699707,-4.171614646911621,21.66373062133789,-26.894006729125977,19.38370132446289,-6.098091125488281,14.386067390441895,-21.268613815307617,17.40766143798828,-13.88889217376709,12.18441390991211,-12.856772422790527,11.506199836730957,-8.227840423583984,17.544652938842773,7.124990940093994,20.966543197631836,12.680652618408203,24.97649574279785,6.86196756362915,24.736024856567383
A123AD65-38D3-4A65-AB37-330034765840-1430093687-1.0-m-04-hu.wav,..\dataset\hungry\A123AD65-38D3-4A65-AB37-330034765840-1430093687-1.0-m-04-hu.wav,hungry,hlad,chlapec,0–4 týdny,False,0,-463.8751220703125,38.81216812133789,54.30070877075195,20.840213775634766,5.630953788757324,14.757349967956543,8.165156364440918,13.433557510375977,-14.977133750915527,10.117714881896973,-9.707448959350586,10.799195289611816,-18.63903045654297,10.470535278320312,-14.582049369812012,9.422890663146973,-17.07666015625,7.594363212585449,-11.063005447387695,8.952054977416992,-12.470612525939941,8.912454605102539,-10.003056526184082,8.487994194030762,-13.719629287719727,8.947134017944336
F4A0C710-AC2D-42E0-8EA9-3E4CAC31EE20-1430318400-1.0-m-04-hu.wav,..\dataset\hungry\F4A0C710-AC2D-42E0-8EA9-3E4CAC31EE20-1430318400-1.0-m-04-hu.wav,hungry,hlad,chlapec,0–4 týdny,False,0,-408.59820556640625,106.2717056274414,30.30877113342285,25.199504852294922,-44.38272476196289,22.336071014404297,-26.111541748046875,17.056262969970703,-21.143571853637695,15.41382884979248,2.1327037811279297,12.338541030883789,-7.7289719581604,11.534607887268066,-15.192061424255371,12.718975067138672,-18.891925811767578,12.948987007141113,-12.494906425476074,12.4990816116333,-8.485142707824707,13.981063842773438,-7.379474639892578,20.8461856842041,12.376554489135742,25.64895248413086
2e25d0a5-0b2b-44ef-8491-e445b16ea75c-1430056332640-1.7-f-26-hu.wav,..\dataset\hungry\2e25d0a5-0b2b-44ef-8491-e445b16ea75c-1430056332640-1.7-f-26-hu.wav,hungry,hlad,dívka,2–6 měsíců,False,0,-668.4695434570312,102.90921020507812,33.83759307861328,22.792984008789062,-25.336503982543945,17.94647979736328,-11.600954055786133,19.36897087097168,-16.005552291870117,18.79051399230957,-7.264461994171143,14.965083122253418,-10.938436508178711,15.623390197753906,-6.708441257476807,12.294380187988281,-17.61201286315918,12.117965698242188,-4.573780536651611,15.872980117797852,-10.013888359069824,17.078765869140625,7.147633075714111,12.993975639343262,1.6716352701187134,17.5195255279541
D1CB71F9-EF76-49B3-A703-41D557444D21-1436863366-1.1-m-04-hu.wav,..\dataset\hungry\D1CB71F9-EF76-49B3-A703-41D557444D21-1436863366-1.1-m-04-hu.wav,hungry,hlad,chlapec,0–4 týdny,False,0,-513.7579345703125,73.20001983642578,74.23062896728516,28.01881217956543,1.0909079313278198,14.20308780670166,-1.6966599225997925,20.902395248413086,-9.539311408996582,9.700575828552246,1.7405537366867065,10.042095184326172,-13.833516120910645,9.033171653747559,-18.95395851135254,9.921021461486816,-26.4752197265625,8.044086456298828,-15.529664993286133,9.874245643615723,-16.50421905517578,11.193066596984863,-1.3361581563949585,18.329212188720703,-2.0678112506866455,19.3203182220459
218e6fd7-f9c5-4490-afd7-c4fba174e7d2-1430209252819-1.7-m-72-hu.wav,..\dataset\hungry\218e6fd7-f9c5-4490-afd7-c4fba174e7d2-1430209252819-1.7-m-72-hu.wav,hungry,hlad,chlapec,7 měsíců–2 roky,False,0,-610.3848266601562,130.0113067626953,64.30054473876953,25.146329879760742,15.367694854736328,20.26024055480957,10.702550888061523,18.871429443359375,-10.403900146484375,25.245609283447266,-4.962346076965332,15.083272933959961,-9.713582038879395,14.437747955322266,-3.6005947589874268,10.421175003051758,-9.317611694335938,10.183616638183594,-5.444639682769775,8.631878852844238,-3.6857306957244873,16.24594497680664,-6.670633792877197,13.338586807250977,-10.11041259765625,11.507275581359863
52dfc27a-fbc4-4d9f-bbcf-6406c919324a-1430041644396-1.7-m-26-hu.wav,..\dataset\hungry\52dfc27a-fbc4-4d9f-bbcf-6406c919324a-1430041644396-1.7-m-26-hu.wav,hungry,hlad,chlapec,2–6 měsíců,False,0,-580.5906372070312,105.67899322509766,52.48918914794922,32.7815055847168,-32.8182487487793,31.853469848632812,-3.2274506092071533,15.475589752197266,-30.264020919799805,18.73380470275879,-8.892560005187988,12.249921798706055,-14.767436027526855,12.998645782470703,-8.4933443069458,10.772261619567871,-13.493759155273438,11.212027549743652,-3.519904851913452,9.5062255859375,-14.552797317504883,10.690801620483398,-3.9435126781463623,9.935503005981445,-0.3724067509174347,18.1294002532959
7fd72d70-07c4-40a0-85e9-c91df9bdefb2-1430994916704-1.7-f-04-hu.wav,..\dataset\hungry\7fd72d70-07c4-40a0-85e9-c91df9bdefb2-1430994916704-1.7-f-04-hu.wav,hungry,hlad,dívka,0–4 týdny,False,0,-626.9689331054688,185.21165466308594,12.559610366821289,26.710411071777344,-18.343111038208008,37.92647171020508,6.283017158508301,14.997419357299805,-6.790920257568359,16.547832489013672,-6.288242816925049,12.345891952514648,-3.0997111797332764,8.055130958557129,-5.510937213897705,11.379350662231445,-4.314925193786621,8.517581939697266,-4.094939231872559,8.065393447875977,-4.091331958770752,7.686425685882568,-4.895772457122803,9.111366271972656,-0.2351440191268921,8.130276679992676
818A32F4-D5D8-426C-B88C-81A8154AC81A-1430093571-1.0-m-26-hu.wav,..\dataset\hungry\818A32F4-D5D8-426C-B88C-81A8154AC81A-1430093571-1.0-m-26-hu.wav,hungry,hlad,chlapec,2–6 měsíců,False,0,-314.32586669921875,94.92088317871094,24.834232330322266,33.914859771728516,-19.656024932861328,27.178403854370117,-13.020873069763184,26.392887115478516,-9.656291961669922,14.498473167419434,9.442314147949219,17.79252052307129,-18.705251693725586,12.420929908752441,-3.499758005142212,12.563262939453125,-15.728285789489746,17.378202438354492,-3.1176068782806396,22.915876388549805,5.8855366706848145,26.38490867614746,10.476938247680664,28.596954345703125,0.33538374304771423,27.15237808227539
815af07e-4c31-4032-8bd1-dab6e60c879e-1433156413683-1.7-m-04-hu.wav,..\dataset\hungry\815af07e-4c31-4032-8bd1-dab6e60c879e-1433156413683-1.7-m-04-hu.wav,hungry,hlad,chlapec,0–4 týdny,False,0,-354.45721435546875,139.85997009277344,-41.02710723876953,46.85639190673828,-24.128326416015625,19.31233024597168,-4.299993991851807,23.163835525512695,-37.063323974609375,20.380796432495117,-1.0717377662658691,14.381207466125488,-16.82355499267578,16.120712280273438,-3.1089682579040527,13.449626922607422,-12.128432273864746,13.392424583435059,8.42682933807373,15.728826522827148,-11.948664665222168,21.83338165283203,13.59971809387207,18.84714126586914,-3.147306203842163,22.008756637573242
d5abedab-9ed5-48d0-a83b-fc00c33d6d6b-1430079192907-1.7-f-04-ti.wav,..\dataset\tired\d5abedab-9ed5-48d0-a83b-fc00c33d6d6b-1430079192907-1.7-f-04-ti.wav,tired,únava,dívka,0–4 týdny,False,0,-671.505126953125,85.07653045654297,3.7581496238708496,40.80998229980469,-16.565753936767578,23.726076126098633,17.12353515625,20.777944564819336,-21.9465389251709,17.24884033203125,1.7889933586120605,10.595046043395996,-11.433992385864258,11.066932678222656,0.940037727355957,9.023235321044922,-13.457541465759277,11.269003868103027,2.050081491470337,9.612848281860352,-6.553419589996338,9.197259902954102,-3.7704501152038574,8.986103057861328,-4.236388683319092,8.738110542297363
d5abedab-9ed5-48d0-a83b-fc00c33d6d6b-1430079192907-1.7-f-04-ti.wav,..\dataset\tired\d5abedab-9ed5-48d0-a83b-fc00c33d6d6b-1430079192907-1.7-f-04-ti.wav,tired,únava,dívka,0–4 týdny,True,1,-355.9729919433594,12.319108963012695,-4.597859859466553,8.634902000427246,0.6294478178024292,8.561633110046387,1.8191243410110474,9.662287712097168,-0.5945003628730774,7.940724849700928,-0.6291847229003906,7.872994899749756,0.4631492495536804,7.565735340118408,-0.24651886522769928,7.166355133056641,-0.5260798335075378,8.351560592651367,0.2237829864025116,7.276672840118408,-0.2492222636938095,7.4183220863342285,-0.8124418258666992,7.636864185333252,0.5004320740699768,7.599133014678955
d5abedab-9ed5-48d0-a83b-fc00c33d6d6b-1430079192907-1.7-f-04-ti.wav,..\dataset\tired\d5abedab-9ed5-48d0-a83b-fc00c33d6d6b-1430079192907-1.7-f-04-ti.wav,tired,únava,dívka,0–4 týdny,True,2,-355.3623962402344,11.823664665222168,-5.46998405456543,8.749921798706055,0.12919801473617554,8.855542182922363,1.947104573249817,9.655717849731445,-0.9925129413604736,7.6515374183654785,-1.6870059967041016,7.783215522766113,1.0413470268249512,7.6828789710998535,0.5169483423233032,7.141901016235352,-0.9738187789916992,8.109200477600098,0.6988308429718018,7.506193161010742,0.26706209778785706,7.48886251449585,-0.6528816819190979,7.6784467697143555,0.09272563457489014,7.593864917755127
aaa57dbd-7b88-454a-963e-6faa2f4ed4e7-1436910225455-1.7-f-04-hu.wav,..\dataset\hungry\aaa57dbd-7b88-454a-963e-6faa2f4ed4e7-1436910225455-1.7-f-04-hu.wav,hungry,hlad,dívka,0–4 týdny,False,0,-644.6265869140625,118.08615112304688,19.19402503967285,28.161556243896484,4.267977237701416,24.474641799926758,7.834084510803223,11.190011024475098,1.167060136795044,18.109956741333008,-0.5090101361274719,11.998590469360352,-8.622611045837402,12.804139137268066,-3.8145861625671387,7.685554027557373,-3.818340539932251,7.8175835609436035,-1.0017668008804321,7.179229259490967,-3.3051750659942627,8.30839729309082,-1.6279032230377197,10.351322174072266,-4.228389739990234,8.972769737243652
A123AD65-38D3-4A65-AB37-330034765840-1430093710-1.0-m-04-hu.wav,..\dataset\hungry\A123AD65-38D3-4A65-AB37-330034765840-1430093710-1.0-m-04-hu.wav,hungry,hlad,chlapec,0–4 týdny,False,0,-457.6208190917969,47.2305793762207,62.56137466430664,28.044010162353516,8.29416275024414,15.985762596130371,11.126667976379395,13.826550483703613,-14.514110565185547,13.634129524230957,-9.79736614227295,12.069418907165527,-18.755821228027344,10.626136779785156,-8.260919570922852,11.733677864074707,-15.815258026123047,10.296707153320312,-7.014970302581787,10.191128730773926,-12.57621955871582,8.51651382446289,-9.237210273742676,11.019547462463379,-9.592780113220215,10.576738357543945
cda99fcf-d010-47b4-8987-f54be313ddbd-1429973787766-1.7-f-26-hu.wav,..\dataset\hungry\cda99fcf-d010-47b4-8987-f54be313ddbd-1429973787766-1.7-f-26-hu.wav,hungry,hlad,dívka,2–6 měsíců,False,0,-464.2878112792969,70.74504852294922,75.8935317993164,35.248104095458984,-62.30665588378906,41.378841400146484,-10.107471466064453,24.746641159057617,-2.781707763671875,16.00180435180664,1.6241625547409058,15.203160285949707,-7.583080768585205,14.291669845581055,-15.521134376525879,13.751819610595703,-12.670096397399902,12.44433879852295,0.04222100228071213,10.38598346710205,-16.966459274291992,10.686606407165527,-6.107183456420898,13.640125274658203,-7.049676418304443,20.40479278564453
9fe37482-6a64-401d-b8b9-3e47d6ed9ac0-1430047399844-1.7-f-26-hu.wav,..\dataset\hungry\9fe37482-6a64-401d-b8b9-3e47d6ed9ac0-1430047399844-1.7-f-26-hu.wav,hungry,hlad,dívka,2–6 měsíců,False,0,-558.316162109375,142.01092529296875,26.91840934753418,24.750333786010742,-21.6332950592041,36.9969367980957,-4.909422874450684,14.384300231933594,-15.222908020019531,20.911853790283203,6.9564433097839355,11.862360000610352,-9.272358894348145,12.144841194152832,-11.474150657653809,12.951709747314453,-9.924105644226074,11.469542503356934,-2.4485347270965576,13.338197708129883,-1.3255261182785034,13.419360160827637,1.308010458946228,14.655515670776367,-2.751133441925049,14.18002986907959
1309B82C-F146-46F0-A723-45345AFA6EA8-1432801693-1.1-f-26-dc.wav,..\dataset\discomfort\1309B82C-F146-46F0-A723-45345AFA6EA8-1432801693-1.1-f-26-dc.wav,discomfort,nepohodlí,dívka,2–6 měsíců,False,0,-347.6527404785156,165.81272888183594,25.371076583862305,36.41630554199219,-23.824859619140625,24.70697021484375,-26.741455078125,20.79286766052246,-28.13581085205078,25.656185150146484,5.72970724105835,15.063700675964355,-19.649999618530273,14.257692337036133,-4.192169666290283,15.369773864746094,-13.030815124511719,12.760185241699219,-4.9383039474487305,15.7052583694458,-3.941596508026123,16.1737060546875,6.095205783843994,20.27642250061035,11.504520416259766,25.150684356689453
1309B82C-F146-46F0-A723-45345AFA6EA8-1432801693-1.1-f-26-dc.wav,..\dataset\discomfort\1309B82C-F146-46F0-A723-45345AFA6EA8-1432801693-1.1-f-26-dc.wav,discomfort,nepohodlí,dívka,2–6 měsíců,True,1,-266.5629577636719,84.42550659179688,6.323113918304443,22.082460403442383,-17.73721694946289,23.45026397705078,-18.6131591796875,19.071195602416992,-13.854301452636719,18.273876190185547,1.0474148988723755,11.497786521911621,-11.314384460449219,16.36458969116211,0.33798569440841675,11.864309310913086,-7.1514410972595215,11.918218612670898,-1.9641354084014893,13.434805870056152,0.6630545854568481,14.199755668640137,9.038591384887695,16.217571258544922,13.424687385559082,21.094196319580078
1309B82C-F146-46F0-A723-45345AFA6EA8-1432801693-1.1-f-26-dc.wav,..\dataset\discomfort\1309B82C-F146-46F0-A723-45345AFA6EA8-1432801693-1.1-f-26-dc.wav,discomfort,nepohodlí,dívka,2–6 měsíců,True,2,-258.7269287109375,78.91616821289062,5.08643102645874,21.063169479370117,-17.53473472595215,22.776533126831055,-17.706581115722656,18.932065963745117,-12.131875991821289,18.158239364624023,0.6435599327087402,11.080039978027344,-11.267168998718262,15.76917839050293,0.574507474899292,11.44214153289795,-6.626112937927246,11.401104927062988,-1.58896005153656,13.098191261291504,1.4890004396438599,14.208307266235352,9.14323616027832,16.42137336730957,13.312766075134277,20.954727172851562
9aa8bac5-eeb9-4f19-a4bf-7c439e87364b-1430745312460-1.7-m-04-hu.wav,..\dataset\hungry\9aa8bac5-eeb9-4f19-a4bf-7c439e87364b-1430745312460-1.7-m-04-hu.wav,hungry,hlad,chlapec,0–4 týdny,False,0,-647.7149658203125,133.21681213378906,39.150447845458984,39.20341873168945,9.785279273986816,23.38187599182129,-8.373296737670898,26.80626106262207,4.053990364074707,17.811826705932617,-3.4669954776763916,14.69133186340332,-3.2897539138793945,14.332184791564941,-1.6057595014572144,12.808161735534668,-1.5282273292541504,14.935744285583496,1.0061675310134888,15.341265678405762,-4.713769435882568,12.10546588897705,-8.700162887573242,10.264477729797363,-5.973818778991699,9.7955904006958
63CA92F7-973A-4DCA-A410-7B19811A2478-1430041902-1.0-f-26-hu.wav,..\dataset\hungry\63CA92F7-973A-4DCA-A410-7B19811A2478-1430041902-1.0-f-26-hu.wav,hungry,hlad,dívka,2–6 měsíců,False,0,-639.2863159179688,118.24510955810547,39.69723892211914,28.848703384399414,-5.045348644256592,20.613365173339844,-0.12230609357357025,13.14881420135498,-19.857891082763672,13.788491249084473,-11.438752174377441,17.531543731689453,-24.930328369140625,10.259400367736816,-16.77722930908203,10.909875869750977,-16.46845245361328,10.478448867797852,-8.996245384216309,10.23633098602295,-8.158879280090332,10.296120643615723,-5.40071439743042,9.500332832336426,-5.037936210632324,9.615949630737305
c6fd9d60-0fa7-44c0-b3ce-0192527d7b81-1430038968282-1.7-m-04-hu.wav,..\dataset\hungry\c6fd9d60-0fa7-44c0-b3ce-0192527d7b81-1430038968282-1.7-m-04-hu.wav,hungry,hlad,chlapec,0–4 týdny,False,0,-403.88031005859375,157.70480346679688,17.10784149169922,49.3078727722168,-44.755470275878906,32.765907287597656,-5.594183444976807,17.481199264526367,-31.093778610229492,19.922019958496094,5.043957233428955,18.943510055541992,-24.520980834960938,17.009647369384766,-7.110442161560059,13.75414752960205,-13.430699348449707,13.965433120727539,-12.443122863769531,10.73094654083252,-0.19000457227230072,14.505468368530273,12.800204277038574,18.166616439819336,9.922243118286133,27.079296112060547
0c8f14a9-6999-485b-97a2-913c1cbf099c-1430760394426-1.7-m-26-hu.wav,..\dataset\hungry\0c8f14a9-6999-485b-97a2-913c1cbf099c-1430760394426-1.7-m-26-hu.wav,hungry,hlad,chlapec,2–6 měsíců,False,0,-463.8849792480469,164.12142944335938,20.020479202270508,48.20636749267578,-3.613055467605591,32.99665832519531,4.78478479385376,23.5445556640625,-16.72987174987793,22.3096981048584,0.38824141025543213,16.925312042236328,-9.433627128601074,13.889293670654297,-13.091660499572754,13.876751899719238,-13.375450134277344,9.83023452758789,-4.318434715270996,10.941569328308105,-11.214500427246094,11.018550872802734,-4.216133117675781,11.474919319152832,-1.4843429327011108,16.997661590576172
643D64AD-B711-469A-AF69-55C0D5D3E30F-1430138591-1.0-m-72-bp.wav,..\dataset\belly_pain\643D64AD-B711-469A-AF69-55C0D5D3E30F-1430138591-1.0-m-72-bp.wav,belly_pain,bolest břicha,chlapec,7 měsíců–2 roky,False,0,-561.2457885742188,81.70706939697266,63.84555435180664,23.389404296875,-11.923190116882324,15.094677925109863,-15.494802474975586,14.638450622558594,-24.62925148010254,16.2613582611084,-19.96767807006836,16.139583587646484,-24.07483673095703,12.647411346435547,-17.82108497619629,10.185650825500488,-9.871048927307129,10.562223434448242,-9.083088874816895,8.563916206359863,-9.173165321350098,9.72903060913086,-1.357129693031311,15.322067260742188,0.25241634249687195,23.388303756713867
643D64AD-B711-469A-AF69-55C0D5D3E30F-1430138591-1.0-m-72-bp.wav,..\dataset\belly_pain\643D64AD-B711-469A-AF69-55C0D5D3E30F-1430138591-1.0-m-72-bp.wav,belly_pain,bolest břicha,chlapec,7 měsíců–2 roky,True,1,-363.933349609375,22.2916259765625,8.872692108154297,18.45234489440918,3.1527609825134277,8.124631881713867,-3.556241035461426,10.261472702026367,-5.670759201049805,12.338006973266602,-7.643317222595215,12.680868148803711,-6.439567565917969,11.807405471801758,-4.289895057678223,9.711167335510254,-3.4236059188842773,8.908751487731934,-3.1536145210266113,8.272305488586426,-0.30758771300315857,8.588763236999512,3.4009315967559814,12.382726669311523,6.4484429359436035,16.697725296020508
643D64AD-B711-469A-AF69-55C0D5D3E30F-1430138591-1.0-m-72-bp.wav,..\dataset\belly_pain\643D64AD-B711-469A-AF69-55C0D5D3E30F-1430138591-1.0-m-72-bp.wav,belly_pain,bolest břicha,chlapec,7 měsíců–2 roky,True,2,-346.2598571777344,20.53754997253418,7.13256311416626,17.78238868713379,3.1382453441619873,8.144670486450195,-3.4258816242218018,10.289175987243652,-5.45659875869751,11.416419982910156,-6.540756702423096,11.904385566711426,-6.110333442687988,11.595470428466797,-4.498919486999512,10.338038444519043,-2.771578788757324,8.319541931152344,-2.4201865196228027,8.196741104125977,-0.2720789611339569,8.568095207214355,3.5677738189697266,11.69624137878418,6.86863374710083,15.266634941101074
F95D4BCE-2FB0-4A0C-A058-BFB0674539AF-1430055809-1.0-m-26-hu.wav,..\dataset\hungry\F95D4BCE-2FB0-4A0C-A058-BFB0674539AF-1430055809-1.0-m-26-hu.wav,hungry,hlad,chlapec,2–6 měsíců,False,0,-383.48712158203125,85.67755126953125,41.66293716430664,46.09872055053711,-24.31707191467285,31.47242546081543,-0.6598217487335205,16.772640228271484,-10.364625930786133,19.08437156677246,-1.2835596799850464,15.008408546447754,-16.548078536987305,12.013494491577148,-8.736273765563965,9.712691307067871,-18.490591049194336,8.989203453063965,-12.717528343200684,9.947985649108887,-12.116909980773926,9.164938926696777,-7.12204647064209,10.610543251037598,-7.627607822418213,11.623699188232422
69374818-7b73-48ac-8200-e6a225e293fb-1430746091424-1.7-m-04-hu.wav,..\dataset\hungry\69374818-7b73-48ac-8200-e6a225e293fb-1430746091424-1.7-m-04-hu.wav,hungry,hlad,chlapec,0–4 týdny,False,0,-421.0423583984375,127.04155731201172,41.8725471496582,32.176551818847656,-43.54499816894531,30.56639289855957,-14.501934051513672,23.2763671875,-24.502037048339844,21.167049407958984,-9.797186851501465,14.538683891296387,-12.201553344726562,15.701364517211914,-12.664076805114746,12.726638793945312,-10.193584442138672,13.255741119384766,-4.002865314483643,11.800259590148926,-7.410987377166748,13.37341022491455,2.365705966949463,14.291948318481445,-2.2870030403137207,18.05693817138672
36f1b3ec-3d2a-470e-af6f-0a8cc11b2723-1430237012976-1.7-m-04-hu.wav,..\dataset\hungry\36f1b3ec-3d2a-470e-af6f-0a8cc11b2723-1430237012976-1.7-m-04-hu.wav,hungry,hlad,chlapec,0–4 týdny,False,0,-522.980224609375,111.932373046875,0.5790604948997498,44.610504150390625,-23.26127052307129,34.51959991455078,27.426109313964844,26.931640625,-14.753113746643066,28.141260147094727,-9.171914100646973,20.371747970581055,-1.983879804611206,22.3151798248291,-4.0997772216796875,20.017658233642578,-7.655400276184082,20.50625228881836,4.317253112792969,14.166131019592285,-0.15254217386245728,14.207505226135254,-1.5105328559875488,13.025169372558594,-0.5355531573295593,12.48868465423584
7E4B9C14-F955-4BED-9B03-7F3096A6CBFF-1430232180-1.0-f-26-hu.wav,..\dataset\hungry\7E4B9C14-F955-4BED-9B03-7F3096A6CBFF-1430232180-1.0-f-26-hu.wav,hungry,hlad,dívka,2–6 měsíců,False,0,-438.15008544921875,166.86514282226562,24.701595306396484,28.055892944335938,-31.806318283081055,27.857763290405273,-19.235116958618164,15.864022254943848,-14.56839656829834,12.646428108215332,-2.735332489013672,18.303985595703125,-11.42808723449707,15.836705207824707,-3.366368293762207,16.83942985534668,-9.426440238952637,10.726128578186035,-6.029159069061279,15.146276473999023,4.911250591278076,23.283405303955078,4.8959245681762695,20.481733322143555,-2.9244117736816406,18.39786148071289
D833237F-1F7C-4338-BEDE-84C0CF5F4145-1430083995-1.0-f-26-hu.wav,..\dataset\hungry\D833237F-1F7C-4338-BEDE-84C0CF5F4145-1430083995-1.0-f-26-hu.wav,hungry,hlad,dívka,2–6 měsíců,False,0,-426.28582763671875,63.03007507324219,70.30448913574219,28.61427116394043,-44.88138198852539,20.291709899902344,-33.68197250366211,18.397811889648438,-51.32730484008789,18.460142135620117,-0.985485315322876,21.441452026367188,-12.883294105529785,16.603763580322266,-19.987220764160156,13.586003303527832,-13.791974067687988,22.233543395996094,-0.21476921439170837,18.244577407836914,-1.9561491012573242,17.459714889526367,-7.313047409057617,19.605682373046875,-18.265892028808594,15.874277114868164
B400D2D0-9FCE-472E-A152-1FF349B9B407-1436845915-1.1-m-04-hu.wav,..\dataset\hungry\B400D2D0-9FCE-472E-A152-1FF349B9B407-1436845915-1.1-m-04-hu.wav,hungry,hlad,chlapec,0–4 týdny,False,0,-513.2854614257812,60.37156677246094,55.73397445678711,27.732269287109375,2.0535342693328857,15.942267417907715,7.8167901039123535,14.26656723022461,-15.30270767211914,13.433222770690918,-2.90740704536438,11.006138801574707,-7.650842189788818,12.127943992614746,-8.024961471557617,10.351983070373535,-10.472749710083008,11.153656005859375,-5.533412933349609,11.113264083862305,-9.355764389038086,10.03807258605957,-5.7955427169799805,9.705155372619629,-9.03683090209961,8.339022636413574
d6cda191-4962-4308-9a36-46d5648a95ed-1431882043380-1.7-m-04-hu.wav,..\dataset\hungry\d6cda191-4962-4308-9a36-46d5648a95ed-1431882043380-1.7-m-04-hu.wav,hungry,hlad,chlapec,0–4 týdny,False,0,-486.07586669921875,200.59323120117188,-41.66887283325195,34.41242599487305,-28.498729705810547,31.89655303955078,16.96137809753418,23.186208724975586,-24.171613693237305,19.506580352783203,10.606080055236816,12.953295707702637,-16.255496978759766,13.430047988891602,2.11495304107666,10.661579132080078,-6.627429485321045,11.203420639038086,-0.6478279232978821,12.87147331237793,-2.8875155448913574,10.049436569213867,2.7807233333587646,10.538982391357422,-8.698664665222168,11.428082466125488
9CFD61B9-BF13-406D-8B2F-F73CFAAF25CB-1430927716-1.0-f-04-hu.wav,..\dataset\hungry\9CFD61B9-BF13-406D-8B2F-F73CFAAF25CB-1430927716-1.0-f-04-hu.wav,hungry,hlad,dívka,0–4 týdny,False,0,-428.82373046875,91.82329559326172,53.40101623535156,28.260454177856445,-4.839544773101807,20.499971389770508,0.775201141834259,20.413555145263672,-14.577985763549805,17.895549774169922,2.3414063453674316,17.060701370239258,-9.17706298828125,12.477540016174316,-10.493756294250488,12.77391242980957,-11.9058198928833,9.736828804016113,-12.750988006591797,11.179827690124512,-11.588041305541992,13.882142066955566,-0.9497836232185364,21.300365447998047,5.7932562828063965,25.963041305541992
c10e2b0f-0cb8-4485-b82f-d453edf97db7-1430739179429-1.7-f-26-hu.wav,..\dataset\hungry\c10e2b0f-0cb8-4485-b82f-d453edf97db7-1430739179429-1.7-f-26-hu.wav,hungry,hlad,dívka,2–6 měsíců,False,0,-409.9048767089844,193.7610321044922,-11.93313980102539,25.5700740814209,-3.746900796890259,22.302997589111328,-11.301687240600586,23.721681594848633,-49.09360122680664,25.317230224609375,27.603389739990234,21.079992294311523,-32.940921783447266,19.51242446899414,-3.174039840698242,10.210707664489746,-17.661945343017578,12.309922218322754,-2.660808801651001,12.46850872039795,1.6542719602584839,15.993870735168457,17.095117568969727,17.404956817626953,4.330684661865234,18.533246994018555
FF2CD2F6-404D-4626-8718-6E6C751F63B8-1431104396-1.0-m-04-hu.wav,..\dataset\hungry\FF2CD2F6-404D-4626-8718-6E6C751F63B8-1431104396-1.0-m-04-hu.wav,hungry,hlad,chlapec,0–4 týdny,False,0,-427.1059265136719,89.99791717529297,57.87848663330078,17.606361389160156,-23.496328353881836,15.70732307434082,-13.313213348388672,20.51905632019043,-38.67925262451172,18.819496154785156,-21.04391860961914,11.89394760131836,-8.865470886230469,11.5275239944458,-21.693500518798828,11.671867370605469,-19.85602569580078,10.476752281188965,-14.771385192871094,10.9273681640625,-14.240117073059082,16.568132400512695,12.928136825561523,22.56631851196289,10.365767478942871,24.85828399658203
2294E2B2-8E36-4DA6-A898-B947CB9446AB-1436462707-1.1-m-26-dc.wav,..\dataset\discomfort\2294E2B2-8E36-4DA6-A898-B947CB9446AB-1436462707-1.1-m-26-dc.wav,discomfort,nepohodlí,chlapec,2–6 měsíců,False,0,-390.3059387207031,110.4340591430664,39.57081985473633,53.867279052734375,-1.2336153984069824,16.122480392456055,9.09144401550293,13.818944931030273,-6.573526382446289,16.912830352783203,-0.060531724244356155,12.279476165771484,-5.817984104156494,11.643617630004883,-21.010635375976562,12.881941795349121,-13.516023635864258,13.212613105773926,-7.487159729003906,17.4532413482666,-7.41758918762207,18.536821365356445,2.419227361679077,20.521629333496094,-9.117000579833984,16.03447914123535
2294E2B2-8E36-4DA6-A898-B947CB9446AB-1436462707-1.1-m-26-dc.wav,..\dataset\discomfort\2294E2B2-8E36-4DA6-A898-B947CB9446AB-1436462707-1.1-m-26-dc.wav,discomfort,nepohodlí,chlapec,2–6 měsíců,True,1,-298.9700927734375,36.35597229003906,4.557064056396484,19.68096160888672,3.3529655933380127,14.0254487991333,3.072814464569092,9.359626770019531,-3.5669732093811035,10.77103042602539,1.6593952178955078,9.462868690490723,-1.8387696743011475,9.210107803344727,-10.179377555847168,10.263301849365234,-7.130939960479736,11.330706596374512,-4.71133279800415,13.689653396606445,-3.090085744857788,13.547654151916504,4.896620273590088,15.227021217346191,-5.1655449867248535,12.894294738769531
2294E2B2-8E36-4DA6-A898-B947CB9446AB-1436462707-1.1-m-26-dc.wav,..\dataset\discomfort\2294E2B2-8E36-4DA6-A898-B947CB9446AB-1436462707-1.1-m-26-dc.wav,discomfort,nepohodlí,chlapec,2–6 měsíců,True,2,-312.10382080078125,41.37236785888672,5.897382736206055,21.965530395507812,4.423009395599365,15.075136184692383,4.859592437744141,10.076659202575684,-3.4731647968292236,11.365118026733398,1.6171159744262695,9.486188888549805,-2.2683262825012207,9.44985580444336,-10.683065414428711,10.645434379577637,-8.429861068725586,12.10747241973877,-4.966997146606445,14.652786254882812,-3.403587818145752,14.92449951171875,5.136135101318359,16.258142471313477,-5.440739631652832,13.77171802520752
edb5924c-07ba-4eaa-838b-aaf9511a219b-1431894189631-1.7-m-48-hu.wav,..\dataset\hungry\edb5924c-07ba-4eaa-838b-aaf9511a219b-1431894189631-1.7-m-48-hu.wav,hungry,hlad,chlapec,4–8 týdnů,False,0,-420.6885681152344,128.69186401367188,32.999420166015625,44.35768127441406,-19.38343048095703,28.97530174255371,-10.526734352111816,17.045011520385742,-19.454896926879883,20.139080047607422,7.661657810211182,19.14735984802246,-16.529218673706055,16.40583610534668,-11.953757286071777,15.45966625213623,-9.997479438781738,12.390424728393555,-2.621502161026001,13.22613525390625,-7.175531387329102,12.528274536132812,-0.29224130511283875,11.637909889221191,-6.61458158493042,10.576356887817383
C249BCDD-0F65-4D6A-82BE-43C4006E3DDB-1436891742-1.1-m-72-hu.wav,..\dataset\hungry\C249BCDD-0F65-4D6A-82BE-43C4006E3DDB-1436891742-1.1-m-72-hu.wav,hungry,hlad,chlapec,7 měsíců–2 roky,False,0,-455.181884765625,128.7548828125,23.9857177734375,35.04311752319336,-12.703804969787598,16.911771774291992,-3.605081081390381,15.275845527648926,-34.22331619262695,18.097864151000977,-12.543439865112305,20.288827896118164,-15.216527938842773,9.84057331085205,-8.407915115356445,9.817617416381836,-6.973054885864258,11.837570190429688,-9.414676666259766,11.475619316101074,-12.513252258300781,15.847274780273438,5.020856857299805,19.43794822692871,-4.980252265930176,19.073402404785156
2439388A-9CF2-4D3B-9534-E6951FC9EAD4-1436877953-1.1-m-26-hu.wav,..\dataset\hungry\2439388A-9CF2-4D3B-9534-E6951FC9EAD4-1436877953-1.1-m-26-hu.wav,hungry,hlad,chlapec,2–6 měsíců,False,0,-470.1657409667969,66.43401336669922,58.8133430480957,18.778047561645508,-18.834516525268555,16.972421646118164,-8.796730041503906,21.394968032836914,-19.999252319335938,16.695114135742188,-11.776754379272461,13.946037292480469,-10.450196266174316,9.940205574035645,-8.879817008972168,9.315824508666992,-8.669240951538086,9.449989318847656,-9.175614356994629,12.88443660736084,-5.853565692901611,15.35740852355957,-5.987700939178467,14.318229675292969,-7.593458652496338,13.790135383605957
40a4c760-facf-4911-b0a6-22eccc3ab18d-1430466393384-1.7-f-26-hu.wav,..\dataset\hungry\40a4c760-facf-4911-b0a6-22eccc3ab18d-1430466393384-1.7-f-26-hu.wav,hungry,hlad,dívka,2–6 měsíců,False,0,-296.03466796875,99.338623046875,39.40617370605469,32.662288665771484,1.582801103591919,13.42516040802002,-48.71269226074219,22.886667251586914,-26.67537498474121,16.207889556884766,-13.181281089782715,12.395380973815918,-14.759675025939941,16.0042724609375,-10.845715522766113,17.246732711791992,-5.511692047119141,22.358680725097656,3.5945026874542236,17.43646240234375,-3.8287553787231445,20.01268196105957,-0.6568993330001831,20.400854110717773,-7.03656530380249,17.92767906188965
c6fd9d60-0fa7-44c0-b3ce-0192527d7b81-1429978271017-1.7-m-04-hu.wav,..\dataset\hungry\c6fd9d60-0fa7-44c0-b3ce-0192527d7b81-1429978271017-1.7-m-04-hu.wav,hungry,hlad,chlapec,0–4 týdny,False,0,-417.93121337890625,142.08631896972656,57.25212478637695,34.52783203125,-13.492668151855469,30.180768966674805,-6.0834126472473145,13.858027458190918,-19.59845542907715,15.26216983795166,-16.99236488342285,14.544109344482422,-13.319212913513184,17.105724334716797,-10.291125297546387,13.261861801147461,-11.804916381835938,11.281753540039062,-2.8928613662719727,11.850231170654297,-1.5115396976470947,15.878802299499512,-0.016427425667643547,15.509679794311523,-4.840986728668213,16.27419662475586
af30880e-5f98-4dc0-b37a-be6b21fa0ba3-1431240037389-1.7-m-26-hu.wav,..\dataset\hungry\af30880e-5f98-4dc0-b37a-be6b21fa0ba3-1431240037389-1.7-m-26-hu.wav,hungry,hlad,chlapec,2–6 měsíců,False,0,-313.265380859375,160.89247131347656,23.652706146240234,45.88227081298828,-19.55692481994629,25.092294692993164,-5.865004539489746,19.893701553344727,-51.14990234375,25.385393142700195,-15.423192977905273,15.203659057617188,-17.029138565063477,12.477802276611328,1.1796133518218994,12.044072151184082,-6.322592258453369,15.198042869567871,-0.49798744916915894,11.122570037841797,-7.083198547363281,12.612907409667969,5.162610054016113,17.26752281188965,-5.330516815185547,14.874841690063477
3DF341FA-E90B-4335-A51A-A9B0769150CE-1436859328-1.1-m-04-hu.wav,..\dataset\hungry\3DF341FA-E90B-4335-A51A-A9B0769150CE-1436859328-1.1-m-04-hu.wav,hungry,hlad,chlapec,0–4 týdny,False,0,-395.9101257324219,65.46015167236328,36.03998947143555,39.444210052490234,2.980081081390381,13.27114486694336,12.009526252746582,12.168859481811523,-9.533957481384277,14.377893447875977,-16.93189239501953,11.640491485595703,-14.821393966674805,11.924241065979004,-16.64156723022461,12.897871017456055,-28.1771183013916,9.842690467834473,-9.840956687927246,11.572221755981445,-6.078563690185547,8.690650939941406,2.150259256362915,11.177424430847168,-6.30199670791626,9.7349271774292
63CA92F7-973A-4DCA-A410-7B19811A2478-1430041884-1.0-f-26-hu.wav,..\dataset\hungry\63CA92F7-973A-4DCA-A410-7B19811A2478-1430041884-1.0-f-26-hu.wav,hungry,hlad,dívka,2–6 měsíců,False,0,-589.0153198242188,122.91291809082031,36.853759765625,29.519458770751953,-16.247268676757812,25.708209991455078,-7.9739603996276855,15.279813766479492,-17.53370475769043,16.506860733032227,-9.009387016296387,17.21639060974121,-22.386619567871094,10.929656028747559,-20.241680145263672,12.58041000366211,-16.078393936157227,10.411048889160156,-7.521923065185547,9.953579902648926,-4.815316677093506,9.44832706451416,-0.006375409197062254,10.877755165100098,-6.547554016113281,10.852560997009277
96986c8b-9988-4c37-a0f8-e7c4269cc3ac-1431719845836-1.7-m-26-hu.wav,..\dataset\hungry\96986c8b-9988-4c37-a0f8-e7c4269cc3ac-1431719845836-1.7-m-26-hu.wav,hungry,hlad,chlapec,2–6 měsíců,False,0,-419.4615173339844,107.09728240966797,60.128746032714844,35.01997756958008,-56.19523620605469,35.57528305053711,-21.243022918701172,21.070209503173828,-8.789655685424805,18.073863983154297,-6.018979549407959,16.85628890991211,-3.772481918334961,15.36685848236084,-2.6701037883758545,13.210206031799316,-11.883540153503418,17.367212295532227,-1.1135004758834839,22.222537994384766,2.2186405658721924,21.595699310302734,11.575040817260742,29.88367462158203,2.764920473098755,27.534862518310547
5afc6a14-a9d8-45f8-b31d-c79dd87cc8c6-1430757039803-1.7-m-48-bu.wav,..\dataset\burping\5afc6a14-a9d8-45f8-b31d-c79dd87cc8c6-1430757039803-1.7-m-48-bu.wav,burping,říhání,chlapec,4–8 týdnů,False,0,-296.03533935546875,162.6562042236328,-54.1641960144043,44.58681869506836,-27.711191177368164,19.2225341796875,-16.1393985748291,16.188749313354492,-7.255712985992432,17.240827560424805,9.049761772155762,13.687753677368164,-27.40740394592285,16.0400390625,3.6140666007995605,15.835773468017578,-3.7673847675323486,12.201189994812012,-0.9272957444190979,12.288820266723633,-4.5897440910339355,15.292167663574219,0.6358423829078674,12.225136756896973,-3.8934268951416016,13.085073471069336
5afc6a14-a9d8-45f8-b31d-c79dd87cc8c6-1430757039803-1.7-m-48-bu.wav,..\dataset\burping\5afc6a14-a9d8-45f8-b31d-c79dd87cc8c6-1430757039803-1.7-m-48-bu.wav,burping,říhání,chlapec,4–8 týdnů,True,1,-239.89077758789062,64.7293701171875,-47.10715866088867,28.202289581298828,-17.58693504333496,15.550620079040527,-10.392147064208984,13.230951309204102,-2.3592662811279297,16.621440887451172,11.282093048095703,13.52147102355957,-22.577011108398438,15.49038028717041,7.913599967956543,14.762895584106445,-0.16908274590969086,11.62547492980957,1.899233341217041,12.309582710266113,-1.5789657831192017,14.769051551818848,3.0872812271118164,11.590351104736328,-0.8004337549209595,12.324285507202148
5afc6a14-a9d8-45f8-b31d-c79dd87cc8c6-1430757039803-1.7-m-48-bu.wav,..\dataset\burping\5afc6a14-a9d8-45f8-b31d-c79dd87cc8c6-1430757039803-1.7-m-48-bu.wav,burping,říhání,chlapec,4–8 týdnů,True,2,-232.43014526367188,58.16815948486328,-44.5698356628418,26.680410385131836,-15.86841869354248,14.628377914428711,-9.505373001098633,12.178620338439941,-1.9659582376480103,16.65042495727539,11.398884773254395,13.11453628540039,-22.39826011657715,15.062826156616211,7.31272554397583,14.3358793258667,-0.15990692377090454,11.65495491027832,1.9575161933898926,12.429701805114746,-1.1986966133117676,14.053996086120605,3.185976266860962,11.34212589263916,-0.6495969295501709,12.425521850585938
d6cda191-4962-4308-9a36-46d5648a95ed-1431159272600-1.7-m-04-bp.wav,..\dataset\belly_pain\d6cda191-4962-4308-9a36-46d5648a95ed-1431159272600-1.7-m-04-bp.wav,belly_pain,bolest břicha,chlapec,0–4 týdny,False,0,-428.76409912109375,128.54989624023438,-25.94186019897461,32.38478469848633,-49.70478439331055,29.12221336364746,-13.84768009185791,19.79429054260254,-14.448628425598145,18.01751708984375,14.407825469970703,17.026046752929688,-25.15899085998535,13.96155071258545,4.498093605041504,13.079839706420898,-14.125604629516602,15.051765441894531,-8.074636459350586,13.804707527160645,0.9885337352752686,14.25271224975586,12.033227920532227,20.718976974487305,6.956218242645264,21.91325569152832
d6cda191-4962-4308-9a36-46d5648a95ed-1431159272600-1.7-m-04-bp.wav,..\dataset\belly_pain\d6cda191-4962-4308-9a36-46d5648a95ed-1431159272600-1.7-m-04-bp.wav,belly_pain,bolest břicha,chlapec,0–4 týdny,True,1,-320.356201171875,38.65998077392578,-9.132712364196777,14.778050422668457,-20.53015899658203,19.67949676513672,-4.582430839538574,11.748985290527344,-2.4979872703552246,12.122383117675781,7.449131488800049,13.538692474365234,-10.115567207336426,11.731365203857422,1.9681529998779297,10.584467887878418,-6.0458664894104,11.955853462219238,-8.279092788696289,11.394537925720215,4.850889205932617,11.574509620666504,8.793341636657715,15.205306053161621,7.413113117218018,16.852035522460938
d6cda191-4962-4308-9a36-46d5648a95ed-1431159272600-1.7-m-04-bp.wav,..\dataset\belly_pain\d6cda191-4962-4308-9a36-46d5648a95ed-1431159272600-1.7-m-04-bp.wav,belly_pain,bolest břicha,chlapec,0–4 týdny,True,2,-311.49749755859375,35.66525650024414,-8.225610733032227,13.362820625305176,-18.88298988342285,18.513492584228516,-4.434171199798584,11.990154266357422,-1.9831631183624268,12.222308158874512,6.761292457580566,12.719318389892578,-9.32875919342041,11.278254508972168,1.9729464054107666,10.174051284790039,-5.375664710998535,11.461397171020508,-7.393096446990967,10.729103088378906,5.377764701843262,10.70727825164795,8.833571434020996,14.523937225341797,7.161183834075928,15.96039867401123
eea17285-4ab9-4d34-a2f5-55fc8c866ac6-1431887695278-1.7-f-26-ti.wav,..\dataset\tired\eea17285-4ab9-4d34-a2f5-55fc8c866ac6-1431887695278-1.7-f-26-ti.wav,tired,únava,dívka,2–6 měsíců,False,0,-704.0802001953125,92.15078735351562,59.37943649291992,22.475202560424805,25.463768005371094,17.48183250427246,19.808757781982422,13.680436134338379,6.614957332611084,13.587934494018555,3.3841323852539062,11.66834545135498,-0.8793249726295471,11.374868392944336,5.057170391082764,9.823699951171875,-8.747735977172852,9.891880989074707,3.3910701274871826,9.080756187438965,-8.176217079162598,9.016141891479492,-0.12102270126342773,8.316398620605469,-8.998106956481934,8.613722801208496
eea17285-4ab9-4d34-a2f5-55fc8c866ac6-1431887695278-1.7-f-26-ti.wav,..\dataset\tired\eea17285-4ab9-4d34-a2f5-55fc8c866ac6-1431887695278-1.7-f-26-ti.wav,tired,únava,dívka,2–6 měsíců,True,1,-343.5425720214844,7.631695747375488,-2.9311816692352295,7.1096882820129395,1.8955214023590088,7.5297441482543945,-0.09520137310028076,7.710516452789307,0.7195338606834412,7.728969573974609,-0.21375352144241333,6.9981608390808105,-0.14004674553871155,7.621711254119873,0.0209762305021286,7.142809867858887,-0.14846819639205933,7.027841091156006,-0.4899807870388031,7.559081077575684,-0.7744278311729431,7.0982346534729,-0.4869946837425232,7.15495491027832,0.28770455718040466,7.00356912612915
eea17285-4ab9-4d34-a2f5-55fc8c866ac6-1431887695278-1.7-f-26-ti.wav,..\dataset\tired\eea17285-4ab9-4d34-a2f5-55fc8c866ac6-1431887695278-1.7-f-26-ti.wav,tired,únava,dívka,2–6 měsíců,True,2,-361.71307373046875,7.864832401275635,-2.5921006202697754,7.1120924949646,2.032005786895752,6.905239105224609,0.7892121076583862,7.502170562744141,0.7957559823989868,7.376457691192627,-0.050416041165590286,7.794094085693359,0.4598853588104248,7.232507228851318,0.25061801075935364,7.4182257652282715,0.4049355387687683,6.853697299957275,0.14261065423488617,7.041238784790039,-0.4788203537464142,7.284621238708496,0.31755712628364563,7.058095455169678,-0.43655624985694885,6.851226329803467
40a4c760-facf-4911-b0a6-22eccc3ab18d-1430477717469-1.7-f-26-hu.wav,..\dataset\hungry\40a4c760-facf-4911-b0a6-22eccc3ab18d-1430477717469-1.7-f-26-hu.wav,hungry,hlad,dívka,2–6 měsíců,False,0,-237.8936767578125,114.85427856445312,-17.910442352294922,62.00614547729492,10.632219314575195,31.447586059570312,-8.993361473083496,20.048534393310547,-9.786579132080078,14.704909324645996,-4.20362663269043,18.266109466552734,-8.326385498046875,19.542875289916992,-14.420076370239258,14.762380599975586,-12.282719612121582,14.602042198181152,-5.4416680335998535,12.118659973144531,-13.790260314941406,10.697113037109375,-4.725907325744629,13.291407585144043,-3.1260409355163574,15.56324577331543
6bd76f21-f279-4c46-9453-58c95e7b2475-1430767927715-1.7-m-72-hu.wav,..\dataset\hungry\6bd76f21-f279-4c46-9453-58c95e7b2475-1430767927715-1.7-m-72-hu.wav,hungry,hlad,chlapec,7 měsíců–2 roky,False,0,-572.2679443359375,154.5211181640625,91.91828155517578,47.62174606323242,-34.05318069458008,40.7159423828125,-29.585397720336914,30.417585372924805,-26.550079345703125,17.449739456176758,-12.771878242492676,12.173084259033203,-24.58893585205078,14.576305389404297,-11.711149215698242,13.066067695617676,-19.078500747680664,12.82373332977295,-5.881054401397705,14.412517547607422,1.7051042318344116,21.711585998535156,5.884701728820801,16.02132225036621,-9.514183044433594,16.2321834564209
8FDA58A7-FDC6-4421-855F-738E6E853E43-1429895780-1.0-m-26-hu.wav,..\dataset\hungry\8FDA58A7-FDC6-4421-855F-738E6E853E43-1429895780-1.0-m-26-hu.wav,hungry,hlad,chlapec,2–6 měsíců,False,0,-326.9175720214844,135.5814666748047,-18.61517906188965,22.95199203491211,-24.904617309570312,17.236608505249023,6.241231918334961,13.934944152832031,1.0550868511199951,12.946281433105469,-18.894054412841797,16.06966781616211,3.457315683364868,13.172547340393066,3.844649314880371,12.956984519958496,-20.19235610961914,11.3510103225708,0.26838019490242004,9.898927688598633,1.2248808145523071,16.78404426574707,8.036420822143555,15.33535099029541,6.232825756072998,20.051698684692383
539FDD32-6326-422E-A707-FCF063D3426C-1437073544-1.1-f-26-hu.wav,..\dataset\hungry\539FDD32-6326-422E-A707-FCF063D3426C-1437073544-1.1-f-26-hu.wav,hungry,hlad,dívka,2–6 měsíců,False,0,-351.83563232421875,78.88291931152344,42.791168212890625,24.639528274536133,-4.372710227966309,18.0662841796875,-13.413485527038574,13.520609855651855,-32.35068893432617,14.990449905395508,-11.440064430236816,11.422316551208496,-19.334030151367188,15.13866901397705,-7.0198564529418945,16.763259887695312,11.620101928710938,24.681211471557617,10.00140380859375,25.858707427978516,-3.835472583770752,21.25188636779785,-12.474416732788086,21.000581741333008,-17.238140106201172,15.802454948425293
CC8771B1-C84E-4223-A010-029A7629A975-1434107299-1.1-f-04-hu.wav,..\dataset\hungry\CC8771B1-C84E-4223-A010-029A7629A975-1434107299-1.1-f-04-hu.wav,hungry,hlad,dívka,0–4 týdny,False,0,-488.0162658691406,97.39710998535156,18.099544525146484,23.81531524658203,-32.347450256347656,20.707656860351562,-8.622353553771973,17.149717330932617,-25.820772171020508,16.696853637695312,-12.262014389038086,12.453351974487305,-5.62794303894043,10.627802848815918,-11.736116409301758,10.12847900390625,-15.758588790893555,12.6400785446167,-12.530842781066895,12.86669635772705,-14.079548835754395,15.537369728088379,-0.20301459729671478,21.32607650756836,2.765523672103882,20.501890182495117
E2C4BCE0-99FD-49EC-8AB1-5EA5DF7DD8C5-1430042952-1.0-m-04-hu.wav,..\dataset\hungry\E2C4BCE0-99FD-49EC-8AB1-5EA5DF7DD8C5-1430042952-1.0-m-04-hu.wav,hungry,hlad,chlapec,0–4 týdny,False,0,-455.8963928222656,72.75021362304688,41.05747985839844,30.832929611206055,-4.7208404541015625,14.526567459106445,-15.877331733703613,13.023950576782227,-22.901042938232422,13.961834907531738,-4.265207290649414,15.680251121520996,-24.930049896240234,11.368759155273438,-15.450288772583008,9.417379379272461,-17.706802368164062,8.368223190307617,-11.32690143585205,9.311503410339355,-13.847759246826172,9.827193260192871,-2.7155652046203613,13.869429588317871,-8.737817764282227,12.947546005249023
a40b9b8d-e4bc-457a-badf-f38bdbc0c358-1430016779981-1.7-m-26-hu.wav,..\dataset\hungry\a40b9b8d-e4bc-457a-badf-f38bdbc0c358-1430016779981-1.7-m-26-hu.wav,hungry,hlad,chlapec,2–6 měsíců,False,0,-377.2700500488281,94.90264129638672,59.68919372558594,52.59286880493164,-28.956501007080078,40.39723587036133,4.322420120239258,17.739606857299805,-8.999138832092285,15.642465591430664,13.161707878112793,15.417736053466797,-16.869831085205078,11.496031761169434,-7.490314960479736,12.096308708190918,-17.098756790161133,10.454876899719238,-8.131482124328613,10.256915092468262,-7.988306999206543,13.547983169555664,7.473335266113281,20.807649612426758,-5.105339050292969,19.592330932617188
cde108d0-62c3-47f8-82c4-233c9fba5cdd-1436884444242-1.7-m-48-hu.wav,..\dataset\hungry\cde108d0-62c3-47f8-82c4-233c9fba5cdd-1436884444242-1.7-m-48-hu.wav,hungry,hlad,chlapec,4–8 týdnů,False,0,-275.1932373046875,98.57546997070312,-11.0654935836792,36.46355056762695,-21.048778533935547,22.59198760986328,-6.41921854019165,22.77031707763672,-32.188690185546875,16.508831024169922,9.91975212097168,15.566404342651367,-33.612667083740234,17.152713775634766,0.49805331230163574,10.993181228637695,-17.640522003173828,10.449246406555176,-4.58988094329834,10.033937454223633,-15.510412216186523,12.804512023925781,0.5540717244148254,17.70630645751953,10.623982429504395,22.03329086303711
789d2553-cbf2-4911-91e4-fb228d231238-1430818517787-1.7-m-26-hu.wav,..\dataset\hungry\789d2553-cbf2-4911-91e4-fb228d231238-1430818517787-1.7-m-26-hu.wav,hungry,hlad,chlapec,2–6 měsíců,False,0,-418.1771545410156,129.61831665039062,41.300872802734375,45.082862854003906,-17.68492317199707,27.334514617919922,16.458593368530273,18.661907196044922,-9.559473991394043,22.423614501953125,-14.92757511138916,15.111417770385742,-16.115427017211914,13.929389953613281,7.38727331161499,10.945796966552734,-34.50498580932617,16.373437881469727,11.48140811920166,11.897608757019043,-22.605152130126953,12.673580169677734,-5.232423305511475,9.392226219177246,-6.461994647979736,11.816283226013184
035c6b30-a145-42b9-8d0f-445cd9003d2c-1435948197257-1.7-m-04-hu.wav,..\dataset\hungry\035c6b30-a145-42b9-8d0f-445cd9003d2c-1435948197257-1.7-m-04-hu.wav,hungry,hlad,chlapec,0–4 týdny,False,0,-320.138427734375,106.63671875,-17.96819305419922,42.886085510253906,-41.32743835449219,19.995969772338867,-0.7247922420501709,17.917394638061523,-25.8696346282959,17.84040641784668,-1.068808913230896,17.101591110229492,-27.825756072998047,14.30864429473877,5.590921401977539,11.852526664733887,-15.238707542419434,12.98445987701416,12.25117015838623,16.265289306640625,-0.9897959232330322,14.853188514709473,-0.9943214654922485,22.851573944091797,-13.472321510314941,17.371061325073242
