soubor,cesta,trida,trida_cz,pohlavi,vekova_kategorie,is_augmented,augmentation_id,mfcc_1_mean,mfcc_1_std,mfcc_2_mean,mfcc_2_std,mfcc_3_mean,mfcc_3_std,mfcc_4_mean,mfcc_4_std,mfcc_5_mean,mfcc_5_std,mfcc_6_mean,mfcc_6_std,mfcc_7_mean,mfcc_7_std,mfcc_8_mean,mfcc_8_std,mfcc_9_mean,mfcc_9_std,mfcc_10_mean,mfcc_10_std,mfcc_11_mean,mfcc_11_std,mfcc_12_mean,mfcc_12_std,mfcc_13_mean,mfcc_13_std,zcr_mean,zcr_std,rms_mean,rms_std,centroid_mean,centroid_std,bandwidth_mean,bandwidth_std,rolloff_mean,rolloff_std,flatness_mean,flatness_std,delta_mfcc_1_mean,delta_mfcc_1_std,delta_mfcc_2_mean,delta_mfcc_2_std,delta_mfcc_3_mean,delta_mfcc_3_std,delta_mfcc_4_mean,delta_mfcc_4_std,delta_mfcc_5_mean,delta_mfcc_5_std,delta_mfcc_6_mean,delta_mfcc_6_std,delta_mfcc_7_mean,delta_mfcc_7_std,delta_mfcc_8_mean,delta_mfcc_8_std,delta_mfcc_9_mean,delta_mfcc_9_std,delta_mfcc_10_mean,delta_mfcc_10_std,delta_mfcc_11_mean,delta_mfcc_11_std,delta_mfcc_12_mean,delta_mfcc_12_std,delta_mfcc_13_mean,delta_mfcc_13_std,chroma_1_mean,chroma_1_std,chroma_2_mean,chroma_2_std,chroma_3_mean,chroma_3_std,chroma_4_mean,chroma_4_std,chroma_5_mean,chroma_5_std,chroma_6_mean,chroma_6_std,chroma_7_mean,chroma_7_std,chroma_8_mean,chroma_8_std,chroma_9_mean,chroma_9_std,chroma_10_mean,chroma_10_std,chroma_11_mean,chroma_11_std,chroma_12_mean,chroma_12_std
999bf14b-e417-4b44-b746-9253f81efe38-1430844979531-1.7-m-04-ch.wav,..\dataset\discomfort\999bf14b-e417-4b44-b746-9253f81efe38-1430844979531-1.7-m-04-ch.wav,discomfort,nepohodlí,chlapec,0–4 týdny,False,0,-608.0796508789062,109.77030944824219,95.8519058227539,38.468101501464844,-17.701213836669922,41.407344818115234,5.03010892868042,16.881052017211914,-6.319079399108887,21.44222068786621,-11.85373306274414,13.086005210876465,-7.070057392120361,12.429540634155273,8.162323951721191,12.870115280151367,2.236379384994507,11.066205024719238,-9.118175506591797,10.75519847869873,-10.359846115112305,13.693146705627441,-7.9973602294921875,16.30556297302246,-8.844015121459961,14.96967601776123,0.12470466298145506,0.06033723132967838,0.012431539595127106,0.024223584681749344,734.4876646020975,256.8557435549863,631.1509539438712,211.55801271084383,1267.385877318117,478.2807602639252,0.07440131902694702,0.22177386283874512,-5.441793291538488e-07,6.20139217376709,-1.0883587364673986e-08,2.983203172683716,0.0,2.7320175170898438,-5.441793682336993e-09,1.8912341594696045,-8.16269007941628e-09,2.235665798187256,-1.0883587364673986e-08,1.7871743440628052,2.7208968411684964e-09,1.7381342649459839,6.802242102921241e-10,1.5106531381607056,2.7208968411684964e-09,1.570156455039978,1.3604484205842482e-09,1.684989333152771,2.04067251985407e-09,1.7878568172454834,1.3604484205842482e-09,1.6317403316497803,-1.3604484205842482e-09,1.7627227306365967,0.32993122935295105,0.2963341176509857,0.35671281814575195,0.3056415319442749,0.43868574500083923,0.33615395426750183,0.5034506320953369,0.31684380769729614,0.5453875064849854,0.31016483902931213,0.5597246885299683,0.3406851589679718,0.49324193596839905,0.3295704126358032,0.4293043911457062,0.3366321623325348,0.39596831798553467,0.3387869894504547,0.3532455265522003,0.3308205008506775,0.3217766284942627,0.2964189648628235,0.33211424946784973,0.3097160756587982
D833237F-1F7C-4338-BEDE-84C0CF5F4145-1430084007-1.0-f-26-hu.wav,..\dataset\hungry\D833237F-1F7C-4338-BEDE-84C0CF5F4145-1430084007-1.0-f-26-hu.wav,hungry,hlad,dívka,2–6 měsíců,False,0,-463.8193664550781,89.00928497314453,79.37601470947266,21.518524169921875,-29.751680374145508,24.50840950012207,-35.7786865234375,21.564197540283203,-56.66062545776367,25.64753532409668,-0.8832522630691528,13.85236644744873,-10.156525611877441,14.222803115844727,-13.297428131103516,13.110848426818848,-21.151432037353516,14.534696578979492,-5.7991623878479,18.44599151611328,-5.750685214996338,19.375802993774414,-4.527892112731934,16.981796264648438,-11.276266098022461,22.138303756713867,0.17465005349500715,0.04752758552165072,0.038531314581632614,0.033170584589242935,939.4227315950632,158.10897271289554,710.0703379250607,137.12845245721334,1556.2812054208273,514.7234955448556,0.019779743626713753,0.02717764861881733,-0.14633752405643463,6.517776012420654,-0.017248129472136497,2.555479049682617,0.12135499715805054,2.62252140045166,0.05140695348381996,1.9336289167404175,0.041569214314222336,2.1740808486938477,0.02251700684428215,1.8750817775726318,-0.0057801539078354836,1.6646740436553955,-0.02087632566690445,1.687119483947754,0.014011937193572521,1.786544680595398,0.02251986786723137,1.801443099975586,0.021092407405376434,1.9840598106384277,-0.008314883336424828,2.032500982284546,-0.01719275675714016,2.5562591552734375,0.3545290231704712,0.35279959440231323,0.31801092624664307,0.34529873728752136,0.24322409927845,0.2805251479148865,0.2210838943719864,0.26853907108306885,0.2635355591773987,0.3058685064315796,0.34345221519470215,0.36413466930389404,0.37056368589401245,0.3516448140144348,0.39675942063331604,0.3493214249610901,0.40085214376449585,0.35575857758522034,0.3334600329399109,0.32983529567718506,0.27259427309036255,0.30221524834632874,0.30530890822410583,0.3077835738658905
549a46d8-9c84-430e-ade8-97eae2bef787-1430130714659-1.7-m-48-hu.wav,..\dataset\hungry\549a46d8-9c84-430e-ade8-97eae2bef787-1430130714659-1.7-m-48-hu.wav,hungry,hlad,chlapec,4–8 týdnů,False,0,-698.611083984375,148.93382263183594,42.359012603759766,29.83538055419922,-44.742252349853516,42.62166976928711,-3.359940528869629,12.985762596130371,-29.504539489746094,20.0300350189209,-0.9945926666259766,12.15446949005127,-2.2761714458465576,13.288555145263672,-4.548001289367676,11.480049133300781,-8.418075561523438,13.676437377929688,-8.403173446655273,11.066717147827148,-9.25722599029541,11.367512702941895,5.514187812805176,17.26784324645996,18.037708282470703,24.632022857666016,0.2235422610556348,0.0998616365545589,0.0068784733302891254,0.009366155602037907,1178.0013742287977,442.0663993183648,740.6439911273773,307.8312069322235,2042.06044935806,824.9040824296521,0.1943577527999878,0.2847916781902313,-8.706869891739188e-08,9.393357276916504,0.0,3.1621954441070557,-2.176717472934797e-08,4.081085681915283,4.08134503970814e-09,1.9902018308639526,-5.441793682336993e-09,2.4320712089538574,6.1220175595622095e-09,1.7696453332901,4.08134503970814e-09,1.4791207313537598,0.0,1.5042235851287842,0.0,1.5473867654800415,-1.3604484205842482e-09,1.2173182964324951,-1.3604484205842482e-09,1.5856267213821411,2.7208968411684964e-09,2.2415530681610107,8.16269007941628e-09,2.1476237773895264,0.23281094431877136,0.3027070462703705,0.23306317627429962,0.26868370175361633,0.2540575861930847,0.29617732763290405,0.22530552744865417,0.26363369822502136,0.2638328969478607,0.30247482657432556,0.3428823947906494,0.34464219212532043,0.43517792224884033,0.34687626361846924,0.5076419711112976,0.38420966267585754,0.34577476978302,0.3334575295448303,0.24006988108158112,0.3063427805900574,0.2132536619901657,0.2867405414581299,0.22341711819171906,0.28805553913116455
7A864194-4B6B-4850-ABBF-0C2A8170107B-1436846824-1.1-f-26-hu.wav,..\dataset\hungry\7A864194-4B6B-4850-ABBF-0C2A8170107B-1436846824-1.1-f-26-hu.wav,hungry,hlad,dívka,2–6 měsíců,False,0,-443.8287353515625,101.62168884277344,35.598915100097656,21.755041122436523,-29.723567962646484,23.529207229614258,-13.662384986877441,16.60173225402832,-22.42999839782715,14.062832832336426,-9.405810356140137,14.730196952819824,-21.427845001220703,12.54012680053711,-14.083623886108398,11.491339683532715,-15.704776763916016,13.722743034362793,-3.0382373332977295,17.92096519470215,-6.9849629402160645,19.26422119140625,-5.852407455444336,14.797847747802734,-10.88383960723877,16.70482635498047,0.22842925285306706,0.06029102109649982,0.03041417896747589,0.045303963124752045,1302.1048191947646,236.16064508770683,918.4271201197787,153.80284877294395,2425.976283880171,443.8273566760109,0.1351071447134018,0.14234018325805664,0.5906437039375305,11.091279029846191,0.029416348785161972,2.2938387393951416,-0.059725321829319,2.9696848392486572,-0.04344925656914711,2.222369909286499,-0.03523968160152435,1.888866901397705,-0.0061425333842635155,1.7536169290542603,-0.00539542967453599,2.07067608833313,0.010164429433643818,1.9495387077331543,0.018424449488520622,2.0431926250457764,0.050875645130872726,2.3724517822265625,-0.04890704154968262,2.9224741458892822,-0.010247837752103806,2.5797414779663086,0.01792755164206028,2.8272974491119385,0.5069527626037598,0.3486201763153076,0.45947548747062683,0.3412003517150879,0.4293671250343323,0.33927789330482483,0.4332367777824402,0.34819456934928894,0.3874536454677582,0.34007975459098816,0.3332616984844208,0.2961800992488861,0.32274824380874634,0.2835967242717743,0.34521788358688354,0.28204619884490967,0.3569171726703644,0.2816762924194336,0.40808576345443726,0.3227817118167877,0.47069016098976135,0.3375113308429718,0.4873603582382202,0.3236273229122162
ed31b187-34af-4ff1-979c-3b8a5905fb7b-1430045366784-1.7-f-04-hu.wav,..\dataset\hungry\ed31b187-34af-4ff1-979c-3b8a5905fb7b-1430045366784-1.7-f-04-hu.wav,hungry,hlad,dívka,0–4 týdny,False,0,-473.73333740234375,130.8827362060547,41.81519317626953,52.35833740234375,-31.2072811126709,26.63098907470703,-12.798482894897461,16.1960391998291,-7.656054496765137,14.175389289855957,2.1762731075286865,13.929370880126953,-16.408212661743164,12.738759994506836,-4.069252014160156,13.348307609558105,-11.821818351745605,13.989632606506348,-8.523746490478516,10.233559608459473,-8.203577995300293,9.904752731323242,-2.407529592514038,12.80038070678711,-6.051187992095947,17.347328186035156,0.2549817225392297,0.12778511063103332,0.015721170231699944,0.012720763683319092,1255.147990800623,508.6421443597201,803.947847964706,244.5461744992189,2055.3227532097003,878.7981197944498,0.14448824524879456,0.224282905459404,0.025829320773482323,9.388633728027344,0.01834118366241455,3.4419515132904053,-0.00514779519289732,3.3939900398254395,-0.004183838609606028,2.2833011150360107,0.004295807797461748,1.868630290031433,2.1699152057408355e-05,2.098358392715454,-0.004778144881129265,1.7788580656051636,-0.0021109450608491898,1.7886186838150024,-3.5392746212892234e-05,1.8030394315719604,-0.0018232049187645316,1.5031923055648804,-0.005081685725599527,1.3388408422470093,-0.007267733104526997,1.6113674640655518,-0.0064583830535411835,1.897936224937439,0.35069504380226135,0.3244457244873047,0.3701664209365845,0.32523226737976074,0.38539695739746094,0.32688474655151367,0.3954622745513916,0.34547483921051025,0.3160150349140167,0.30289578437805176,0.28685659170150757,0.3022378981113434,0.29911357164382935,0.2934848368167877,0.29581594467163086,0.28199824690818787,0.29922395944595337,0.27701446413993835,0.3214033544063568,0.2975252568721771,0.37190061807632446,0.34615302085876465,0.3834720551967621,0.366725891828537
7CF37029-1040-40B8-ACC9-7E6E5C03AF9B-1429808939-1.0-m-72-hu.wav,..\dataset\hungry\7CF37029-1040-40B8-ACC9-7E6E5C03AF9B-1429808939-1.0-m-72-hu.wav,hungry,hlad,chlapec,7 měsíců–2 roky,False,0,-481.7384033203125,159.23861694335938,29.66265869140625,33.156734466552734,-14.754070281982422,26.4550724029541,-8.230768203735352,25.33568000793457,-24.92169952392578,20.790037155151367,-5.372818470001221,13.094661712646484,-9.260732650756836,11.305888175964355,-3.211838722229004,13.551153182983398,-14.019766807556152,14.570734977722168,-10.402433395385742,14.2085599899292,-6.997544765472412,14.471755027770996,-7.384952068328857,15.946283340454102,-0.5864588618278503,20.15814781188965,0.26415388730385164,0.12558309526995753,0.029867496341466904,0.03940987586975098,1360.1934002486876,355.5767417694246,939.7128803801897,147.73281094616516,2433.1312410841656,541.1021596636648,0.107289619743824,0.08850962668657303,-0.13305015861988068,9.542919158935547,-0.03750557079911232,2.4929325580596924,0.011536411941051483,1.89146888256073,0.012875381857156754,1.7367849349975586,0.034203339368104935,1.6165989637374878,-0.017866890877485275,1.3552309274673462,-0.040865395218133926,1.308409571647644,-0.02379148080945015,1.2309025526046753,-0.03851616755127907,1.4171217679977417,0.03713018819689751,1.3767437934875488,-0.018910247832536697,1.6401845216751099,-0.007716845721006393,1.5352222919464111,-0.02980167232453823,1.697759747505188,0.34279942512512207,0.3086848556995392,0.31775763630867004,0.30025431513786316,0.3031317889690399,0.29353398084640503,0.3321617543697357,0.297728955745697,0.3608575165271759,0.3089529871940613,0.4234101474285126,0.31774961948394775,0.5491966009140015,0.34304937720298767,0.5704429149627686,0.3332585096359253,0.49355560541152954,0.3518872857093811,0.4046054482460022,0.3331356644630432,0.36375609040260315,0.3166396915912628,0.3416224420070648,0.2937718629837036
3bb2445a-9ae9-4dc8-9a2e-86c696ffa405-1430146536552-1.7-m-26-hu.wav,..\dataset\hungry\3bb2445a-9ae9-4dc8-9a2e-86c696ffa405-1430146536552-1.7-m-26-hu.wav,hungry,hlad,chlapec,2–6 měsíců,False,0,-345.107177734375,110.42503356933594,-6.154775619506836,29.41880989074707,-34.12969207763672,22.557357788085938,-3.7269465923309326,19.400060653686523,-26.5273494720459,16.28438949584961,-8.658098220825195,12.953790664672852,-22.490137100219727,12.74605941772461,1.657631754875183,11.473957061767578,-21.577024459838867,12.799213409423828,2.0494163036346436,10.789928436279297,-6.648174285888672,14.257340431213379,11.95788288116455,20.5687198638916,-0.4092967212200165,21.867908477783203,0.3779199358059914,0.10918460740973057,0.07267388701438904,0.06820253282785416,1692.0386269644118,333.141507973525,919.702659625453,166.39626697523522,2804.988409415121,485.92559535676514,0.1363040804862976,0.15868929028511047,0.005703434813767672,11.659912109375,-0.010204984806478024,3.5653860569000244,0.03044561669230461,3.288228988647461,-0.0034158925991505384,2.746325969696045,0.004309540148824453,1.9717425107955933,0.015400893054902554,2.102748394012451,0.006166145205497742,2.0034070014953613,0.015529202297329903,1.8653335571289062,0.028154218569397926,1.7758965492248535,-0.0030381097458302975,1.6853340864181519,-0.006031844299286604,2.0749311447143555,-0.026457570493221283,2.6859545707702637,-0.004563754890114069,2.9358437061309814,0.2662537693977356,0.2730547785758972,0.29704514145851135,0.28111088275909424,0.3076420724391937,0.28917989134788513,0.2780707776546478,0.27129313349723816,0.28476038575172424,0.27311059832572937,0.34656527638435364,0.3140683174133301,0.3833034038543701,0.3126143515110016,0.4598870277404785,0.327055424451828,0.4899887442588806,0.3486628830432892,0.4254881739616394,0.3450130224227905,0.3157252371311188,0.295486718416214,0.26768189668655396,0.27218371629714966
999bf14b-e417-4b44-b746-9253f81efe38-1431013068243-1.7-m-26-hu.wav,..\dataset\hungry\999bf14b-e417-4b44-b746-9253f81efe38-1431013068243-1.7-m-26-hu.wav,hungry,hlad,chlapec,2–6 měsíců,False,0,-401.5542907714844,127.37158203125,60.95409393310547,43.83780288696289,-66.18550872802734,25.61607551574707,9.084602355957031,16.24007225036621,-47.23329544067383,18.964412689208984,-0.3905448913574219,16.392738342285156,-17.974506378173828,12.867027282714844,-3.9832403659820557,10.397533416748047,-15.197742462158203,10.37646770477295,-11.924555778503418,9.866781234741211,-8.487640380859375,15.401529312133789,2.7365500926971436,22.25368881225586,11.378026962280273,23.817642211914062,0.24658969329529243,0.12111663963976187,0.06422342360019684,0.038481585681438446,1099.812957749246,376.7658151988955,640.8088797958379,190.0345825073015,1801.6672610556348,605.9620106024421,0.0704735517501831,0.22255748510360718,-5.224121650826419e-07,9.870302200317383,-2.176717472934797e-08,3.0394489765167236,0.0,2.8779871463775635,0.0,1.8923485279083252,5.441793682336993e-09,2.194636344909668,-4.08134503970814e-09,1.5870962142944336,-2.7208968411684964e-09,1.5011897087097168,8.842914844819916e-09,1.6103312969207764,-4.08134503970814e-09,1.608663558959961,2.7208968411684964e-09,1.5121725797653198,6.802242102921241e-10,2.0721333026885986,-8.16269007941628e-09,2.503469705581665,3.401120940438318e-09,2.819295644760132,0.20393256843090057,0.2825833857059479,0.2236419916152954,0.29907137155532837,0.2180544137954712,0.2751062214374542,0.2736971378326416,0.3210618197917938,0.2910419702529907,0.31866344809532166,0.29899346828460693,0.35875892639160156,0.2880762815475464,0.3262613117694855,0.3097820580005646,0.33904650807380676,0.3349074721336365,0.36275357007980347,0.3196999728679657,0.3675401508808136,0.19944430887699127,0.2444629818201065,0.16811449825763702,0.23748598992824554
86c2b87a-ae7c-46a3-b6fb-7ebe748812cf-1430036547966-1.7-m-04-hu.wav,..\dataset\hungry\86c2b87a-ae7c-46a3-b6fb-7ebe748812cf-1430036547966-1.7-m-04-hu.wav,hungry,hlad,chlapec,0–4 týdny,False,0,-330.0708923339844,94.29374694824219,65.7499771118164,30.834016799926758,0.9714816808700562,19.074199676513672,3.3114349842071533,15.628324508666992,-22.132585525512695,13.021941184997559,-6.035602569580078,13.948278427124023,-8.922452926635742,14.821672439575195,-3.2378973960876465,9.96532154083252,-8.124754905700684,9.695781707763672,-3.7990517616271973,8.94616985321045,-5.732510566711426,8.689806938171387,-0.7820146083831787,8.357879638671875,-2.6799256801605225,9.428731918334961,0.19036421184022825,0.11423569252132122,0.041595708578825,0.033376362174749374,1108.1653082788669,409.4611722789183,905.7285697071474,211.55470967709752,2127.1175106990013,613.7773299921663,0.14497482776641846,0.1890561729669571,0.5709208250045776,6.66417932510376,0.10050524771213531,3.2135932445526123,0.00023391004651784897,2.412578821182251,0.02742602489888668,2.0806212425231934,-0.01145299430936575,1.8572994470596313,-0.0030619665049016476,1.8474717140197754,-0.0004715756222140044,1.8949270248413086,0.01367907039821148,1.4884326457977295,-0.0014955191873013973,1.413153886795044,0.00566706620156765,1.4318450689315796,-0.00015923776663839817,1.475968837738037,-0.009005703032016754,1.361531376838684,-0.017666885629296303,1.5445928573608398,0.4383354187011719,0.28550639748573303,0.4454454481601715,0.28717806935310364,0.47376203536987305,0.2971532642841339,0.5259387493133545,0.2978394627571106,0.592901885509491,0.2962622046470642,0.6202330589294434,0.29549479484558105,0.5804019570350647,0.29333165287971497,0.5168083310127258,0.2803598642349243,0.472366064786911,0.2833802103996277,0.4578455984592438,0.2935541868209839,0.44850826263427734,0.299168199300766,0.43922704458236694,0.28884872794151306
B2AABCE0-1F62-4B57-B58A-308959ABDFE7-1437188751-1.1-m-26-ti.wav,..\dataset\tired\B2AABCE0-1F62-4B57-B58A-308959ABDFE7-1437188751-1.1-m-26-ti.wav,tired,únava,chlapec,2–6 měsíců,False,0,-395.4817199707031,74.32096862792969,37.824256896972656,34.238670349121094,-20.441654205322266,15.571465492248535,4.712007999420166,12.31516170501709,-30.150827407836914,11.382956504821777,-1.9888614416122437,17.096511840820312,-17.81923484802246,8.85190200805664,-14.03980827331543,8.907271385192871,-14.099923133850098,9.882954597473145,-15.351049423217773,17.42560386657715,-8.576933860778809,24.969520568847656,2.1385445594787598,22.045305252075195,10.005293846130371,27.521085739135742,0.28072062232524964,0.17130110614367564,0.06827300041913986,0.06799813359975815,1302.5908854544662,389.69851431942215,834.2921766608993,86.55201854765902,2173.635877318117,375.9971071352646,0.04411682114005089,0.06953100860118866,-0.10712788999080658,5.010609149932861,0.10190433263778687,2.519932985305786,0.007346854079514742,2.0646445751190186,0.01196245290338993,1.8729639053344727,0.04443426430225372,1.7691231966018677,-0.0328664593398571,1.846047043800354,0.02448888123035431,1.1786011457443237,0.008630244061350822,1.1710149049758911,0.00918789952993393,1.1891825199127197,0.020523518323898315,1.4154850244522095,0.005514612887054682,1.4929533004760742,-0.01514601893723011,1.8050801753997803,-0.07864558696746826,2.0400655269622803,0.22582563757896423,0.28213128447532654,0.29256385564804077,0.3139907121658325,0.33041393756866455,0.3288458287715912,0.3561367988586426,0.3583276867866516,0.2737483084201813,0.29649773240089417,0.30563583970069885,0.3061818480491638,0.4257121682167053,0.37906414270401,0.4290784001350403,0.3624970614910126,0.34134915471076965,0.33336353302001953,0.2515352666378021,0.30594709515571594,0.25060388445854187,0.33880436420440674,0.2402815818786621,0.3284355401992798
7B924575-21FC-462A-969E-BABB46D1CBF5-1430055167-1.0-f-72-hu.wav,..\dataset\hungry\7B924575-21FC-462A-969E-BABB46D1CBF5-1430055167-1.0-f-72-hu.wav,hungry,hlad,dívka,7 měsíců–2 roky,False,0,-451.3996887207031,143.89495849609375,16.594295501708984,30.61116600036621,-28.926815032958984,28.438241958618164,-11.28629207611084,13.043951988220215,-19.463302612304688,13.930595397949219,1.2255620956420898,11.972516059875488,-29.909961700439453,12.643815040588379,-4.408997058868408,14.924272537231445,-8.600675582885742,18.374853134155273,3.672598361968994,21.63407325744629,-0.018363703042268753,19.55107307434082,-9.133126258850098,22.600833892822266,2.42911696434021,23.407285690307617,0.28588623395149787,0.10833784778828685,0.04034348577260971,0.054348286241292953,1436.667015358224,307.45495749660284,922.909211262681,140.36103911187953,2557.6408701854493,392.40908798678555,0.11274944245815277,0.1385549008846283,0.2571493089199066,11.708136558532715,0.10170476883649826,2.7891733646392822,-0.018025264143943787,2.607027530670166,-0.03597006946802139,1.6236315965652466,0.017603954300284386,1.648531198501587,0.011951310560107231,1.5546156167984009,-0.06157412379980087,1.6451691389083862,0.00704870093613863,1.8544944524765015,-0.025290604680776596,1.9435642957687378,0.03587222471833229,2.4466943740844727,-0.011841582134366035,2.4709725379943848,-0.019494997337460518,2.360368251800537,-0.038902398198843,2.456420421600342,0.4147486090660095,0.339252769947052,0.38753563165664673,0.3301217555999756,0.4161635637283325,0.3210795819759369,0.4613927900791168,0.34118303656578064,0.3817189931869507,0.30260035395622253,0.28921258449554443,0.2508518099784851,0.2420404851436615,0.22108377516269684,0.31397005915641785,0.293281227350235,0.38771185278892517,0.3303029239177704,0.4180234670639038,0.3767276108264923,0.3649740219116211,0.31324467062950134,0.3763911724090576,0.3208440840244293
0a983cd2-0078-4698-a048-99ac01eb167a-1433917038889-1.7-f-04-hu.wav,..\dataset\hungry\0a983cd2-0078-4698-a048-99ac01eb167a-1433917038889-1.7-f-04-hu.wav,hungry,hlad,dívka,0–4 týdny,False,0,-397.2018127441406,90.30986785888672,10.981423377990723,33.36457443237305,-38.71392059326172,15.737462043762207,-34.41535186767578,20.0390567779541,-44.847930908203125,20.253986358642578,3.738487482070923,18.093923568725586,-35.51468276977539,18.855825424194336,20.20375633239746,24.182058334350586,4.868737697601318,16.7016658782959,10.566792488098145,21.87874412536621,-18.89615249633789,24.08945083618164,-13.382092475891113,13.765885353088379,-12.806321144104004,11.415681838989258,0.31374821683309556,0.15329135529144133,0.10402577370405197,0.061234354972839355,1465.7363619663984,412.4378342209255,865.5500486513514,171.71069386304364,2515.5804208273894,637.4413653918499,0.042698685079813004,0.1528742015361786,0.04873204603791237,7.937201976776123,0.01675584353506565,2.4272701740264893,-0.012203461490571499,1.9115043878555298,-0.005655277986079454,1.9104106426239014,-0.0013100954238325357,1.5659819841384888,-0.0024342965334653854,1.6775598526000977,-0.014768733642995358,1.6637842655181885,-0.003454107791185379,1.5516961812973022,0.0010932196164503694,1.3611611127853394,-0.002269007498398423,1.7466639280319214,-0.006268026307225227,1.5605071783065796,-0.0014962810091674328,1.3229179382324219,-0.0014457975048571825,1.289436936378479,0.14355288445949554,0.262854665517807,0.2729068994522095,0.35515546798706055,0.4070867598056793,0.39478227496147156,0.3854844272136688,0.38718122243881226,0.33900460600852966,0.3662673234939575,0.2836094796657562,0.34214168787002563,0.15182621777057648,0.23048366606235504,0.08025835454463959,0.15078097581863403,0.05480920523405075,0.12768693268299103,0.06025917828083038,0.1427246630191803,0.13658684492111206,0.29588353633880615,0.1527496725320816,0.28905194997787476
459c3f85-5710-4efa-bcc9-8012aa1af55e-1430034880215-1.7-f-48-hu.wav,..\dataset\hungry\459c3f85-5710-4efa-bcc9-8012aa1af55e-1430034880215-1.7-f-48-hu.wav,hungry,hlad,dívka,4–8 týdnů,False,0,-533.1926879882812,105.7105484008789,4.615842342376709,38.032474517822266,-17.560884475708008,27.730382919311523,-1.4501566886901855,16.516469955444336,-6.334559917449951,15.113207817077637,12.88348388671875,16.314228057861328,-20.03356170654297,16.88222312927246,0.8525696992874146,12.7044038772583,-8.786014556884766,12.71300983428955,-5.914124011993408,12.205455780029297,-5.24331521987915,9.499606132507324,-4.137442111968994,11.939445495605469,-8.498369216918945,9.926024436950684,0.359497592724679,0.14145033506668764,0.01272985152900219,0.02655700221657753,1672.7626540210147,373.89038724368856,971.3613479631244,156.88075652958372,2834.054029957204,380.9345742721154,0.18556712567806244,0.13009348511695862,-0.31903621554374695,9.540115356445312,-0.08066412806510925,3.774364948272705,-0.01701572723686695,3.230135917663574,-0.022472748532891273,2.176720380783081,-0.01750229299068451,2.0294907093048096,-0.046414103358983994,2.0980992317199707,0.00894351676106453,2.029006242752075,0.0010080146603286266,1.738723874092102,0.008924364112317562,1.7545337677001953,0.022599127143621445,1.6680325269699097,0.015010583214461803,1.480359673500061,-0.0008472505141980946,1.6287034749984741,0.012587268836796284,1.5189915895462036,0.4435088336467743,0.3165247142314911,0.5483944416046143,0.3274381458759308,0.6252540349960327,0.32938823103904724,0.5297895073890686,0.3212375044822693,0.46133866906166077,0.3154008686542511,0.45041972398757935,0.312640517950058,0.3662453293800354,0.28735673427581787,0.33595010638237,0.2786746621131897,0.3730373978614807,0.292900949716568,0.3973272144794464,0.3199334144592285,0.3652164340019226,0.3045695424079895,0.3741249740123749,0.3062291145324707
4be720ce-a5e5-4a48-930f-a212f8a239f6-1434737694572-1.7-f-48-hu.wav,..\dataset\hungry\4be720ce-a5e5-4a48-930f-a212f8a239f6-1434737694572-1.7-f-48-hu.wav,hungry,hlad,dívka,4–8 týdnů,False,0,-635.5025024414062,102.36263275146484,39.54822540283203,31.803016662597656,-10.275751113891602,31.054540634155273,-4.706387042999268,15.546643257141113,-2.2481131553649902,12.859540939331055,-0.28131914138793945,14.278919219970703,-10.083765029907227,11.58210277557373,-2.531034469604492,9.633955001831055,-9.278564453125,10.216046333312988,-1.0277186632156372,11.569557189941406,-8.789347648620605,11.048554420471191,-5.465568542480469,14.901368141174316,-8.619914054870605,12.046539306640625,0.22211572753209702,0.09453492699020061,0.008739500306546688,0.027918756008148193,1260.3911136153672,355.43399715222097,949.015145452539,234.55956786915294,2432.2619472182596,687.5101871991368,0.16705356538295746,0.1862928420305252,0.00015406805323436856,7.010682582855225,0.00018961929890792817,3.1860032081604004,0.00012789847096428275,3.095787525177002,7.789655501255766e-05,2.2292656898498535,5.723848516936414e-05,1.891930103302002,3.984209251939319e-05,1.6936378479003906,-1.003466695692623e-05,1.7050725221633911,-9.235947800334543e-05,1.6029274463653564,-0.00016622366092633456,1.4669771194458008,-0.00019149536092299968,1.3485112190246582,-0.00017033901531249285,1.4800018072128296,-0.0001419573527527973,1.9929325580596924,-0.00013691416825167835,1.9918135404586792,0.47380530834198,0.3127957880496979,0.4624227285385132,0.31644517183303833,0.4391176402568817,0.30674684047698975,0.4458909332752228,0.30675169825553894,0.45610204339027405,0.2868536114692688,0.469426691532135,0.2957555055618286,0.5027958750724792,0.31852656602859497,0.49874934554100037,0.33816057443618774,0.5202062129974365,0.3508642911911011,0.5137704014778137,0.33970847725868225,0.4713672995567322,0.31089118123054504,0.4795745611190796,0.3198263645172119
d6cda191-4962-4308-9a36-46d5648a95ed-1428333797380-1.5-f-26-hu.wav,..\dataset\hungry\d6cda191-4962-4308-9a36-46d5648a95ed-1428333797380-1.5-f-26-hu.wav,hungry,hlad,dívka,2–6 měsíců,False,0,-489.2383117675781,162.63880920410156,56.49369812011719,47.08809280395508,-8.094518661499023,51.78662109375,6.667026519775391,20.864992141723633,-8.077265739440918,22.375032424926758,-2.8250539302825928,19.820966720581055,-9.622513771057129,16.69188117980957,3.8804283142089844,13.065223693847656,-6.344165325164795,14.684735298156738,-0.7356249690055847,9.677125930786133,-2.5848960876464844,12.35448169708252,-2.412659168243408,9.352446556091309,-5.59741735458374,9.810935974121094,0.1938246701141227,0.12451262350520215,0.05820075422525406,0.08921525627374649,1071.4069685654474,433.90607214850905,859.2446999957806,266.69551714649356,2006.1965049928674,843.685966973891,0.09412835538387299,0.17237113416194916,-0.04600313678383827,13.55156135559082,-0.05746481195092201,7.546227931976318,-0.031972333788871765,4.059236526489258,-0.004853192716836929,2.685882091522217,0.009489603340625763,2.5162665843963623,0.007149417418986559,2.389816999435425,0.002417962998151779,2.2994816303253174,-0.002009365940466523,1.7065991163253784,-0.002023533685132861,1.659338355064392,0.002276095561683178,1.4216258525848389,0.0056288279592990875,1.3892271518707275,0.002724476158618927,1.2666161060333252,0.00027662678621709347,1.5488563776016235,0.4902701675891876,0.33300161361694336,0.40808287262916565,0.3324147164821625,0.3822394609451294,0.32753440737724304,0.4185035228729248,0.32242551445961,0.5037650465965271,0.32918694615364075,0.5325460433959961,0.32353514432907104,0.48462975025177,0.3287690281867981,0.48269370198249817,0.3431091606616974,0.5029476284980774,0.3542969524860382,0.503360390663147,0.35014063119888306,0.5040023922920227,0.3485403060913086,0.5259256958961487,0.3363506495952606
e0cc5beb-50e5-46ef-852e-c92106216e62-1430143334661-1.7-m-04-hu.wav,..\dataset\hungry\e0cc5beb-50e5-46ef-852e-c92106216e62-1430143334661-1.7-m-04-hu.wav,hungry,hlad,chlapec,0–4 týdny,False,0,-506.1399841308594,116.22856903076172,-0.597030758857727,34.86076354980469,-38.43430709838867,26.035335540771484,-11.773696899414062,19.176868438720703,-23.108989715576172,20.85843849182129,5.641737937927246,16.247224807739258,-17.83890151977539,17.74226188659668,4.121054649353027,16.6046085357666,-16.10658836364746,15.32711410522461,3.2399537563323975,11.589566230773926,-14.338314056396484,16.674989700317383,15.164628028869629,19.691919326782227,10.686944007873535,18.641027450561523,0.3532175017831669,0.146318886616799,0.01345930527895689,0.00815326627343893,1579.9460721668,483.54969405950794,828.7601151586937,215.6427498964704,2533.0554564907275,730.1512219742111,0.10209649056196213,0.2106337547302246,-0.7222450971603394,9.408527374267578,-0.1459098905324936,3.4291880130767822,-0.007456318475306034,3.24312424659729,-0.021043334156274796,3.031406879425049,-0.024846576154232025,2.4625537395477295,0.015004107728600502,2.572685956954956,0.004587598145008087,2.402433395385742,0.0044325366616249084,2.100858688354492,-0.0031020964961498976,1.9222071170806885,0.0003178306797053665,1.7498993873596191,-0.0025609242729842663,2.0340332984924316,0.0004544768307823688,2.3864247798919678,0.009015500545501709,2.5882084369659424,0.21462340652942657,0.2891036868095398,0.21270067989826202,0.30684471130371094,0.27052682638168335,0.34014439582824707,0.22898750007152557,0.2921401560306549,0.17867010831832886,0.22610785067081451,0.28607502579689026,0.31874021887779236,0.3129597306251526,0.32180142402648926,0.2684973180294037,0.2720116972923279,0.2775741219520569,0.33361443877220154,0.18376503884792328,0.26046112179756165,0.2175114005804062,0.2795964777469635,0.2977076768875122,0.345599502325058
7A22229D-06C2-4AAA-9674-DE5DF1906B3A-1436891933-1.1-m-72-hu.wav,..\dataset\hungry\7A22229D-06C2-4AAA-9674-DE5DF1906B3A-1436891933-1.1-m-72-hu.wav,hungry,hlad,chlapec,7 měsíců–2 roky,False,0,-408.4267883300781,119.6710205078125,1.4966952800750732,28.112548828125,-23.407604217529297,21.205202102661133,-2.100605010986328,11.232565879821777,-19.367965698242188,12.926734924316406,-2.982565402984619,12.03208065032959,-14.6767578125,15.030749320983887,-6.796725749969482,9.86488151550293,-6.540719509124756,12.189143180847168,-5.656118392944336,13.307191848754883,-8.498543739318848,15.045960426330566,6.297489166259766,19.95989418029785,1.3624505996704102,20.123573303222656,0.3468928316690442,0.10565054500900808,0.027512263506650925,0.02789212577044964,1643.2238664178888,301.97427473357783,972.8748311493217,132.88809031024576,2777.572218259629,404.9371492497026,0.21970956027507782,0.14396347105503082,0.5649420022964478,11.034502983093262,-0.007094118744134903,3.5249812602996826,0.012713431380689144,2.712754487991333,0.0033550793305039406,1.7064956426620483,-0.03593458607792854,1.5597957372665405,0.026342114433646202,1.891205072402954,-0.0012677827617153525,2.1305909156799316,0.01692403294146061,1.5727094411849976,-0.012621126137673855,1.957425594329834,-0.0381113737821579,2.1838274002075195,-0.024936215952038765,2.1863327026367188,0.00010502117220312357,2.243112802505493,0.019679708406329155,2.259108543395996,0.5185871720314026,0.3432696759700775,0.49617359042167664,0.3127945065498352,0.44035133719444275,0.2968599498271942,0.4467675983905792,0.2908342778682709,0.435200959444046,0.29617124795913696,0.36740124225616455,0.2647927701473236,0.389509916305542,0.2655940055847168,0.4557972550392151,0.3138960599899292,0.43487879633903503,0.2967144250869751,0.4031684994697571,0.2940596044063568,0.42843639850616455,0.31203746795654297,0.44663020968437195,0.30796483159065247
aaa57dbd-7b88-454a-963e-6faa2f4ed4e7-1436982066128-1.7-f-04-hu.wav,..\dataset\hungry\aaa57dbd-7b88-454a-963e-6faa2f4ed4e7-1436982066128-1.7-f-04-hu.wav,hungry,hlad,dívka,0–4 týdny,False,0,-653.1414794921875,106.80740356445312,50.56803894042969,28.933122634887695,-23.028697967529297,25.01114273071289,-5.025008678436279,22.56424903869629,-22.41134262084961,14.665185928344727,-6.674471855163574,11.460628509521484,-1.3345091342926025,11.394026756286621,-2.319889783859253,11.966306686401367,-1.2377978563308716,11.027435302734375,-0.6837950944900513,10.564651489257812,-2.247365951538086,9.93526554107666,-1.0458942651748657,9.0018892288208,-5.048283576965332,10.744336128234863,0.2124476194721826,0.08105682531859826,0.005324462428689003,0.013306171633303165,1131.1918008039106,394.2455634756762,808.3131680808826,285.21885012973,1979.56044935806,771.5877726845165,0.22277890145778656,0.25090664625167847,-0.0391063392162323,9.039484024047852,-0.013421607203781605,3.776329755783081,0.006018748972564936,3.6458168029785156,-0.005714538972824812,3.4099159240722656,0.0071939583867788315,1.746856689453125,0.005876397714018822,1.6098910570144653,0.004936170764267445,1.8946324586868286,0.004073732066899538,1.981752872467041,0.000665818399284035,1.856722116470337,0.005052352324128151,1.6654510498046875,0.003108220174908638,1.6537717580795288,0.0022278144024312496,1.778881311416626,0.0021345000714063644,1.8988465070724487,0.4551907777786255,0.332142174243927,0.4753390848636627,0.3340187668800354,0.4467638432979584,0.30966272950172424,0.41986802220344543,0.31201115250587463,0.3862053155899048,0.29936683177948,0.36604273319244385,0.287008136510849,0.37924882769584656,0.28989580273628235,0.4276109039783478,0.3146721422672272,0.4025670289993286,0.2929566502571106,0.4434562027454376,0.3250410854816437,0.4659803509712219,0.34250903129577637,0.41998109221458435,0.30723562836647034
B327333E-2DE2-4833-A75A-4C576208BED3-1430087456-1.0-f-48-hu.wav,..\dataset\hungry\B327333E-2DE2-4833-A75A-4C576208BED3-1430087456-1.0-f-48-hu.wav,hungry,hlad,dívka,4–8 týdnů,False,0,-405.0293273925781,80.0340576171875,31.555145263671875,28.25428009033203,-12.823143005371094,14.18271255493164,-1.3304632902145386,13.466382026672363,-3.5609095096588135,15.84705924987793,-4.487523555755615,8.819570541381836,-16.1563663482666,9.323615074157715,-8.003246307373047,12.095905303955078,-13.717761993408203,9.778430938720703,-7.146327018737793,14.093328475952148,-10.944182395935059,15.831925392150879,1.508384346961975,13.834412574768066,-4.697287082672119,20.697240829467773,0.2621088177603424,0.07107993554182905,0.03396434709429741,0.043851450085639954,1460.0570552927911,319.1046213535419,1009.3714654342366,104.53669513330118,2669.445435092725,471.90009775924136,0.15221582353115082,0.10867764800786972,0.12551964819431305,6.2983078956604,-0.016160674393177032,2.2195699214935303,-0.029793262481689453,2.0108773708343506,-0.028806645423173904,1.7122100591659546,0.020843176171183586,1.4829413890838623,-0.02219744399189949,1.21212637424469,0.02056725136935711,1.21991765499115,-0.0003086027572862804,1.3489787578582764,-0.009014108218252659,1.4733198881149292,-0.02362019754946232,1.9276243448257446,0.004724875558167696,2.1509077548980713,0.058426979929208755,2.028700590133667,0.06739208102226257,2.2804720401763916,0.40778788924217224,0.3042900860309601,0.48549193143844604,0.32378730177879333,0.5025504231452942,0.30552053451538086,0.4976496696472168,0.33417755365371704,0.4867217242717743,0.35281845927238464,0.46772995591163635,0.3224833905696869,0.4879710376262665,0.3154032826423645,0.48250219225883484,0.2975962460041046,0.4395327568054199,0.2779611349105835,0.44275808334350586,0.3200819194316864,0.43547651171684265,0.3239428699016571,0.3983244001865387,0.32037368416786194
9fe37482-6a64-401d-b8b9-3e47d6ed9ac0-1430047590938-1.7-f-26-hu.wav,..\dataset\hungry\9fe37482-6a64-401d-b8b9-3e47d6ed9ac0-1430047590938-1.7-f-26-hu.wav,hungry,hlad,dívka,2–6 měsíců,False,0,-437.0457763671875,135.1944122314453,40.15223693847656,25.520029067993164,-41.95159149169922,33.98171615600586,-24.604997634887695,19.801904678344727,-31.971851348876953,25.58186912536621,5.804609298706055,16.557586669921875,-9.9277982711792,13.891657829284668,-1.1253961324691772,15.288949966430664,-17.785070419311523,21.087425231933594,-7.736621856689453,16.003122329711914,-3.9031734466552734,19.302396774291992,17.026952743530273,29.207860946655273,13.815571784973145,27.63654136657715,0.19882868223965763,0.07225474445094404,0.10828108340501785,0.11702236533164978,1110.710195063761,339.57228619119803,756.9449138645737,269.82435021717424,1933.2649786019972,768.4268830812102,0.10857568681240082,0.22577913105487823,-0.16951970756053925,12.803466796875,-0.03637954965233803,3.624880313873291,0.02133294567465782,3.2566206455230713,0.007905671373009682,2.308985471725464,0.006970918271690607,2.6765143871307373,0.02635800465941429,2.0271663665771484,0.0160717461258173,1.9526034593582153,0.001514132833108306,1.8747774362564087,0.012096614576876163,2.0530006885528564,-0.0064417230896651745,2.2814369201660156,-0.021697919815778732,2.5297327041625977,-0.030202504247426987,2.7656729221343994,0.0007499498897232115,3.1036477088928223,0.20845924317836761,0.3124257028102875,0.20324833691120148,0.3053376078605652,0.2130839228630066,0.30768048763275146,0.22369714081287384,0.30289575457572937,0.23803101480007172,0.308895468711853,0.24526023864746094,0.3225949704647064,0.2672523260116577,0.3321823477745056,0.37439286708831787,0.3620159924030304,0.516806960105896,0.39295580983161926,0.4428664445877075,0.3855717182159424,0.27556973695755005,0.3251560628414154,0.2200937122106552,0.30959248542785645
6639C63C-F634-489C-91B3-E3DB5930EFD5-1431370278-1.1-m-04-hu.wav,..\dataset\hungry\6639C63C-F634-489C-91B3-E3DB5930EFD5-1431370278-1.1-m-04-hu.wav,hungry,hlad,chlapec,0–4 týdny,False,0,-396.0804748535156,96.79216766357422,58.93389892578125,26.094295501708984,-28.78973960876465,16.535491943359375,-5.811203479766846,12.394893646240234,-43.573673248291016,17.826091766357422,-41.80348587036133,19.924074172973633,-21.072526931762695,13.527816772460938,-11.68101978302002,9.218279838562012,-38.12092590332031,14.98967456817627,-2.3318138122558594,14.340994834899902,-9.513114929199219,12.41996955871582,2.0764143466949463,16.736242294311523,12.708998680114746,20.919240951538086,0.13967769258202567,0.08065361873191851,0.10555902123451233,0.07906156033277512,903.5587154649927,303.8777552967206,733.4353029459664,174.44074160691923,1633.3585948644793,595.9071137746861,0.05660984665155411,0.1451294869184494,0.22201964259147644,10.53805923461914,0.03579676151275635,3.057389497756958,0.045825377106666565,2.329136848449707,0.010510043241083622,1.7306398153305054,-0.009403914213180542,1.8971633911132812,-0.032615870237350464,2.5226786136627197,-0.06372781097888947,1.892951488494873,-0.0376172699034214,1.4901891946792603,-0.0031454600393772125,1.9483569860458374,-0.004333996679633856,1.5261248350143433,-0.018993889912962914,1.433411955833435,-0.0034028731752187014,1.7589468955993652,-0.010010821744799614,2.0976433753967285,0.10613850504159927,0.20353280007839203,0.11105542629957199,0.21719354391098022,0.134355828166008,0.23529133200645447,0.2163173258304596,0.26352065801620483,0.39342838525772095,0.36383408308029175,0.5206831097602844,0.37270596623420715,0.5397005677223206,0.3117075264453888,0.5038483738899231,0.3621007204055786,0.37155452370643616,0.35337644815444946,0.2089359164237976,0.2637398838996887,0.13350242376327515,0.22492800652980804,0.11550015956163406,0.20578007400035858
3941D08C-5A97-48A4-8830-091D878137F6-1430099813-1.0-m-72-hu.wav,..\dataset\hungry\3941D08C-5A97-48A4-8830-091D878137F6-1430099813-1.0-m-72-hu.wav,hungry,hlad,chlapec,7 měsíců–2 roky,False,0,-319.475341796875,142.76290893554688,2.6364505290985107,25.13227653503418,-33.87856674194336,18.497949600219727,-18.72559928894043,27.441051483154297,-7.2886223793029785,16.96807289123535,9.184074401855469,15.813104629516602,-5.943098068237305,13.360991477966309,-1.4271718263626099,12.498663902282715,-17.49615478515625,14.676615715026855,-1.239379644393921,13.470870971679688,5.856305122375488,18.081348419189453,19.350757598876953,22.632373809814453,12.042006492614746,18.996654510498047,0.3018567225392297,0.0906628967491562,0.17817367613315582,0.13931459188461304,1534.4526338732408,283.9766836933233,881.2379421588563,116.94481821234437,2612.7630171184023,458.41595660464156,0.08975301682949066,0.1289793699979782,0.44020625948905945,16.01587677001953,-0.1178150549530983,2.9060521125793457,-0.030074268579483032,2.475283622741699,0.051059890538454056,2.493846893310547,0.09835884720087051,2.1430699825286865,0.00973314605653286,1.896361231803894,-0.014111598953604698,1.6512664556503296,0.004246936179697514,1.7324014902114868,0.018770379945635796,1.8773281574249268,0.009908265434205532,1.8225153684616089,0.020706525072455406,2.230445384979248,0.05761650577187538,2.3304014205932617,-0.016912100836634636,2.2132060527801514,0.17859718203544617,0.28347158432006836,0.17569418251514435,0.2765675187110901,0.18755625188350677,0.28739917278289795,0.2395041286945343,0.3272708058357239,0.24955646693706512,0.30463075637817383,0.22211426496505737,0.30023670196533203,0.20113225281238556,0.288718044757843,0.2298787534236908,0.30976438522338867,0.3540242314338684,0.34234941005706787,0.5362987518310547,0.38075122237205505,0.41825830936431885,0.3671840727329254,0.20797376334667206,0.28960558772087097
64acb345-a61e-4ef3-a5a6-cf83c04b83f1-1430045478300-1.7-m-72-hu.wav,..\dataset\hungry\64acb345-a61e-4ef3-a5a6-cf83c04b83f1-1430045478300-1.7-m-72-hu.wav,hungry,hlad,chlapec,7 měsíců–2 roky,False,0,-368.90338134765625,101.62834167480469,59.9609260559082,36.05307388305664,-31.426677703857422,24.921785354614258,-18.15357780456543,24.98150062561035,-30.198881149291992,27.311994552612305,-18.0905704498291,21.87128448486328,-10.927063941955566,16.098365783691406,-3.683248996734619,15.14111614227295,3.994080066680908,16.59079360961914,13.013686180114746,19.23851776123047,4.226393699645996,21.999155044555664,-6.772125244140625,16.096946716308594,-11.34415340423584,16.645292282104492,0.17618803495007132,0.08432685184940088,0.17976753413677216,0.20011547207832336,982.8960907888245,383.6533681656949,713.0092190129816,266.341405140363,1669.868937232525,835.506428051205,0.11207716912031174,0.22881212830543518,0.0,9.042367935180664,-2.176717472934797e-08,4.072476863861084,-5.441793682336993e-09,2.7938802242279053,0.0,2.4816296100616455,2.176717472934797e-08,3.2946174144744873,-5.441793682336993e-09,2.9102888107299805,-8.16269007941628e-09,2.1936614513397217,-5.441793682336993e-09,2.2688236236572266,-2.7208968411684964e-09,2.1547555923461914,-7.482466202191063e-09,2.416934013366699,0.0,2.96512508392334,2.7208968411684964e-09,2.388672113418579,1.3604483761753272e-08,1.9990942478179932,0.46333906054496765,0.384331077337265,0.4666007459163666,0.3733817934989929,0.37523603439331055,0.3437670171260834,0.3344424068927765,0.35909906029701233,0.27404019236564636,0.3232804834842682,0.21431171894073486,0.2918807864189148,0.18859538435935974,0.27782127261161804,0.19858212769031525,0.2686210870742798,0.21981750428676605,0.2920706272125244,0.2550114691257477,0.3271770775318146,0.2874523401260376,0.3356933295726776,0.34843966364860535,0.3389696180820465
D54D9C2A-56ED-4338-9D1F-2ADB4E081DAD-1429807598-1.0-m-48-hu.wav,..\dataset\hungry\D54D9C2A-56ED-4338-9D1F-2ADB4E081DAD-1429807598-1.0-m-48-hu.wav,hungry,hlad,chlapec,4–8 týdnů,False,0,-551.8955688476562,157.91989135742188,14.698233604431152,24.21516227722168,-20.252233505249023,20.805038452148438,-15.5806245803833,18.598426818847656,-16.17810821533203,25.043415069580078,1.7183929681777954,14.020231246948242,-10.43923282623291,11.138934135437012,-7.931299209594727,12.108512878417969,-7.137785911560059,11.271454811096191,-4.276462078094482,13.274093627929688,1.7849235534667969,17.774274826049805,3.8543221950531006,22.931978225708008,-3.7981479167938232,16.987934112548828,0.3013774964336662,0.10428318078348302,0.019351765513420105,0.031101560220122337,1557.7833628659223,301.5091347457826,1002.6856153961623,103.71349096226993,2799.1485378031384,435.41459879191194,0.1690458357334137,0.13971590995788574,0.5247254371643066,13.230020523071289,-0.025859637185931206,2.8702638149261475,-0.10878016799688339,2.5459821224212646,-0.09587360918521881,1.9990311861038208,-0.0010139340301975608,1.969211459159851,0.02410850115120411,1.7213348150253296,-0.003988394048064947,1.6111265420913696,-0.00953677762299776,1.687620997428894,-0.021518319845199585,1.6163640022277832,0.022169603034853935,2.157562017440796,0.09290481358766556,2.2902073860168457,0.11163956671953201,2.4713752269744873,0.04201991483569145,2.5156755447387695,0.35045135021209717,0.30750373005867004,0.32509875297546387,0.30437591671943665,0.3193809986114502,0.29514041543006897,0.45211902260780334,0.3647141456604004,0.4809536337852478,0.3624742925167084,0.3420798182487488,0.2962135076522827,0.3050207197666168,0.29063737392425537,0.3482685089111328,0.30974674224853516,0.43036872148513794,0.31361716985702515,0.4727359116077423,0.3109157979488373,0.41915300488471985,0.31687021255493164,0.3614470958709717,0.3084699213504791
D54D9C2A-56ED-4338-9D1F-2ADB4E081DAD-1429807587-1.0-m-48-hu.wav,..\dataset\hungry\D54D9C2A-56ED-4338-9D1F-2ADB4E081DAD-1429807587-1.0-m-48-hu.wav,hungry,hlad,chlapec,4–8 týdnů,False,0,-466.9425964355469,138.10800170898438,12.984463691711426,44.004676818847656,-21.46666717529297,30.510374069213867,-4.962048530578613,18.476533889770508,-18.42152976989746,20.306596755981445,-4.21388578414917,17.200510025024414,-20.485027313232422,19.542661666870117,-15.207937240600586,17.94759750366211,-5.726074695587158,18.54124641418457,0.8734937310218811,19.786508560180664,-5.19005012512207,20.607162475585938,-7.702068328857422,19.516836166381836,-5.133445739746094,17.54132080078125,0.29543732168330955,0.15502266863110675,0.03186206519603729,0.03991658240556717,1503.0171991286154,464.3102778009144,933.3671014365692,158.44015372786419,2582.672075606277,654.4635080960539,0.09894530475139618,0.10142814368009567,0.15619760751724243,11.322949409484863,-0.028826599940657616,3.574425220489502,0.08262719959020615,3.428725004196167,0.040283605456352234,2.28304386138916,-0.02302844077348709,2.2391748428344727,-0.028237158432602882,2.135673761367798,0.03137289360165596,2.224774122238159,0.07939455658197403,2.2037343978881836,0.04381290450692177,2.5728399753570557,-0.06823939085006714,2.874354600906372,-0.032684944570064545,2.6027419567108154,0.07213228940963745,3.0053300857543945,-0.021202081814408302,2.3901000022888184,0.3671426475048065,0.3221651017665863,0.3460335433483124,0.3198668360710144,0.33621981739997864,0.3301311731338501,0.3054835796356201,0.2963657081127167,0.31917712092399597,0.31990644335746765,0.29803457856178284,0.29930031299591064,0.2787763476371765,0.30126091837882996,0.3141930103302002,0.3133046627044678,0.3550705313682556,0.3270359933376312,0.4095032215118408,0.34096741676330566,0.3841501474380493,0.32877665758132935,0.36136966943740845,0.3207535445690155
9CFD61B9-BF13-406D-8B2F-F73CFAAF25CB-1430927741-1.0-f-04-hu.wav,..\dataset\hungry\9CFD61B9-BF13-406D-8B2F-F73CFAAF25CB-1430927741-1.0-f-04-hu.wav,hungry,hlad,dívka,0–4 týdny,False,0,-302.2672424316406,82.75453186035156,61.66524887084961,39.52301788330078,-18.68819236755371,24.67243194580078,-1.715073585510254,19.6192626953125,-23.71062469482422,18.92976188659668,-1.4855313301086426,16.251909255981445,-5.341335296630859,9.70288372039795,-7.08069372177124,14.677932739257812,-19.75762939453125,11.547269821166992,-16.8846435546875,13.81081771850586,-0.5179946422576904,17.70807647705078,9.602225303649902,23.34984016418457,2.439957857131958,19.50454330444336,0.2244226997146933,0.09593556410275617,0.10018408298492432,0.053967300802469254,1144.423775008024,307.26060693061964,811.1581647487745,101.08904370431196,1966.6101997146934,488.4896721963227,0.033278096467256546,0.03960080444812775,0.4750949442386627,6.281950950622559,-0.119832843542099,3.9497435092926025,-0.09547721594572067,3.2724952697753906,-0.038102421909570694,1.9814436435699463,-0.05232653394341469,1.960566520690918,0.07679380476474762,1.7869014739990234,0.015292498283088207,1.5895074605941772,-0.04966992139816284,1.6201319694519043,-0.030296238139271736,1.6745206117630005,-0.04091452807188034,1.6063793897628784,0.04171556606888771,1.9070689678192139,0.04600495472550392,2.124504566192627,0.02998015284538269,2.1976282596588135,0.19148731231689453,0.22467811405658722,0.2136668860912323,0.2321217954158783,0.21395225822925568,0.26162514090538025,0.2624202370643616,0.3041282594203949,0.30001553893089294,0.3208271265029907,0.29568541049957275,0.303946316242218,0.3216457664966583,0.3409947454929352,0.3023533523082733,0.27824416756629944,0.459930419921875,0.32945796847343445,0.5980663895606995,0.3513939678668976,0.41287025809288025,0.3227781355381012,0.22084423899650574,0.2660403549671173
2EE636FB-BD76-4118-A0EF-82FAFC32301F-1436586600-1.1-f-04-hu.wav,..\dataset\hungry\2EE636FB-BD76-4118-A0EF-82FAFC32301F-1436586600-1.1-f-04-hu.wav,hungry,hlad,dívka,0–4 týdny,False,0,-366.1860046386719,38.54349136352539,50.298301696777344,15.123147010803223,-11.74548625946045,16.68934440612793,-10.39663314819336,12.219298362731934,-40.6285285949707,11.022598266601562,-18.42522621154785,13.479182243347168,-24.01487922668457,12.560663223266602,-22.755847930908203,8.690654754638672,-24.30253028869629,10.063572883605957,-13.905061721801758,9.54570484161377,-9.86647891998291,12.27763557434082,-6.0257368087768555,12.01152229309082,0.38838493824005127,13.008612632751465,0.17514599679029957,0.06016281724829007,0.04231315106153488,0.03651191294193268,1139.8220628783097,174.64828946785676,936.5442133264593,103.99001176891484,2262.816512125535,354.45326532501855,0.06073246896266937,0.05176657810807228,0.01869370974600315,4.406516075134277,-0.06572603434324265,1.8512157201766968,0.011337541043758392,2.18339204788208,-0.003033821703866124,1.594208002090454,-0.03532744199037552,1.699053168296814,0.007666211109608412,1.5492274761199951,-0.02319406159222126,1.6637293100357056,0.021645961329340935,1.382480502128601,-0.0006721900426782668,1.4691030979156494,-0.04441240429878235,1.2412383556365967,0.022997792810201645,1.4907556772232056,0.0017582000000402331,1.8524913787841797,0.0008071703487075865,1.4920439720153809,0.24065135419368744,0.26547566056251526,0.23900945484638214,0.27320417761802673,0.24328191578388214,0.2592628598213196,0.26387184858322144,0.28519928455352783,0.31163129210472107,0.29021990299224854,0.36994418501853943,0.32905903458595276,0.4093762934207916,0.3455391228199005,0.4573243260383606,0.3370378911495209,0.511798083782196,0.35737311840057373,0.45879408717155457,0.3349970281124115,0.30349665880203247,0.28988781571388245,0.25763943791389465,0.28384244441986084
64acb345-a61e-4ef3-a5a6-cf83c04b83f1-1430059012473-1.7-m-72-dc.wav,..\dataset\discomfort\64acb345-a61e-4ef3-a5a6-cf83c04b83f1-1430059012473-1.7-m-72-dc.wav,discomfort,nepohodlí,chlapec,7 měsíců–2 roky,False,0,-295.57708740234375,112.22406005859375,-1.780052661895752,33.810516357421875,-63.312923431396484,36.60951232910156,-3.509559392929077,22.56575584411621,-15.132013320922852,18.299057006835938,4.979960918426514,13.163698196411133,-21.282461166381836,15.853089332580566,-8.009672164916992,16.833740234375,0.6610807180404663,20.476879119873047,3.2070579528808594,23.2491397857666,5.956783294677734,22.171281814575195,-5.080254554748535,25.657331466674805,-9.14224624633789,23.815753936767578,0.27843593972895864,0.10222486962173033,0.32898667454719543,0.23102204501628876,1380.98805095926,390.79384504278255,690.9123176844031,223.8450797346314,2147.6462196861626,614.8656369394203,0.09905599802732468,0.22452083230018616,-4.353434945869594e-08,7.926305770874023,5.441793682336993e-09,3.5357983112335205,0.0,3.219317674636841,-1.4964932404382125e-08,2.0794143676757812,-5.441793682336993e-09,1.7731486558914185,5.441793682336993e-09,1.7316988706588745,2.7208968411684964e-09,1.8283731937408447,5.441793682336993e-09,1.9367789030075073,-5.441793682336993e-09,2.060774326324463,2.7208968411684964e-09,2.302502393722534,-5.441793682336993e-09,2.5339877605438232,-1.0883587364673986e-08,2.451721668243408,1.0883587364673986e-08,2.3754568099975586,0.32570019364356995,0.3614215552806854,0.2770266830921173,0.3310621976852417,0.2943643629550934,0.35356590151786804,0.3219878673553467,0.37183502316474915,0.23402386903762817,0.29264917969703674,0.17919690907001495,0.29232344031333923,0.15107949078083038,0.2560766637325287,0.18647544085979462,0.2815142571926117,0.24706417322158813,0.34481149911880493,0.22927328944206238,0.3259851038455963,0.22328011691570282,0.3085019588470459,0.28913649916648865,0.34940776228904724
64acb345-a61e-4ef3-a5a6-cf83c04b83f1-1430058990597-1.7-m-72-dc.wav,..\dataset\discomfort\64acb345-a61e-4ef3-a5a6-cf83c04b83f1-1430058990597-1.7-m-72-dc.wav,discomfort,nepohodlí,chlapec,7 měsíců–2 roky,False,0,-367.6221008300781,102.40067291259766,40.08141326904297,29.649166107177734,-35.12721252441406,31.406272888183594,-8.54273796081543,25.7276611328125,-33.67643356323242,26.4554500579834,-6.623162269592285,15.929241180419922,-3.8314385414123535,18.43495750427246,-5.130550861358643,14.827966690063477,1.7870599031448364,18.731544494628906,0.9428419470787048,16.31184196472168,-12.257643699645996,18.196969985961914,-2.7454311847686768,14.974302291870117,-8.534219741821289,15.25581169128418,0.2438146398002853,0.10208009636889565,0.14829105138778687,0.20045678317546844,1213.6630302025414,420.2773214900247,782.0599587575381,294.89495126927903,2058.9336661911557,852.1484185894692,0.19088396430015564,0.23409007489681244,-1.3060304127066047e-07,8.958144187927246,1.0883587364673986e-08,3.1396825313568115,-1.0883587364673986e-08,2.9011270999908447,-8.16269007941628e-09,2.858302593231201,1.0883587364673986e-08,2.3681211471557617,0.0,2.132193088531494,-2.4488070238248838e-08,2.285590887069702,1.3604484205842482e-09,2.2893271446228027,-2.04067251985407e-09,2.071556329727173,0.0,2.4067578315734863,-2.7208968411684964e-09,2.4766345024108887,-2.7208968411684964e-09,2.4121105670928955,-6.802241880876636e-09,2.1498076915740967,0.3864688575267792,0.35602739453315735,0.3832471966743469,0.3336649239063263,0.4138104319572449,0.35752516984939575,0.4010488986968994,0.35287389159202576,0.3523390591144562,0.3230278491973877,0.31177884340286255,0.3030581772327423,0.3150692880153656,0.30795639753341675,0.3570002317428589,0.3338608145713806,0.338119775056839,0.3196203410625458,0.31529077887535095,0.31652432680130005,0.3382137417793274,0.33201515674591064,0.3718648850917816,0.35540273785591125
D54D9C2A-56ED-4338-9D1F-2ADB4E081DAD-1430036283-1.0-m-48-hu.wav,..\dataset\hungry\D54D9C2A-56ED-4338-9D1F-2ADB4E081DAD-1430036283-1.0-m-48-hu.wav,hungry,hlad,chlapec,4–8 týdnů,False,0,-407.2082824707031,148.89556884765625,-16.429580688476562,32.30018615722656,-48.99930191040039,27.539154052734375,5.1610894203186035,16.82274055480957,-31.54277992248535,19.501596450805664,14.07968807220459,17.076921463012695,4.320480823516846,14.253511428833008,-1.4552539587020874,11.437378883361816,-5.941826343536377,14.297762870788574,-6.976264476776123,13.566682815551758,-11.953902244567871,15.231553077697754,2.5355117321014404,21.05848503112793,-3.202575445175171,18.89883804321289,0.3735121701141227,0.09658541640487782,0.0681128278374672,0.08917848020792007,1682.355655126487,229.12994435106384,815.9400549997918,124.0504756396845,2534.8163338088443,306.3212505761449,0.12147215008735657,0.10740113258361816,0.31453290581703186,12.510224342346191,0.04017333313822746,3.440089464187622,-0.04689854755997658,3.5899341106414795,0.023851925507187843,1.8335617780685425,-0.01706928387284279,2.2894043922424316,0.008892383426427841,1.8536791801452637,-0.0003117222513537854,1.682385802268982,0.024139942601323128,1.6609890460968018,0.011521643027663231,1.812304973602295,-0.027478821575641632,1.976158857345581,-0.01923900842666626,2.4382619857788086,0.007630057167261839,3.0143606662750244,0.04127435386180878,2.7460601329803467,0.454867422580719,0.32957035303115845,0.5189812183380127,0.36568090319633484,0.3833625018596649,0.2991252839565277,0.3024205267429352,0.2864706218242645,0.28654804825782776,0.2669038772583008,0.29859912395477295,0.2660522758960724,0.35349249839782715,0.31747934222221375,0.37172695994377136,0.319899320602417,0.38631701469421387,0.32803839445114136,0.42141222953796387,0.3191530704498291,0.42764055728912354,0.3072758615016937,0.4104369282722473,0.3125898838043213
21c07aff-0a8d-4e74-ad5e-e3c7f7bcb11b-1430105653796-1.7-m-04-hu.wav,..\dataset\hungry\21c07aff-0a8d-4e74-ad5e-e3c7f7bcb11b-1430105653796-1.7-m-04-hu.wav,hungry,hlad,chlapec,0–4 týdny,False,0,-336.6348876953125,107.55606079101562,23.783933639526367,48.04874801635742,-44.566184997558594,20.20857048034668,-3.1257708072662354,23.648910522460938,-21.518606185913086,18.05523681640625,-13.201467514038086,12.227875709533691,-4.40505313873291,13.12474536895752,-10.290629386901855,11.219018936157227,-12.929207801818848,12.737879753112793,3.0506739616394043,14.022488594055176,-5.80958366394043,14.247505187988281,-6.1526947021484375,10.586389541625977,-10.617386817932129,12.545173645019531,0.2777226729671897,0.10489907508375465,0.09878788143396378,0.13626235723495483,1395.6810007555302,373.1054238958413,814.2551178612333,176.2496864685304,2230.875534950071,544.2963319650609,0.14420968294143677,0.16521726548671722,0.1462194323539734,13.978934288024902,-0.042154472321271896,5.113560199737549,-0.03070223517715931,3.1505303382873535,0.001029728795401752,3.2361268997192383,-0.012488559819757938,2.6045026779174805,0.003509649308398366,2.0932369232177734,0.004791763611137867,2.181847095489502,0.010643390007317066,1.7346936464309692,0.002155136549845338,1.9981284141540527,0.0017524397699162364,1.9504148960113525,0.0010100934887304902,1.8368412256240845,0.008608955889940262,1.7219643592834473,-0.001966941636055708,1.770973563194275,0.4755258560180664,0.3111550509929657,0.4307989180088043,0.32087045907974243,0.3657000958919525,0.31624525785446167,0.3641412556171417,0.34667399525642395,0.3422665297985077,0.3218253254890442,0.30920466780662537,0.27900853753089905,0.36687710881233215,0.2983991503715515,0.4757687747478485,0.324457585811615,0.4721792936325073,0.3241885006427765,0.4426673650741577,0.3442084789276123,0.4132095277309418,0.33321917057037354,0.4459569454193115,0.3176882863044739
06c4cfa2-7fa6-4fda-91a1-ea186a4acc64-1430029221058-1.7-f-26-ti.wav,..\dataset\tired\06c4cfa2-7fa6-4fda-91a1-ea186a4acc64-1430029221058-1.7-f-26-ti.wav,tired,únava,dívka,2–6 měsíců,False,0,-584.302978515625,121.279541015625,8.186579704284668,44.806907653808594,-35.506282806396484,25.372764587402344,-9.135306358337402,15.01994514465332,-25.26596450805664,18.721111297607422,-1.3881956338882446,13.07567310333252,-6.385120868682861,13.81203842163086,-2.1048481464385986,11.24360179901123,-11.344319343566895,11.373345375061035,-1.4695085287094116,14.858174324035645,-0.6521050930023193,13.128559112548828,2.7613906860351562,16.329416275024414,5.159823894500732,18.577640533447266,0.3105385164051355,0.15764669525874683,0.020194681361317635,0.042854998260736465,1477.642030114424,556.6134266787776,790.2782062895449,233.181637078,2372.9716476462195,768.286523863908,0.1664063036441803,0.23339726030826569,-3.2650760317665117e-07,10.127653121948242,-8.16269007941628e-09,4.081772327423096,-5.441793682336993e-09,2.723639726638794,0.0,2.223965883255005,-2.7208968411684964e-09,2.290250778198242,-1.3604484205842482e-09,1.8373945951461792,-2.7208968411684964e-09,2.21612548828125,-3.4011210514606205e-10,1.9588322639465332,1.020336259927035e-09,1.9398300647735596,-6.802241880876636e-09,1.8450267314910889,0.0,2.140691041946411,-5.441793682336993e-09,2.5538523197174072,-3.401120940438318e-09,2.639017343521118,0.2219691425561905,0.2511783540248871,0.23489035665988922,0.24818651378154755,0.25515472888946533,0.3032412827014923,0.23749487102031708,0.2701800465583801,0.2467685043811798,0.28413963317871094,0.2780706286430359,0.2702006995677948,0.45535168051719666,0.37845519185066223,0.3841369152069092,0.2970673143863678,0.3965100049972534,0.33746370673179626,0.3702402114868164,0.3409472107887268,0.2723658084869385,0.2790144979953766,0.24862556159496307,0.29583603143692017
3bb2445a-9ae9-4dc8-9a2e-86c696ffa405-1430123758633-1.7-m-26-hu.wav,..\dataset\hungry\3bb2445a-9ae9-4dc8-9a2e-86c696ffa405-1430123758633-1.7-m-26-hu.wav,hungry,hlad,chlapec,2–6 měsíců,False,0,-354.5469055175781,93.46211242675781,33.772178649902344,50.67197036743164,-19.599477767944336,26.07110023498535,1.1210060119628906,21.79767608642578,-35.24144744873047,16.655210494995117,1.7588698863983154,18.90848731994629,-28.986553192138672,13.587204933166504,-2.2476797103881836,13.06894302368164,-21.65810775756836,12.83385944366455,3.0369651317596436,17.21542739868164,-4.208123683929443,19.026500701904297,4.02146053314209,19.305397033691406,-11.350316047668457,17.70133399963379,0.27343192760342366,0.1602540767461243,0.07739762216806412,0.07390163838863373,1368.3705230404198,468.0997239103173,882.8264177383685,152.71538338724218,2382.1549572039944,624.1563293586452,0.05863134562969208,0.10898179560899734,-0.17211705446243286,10.435754776000977,-0.037959493696689606,4.591068267822266,0.015414508990943432,2.863834857940674,-0.05450348183512688,2.5674755573272705,0.025868281722068787,2.4865238666534424,0.021513164043426514,2.4646387100219727,-0.009696386754512787,1.9097028970718384,-0.004644029773771763,2.0026626586914062,0.0047681075520813465,2.029956102371216,-0.00632695434615016,1.8456469774246216,-0.01402062363922596,2.1305460929870605,0.012472914531826973,2.3834753036499023,0.008836474269628525,2.5727295875549316,0.3105156421661377,0.2921956777572632,0.2744613289833069,0.2958824634552002,0.2829165756702423,0.2857709527015686,0.2838378846645355,0.2779706120491028,0.3483531177043915,0.33858248591423035,0.4021274149417877,0.3543718755245209,0.34479066729545593,0.3135514557361603,0.26748165488243103,0.2643226683139801,0.3399599492549896,0.3071204423904419,0.4094928801059723,0.35404112935066223,0.42441892623901367,0.34057867527008057,0.38624340295791626,0.3448706567287445
090C15A8-5406-4EA5-97A3-81F6527227C0-1430147525-1.0-m-72-hu.wav,..\dataset\hungry\090C15A8-5406-4EA5-97A3-81F6527227C0-1430147525-1.0-m-72-hu.wav,hungry,hlad,chlapec,7 měsíců–2 roky,False,0,-457.46246337890625,136.35870361328125,24.10201072692871,35.836936950683594,-29.07940673828125,24.51225471496582,8.713105201721191,14.143562316894531,-14.917781829833984,16.833768844604492,-22.291095733642578,13.508049964904785,-4.48011589050293,12.194762229919434,-9.076617240905762,14.407196998596191,-9.893766403198242,11.914616584777832,0.3800910711288452,16.693382263183594,-12.855679512023926,18.830738067626953,-5.425657272338867,12.66533374786377,-9.119782447814941,12.049859046936035,0.29530358416547786,0.07967990538320484,0.0587414987385273,0.11366692930459976,1443.7993431073683,234.5823590334872,920.9647812128712,130.76253420323388,2452.656918687589,368.9819894325443,0.14344504475593567,0.0914556086063385,0.46917665004730225,7.327199459075928,-0.08926831930875778,2.779745578765869,0.004013746976852417,2.449963092803955,0.0062076919712126255,1.7846860885620117,-0.011121068149805069,1.643892526626587,0.032687995582818985,1.6238476037979126,0.0019347018096596003,1.5695717334747314,0.03196026757359505,1.3591192960739136,-0.014343435876071453,1.3973582983016968,0.03132199868559837,1.5719712972640991,0.11614371091127396,1.756674885749817,0.03410051017999649,1.904279112815857,-0.03825632110238075,1.9010008573532104,0.4457250237464905,0.30223405361175537,0.4401431083679199,0.31151169538497925,0.4095154106616974,0.3019581735134125,0.39206215739250183,0.2842966914176941,0.43916600942611694,0.3104186952114105,0.4444994628429413,0.3062463402748108,0.47708970308303833,0.31317010521888733,0.49202364683151245,0.3209695518016815,0.47829219698905945,0.31807637214660645,0.45287564396858215,0.3045891523361206,0.4600553512573242,0.3182390630245209,0.5026730298995972,0.3327923119068146
c6fd9d60-0fa7-44c0-b3ce-0192527d7b81-1430066825817-1.7-m-72-hu.wav,..\dataset\hungry\c6fd9d60-0fa7-44c0-b3ce-0192527d7b81-1430066825817-1.7-m-72-hu.wav,hungry,hlad,chlapec,7 měsíců–2 roky,False,0,-536.1040649414062,142.71217346191406,44.74851989746094,36.23963165283203,8.245849609375,27.394378662109375,3.363147497177124,21.156986236572266,-29.712093353271484,26.494281768798828,-5.573740005493164,12.10153579711914,-15.279335975646973,14.63649845123291,-11.907492637634277,13.334206581115723,-11.8095064163208,12.236817359924316,-9.237509727478027,14.161620140075684,-5.451512336730957,14.483577728271484,-5.662597179412842,12.66332721710205,-4.626882076263428,12.780475616455078,0.1658010877318117,0.11798840817583213,0.02921891026198864,0.04944376274943352,999.4265625333819,516.9781815730338,806.9104469887636,336.6741451551109,1925.240727532097,942.1762966641065,0.20056313276290894,0.3188944458961487,-1.0883587009402618e-07,14.062355995178223,-2.176717472934797e-08,4.233891010284424,-1.9046277444090265e-08,3.4095191955566406,-5.441793682336993e-09,2.270846128463745,-5.441793682336993e-09,2.932225227355957,2.7208968411684964e-09,2.0530834197998047,-2.7208968411684964e-09,1.8769320249557495,2.7208968411684964e-09,1.667725920677185,5.441793682336993e-09,1.6170817613601685,0.0,1.9110409021377563,8.16269007941628e-09,1.9691762924194336,2.7208968411684964e-09,1.9846216440200806,1.3604484205842482e-09,1.826363205909729,0.40123122930526733,0.34895119071006775,0.34366562962532043,0.31743985414505005,0.29938092827796936,0.2866736948490143,0.31007054448127747,0.30811986327171326,0.3141138255596161,0.32854780554771423,0.2945239841938019,0.29609349370002747,0.286479651927948,0.30402296781539917,0.3026815354824066,0.3069070279598236,0.3548741042613983,0.33030080795288086,0.4123687446117401,0.3541279435157776,0.45172005891799927,0.3578118085861206,0.4401647746562958,0.35172897577285767
643D64AD-B711-469A-AF69-55C0D5D3E30F-1430138495-1.0-m-72-bp.wav,..\dataset\belly_pain\643D64AD-B711-469A-AF69-55C0D5D3E30F-1430138495-1.0-m-72-bp.wav,belly_pain,bolest břicha,chlapec,7 měsíců–2 roky,False,0,-567.482421875,75.11321258544922,42.841148376464844,17.179216384887695,-17.555273056030273,14.59992790222168,-9.04497241973877,12.857190132141113,-18.024690628051758,9.909200668334961,-19.688623428344727,15.778696060180664,-17.198150634765625,10.090165138244629,-14.619898796081543,9.327577590942383,-15.135245323181152,10.373722076416016,-15.120280265808105,10.635677337646484,-16.23134422302246,10.900327682495117,-6.851365566253662,10.159407615661621,-7.922989368438721,14.126900672912598,0.20864167261055636,0.08341830809907361,0.006252824794501066,0.006681634578853846,1215.4312367138643,279.3637629033366,948.756812544551,160.44729065357058,2280.915656205421,574.224319800941,0.14901073276996613,0.16801820695400238,0.16252046823501587,5.829015254974365,0.0004515831533353776,2.0496859550476074,-0.008650248870253563,1.513593316078186,-0.040071453899145126,1.5119386911392212,0.013047023676335812,1.5174825191497803,0.0069594853557646275,1.5264652967453003,0.015181080438196659,1.3290988206863403,0.023095646873116493,1.3516701459884644,0.004121340811252594,1.3766274452209473,0.01486318837851286,1.2250111103057861,0.014246313832700253,1.3521947860717773,-0.047100868076086044,1.5064772367477417,0.023146353662014008,1.533675193786621,0.3046211898326874,0.30578094720840454,0.31753286719322205,0.3050626814365387,0.3861261308193207,0.33265334367752075,0.45325756072998047,0.3185146749019623,0.5520578026771545,0.3091526925563812,0.5760130882263184,0.3141871988773346,0.5233281254768372,0.32472479343414307,0.4107867479324341,0.32963261008262634,0.33316126465797424,0.3053220212459564,0.33595433831214905,0.32681137323379517,0.30624130368232727,0.3056167960166931,0.30297908186912537,0.30502089858055115
c42e76b9-a4c1-48f6-a91d-27ab83015874-1430737177322-1.7-f-72-hu.wav,..\dataset\hungry\c42e76b9-a4c1-48f6-a91d-27ab83015874-1430737177322-1.7-f-72-hu.wav,hungry,hlad,dívka,7 měsíců–2 roky,False,0,-534.9013671875,164.30982971191406,-1.3313813209533691,34.23683547973633,-24.53404426574707,36.314456939697266,-13.245338439941406,21.978254318237305,-15.352710723876953,21.338138580322266,-10.471285820007324,14.633556365966797,-1.761300802230835,20.062891006469727,4.779916286468506,20.04207992553711,2.486724615097046,15.199039459228516,4.73080587387085,23.310302734375,-7.355156898498535,13.081537246704102,-7.037330150604248,15.48013687133789,-3.5957679748535156,11.201088905334473,0.3576029778887304,0.18910677367937154,0.08763553202152252,0.13478946685791016,1621.04866357322,628.5921149844326,868.8107605064206,317.6423675133505,2587.8432596291013,938.0813590791694,0.18555131554603577,0.25051891803741455,-2.1767174018805235e-07,11.893630981445312,0.0,3.876194715499878,-1.0883587364673986e-08,3.1823582649230957,6.802241880876636e-09,2.068794012069702,-1.3604483761753272e-08,2.2366816997528076,-1.9046277444090265e-08,1.7345227003097534,-5.441793682336993e-09,1.6168545484542847,1.3604484205842482e-09,1.9009355306625366,2.7208968411684964e-09,1.9912121295928955,0.0,1.802473545074463,4.761569361022566e-09,1.9851895570755005,-3.401120940438318e-09,1.5859439373016357,-4.08134503970814e-09,1.643877387046814,0.22077232599258423,0.2740737497806549,0.27959108352661133,0.31054919958114624,0.3325226902961731,0.3380509316921234,0.2609683573246002,0.30496203899383545,0.24939508736133575,0.3104625344276428,0.3342437446117401,0.333412230014801,0.4076341390609741,0.35698509216308594,0.3787931501865387,0.3583930432796478,0.3823583424091339,0.35495689511299133,0.41125139594078064,0.3717121481895447,0.27975574135780334,0.2964823544025421,0.23628786206245422,0.30396562814712524
DCB33551-F9BA-4B4A-8DA1-A3107E1AD859-1430406495-1.0-m-04-hu.wav,..\dataset\hungry\DCB33551-F9BA-4B4A-8DA1-A3107E1AD859-1430406495-1.0-m-04-hu.wav,hungry,hlad,chlapec,0–4 týdny,False,0,-302.1501159667969,99.83443450927734,4.9308390617370605,43.35139465332031,-5.1035261154174805,16.33265495300293,17.937501907348633,16.53218650817871,-0.8176200985908508,13.377742767333984,5.890477180480957,10.48596477508545,-9.070484161376953,11.127973556518555,2.003974199295044,14.821109771728516,-17.551504135131836,10.36395263671875,-7.255366802215576,13.298118591308594,-5.238073825836182,11.999244689941406,-0.6065980195999146,18.710092544555664,-3.3040523529052734,17.392690658569336,0.3785273270328103,0.17505088821640444,0.12543101608753204,0.13657353818416595,1694.767259457848,462.2198981527492,973.449626069027,108.47671635921819,2758.0019614835946,358.8377813652467,0.1392199993133545,0.10793523490428925,-0.1421767622232437,10.081222534179688,0.1579182744026184,4.342883110046387,0.038929328322410583,2.459815740585327,5.755784877692349e-05,2.3514609336853027,0.02540464513003826,1.9585462808609009,0.0272199809551239,1.633005976676941,0.026628470048308372,1.5546739101409912,-0.05749247968196869,1.6775368452072144,-0.013716030865907669,1.4249826669692993,0.01447826437652111,1.9108752012252808,-0.02011171169579029,1.9705500602722168,-0.019810926169157028,2.1345982551574707,-0.022136395797133446,1.9739482402801514,0.37528592348098755,0.33553510904312134,0.364416241645813,0.3159800171852112,0.3741723299026489,0.33129382133483887,0.45487770438194275,0.35681161284446716,0.5053898096084595,0.3153229355812073,0.5108270049095154,0.3087952435016632,0.5338847637176514,0.3266557455062866,0.5100603699684143,0.3053598701953888,0.4661836624145508,0.2981346845626831,0.5089434385299683,0.3162963092327118,0.4402317702770233,0.3375883400440216,0.37874895334243774,0.33932891488075256
9CFD61B9-BF13-406D-8B2F-F73CFAAF25CB-1430927704-1.0-f-04-hu.wav,..\dataset\hungry\9CFD61B9-BF13-406D-8B2F-F73CFAAF25CB-1430927704-1.0-f-04-hu.wav,hungry,hlad,dívka,0–4 týdny,False,0,-438.5612487792969,101.6982421875,72.62789916992188,37.38786697387695,6.156350135803223,21.77178192138672,-6.310120105743408,27.72179412841797,-16.986711502075195,23.224655151367188,-0.9836618900299072,17.267715454101562,-12.531620979309082,11.874540328979492,-8.15331745147705,12.591979026794434,-10.035090446472168,11.448919296264648,-2.7295854091644287,14.661331176757812,-5.387713432312012,19.72967529296875,-4.355603218078613,17.498647689819336,-12.457279205322266,14.65766716003418,0.151942537446505,0.07989516242177756,0.05057322606444359,0.06818649917840958,983.8242948492906,358.1539419947325,891.6894942555539,166.08101310237748,1912.9368758915834,752.9386998286956,0.07279474288225174,0.09107689559459686,-0.4106304347515106,15.199326515197754,0.08296801894903183,5.740097999572754,0.07859168946743011,3.785123586654663,0.09938912093639374,3.6053760051727295,0.05927404388785362,2.958144187927246,0.020375477150082588,2.1417057514190674,-0.017341449856758118,1.9755940437316895,-0.005883083678781986,2.084904432296753,0.0002255460130982101,1.8275543451309204,-0.0302383154630661,2.521143674850464,-0.08314184844493866,3.346123218536377,-0.06351839005947113,3.132498264312744,-0.04062392935156822,2.908130168914795,0.5102996826171875,0.30987998843193054,0.5247045755386353,0.32487553358078003,0.4831381142139435,0.3209213614463806,0.4380733072757721,0.32563579082489014,0.4387243688106537,0.3392602503299713,0.46970877051353455,0.3489162027835846,0.4880641996860504,0.34924226999282837,0.4929615259170532,0.3394421935081482,0.4957555830478668,0.3286794126033783,0.5064621567726135,0.3219137191772461,0.5011680126190186,0.30575528740882874,0.5037832260131836,0.3150770366191864
F4A0C710-AC2D-42E0-8EA9-3E4CAC31EE20-1430318416-1.0-m-04-hu.wav,..\dataset\hungry\F4A0C710-AC2D-42E0-8EA9-3E4CAC31EE20-1430318416-1.0-m-04-hu.wav,hungry,hlad,chlapec,0–4 týdny,False,0,-352.4165954589844,126.63523864746094,9.59798812866211,30.920692443847656,-37.56818389892578,27.22503662109375,-13.534258842468262,17.832239151000977,-18.21306800842285,12.507857322692871,2.926034688949585,12.345349311828613,-12.257216453552246,12.609000205993652,-15.109536170959473,12.497452735900879,-12.862918853759766,15.067315101623535,-8.445920944213867,16.472171783447266,-7.881896018981934,18.308462142944336,8.687193870544434,24.286640167236328,17.129669189453125,28.645503997802734,0.29548190085592013,0.11099892471588024,0.10832317918539047,0.09086844325065613,1477.7540569536616,392.9303685666745,848.8435538315676,156.33069413424772,2427.402817403709,608.1579341144914,0.08495072275400162,0.1423248052597046,-0.19488590955734253,15.800683975219727,-0.09590834379196167,3.266469717025757,-0.047053202986717224,3.7446448802948,0.0032368877436965704,2.0540201663970947,0.006801188923418522,1.8280943632125854,0.03795631229877472,1.5720762014389038,-0.003468060400336981,1.5927143096923828,-0.03266754001379013,1.8046085834503174,0.006785037461668253,2.1772048473358154,0.010018806904554367,2.137275218963623,0.007269585970789194,2.3089754581451416,-0.04189606383442879,2.6112849712371826,-0.03982243686914444,3.1136295795440674,0.27312833070755005,0.32597339153289795,0.2552122473716736,0.29641401767730713,0.3330572247505188,0.327903151512146,0.28384438157081604,0.3160768747329712,0.21333587169647217,0.2640833258628845,0.17630210518836975,0.21616970002651215,0.2250429391860962,0.256162166595459,0.3314037322998047,0.3400181829929352,0.33269184827804565,0.3199319541454315,0.3171403408050537,0.34545788168907166,0.35025960206985474,0.36116528511047363,0.35352176427841187,0.3570948839187622
653bf718-94bd-40d0-af7c-8fe44e07640c-1430759231913-1.7-m-04-hu.wav,..\dataset\hungry\653bf718-94bd-40d0-af7c-8fe44e07640c-1430759231913-1.7-m-04-hu.wav,hungry,hlad,chlapec,0–4 týdny,False,0,-408.4523010253906,149.48448181152344,42.904449462890625,42.51718521118164,-37.734989166259766,36.034847259521484,2.5637729167938232,18.85706329345703,-33.68290710449219,25.09033203125,3.935187816619873,17.000070571899414,-20.626039505004883,16.5399227142334,-6.100527286529541,15.554994583129883,-9.994878768920898,15.309407234191895,2.8904941082000732,13.275720596313477,-5.95219087600708,12.004328727722168,2.3226256370544434,15.254286766052246,-2.9225456714630127,21.19031524658203,0.24654511412268187,0.16140993284507194,0.06786905974149704,0.07154214382171631,1218.533038792689,495.0914694323246,772.308174695648,251.99698464068769,2095.109664764622,766.3408188344366,0.14679767191410065,0.23765598237514496,-3.918091238119814e-07,15.215654373168945,0.0,4.133706569671631,1.0883587364673986e-08,3.7183403968811035,8.16269007941628e-09,2.868668556213379,0.0,2.725430965423584,5.441793682336993e-09,2.0994749069213867,-2.7208968411684964e-09,2.4375462532043457,-2.7208968411684964e-09,2.154743194580078,0.0,2.2012369632720947,-6.802241880876636e-09,2.1306204795837402,2.7208968411684964e-09,2.121760606765747,4.08134503970814e-09,2.3352904319763184,2.7208968411684964e-09,2.39298152923584,0.37070950865745544,0.3359074890613556,0.40850961208343506,0.3647679388523102,0.3817322850227356,0.3558849096298218,0.3093620538711548,0.3219328820705414,0.27443572878837585,0.3027028739452362,0.2777501046657562,0.30177244544029236,0.3178289234638214,0.2842324376106262,0.41336095333099365,0.33758360147476196,0.3639686107635498,0.30440449714660645,0.32399824261665344,0.3041780889034271,0.3279668092727661,0.32228389382362366,0.34390494227409363,0.3195641040802002
30c2cee4-b682-4dcb-86b9-7fa6f36f1b66-1430728411287-1.7-f-72-hu.wav,..\dataset\hungry\30c2cee4-b682-4dcb-86b9-7fa6f36f1b66-1430728411287-1.7-f-72-hu.wav,hungry,hlad,dívka,7 měsíců–2 roky,False,0,-413.0985107421875,169.88462829589844,-27.665233612060547,47.778221130371094,-39.405452728271484,30.62714385986328,-11.766535758972168,22.74102210998535,-9.219334602355957,20.922338485717773,-9.459362030029297,14.412832260131836,-1.0853644609451294,11.581090927124023,-1.4720088243484497,11.183517456054688,-10.818214416503906,16.056257247924805,3.090285301208496,13.862908363342285,-1.6119766235351562,13.570116996765137,-0.1384996473789215,20.31580352783203,-3.085829257965088,18.844436645507812,0.33989390156918686,0.1484016332218833,0.09823525696992874,0.11124877631664276,1674.634392021178,525.5918836688678,862.3293369434869,244.71966848711253,2725.659771754636,769.6985955114706,0.146223783493042,0.2236839383840561,-0.15469539165496826,13.693390846252441,0.007761945948004723,4.170660972595215,0.019498948007822037,3.731497287750244,0.017048247158527374,3.2186052799224854,0.016599737107753754,2.739739418029785,-0.001774313161149621,1.861067771911621,0.008762536570429802,1.7989249229431152,-0.002483495743945241,1.6152311563491821,0.02544335089623928,2.183279514312744,0.014061104506254196,1.927756667137146,-0.003880260046571493,1.9181816577911377,-0.01747851073741913,2.40727162361145,-0.021077895537018776,2.1886518001556396,0.27361929416656494,0.3401465117931366,0.2659476399421692,0.3308010995388031,0.22663363814353943,0.2978714108467102,0.22798271477222443,0.2908742427825928,0.2603273391723633,0.3135726749897003,0.28476229310035706,0.3232710659503937,0.29297173023223877,0.30308276414871216,0.3667348325252533,0.3381604850292206,0.44509074091911316,0.3638627231121063,0.40745919942855835,0.36206620931625366,0.26671144366264343,0.29897359013557434,0.23084266483783722,0.29811039566993713
7b0e160e-0505-459e-8ecb-304d7afae9d2-1437486941311-1.7-m-04-hu.wav,..\dataset\hungry\7b0e160e-0505-459e-8ecb-304d7afae9d2-1437486941311-1.7-m-04-hu.wav,hungry,hlad,chlapec,0–4 týdny,False,0,-399.5607604980469,122.2041015625,118.58219146728516,45.06697463989258,6.188889026641846,21.2440242767334,1.5095123052597046,16.148042678833008,-19.401105880737305,16.051044464111328,6.424132347106934,12.799202919006348,-8.886677742004395,11.626134872436523,7.233274936676025,13.65147876739502,-14.704368591308594,12.661842346191406,6.930724143981934,13.731358528137207,-8.603078842163086,11.18667984008789,4.77356481552124,12.244590759277344,-4.013185024261475,13.239799499511719,0.11736581669044223,0.06341664840342424,0.0548742450773716,0.043262820690870285,687.7541642497231,305.0696515904523,658.7616757737621,225.40507317729703,1216.2535663338087,700.928547827731,0.0770578682422638,0.23537570238113403,-2.6120608254132094e-07,8.883142471313477,-1.0883587364673986e-08,3.8310303688049316,5.441793682336993e-09,2.6033437252044678,1.632538015883256e-08,1.996175765991211,0.0,1.8070623874664307,6.802241880876636e-09,1.617279291152954,-2.7208968411684964e-09,1.739558458328247,4.08134503970814e-09,1.9373583793640137,-5.441793682336993e-09,1.6081221103668213,1.020336259927035e-09,1.7437657117843628,-2.7208968411684964e-09,1.7474029064178467,-2.7208968411684964e-09,1.4773629903793335,-1.3604484205842482e-09,1.756995439529419,0.4035051465034485,0.34400179982185364,0.3968391716480255,0.3798353672027588,0.37778714299201965,0.3455919921398163,0.4085017740726471,0.3769144117832184,0.3540157973766327,0.32825613021850586,0.32600924372673035,0.3054308593273163,0.35229262709617615,0.31302666664123535,0.41655465960502625,0.3188835680484772,0.4658019542694092,0.34298959374427795,0.4062306582927704,0.29759901762008667,0.4278995990753174,0.32795095443725586,0.46640515327453613,0.3713986277580261
a40b9b8d-e4bc-457a-badf-f38bdbc0c358-1430016745385-1.7-m-04-hu.wav,..\dataset\hungry\a40b9b8d-e4bc-457a-badf-f38bdbc0c358-1430016745385-1.7-m-04-hu.wav,hungry,hlad,chlapec,0–4 týdny,False,0,-331.01470947265625,98.81246948242188,49.67115020751953,62.829280853271484,-25.212656021118164,38.52385711669922,14.092387199401855,25.585065841674805,-15.49759292602539,17.25625991821289,14.329880714416504,14.699273109436035,-25.314748764038086,14.408692359924316,-4.6357831954956055,14.393148422241211,-20.4887638092041,12.689803123474121,-8.931036949157715,11.379502296447754,-5.404987812042236,12.485321998596191,6.876443386077881,26.78874397277832,0.766416609287262,21.782827377319336,0.2535830509985735,0.16551847521693538,0.15206095576286316,0.17205321788787842,1217.192175347368,540.0209228896703,791.0593276295868,182.966681016296,2079.440085592011,772.426103745158,0.06733637303113937,0.1438627392053604,0.07354649156332016,10.190130233764648,0.01699443906545639,6.028420448303223,-0.021669551730155945,4.773167133331299,0.00939479935914278,2.7463505268096924,-0.004460016265511513,2.403735637664795,0.005817154888063669,2.1576428413391113,0.001201988779939711,1.6490947008132935,-0.003816453507170081,1.4942065477371216,0.0036082968581467867,1.5527008771896362,-0.0054443408735096455,1.4780372381210327,-0.00866912305355072,1.9440175294876099,-0.005376542452722788,2.4211556911468506,-0.004514707718044519,2.234574794769287,0.4187564253807068,0.3488096296787262,0.4263599216938019,0.3341258764266968,0.4290110170841217,0.34433379769325256,0.5077025890350342,0.3263149857521057,0.5727491974830627,0.3046734035015106,0.42367023229599,0.30305734276771545,0.4222809076309204,0.30846458673477173,0.47665464878082275,0.32573023438453674,0.47716110944747925,0.3005434274673462,0.5491793751716614,0.32722893357276917,0.4200151264667511,0.31679660081863403,0.4053042531013489,0.3538583219051361
7B924575-21FC-462A-969E-BABB46D1CBF5-1430055243-1.0-f-72-hu.wav,..\dataset\hungry\7B924575-21FC-462A-969E-BABB46D1CBF5-1430055243-1.0-f-72-hu.wav,hungry,hlad,dívka,7 měsíců–2 roky,False,0,-414.0347595214844,133.04443359375,23.466121673583984,32.64677047729492,-40.33438491821289,35.322906494140625,-22.23392677307129,22.793350219726562,-19.537691116333008,20.02948570251465,-1.3269485235214233,13.650232315063477,-31.70706558227539,12.374210357666016,-5.196636199951172,12.330300331115723,-1.7344387769699097,19.389081954956055,18.38715934753418,25.67289924621582,-2.66642427444458,19.546476364135742,-11.454760551452637,20.848346710205078,-9.466568946838379,16.94878578186035,0.2540622771041369,0.11182575516995677,0.06176602095365524,0.055229220539331436,1321.7323814425029,331.7369997706383,854.1714335713029,143.75703659252284,2290.411019971469,576.4632510102696,0.05949614197015762,0.06453539431095123,-0.07582640647888184,8.905279159545898,0.03862776607275009,2.784891128540039,0.04091021791100502,2.6099374294281006,-0.0429605096578598,1.842169165611267,-0.02433222532272339,1.7348872423171997,-0.010250233113765717,1.4531445503234863,-0.016518156975507736,1.4313194751739502,-0.032883886247873306,1.38821542263031,-0.06973015516996384,1.9780852794647217,-0.04172742739319801,2.385768413543701,0.08709162473678589,2.529061794281006,0.08415240049362183,2.761512517929077,-0.018280137330293655,2.5522515773773193,0.38406598567962646,0.3298780024051666,0.4615422785282135,0.35935738682746887,0.42536598443984985,0.3537379503250122,0.33499935269355774,0.32971763610839844,0.25040122866630554,0.2685852646827698,0.18604125082492828,0.23612578213214874,0.1863056719303131,0.26432815194129944,0.19488051533699036,0.27145886421203613,0.21588008105754852,0.2664913237094879,0.3077133893966675,0.37034156918525696,0.29795682430267334,0.3306753933429718,0.3042037785053253,0.3148222863674164
03abcb8f-400a-47d8-ad82-7e4586cc06be-1431864192133-1.7-f-48-hu.wav,..\dataset\hungry\03abcb8f-400a-47d8-ad82-7e4586cc06be-1431864192133-1.7-f-48-hu.wav,hungry,hlad,dívka,4–8 týdnů,False,0,-279.1390075683594,122.17910766601562,57.89704513549805,53.29270935058594,-14.194801330566406,21.152502059936523,-12.430052757263184,21.92665672302246,-5.437617778778076,12.640179634094238,14.984535217285156,12.814486503601074,-11.53834056854248,15.7526216506958,-10.98058795928955,14.558512687683105,-11.492330551147461,12.94879150390625,-2.187967300415039,15.705774307250977,-2.8936092853546143,18.008363723754883,6.470852375030518,17.25100326538086,-3.07731556892395,20.195430755615234,0.22733706312410842,0.13943438893401552,0.18077783286571503,0.14338268339633942,1148.243283276399,563.0792571481974,781.4962615653549,277.94456815918505,1984.7539229671897,996.4686296738009,0.11470409482717514,0.25300273299217224,0.3471698760986328,6.9524359703063965,0.07534215599298477,3.863462209701538,0.03405696526169777,2.2561261653900146,0.022587411105632782,2.834468126296997,0.0019274724181741476,2.060192108154297,-0.0003697589854709804,1.836759328842163,-0.002019244944676757,2.052823781967163,0.0014101428678259254,1.664872646331787,0.00272017577663064,1.776872158050537,-0.004765613935887814,2.025496244430542,-0.010088306851685047,1.9506371021270752,-0.004303359426558018,2.176905393600464,-0.0009897833224385977,2.570220470428467,0.1893162578344345,0.26300662755966187,0.19010522961616516,0.26594582200050354,0.19566230475902557,0.276167631149292,0.18461328744888306,0.27240651845932007,0.19150228798389435,0.26565665006637573,0.21196308732032776,0.28097426891326904,0.30353304743766785,0.3708043694496155,0.3223338723182678,0.3399878442287445,0.30850887298583984,0.3223971724510193,0.3665407598018646,0.3671279847621918,0.37597402930259705,0.3767971694469452,0.2785660922527313,0.3304527699947357
81724071-bc5e-4e38-8f35-85a691af5721-1430737552979-1.7-m-04-hu.wav,..\dataset\hungry\81724071-bc5e-4e38-8f35-85a691af5721-1430737552979-1.7-m-04-hu.wav,hungry,hlad,chlapec,0–4 týdny,False,0,-681.845703125,70.49291229248047,98.0574722290039,32.79232406616211,-28.95804214477539,36.99028015136719,-24.52801513671875,27.290836334228516,-1.4276916980743408,14.187746047973633,-10.488302230834961,16.558263778686523,-11.336585998535156,12.673921585083008,-12.386444091796875,11.663347244262695,-27.00295639038086,13.525572776794434,-1.8088371753692627,18.1335506439209,7.230884552001953,22.50135040283203,22.35546112060547,25.209819793701172,3.993830919265747,26.685901641845703,0.1828526212553495,0.06274778799161798,0.006407737731933594,0.006229296792298555,903.0818211368696,252.58582765612735,682.7504849871655,258.83429027041075,1483.015335235378,733.19001446014,0.047254595905542374,0.1094239130616188,-0.34445542097091675,9.192126274108887,-0.1562236249446869,4.688676834106445,0.0275800209492445,4.279009819030762,0.006328174844384193,2.786207675933838,0.015141140669584274,2.0969107151031494,0.010942962020635605,2.036858558654785,-0.003095297608524561,1.8388665914535522,0.014481225050985813,1.5339691638946533,0.020568741485476494,1.6685739755630493,0.012148896232247353,1.800903081893921,0.003063261741772294,2.083780288696289,-0.02063356153666973,2.426691770553589,-0.02547568641602993,2.399315357208252,0.2592140734195709,0.3504251539707184,0.1820855736732483,0.29175594449043274,0.16255784034729004,0.26072707772254944,0.13005737960338593,0.22530905902385712,0.11515066027641296,0.20524181425571442,0.12747260928153992,0.20741428434848785,0.21880385279655457,0.26851364970207214,0.3948100507259369,0.38155853748321533,0.49055346846580505,0.36793795228004456,0.49376487731933594,0.35082271695137024,0.455197274684906,0.38248318433761597,0.3700364828109741,0.38540375232696533
F2F97740-D638-4B6F-9E09-3AC65F06B448-1436849335-1.1-f-48-hu.wav,..\dataset\hungry\F2F97740-D638-4B6F-9E09-3AC65F06B448-1436849335-1.1-f-48-hu.wav,hungry,hlad,dívka,4–8 týdnů,False,0,-394.2431335449219,71.51245880126953,75.8974838256836,23.199552536010742,-14.470536231994629,15.12451457977295,4.737863540649414,13.775458335876465,-19.216148376464844,13.646946907043457,-9.701411247253418,10.77944564819336,-18.065244674682617,9.98691463470459,-13.50377368927002,9.41559886932373,-15.79919719696045,10.765543937683105,-9.474427223205566,9.750051498413086,-6.783327102661133,9.927448272705078,-2.606877088546753,11.060223579406738,-2.473942518234253,11.848185539245605,0.1941478691155492,0.0651156111460595,0.023299232125282288,0.018896354362368584,1053.7163912631936,196.91959753298667,865.2810255871211,113.93247426785645,2027.9957203994293,386.5986285289595,0.07394012808799744,0.10472831130027771,0.014275211840867996,9.265495300292969,-0.019163860008120537,2.4035539627075195,0.0581379234790802,2.046339988708496,-0.023540616035461426,1.618458867073059,-0.030280163511633873,1.7315216064453125,-0.02083674632012844,1.4485621452331543,-0.03593087196350098,1.3638477325439453,-0.016922615468502045,1.3140040636062622,0.014709437265992165,1.283070683479309,-0.018447021022439003,1.303567886352539,-0.00179518130607903,1.637457251548767,0.019339140504598618,1.639114260673523,0.00623629055917263,1.8892607688903809,0.3384757339954376,0.24143458902835846,0.31471726298332214,0.2539251446723938,0.32380568981170654,0.25193336606025696,0.3524511158466339,0.26384636759757996,0.431209534406662,0.3054986298084259,0.5246773362159729,0.34245091676712036,0.503141462802887,0.32513418793678284,0.40622323751449585,0.27549487352371216,0.43610575795173645,0.3101258873939514,0.4501897096633911,0.2896175980567932,0.5787506103515625,0.33832472562789917,0.5571287274360657,0.34791168570518494
11417AC2-DCC9-48CD-8177-CA8665E51B2F-1436881489-1.1-m-48-hu.wav,..\dataset\hungry\11417AC2-DCC9-48CD-8177-CA8665E51B2F-1436881489-1.1-m-48-hu.wav,hungry,hlad,chlapec,4–8 týdnů,False,0,-354.68963623046875,59.29909133911133,28.474760055541992,31.0932674407959,-3.19423246383667,17.86594009399414,-11.804947853088379,13.89409351348877,-12.333144187927246,12.442509651184082,6.015353202819824,10.39552116394043,-21.309856414794922,11.115166664123535,-8.607598304748535,10.843708038330078,-11.197246551513672,12.796274185180664,-10.65781021118164,11.22725772857666,-13.21628189086914,17.710493087768555,1.4868390560150146,17.194982528686523,-7.701412677764893,16.03959083557129,0.33406517475035663,0.12472446783121909,0.03130069747567177,0.01814349554479122,1550.4267342403575,360.51837590578833,1028.0713910399872,92.84242651514575,2778.8873038516404,477.0003153767074,0.12343417853116989,0.07848755270242691,-0.18309617042541504,5.596794605255127,0.09259246289730072,2.8026039600372314,0.019627124071121216,2.302630662918091,0.02175290696322918,1.9181445837020874,0.03627072647213936,1.6253690719604492,-0.048472531139850616,1.5889008045196533,0.0150255486369133,1.6143656969070435,-0.018961166962981224,1.4448002576828003,-0.021839970722794533,1.5298435688018799,0.030648795887827873,1.612810730934143,0.01611807942390442,2.1214382648468018,-0.015177620574831963,1.9443573951721191,0.00915861502289772,2.165689706802368,0.3805813193321228,0.30712661147117615,0.46389827132225037,0.34693193435668945,0.4693312644958496,0.32152631878852844,0.40360137820243835,0.31266844272613525,0.33177560567855835,0.2814355492591858,0.34789034724235535,0.28659865260124207,0.3910593092441559,0.3080292344093323,0.4198276996612549,0.30470290780067444,0.47546470165252686,0.31200671195983887,0.4049933850765228,0.3067798912525177,0.3114515244960785,0.27749180793762207,0.3573308289051056,0.3135979473590851
ae5a462b-5424-4b5b-82d5-07ccb61654ab-1430405436291-1.7-f-04-hu.wav,..\dataset\hungry\ae5a462b-5424-4b5b-82d5-07ccb61654ab-1430405436291-1.7-f-04-hu.wav,hungry,hlad,dívka,0–4 týdny,False,0,-657.7575073242188,134.26380920410156,56.72708511352539,48.12504196166992,10.204778671264648,38.80491256713867,9.191818237304688,20.223285675048828,5.241100311279297,12.656254768371582,6.013744354248047,14.351439476013184,-15.829856872558594,15.569112777709961,2.465479612350464,10.962303161621094,-9.60277271270752,9.035249710083008,-7.745126724243164,9.569931030273438,-10.839513778686523,13.971024513244629,-0.39755409955978394,22.543262481689453,-6.647907257080078,17.868396759033203,0.18165455599144079,0.15361978859154798,0.0044696456752717495,0.005172926001250744,1073.8466801798947,526.8041318600415,899.721643600816,153.85732970767185,2005.2603423680457,850.0961159050034,0.06035897135734558,0.13341766595840454,-0.10443254560232162,10.042813301086426,-0.050477512180805206,3.483109474182129,-0.006919909734278917,3.150653600692749,-0.009924409911036491,2.2333104610443115,0.0006730559980496764,1.8079891204833984,0.005328615196049213,1.784002661705017,-0.002219070913270116,1.5167808532714844,0.007432015147060156,1.4331480264663696,-0.004180015530437231,1.3211901187896729,-0.0005669682286679745,1.4315913915634155,-0.0023202800657600164,1.5761982202529907,0.007000452373176813,1.9838322401046753,0.006658007390797138,2.076216459274292,0.5364655256271362,0.390755832195282,0.6105783581733704,0.4146271347999573,0.6272318959236145,0.37407317757606506,0.667092502117157,0.3734839856624603,0.6330223083496094,0.34752413630485535,0.5332491993904114,0.31172773241996765,0.37268295884132385,0.2556239664554596,0.25414595007896423,0.20483195781707764,0.18284454941749573,0.19713647663593292,0.20779754221439362,0.18733860552310944,0.30706191062927246,0.2244337499141693,0.4622388184070587,0.339182049036026
d79affbc-f7b4-4ef0-ae57-be5da4b827bf-1430761528998-1.7-m-72-hu.wav,..\dataset\hungry\d79affbc-f7b4-4ef0-ae57-be5da4b827bf-1430761528998-1.7-m-72-hu.wav,hungry,hlad,chlapec,7 měsíců–2 roky,False,0,-551.7312622070312,104.3543472290039,66.45913696289062,28.436635971069336,-20.887903213500977,22.07862663269043,12.620379447937012,17.613061904907227,-28.557790756225586,20.31682586669922,2.3152618408203125,12.63949966430664,-18.618179321289062,13.125516891479492,-7.008543968200684,14.791135787963867,-19.660198211669922,15.925333976745605,-2.6672451496124268,12.280762672424316,-7.159491539001465,11.645476341247559,-8.440820693969727,9.94164752960205,-21.994524002075195,11.531678199768066,0.1640290656205421,0.0831909928570283,0.007660314906388521,0.006876228377223015,1003.8473341324637,331.88057808006323,797.3106054732372,208.07597376672382,1925.731098430813,603.3670028658901,0.09372540563344955,0.2130521684885025,-0.20099608600139618,9.342645645141602,-0.03228534385561943,2.960482358932495,0.021367724984884262,2.8418917655944824,-0.003828971181064844,2.366712808609009,0.014253395609557629,2.5541865825653076,-0.0022743677254766226,1.77128005027771,0.012787289917469025,1.7340205907821655,0.0003292910987511277,1.731783151626587,0.009764346294105053,1.8881981372833252,0.0012014425592496991,1.647050142288208,0.00550834508612752,1.5297510623931885,0.005263147410005331,1.528147578239441,0.009154348634183407,1.3604682683944702,0.36514800786972046,0.31333768367767334,0.289577454328537,0.3063161075115204,0.2995093762874603,0.3170570433139801,0.29427576065063477,0.32324790954589844,0.24346376955509186,0.2720319330692291,0.2636316418647766,0.29130181670188904,0.2890956401824951,0.30008047819137573,0.28373393416404724,0.28273704648017883,0.3573473393917084,0.3445415496826172,0.38763925433158875,0.3395296335220337,0.46357011795043945,0.3679350018501282,0.4879029393196106,0.35776159167289734
F6C6D3EE-F139-48A4-9EAC-0A50EB011CDC-1430103957-1.0-m-04-hu.wav,..\dataset\hungry\F6C6D3EE-F139-48A4-9EAC-0A50EB011CDC-1430103957-1.0-m-04-hu.wav,hungry,hlad,chlapec,0–4 týdny,False,0,-316.7525939941406,125.44680786132812,-16.553207397460938,38.89725875854492,-31.031991958618164,21.31427764892578,2.9762561321258545,21.05008888244629,-14.885503768920898,13.728120803833008,16.9751033782959,16.678010940551758,-6.261194229125977,14.16751766204834,-13.365659713745117,17.227380752563477,-3.3551888465881348,16.99032211303711,5.629678249359131,20.40110206604004,2.7882683277130127,20.030546188354492,3.516258478164673,17.8985595703125,-11.260404586791992,17.59639549255371,0.39260320078459343,0.1083766887757682,0.20345847308635712,0.17914322018623352,1776.6513527495867,329.6793924831787,832.0367781460399,106.53825035074112,2693.0055278174036,389.25802570381046,0.07911958545446396,0.08064208924770355,-0.08328220993280411,7.186203956604004,0.020928917452692986,3.310694456100464,0.037379637360572815,2.3337912559509277,0.004796962719410658,2.1694884300231934,-0.06167871505022049,1.7140452861785889,0.002942277118563652,2.066291570663452,-0.007334328256547451,1.9985430240631104,0.02938338927924633,2.054980516433716,0.027785852551460266,2.196627616882324,-0.014374497346580029,2.237992286682129,0.0006050308584235609,2.2033538818359375,-0.027598703280091286,2.159968852996826,0.03838193416595459,2.451885938644409,0.48003727197647095,0.3579152822494507,0.34319645166397095,0.33734217286109924,0.27590468525886536,0.31261196732521057,0.2553972899913788,0.3039191663265228,0.18232287466526031,0.25630250573158264,0.161653533577919,0.22712303698062897,0.20244181156158447,0.26259490847587585,0.2007475048303604,0.2567264437675476,0.21007247269153595,0.28715279698371887,0.22932349145412445,0.28032317757606506,0.34513482451438904,0.3338185250759125,0.5015943646430969,0.3772149384021759
d6cda191-4962-4308-9a36-46d5648a95ed-1431161889263-1.7-m-04-dc.wav,..\dataset\discomfort\d6cda191-4962-4308-9a36-46d5648a95ed-1431161889263-1.7-m-04-dc.wav,discomfort,nepohodlí,chlapec,0–4 týdny,False,0,-589.6051025390625,107.36800384521484,42.38098907470703,40.039127349853516,-20.992938995361328,32.90459060668945,-2.596470832824707,24.268535614013672,-22.414363861083984,18.10501480102539,12.063307762145996,11.269859313964844,-13.503910064697266,16.565256118774414,0.31848353147506714,10.931973457336426,-11.58863639831543,12.428916931152344,-5.209957122802734,11.969865798950195,-8.877992630004883,11.600296974182129,0.12714311480522156,13.572098731994629,2.3328542709350586,18.932964324951172,0.2761791191155492,0.1260923525074525,0.011475864797830582,0.018330328166484833,1324.591170102034,439.6794396866609,863.7564776733633,234.77405695084357,2230.050820256776,802.6769911714597,0.1966651976108551,0.1962587535381317,0.14337924122810364,14.31363296508789,0.00953857135027647,5.810779094696045,-0.045612987130880356,4.607810974121094,-0.023104984313249588,3.6595325469970703,0.01942560076713562,2.8226358890533447,0.013009924441576004,1.8057780265808105,0.014284702949225903,2.278003454208374,-0.01924305036664009,1.7294342517852783,-0.014674142003059387,1.9722943305969238,-0.001244802144356072,2.009887933731079,-0.011165542528033257,1.861025333404541,0.002292388118803501,2.3329918384552,-0.004949697759002447,2.672623634338379,0.356245756149292,0.31215783953666687,0.4009888768196106,0.3172128200531006,0.4618161618709564,0.3378802537918091,0.4570862650871277,0.33090540766716003,0.4429527521133423,0.3363338112831116,0.4307754635810852,0.3243379592895508,0.4411470592021942,0.3128155469894409,0.46258243918418884,0.31960612535476685,0.45701733231544495,0.3277037739753723,0.39743706583976746,0.31678783893585205,0.33397626876831055,0.29727035760879517,0.337247371673584,0.30265989899635315
602b06a7-31f0-4370-b35a-9cc81d205958-1430739609286-1.7-f-72-hu.wav,..\dataset\hungry\602b06a7-31f0-4370-b35a-9cc81d205958-1430739609286-1.7-f-72-hu.wav,hungry,hlad,dívka,7 měsíců–2 roky,False,0,-344.37994384765625,104.74478912353516,74.10496520996094,28.875165939331055,-58.054805755615234,33.264591217041016,-24.00037384033203,14.987733840942383,-40.941795349121094,15.048432350158691,-21.91924476623535,12.677289962768555,-29.07405662536621,16.440532684326172,-2.8502941131591797,14.760309219360352,20.41238784790039,26.51481056213379,28.31903076171875,23.27292823791504,-0.1339482218027115,18.530115127563477,-17.49859619140625,24.75811004638672,-11.961809158325195,15.333401679992676,0.14927893188302424,0.045469770639312714,0.3452834486961365,0.2322244495153427,864.4070240314638,214.23024773985202,566.9351864861525,193.9375321671966,1372.837910128388,486.99684503574497,0.035297587513923645,0.13974687457084656,0.01178805623203516,11.224387168884277,0.00571344792842865,4.441924095153809,-0.008613466285169125,4.162235736846924,-0.00986322108656168,2.6395938396453857,-0.002817194676026702,1.8610732555389404,0.0067725651897490025,1.8218889236450195,0.006054332479834557,1.9473228454589844,-0.0035546638537198305,2.0128164291381836,-0.004133352544158697,2.372783660888672,3.541519254213199e-05,2.6157138347625732,0.0008221985190175474,2.4711761474609375,0.001751490170136094,2.900887966156006,-0.0004724673926830292,2.4494993686676025,0.4510861039161682,0.34454602003097534,0.6273335218429565,0.38526639342308044,0.3665768504142761,0.297299325466156,0.15501153469085693,0.25233733654022217,0.09342914819717407,0.2085934281349182,0.07638506591320038,0.17096222937107086,0.10618243366479874,0.22550977766513824,0.1369851529598236,0.2724299430847168,0.1259595900774002,0.23854805529117584,0.14499038457870483,0.26448947191238403,0.17961867153644562,0.30548277497291565,0.23335610330104828,0.30648910999298096
86c2b87a-ae7c-46a3-b6fb-7ebe748812cf-1430036593222-1.7-f-26-hu.wav,..\dataset\hungry\86c2b87a-ae7c-46a3-b6fb-7ebe748812cf-1430036593222-1.7-f-26-hu.wav,hungry,hlad,dívka,2–6 měsíců,False,0,-344.0573425292969,92.47955322265625,89.0985336303711,36.27582931518555,-8.335253715515137,18.53240394592285,-7.880276203155518,16.810815811157227,-18.646743774414062,12.469242095947266,-4.739800453186035,11.587363243103027,-9.139463424682617,11.421900749206543,-5.798146724700928,10.188135147094727,-9.432765007019043,9.427712440490723,-5.368852615356445,8.882454872131348,-6.766610145568848,8.4060697555542,-2.4253501892089844,9.58785343170166,-3.634559392929077,9.173590660095215,0.14909504279600572,0.07026018312208754,0.051955919712781906,0.06279797852039337,920.6837438222165,293.45768106829536,809.991500769234,223.96192408569044,1769.391940085592,611.4254091389594,0.11407981067895889,0.1936415582895279,0.594294548034668,5.632061004638672,0.12734445929527283,2.9792675971984863,0.006886071525514126,2.281327486038208,-0.008293639868497849,1.8951624631881714,-0.025884127244353294,1.7587369680404663,0.006926461588591337,1.6952641010284424,-0.002581455511972308,1.427284598350525,-0.006470901425927877,1.5061782598495483,-0.015099359676241875,1.4034593105316162,-0.003891835454851389,1.2214598655700684,0.005645916797220707,1.2454150915145874,-0.018970713019371033,1.263014316558838,0.006117863114923239,1.5012431144714355,0.45562687516212463,0.2816452085971832,0.4463669955730438,0.28559771180152893,0.4595800042152405,0.2956696152687073,0.4783618152141571,0.30000296235084534,0.5189599990844727,0.30050262808799744,0.5381054878234863,0.30430927872657776,0.5141195058822632,0.29292693734169006,0.5290229320526123,0.3033676743507385,0.5260589718818665,0.29779383540153503,0.5037040710449219,0.2836798429489136,0.47419998049736023,0.27385687828063965,0.4702701270580292,0.2877560257911682
3BF71DAF-2A9E-4355-89D3-41AC37E94083-1437281306-1.1-f-26-hu.wav,..\dataset\hungry\3BF71DAF-2A9E-4355-89D3-41AC37E94083-1437281306-1.1-f-26-hu.wav,hungry,hlad,dívka,2–6 měsíců,False,0,-520.9276733398438,57.15156173706055,35.11135482788086,20.034725189208984,-4.431700706481934,14.34968090057373,-3.427255153656006,15.354254722595215,-24.558183670043945,20.855894088745117,9.034783363342285,14.396868705749512,-25.556922912597656,10.7091703414917,-13.944696426391602,9.716558456420898,-19.740381240844727,8.698628425598145,-19.682954788208008,10.176729202270508,-9.700478553771973,9.936676979064941,-7.30778694152832,10.939383506774902,-8.748724937438965,13.674108505249023,0.2568038962196862,0.10595072035737058,0.008748847991228104,0.01060776598751545,1376.1595097647428,277.2792819292611,1012.6668317076785,89.20374549569735,2580.3985378031384,326.5333560493878,0.1483074575662613,0.1081831082701683,-0.02050405740737915,5.935124397277832,-0.020290983840823174,2.7215993404388428,0.040334999561309814,1.9416236877441406,-0.030359473079442978,2.017534017562866,-0.016136672347784042,2.7381300926208496,-0.01468200795352459,1.8842180967330933,-0.041345611214637756,1.694361925125122,0.014609746634960175,1.5141738653182983,0.002806589473038912,1.2608790397644043,-0.024869361892342567,1.52510666847229,0.0037520567420870066,1.298317313194275,0.03019043616950512,1.5407829284667969,0.0223312359303236,1.8371992111206055,0.3744351863861084,0.2879188060760498,0.3996756076812744,0.26366978883743286,0.4808664917945862,0.3021085560321808,0.5386611819267273,0.33342137932777405,0.5035429000854492,0.3191224932670593,0.46814268827438354,0.30152684450149536,0.4684380292892456,0.30559808015823364,0.4545477330684662,0.31172823905944824,0.45759424567222595,0.3217581510543823,0.3971831798553467,0.2933289706707001,0.36483022570610046,0.30329427123069763,0.3772316575050354,0.31363093852996826
10A40438-09AA-4A21-83B4-8119F03F7A11-1430925172-1.0-f-26-hu.wav,..\dataset\hungry\10A40438-09AA-4A21-83B4-8119F03F7A11-1430925172-1.0-f-26-hu.wav,hungry,hlad,dívka,2–6 měsíců,False,0,-372.6369323730469,175.41871643066406,22.03614044189453,36.645687103271484,-15.555431365966797,23.912504196166992,-27.979053497314453,24.866117477416992,-20.689706802368164,22.383974075317383,3.6686506271362305,16.352020263671875,-10.658529281616211,17.67974090576172,-8.490681648254395,14.931644439697266,-15.40864086151123,15.572480201721191,-3.03007173538208,24.217613220214844,-1.4985020160675049,18.426212310791016,-2.1530187129974365,18.743045806884766,-4.875716209411621,16.636568069458008,0.2600916101997147,0.1472271954325294,0.11562394350767136,0.12005914002656937,1399.1669208703868,498.83864614835255,919.1768714073423,166.2358936768728,2457.8281027104135,709.7800072622275,0.07676884531974792,0.13529124855995178,0.6672070026397705,21.1966552734375,-0.026739254593849182,4.509841442108154,0.021132295951247215,3.2480359077453613,-0.002119404496625066,2.505981922149658,-0.024574656039476395,2.8399479389190674,0.02752261608839035,2.1867306232452393,-0.009951068088412285,1.995221495628357,0.0033036216627806425,2.437748908996582,-0.00527796009555459,2.3226635456085205,-0.008095121942460537,2.767136573791504,0.011398404836654663,2.7783608436584473,0.01922084391117096,2.681842088699341,-0.01296460535377264,2.408107280731201,0.3798629641532898,0.3574717044830322,0.3697359263896942,0.36107683181762695,0.29187244176864624,0.3264373540878296,0.23620276153087616,0.2830488681793213,0.23214098811149597,0.2831498384475708,0.2519325613975525,0.2845960855484009,0.31420227885246277,0.3283730447292328,0.4028596878051758,0.34223291277885437,0.3886480927467346,0.31847527623176575,0.3435698449611664,0.32798880338668823,0.3188740015029907,0.3212694525718689,0.3145163059234619,0.3059508502483368
F4A65A98-ADEE-49C4-9B45-65A8429DF170-1430232330-1.0-m-72-hu.wav,..\dataset\hungry\F4A65A98-ADEE-49C4-9B45-65A8429DF170-1430232330-1.0-m-72-hu.wav,hungry,hlad,chlapec,7 měsíců–2 roky,False,0,-519.2660522460938,146.03807067871094,7.910306930541992,25.672801971435547,-6.662856578826904,15.518047332763672,-13.955663681030273,17.626514434814453,-15.604167938232422,16.594457626342773,0.3858567774295807,13.258723258972168,-8.943849563598633,12.204483985900879,-7.59174108505249,14.106276512145996,-9.222052574157715,11.296509742736816,-0.4435209631919861,17.06206512451172,6.77413272857666,23.792997360229492,3.8589298725128174,17.067235946655273,-9.222774505615234,16.73321533203125,0.34349924215406563,0.1536765178148278,0.03743463754653931,0.07585716992616653,1649.8183013066064,374.32214905404646,1025.764259593472,98.35666206352282,2857.792439372325,437.5070883671603,0.1542304903268814,0.1519741714000702,-0.34410911798477173,8.244895935058594,0.004353489261120558,2.3193538188934326,-0.11882302165031433,1.8879122734069824,0.0074577415362000465,2.147282838821411,0.0034823750611394644,2.0112059116363525,0.013057777658104897,1.5011556148529053,0.03912823274731636,1.585679531097412,-0.035576462745666504,1.5617644786834717,-0.019370952621102333,1.6501740217208862,0.0007774309488013387,1.889133095741272,-0.053383395075798035,1.8915133476257324,0.014365825802087784,1.936078429222107,-0.001187769346870482,1.84247624874115,0.3058362603187561,0.3042348623275757,0.31527769565582275,0.31651970744132996,0.4204343557357788,0.3393765091896057,0.3565913736820221,0.31020843982696533,0.31307387351989746,0.33267682790756226,0.3959365487098694,0.3199760317802429,0.4063301086425781,0.3006932735443115,0.400867760181427,0.3595826327800751,0.4277695417404175,0.35000497102737427,0.39899057149887085,0.33570396900177,0.48097696900367737,0.3191447854042053,0.452858567237854,0.3422059118747711
415d69b4-6d84-4bf8-97b0-10f8f108dc1d-1430739528719-1.7-m-04-hu.wav,..\dataset\hungry\415d69b4-6d84-4bf8-97b0-10f8f108dc1d-1430739528719-1.7-m-04-hu.wav,hungry,hlad,chlapec,0–4 týdny,False,0,-517.9630126953125,123.68026733398438,35.03021240234375,27.71868324279785,-33.84237289428711,16.2557430267334,5.233984470367432,13.94804859161377,-14.985528945922852,11.633910179138184,-5.596261978149414,11.377419471740723,-10.671904563903809,12.3079833984375,-6.448123931884766,10.277181625366211,-11.714141845703125,10.600191116333008,-4.645331859588623,8.825454711914062,-7.87938117980957,8.549575805664062,-0.48192763328552246,8.682411193847656,-3.581341028213501,10.193041801452637,0.3000122592724679,0.12594519944569585,0.004682501778006554,0.0023086394648998976,1372.7524400777152,387.30086554557397,863.0929101398318,190.1662309178605,2310.7614122681885,589.0456586967872,0.21463508903980255,0.18098431825637817,0.7295006513595581,7.4604339599609375,0.09052222967147827,2.1839540004730225,-0.059102389961481094,1.9239288568496704,-0.008057856932282448,1.7796224355697632,-0.023411601781845093,1.4658206701278687,-0.028973376378417015,1.6601217985153198,-0.025567088276147842,1.56696355342865,-0.007177116349339485,1.50969660282135,-0.0117839016020298,1.452911138534546,0.01054407749325037,1.3166025876998901,-0.005998031236231327,1.195253610610962,0.01073381956666708,1.3432925939559937,0.013213993981480598,1.4506585597991943,0.43433713912963867,0.2963380217552185,0.4111228883266449,0.27367109060287476,0.45546793937683105,0.3043439984321594,0.41899242997169495,0.2838417887687683,0.42023396492004395,0.27001020312309265,0.45426225662231445,0.28344640135765076,0.48909708857536316,0.29175513982772827,0.48589518666267395,0.29967084527015686,0.5094850659370422,0.29711511731147766,0.5201980471611023,0.3160328269004822,0.47604113817214966,0.2894161641597748,0.480591356754303,0.30935442447662354
7A864194-4B6B-4850-ABBF-0C2A8170107B-1436846915-1.1-f-26-bu.wav,..\dataset\burping\7A864194-4B6B-4850-ABBF-0C2A8170107B-1436846915-1.1-f-26-bu.wav,burping,říhání,dívka,2–6 měsíců,False,0,-444.4573059082031,70.20843505859375,39.81558609008789,13.85994815826416,-23.059099197387695,16.49272918701172,-0.5660961866378784,9.911181449890137,-15.162178993225098,10.319354057312012,-3.1646575927734375,9.821867942810059,-16.49102210998535,9.561774253845215,-10.279817581176758,8.223711967468262,-13.083343505859375,8.738871574401855,-8.809247970581055,8.41193675994873,-14.358534812927246,8.401618957519531,-11.613871574401855,8.823177337646484,-12.301076889038086,8.572443962097168,0.2583753120542083,0.058322946178261094,0.008766737766563892,0.007911251857876778,1334.756101486837,202.0022145572191,974.2949046238534,127.95249192227358,2514.44365192582,351.63270165478076,0.22919154167175293,0.12236707657575607,0.524808943271637,7.050236701965332,0.031161239370703697,1.9393606185913086,-0.03943193331360817,2.284696578979492,-0.016258899122476578,1.6789449453353882,-0.02278888039290905,1.637097716331482,0.004559710156172514,1.430016279220581,-0.006247992627322674,1.3739988803863525,-0.022169746458530426,1.3093008995056152,-0.016166938468813896,1.1937655210494995,-0.02129843272268772,1.3075703382492065,-0.02668849751353264,1.3549069166183472,-0.013835936784744263,1.3562586307525635,-0.031984053552150726,1.3548169136047363,0.630911111831665,0.257982075214386,0.6603726744651794,0.25809529423713684,0.597740113735199,0.2449599951505661,0.5717299580574036,0.2584601640701294,0.602276623249054,0.2670706510543823,0.5328435897827148,0.25170794129371643,0.4994879961013794,0.25271138548851013,0.5205913782119751,0.2639048397541046,0.5438330173492432,0.26321181654930115,0.5686798095703125,0.2468821108341217,0.6191301941871643,0.26177889108657837,0.6414995193481445,0.25972649455070496
999bf14b-e417-4b44-b746-9253f81efe38-1430972705879-1.7-m-26-hu.wav,..\dataset\hungry\999bf14b-e417-4b44-b746-9253f81efe38-1430972705879-1.7-m-26-hu.wav,hungry,hlad,chlapec,2–6 měsíců,False,0,-724.6570434570312,87.33187103271484,48.53921890258789,38.76628875732422,9.736357688903809,25.93438148498535,13.667696952819824,13.081815719604492,5.382408618927002,11.761500358581543,0.6369059681892395,8.958066940307617,-1.8293681144714355,8.26291275024414,-1.4775434732437134,6.976541996002197,-4.375016212463379,7.507063388824463,-4.554318904876709,7.569972991943359,-4.986969947814941,7.402614593505859,-3.4853899478912354,7.914261341094971,-3.679893732070923,8.165606498718262,0.11917684557774608,0.05594186733715734,0.002248417353257537,0.009075124748051167,969.1906656349861,357.9004101038405,937.0870043865629,296.7257286431115,2063.1241084165476,820.8887766743155,0.14849859476089478,0.21988824009895325,-1.5781201057052385e-07,9.337630271911621,1.632538015883256e-08,3.545264959335327,1.0883587364673986e-08,4.122769832611084,0.0,2.114319324493408,2.7208968411684964e-09,2.0670950412750244,-6.802242102921241e-10,1.368660569190979,-4.08134503970814e-09,1.278717279434204,0.0,1.0920273065567017,-1.3604484205842482e-09,1.2280367612838745,-2.7208968411684964e-09,1.2678816318511963,2.7208968411684964e-09,1.1252602338790894,-2.7208968411684964e-09,1.2588995695114136,2.04067251985407e-09,1.4367018938064575,0.5482574105262756,0.2817947268486023,0.5557724833488464,0.2884937822818756,0.5876861214637756,0.3016335070133209,0.625790536403656,0.3049561083316803,0.6429100036621094,0.2934894859790802,0.6643410325050354,0.2849339246749878,0.649980902671814,0.2732742130756378,0.6271617412567139,0.2809138298034668,0.5865073800086975,0.2808207869529724,0.5943508744239807,0.3054685890674591,0.5748589634895325,0.2995406687259674,0.570966899394989,0.29639047384262085
af30880e-5f98-4dc0-b37a-be6b21fa0ba3-1431240072536-1.7-m-26-bu.wav,..\dataset\burping\af30880e-5f98-4dc0-b37a-be6b21fa0ba3-1431240072536-1.7-m-26-bu.wav,burping,říhání,chlapec,2–6 měsíců,False,0,-290.85443115234375,149.97662353515625,-16.528493881225586,33.115623474121094,-17.656709671020508,26.05699348449707,6.087183475494385,23.465579986572266,-45.57297134399414,22.596248626708984,-11.30302619934082,12.060418128967285,-18.634492874145508,15.456058502197266,-0.6261047124862671,11.608628273010254,-20.545183181762695,16.023611068725586,4.617788314819336,15.478424072265625,-6.36440896987915,15.892232894897461,11.727860450744629,21.451204299926758,2.0975351333618164,21.867908477783203,0.33923078637660486,0.1754103400576704,0.20297478139400482,0.11875227838754654,1559.3169003655926,645.3142413812952,775.2527034439877,302.26352451632437,2423.9256419400854,929.6471673025337,0.1573762744665146,0.31056663393974304,-4.353434803761047e-07,11.282591819763184,9.523138722045132e-09,3.7085824012756348,-1.0883587364673986e-08,2.7841429710388184,-5.441793682336993e-09,2.5729029178619385,0.0,2.3668437004089355,5.441793682336993e-09,1.894591212272644,0.0,1.9149936437606812,-1.3604484205842482e-09,1.6892061233520508,0.0,1.7757537364959717,-2.7208968411684964e-09,1.8047707080841064,5.441793682336993e-09,2.131636619567871,-2.176717472934797e-08,2.297118663787842,2.7208968411684964e-09,2.6035542488098145,0.17449335753917694,0.24754363298416138,0.15151189267635345,0.21889956295490265,0.16745293140411377,0.2559232711791992,0.21909810602664948,0.2955778241157532,0.30202290415763855,0.33775225281715393,0.3094066083431244,0.33353957533836365,0.28176775574684143,0.3302725851535797,0.29494163393974304,0.3351563811302185,0.28170424699783325,0.31420448422431946,0.3229498863220215,0.3535616993904114,0.2754061818122864,0.3285105228424072,0.21752358973026276,0.2861044108867645
743E7CCA-D32B-40B6-9541-9808122D3F6B-1436860161-1.1-f-26-hu.wav,..\dataset\hungry\743E7CCA-D32B-40B6-9541-9808122D3F6B-1436860161-1.1-f-26-hu.wav,hungry,hlad,dívka,2–6 měsíců,False,0,-330.698486328125,95.98275756835938,-4.319049835205078,26.552902221679688,-19.0224609375,22.722658157348633,-8.536555290222168,18.845903396606445,-1.7308828830718994,19.22997283935547,-0.42419493198394775,15.81103229522705,-12.106636047363281,15.604253768920898,-2.7203941345214844,12.939866065979004,-11.935293197631836,10.649078369140625,-0.9896373152732849,12.371039390563965,-5.781140327453613,13.065556526184082,0.03425108268857002,14.773189544677734,1.428381323814392,19.539653778076172,0.38841275855920115,0.1628657862182565,0.0601348914206028,0.043491970747709274,1782.363649352055,436.64281610591485,974.3516682025996,145.56350332303373,2937.745185449358,537.6630868837161,0.13662169873714447,0.14154307544231415,0.3935716152191162,6.931994438171387,0.021563420072197914,2.4085891246795654,-0.027965039014816284,2.111419439315796,0.02344960719347,1.9182792901992798,-0.016471343114972115,1.736310601234436,-0.01972978375852108,1.7575578689575195,-0.016711192205548286,1.7474530935287476,-0.04120359197258949,1.569478154182434,-0.029317455366253853,1.6380800008773804,-0.013581562787294388,1.9665383100509644,-0.018446389585733414,1.8874568939208984,-0.014745230786502361,2.050607681274414,-0.015452503226697445,2.0824804306030273,0.19046349823474884,0.2594485580921173,0.19827450811862946,0.25745081901550293,0.2686954438686371,0.28853124380111694,0.3170382082462311,0.33869829773902893,0.306281715631485,0.3227470815181732,0.27550891041755676,0.29985493421554565,0.3045969605445862,0.31393787264823914,0.36236757040023804,0.34824082255363464,0.3373261094093323,0.33095642924308777,0.30955636501312256,0.3317793011665344,0.32472386956214905,0.3330528736114502,0.24928855895996094,0.28740862011909485
afa44e7f-4187-4f1c-9437-b49ba75f542e-1430629785235-1.7-f-04-hu.wav,..\dataset\hungry\afa44e7f-4187-4f1c-9437-b49ba75f542e-1430629785235-1.7-f-04-hu.wav,hungry,hlad,dívka,0–4 týdny,False,0,-496.5723876953125,93.77698516845703,44.683990478515625,34.572479248046875,7.872139930725098,30.008163452148438,12.984582901000977,20.88356590270996,-13.427249908447266,20.712848663330078,-0.5298458337783813,15.11645793914795,-14.177985191345215,16.829565048217773,-3.1213691234588623,14.958353042602539,-19.42957878112793,12.357660293579102,-0.6727192997932434,12.651844024658203,-11.440484046936035,11.009980201721191,4.669430732727051,13.09643840789795,-4.559175491333008,15.934672355651855,0.26302269079885876,0.14630629471519552,0.010786962695419788,0.009476989507675171,1340.9704958652574,432.45098758581344,1011.1046426351774,194.9356664479598,2567.960948644793,641.1804691029831,0.12294920533895493,0.14992870390415192,-0.21090929210186005,10.84648609161377,-0.02228209376335144,3.9689228534698486,0.006141004152595997,3.7696731090545654,-0.018592050299048424,2.6370837688446045,0.0199920441955328,3.2003989219665527,0.022209281101822853,2.4355309009552,0.015713650733232498,2.4457406997680664,-0.006478147115558386,2.120262384414673,0.022965168580412865,2.041350841522217,-0.002901454223319888,1.7830373048782349,-0.005887717008590698,1.6092817783355713,0.0012386664748191833,1.7280546426773071,-0.0011903569102287292,1.6662131547927856,0.2951035499572754,0.2588162124156952,0.3304683566093445,0.2884831726551056,0.37482377886772156,0.30895566940307617,0.3863155245780945,0.2877030670642853,0.43670520186424255,0.3373973071575165,0.46411725878715515,0.32638561725616455,0.5435054302215576,0.3152181804180145,0.6118061542510986,0.32401156425476074,0.5021963119506836,0.30927327275276184,0.4311439096927643,0.3072321116924286,0.3472885489463806,0.2904556691646576,0.3157593607902527,0.2827872335910797
7060a4f6-4c0c-494b-912c-ae60158b185a-1436931995150-1.7-f-04-hu.wav,..\dataset\hungry\7060a4f6-4c0c-494b-912c-ae60158b185a-1436931995150-1.7-f-04-hu.wav,hungry,hlad,dívka,0–4 týdny,False,0,-470.8518981933594,88.37015533447266,100.69603729248047,35.21148681640625,2.977558135986328,22.827293395996094,8.381209373474121,22.435171127319336,-2.5851943492889404,16.551076889038086,-3.3910579681396484,10.765108108520508,-15.573202133178711,11.860356330871582,-5.750577449798584,12.850204467773438,-12.490344047546387,13.000988006591797,-4.903012752532959,9.761168479919434,-15.264466285705566,11.921141624450684,-7.121673107147217,9.446113586425781,-14.433941841125488,9.922652244567871,0.08783211483594865,0.0344021081152373,0.042986951768398285,0.04007222130894661,727.8268126981179,234.42691449583282,727.1923217431632,254.39307783626657,1376.760877318117,608.702253846361,0.07375175505876541,0.21007947623729706,-0.17481762170791626,7.918663501739502,-0.056570906192064285,3.6871044635772705,-0.008303276263177395,2.704181432723999,-0.01145950797945261,2.3529844284057617,0.004877705592662096,1.9847767353057861,0.007736245635896921,1.5576814413070679,0.005434033460915089,1.6705292463302612,0.0065422276966273785,1.5986473560333252,0.0005171526572667062,1.4332765340805054,0.006828299257904291,1.4386677742004395,0.011658929288387299,1.5108883380889893,0.006006599869579077,1.2425857782363892,0.01037577260285616,1.2927219867706299,0.321272075176239,0.36304569244384766,0.35689210891723633,0.3570031523704529,0.4565359652042389,0.29924681782722473,0.6548159122467041,0.2824942171573639,0.7249386310577393,0.28475329279899597,0.5351810455322266,0.25831547379493713,0.3398950695991516,0.300396591424942,0.28111106157302856,0.33214616775512695,0.30117323994636536,0.3705388903617859,0.31971901655197144,0.37545937299728394,0.33605656027793884,0.33701393008232117,0.33441948890686035,0.3438955545425415
1445575b-80ad-477b-8e48-36194cac728e-1430244987914-1.7-f-48-hu.wav,..\dataset\hungry\1445575b-80ad-477b-8e48-36194cac728e-1430244987914-1.7-f-48-hu.wav,hungry,hlad,dívka,4–8 týdnů,False,0,-446.0574645996094,102.48157501220703,79.80784606933594,25.857704162597656,-26.852882385253906,25.0266170501709,-28.976707458496094,20.786052703857422,-24.619205474853516,15.73411750793457,-14.380066871643066,14.048176765441895,-13.577584266662598,10.901044845581055,-8.5523042678833,10.617000579833984,-18.245899200439453,10.755342483520508,-8.439090728759766,10.183074951171875,-13.206393241882324,9.74817180633545,-7.680170059204102,9.372167587280273,-6.021520614624023,10.579727172851562,0.1575372236091298,0.05218075703640143,0.02932543307542801,0.033283550292253494,941.1780039854195,248.9003068667331,776.2635286285397,208.4761806493823,1638.9309914407988,607.7688218264898,0.07662038505077362,0.1766979992389679,0.005428297910839319,9.978608131408691,0.005425218027085066,3.3756086826324463,0.0010312470840290189,2.85945725440979,-0.0014808099949732423,2.2849156856536865,-0.0013497824547812343,2.1573712825775146,-0.0011717623565346003,1.9408457279205322,-0.002476641908288002,1.5112133026123047,-0.0034175810869783163,1.6768673658370972,-0.0018440959975123405,1.6141306161880493,0.0009489154908806086,1.630487084388733,0.0014980495907366276,1.4301683902740479,-0.0011518066748976707,1.6123842000961304,-0.0039740451611578465,1.553568720817566,0.34359124302864075,0.3247240483760834,0.3553917706012726,0.31097501516342163,0.3800738453865051,0.3271382749080658,0.4052821397781372,0.33208855986595154,0.3925275504589081,0.3237806260585785,0.3556095361709595,0.31986039876937866,0.3510879874229431,0.31992289423942566,0.3553254008293152,0.3369693458080292,0.35620006918907166,0.3472788333892822,0.3158276379108429,0.3064762353897095,0.28687188029289246,0.2740461528301239,0.3112958073616028,0.3075214624404907
a40b9b8d-e4bc-457a-badf-f38bdbc0c358-1430016981469-1.7-m-26-dc.wav,..\dataset\discomfort\a40b9b8d-e4bc-457a-badf-f38bdbc0c358-1430016981469-1.7-m-26-dc.wav,discomfort,nepohodlí,chlapec,2–6 měsíců,False,0,-246.77284240722656,100.35454559326172,48.59121322631836,53.65492248535156,-44.8309440612793,37.89101791381836,12.311810493469238,28.292980194091797,-13.930416107177734,19.054298400878906,19.76331329345703,18.293106079101562,-20.211275100708008,16.17450523376465,-9.817736625671387,14.329689979553223,-21.684494018554688,15.126884460449219,-5.970321178436279,17.894994735717773,2.958493709564209,20.882991790771484,7.759022235870361,20.666446685791016,-12.936006546020508,19.775514602661133,0.24579841298145508,0.10097451679184842,0.28161072731018066,0.1523377001285553,1240.590204199892,399.1940407437876,731.9384027592257,128.11804436492835,2057.9083452211125,611.7884874142694,0.026115678250789642,0.07468729466199875,0.05684088170528412,10.489948272705078,-0.00590730644762516,4.844597339630127,-0.019774585962295532,4.619204998016357,0.010986246168613434,2.826711654663086,0.002358590252697468,2.7157163619995117,0.008952966891229153,2.0109219551086426,0.011831599287688732,1.972186803817749,-0.014493448659777641,1.9805494546890259,-0.0052376557141542435,1.7615987062454224,0.0024555902928113937,2.0037901401519775,-0.009171104058623314,2.41439151763916,-0.016546664759516716,2.7786905765533447,-0.01146582793444395,2.4630327224731445,0.2640533149242401,0.3217178285121918,0.305365651845932,0.3322751522064209,0.2956717014312744,0.31071996688842773,0.27049437165260315,0.32021382451057434,0.2612493932247162,0.3149908781051636,0.2490914762020111,0.3138103187084198,0.23814724385738373,0.31165236234664917,0.2636667788028717,0.32827723026275635,0.3065762519836426,0.34873467683792114,0.3970881998538971,0.36297109723091125,0.4662814140319824,0.396249920129776,0.3105948865413666,0.32558104395866394
8FDA58A7-FDC6-4421-855F-738E6E853E43-1429895751-1.0-m-26-hu.wav,..\dataset\hungry\8FDA58A7-FDC6-4421-855F-738E6E853E43-1429895751-1.0-m-26-hu.wav,hungry,hlad,chlapec,2–6 měsíců,False,0,-446.0910339355469,126.01242065429688,8.393041610717773,25.472274780273438,-51.69222640991211,31.249433517456055,4.678718090057373,16.770727157592773,-8.586018562316895,16.545135498046875,-8.593306541442871,13.573280334472656,0.9331209659576416,12.47684383392334,-5.74352502822876,13.877265930175781,-14.734536170959473,9.436624526977539,-7.194928169250488,13.958094596862793,-11.67696762084961,11.49043083190918,-2.507528066635132,13.34725570678711,7.189205646514893,20.694129943847656,0.31260587553495006,0.07369802833098679,0.07097306102514267,0.10361271351575851,1466.424582539112,200.68627667452276,793.0032552905187,175.36598313032783,2268.9684379457917,425.3416075478176,0.11641308665275574,0.1332540363073349,-0.09804844856262207,10.898953437805176,-0.07644437998533249,2.7804083824157715,0.04801008105278015,3.848484992980957,0.07172366231679916,1.8597296476364136,0.0911090299487114,2.255478858947754,0.019785743206739426,1.5853638648986816,-0.008241844363510609,1.4330370426177979,0.03192006051540375,1.6295702457427979,0.0004202962445560843,1.349179983139038,-0.010249380022287369,1.5915281772613525,0.013653397560119629,1.6147470474243164,-0.0468037985265255,1.9601658582687378,-0.03973908722400665,2.777686595916748,0.2995256781578064,0.31202173233032227,0.28739938139915466,0.2862963080406189,0.2822912335395813,0.2685921788215637,0.26232925057411194,0.2566538453102112,0.264752060174942,0.2852056622505188,0.2843242585659027,0.2827706038951874,0.3851841986179352,0.32098105549812317,0.5068172812461853,0.3283208906650543,0.5281100273132324,0.3562580943107605,0.45917409658432007,0.37251171469688416,0.43701475858688354,0.3749949634075165,0.33479610085487366,0.3207096755504608
46002244-7304-45DC-BF69-B6EC2BB25009-1436902364-1.1-f-48-hu.wav,..\dataset\hungry\46002244-7304-45DC-BF69-B6EC2BB25009-1436902364-1.1-f-48-hu.wav,hungry,hlad,dívka,4–8 týdnů,False,0,-550.5088500976562,100.79486083984375,28.382287979125977,35.85934829711914,-28.085330963134766,27.083572387695312,-9.313440322875977,16.913530349731445,-9.400550842285156,15.467832565307617,-0.8076276183128357,11.953197479248047,-22.087142944335938,12.880738258361816,-9.790579795837402,8.376569747924805,-13.22343635559082,9.66226863861084,-7.460211753845215,10.791081428527832,-12.544069290161133,13.451289176940918,-5.70493745803833,18.449012756347656,-4.876342296600342,21.00301170349121,0.2527360467189729,0.08284556634379552,0.007901124656200409,0.008350575342774391,1391.257174287894,301.1020937588298,933.4634785399513,125.77195268212567,2529.8457560627676,443.81701206940016,0.11678384989500046,0.10788612067699432,0.5246142148971558,12.157833099365234,0.08480805903673172,3.9664273262023926,-0.004767702426761389,3.806617498397827,0.0015710389707237482,2.3462135791778564,-0.017639320343732834,1.7751944065093994,0.01625964418053627,1.8429951667785645,-0.03510168567299843,2.006366491317749,-0.00944449845701456,1.2848302125930786,-0.019381968304514885,1.5336143970489502,0.00010207444574916735,1.5998767614364624,-0.018376706168055534,1.8501876592636108,-0.018424561247229576,2.5356383323669434,-0.021311359480023384,3.252326488494873,0.44530874490737915,0.3212374150753021,0.5251367092132568,0.33581414818763733,0.4982394278049469,0.33315005898475647,0.40613624453544617,0.31335413455963135,0.3980286121368408,0.30248647928237915,0.3717931807041168,0.289747953414917,0.32052376866340637,0.26374584436416626,0.3185713291168213,0.2729281485080719,0.36124593019485474,0.2862205505371094,0.4208543300628662,0.3352510333061218,0.420028954744339,0.34428706765174866,0.4247972369194031,0.3418663442134857
06c4cfa2-7fa6-4fda-91a1-ea186a4acc64-1430029246453-1.7-f-26-ti.wav,..\dataset\tired\06c4cfa2-7fa6-4fda-91a1-ea186a4acc64-1430029246453-1.7-f-26-ti.wav,tired,únava,dívka,2–6 měsíců,False,0,-546.5665283203125,122.5136489868164,40.457820892333984,55.18116760253906,-14.750921249389648,25.776432037353516,5.864512920379639,13.84433650970459,-18.34029769897461,21.120311737060547,-1.0576391220092773,12.951087951660156,-14.817849159240723,12.303970336914062,-10.122570037841797,12.92607593536377,-21.489431381225586,15.109917640686035,-9.069451332092285,14.690879821777344,-3.537753105163574,14.708212852478027,4.845437526702881,20.09738540649414,1.562903642654419,19.873065948486328,0.2257935092724679,0.163502236156433,0.022432122379541397,0.04040556773543358,1165.5577706008337,567.9604458223245,773.3803498849536,251.52163572335618,2020.1720756062768,773.8015638761269,0.11664824187755585,0.2577710747718811,4.353434945869594e-08,7.840723991394043,-2.176717472934797e-08,3.1097769737243652,0.0,3.3343164920806885,1.3604484205842482e-09,1.9807929992675781,0.0,2.5562713146209717,-4.08134503970814e-09,1.8397058248519897,-2.7208968411684964e-09,1.6830788850784302,0.0,1.6936310529708862,-5.441793682336993e-09,1.6179038286209106,-2.7208968411684964e-09,1.7137178182601929,2.7208968411684964e-09,2.168433904647827,-8.16269007941628e-09,2.2368102073669434,0.0,2.345583438873291,0.32241567969322205,0.331763356924057,0.29074642062187195,0.32182857394218445,0.2697513699531555,0.3076806962490082,0.2790258526802063,0.2961340546607971,0.24780593812465668,0.279509574174881,0.2372669279575348,0.27926939725875854,0.3095892369747162,0.27859601378440857,0.41721317172050476,0.34018975496292114,0.5003000497817993,0.3638094961643219,0.4328272044658661,0.3602575659751892,0.34882935881614685,0.3579287827014923,0.3254866302013397,0.3416876494884491
bb2bdafb-0477-4be4-8c41-1a6192e8c6d4-1430637640279-1.7-m-72-hu.wav,..\dataset\hungry\bb2bdafb-0477-4be4-8c41-1a6192e8c6d4-1430637640279-1.7-m-72-hu.wav,hungry,hlad,chlapec,7 měsíců–2 roky,False,0,-346.8859558105469,134.8055877685547,50.488365173339844,34.53229522705078,-61.76768493652344,40.45005416870117,-5.611983299255371,22.424726486206055,-16.732704162597656,15.702859878540039,-7.2972092628479,15.298800468444824,-7.560075283050537,14.236971855163574,-16.343297958374023,13.278244972229004,-12.65660285949707,13.539750099182129,-9.884843826293945,10.213529586791992,-14.358226776123047,11.059662818908691,-5.659086227416992,9.704324722290039,-8.889467239379883,10.955240249633789,0.21681637838801712,0.09723655272122438,0.09247644245624542,0.08112805336713791,1081.0983542506624,412.81433458282896,655.6404507335618,273.08403238002563,1762.7719329529243,715.9166975290242,0.1371416598558426,0.2917000949382782,-3.918091238119814e-07,8.631564140319824,1.0883587364673986e-08,2.8713419437408447,-1.0883587364673986e-08,3.2718892097473145,-3.401120940438318e-09,2.1178762912750244,5.441793682336993e-09,2.2615864276885986,-1.3604484205842482e-09,2.003209114074707,6.802241880876636e-09,1.9106576442718506,2.7208968411684964e-09,1.6295255422592163,1.3604484205842482e-09,1.6812041997909546,-2.7208968411684964e-09,1.3796167373657227,2.7208968411684964e-09,1.4816521406173706,-2.04067251985407e-09,1.3969979286193848,2.7208968411684964e-09,1.527190089225769,0.2830614745616913,0.3056749105453491,0.32451194524765015,0.3295632004737854,0.29506558179855347,0.31440606713294983,0.3049028515815735,0.32960760593414307,0.3019673526287079,0.3330612778663635,0.2799742817878723,0.3170882761478424,0.263865202665329,0.3046884536743164,0.29650723934173584,0.3306702971458435,0.27863502502441406,0.30620187520980835,0.2932312488555908,0.3353010416030884,0.2725600004196167,0.28545132279396057,0.22809943556785583,0.2570769786834717
8f4dbf5a-b504-4452-b6ac-94e646a6a052-1430735157938-1.7-f-72-hu.wav,..\dataset\hungry\8f4dbf5a-b504-4452-b6ac-94e646a6a052-1430735157938-1.7-f-72-hu.wav,hungry,hlad,dívka,7 měsíců–2 roky,False,0,-532.7711791992188,88.82903289794922,20.023387908935547,39.4267692565918,-12.30379581451416,32.555484771728516,-18.24488067626953,20.45702362060547,-11.293192863464355,23.760948181152344,11.701529502868652,21.10347557067871,-9.142333984375,15.960107803344727,-4.738814830780029,19.355579376220703,-14.816832542419434,21.360960006713867,-2.0654304027557373,18.373737335205078,-8.941926956176758,13.051200866699219,-0.404294490814209,11.00108528137207,-7.8133440017700195,14.494119644165039,0.3035172967189729,0.1600277676255434,0.014338773675262928,0.019642310217022896,1506.3652919198428,523.4797197994181,962.3334804526169,259.15722675990173,2683.599322396576,766.140287476739,0.16768570244312286,0.2228630632162094,-0.2339448779821396,11.22342586517334,-0.0075029353611171246,6.894455909729004,0.022451458498835564,4.228479862213135,0.036053817719221115,3.4411818981170654,0.026655610650777817,2.6969404220581055,-0.006525008473545313,1.9906682968139648,-0.0016929800622165203,2.2039217948913574,-0.006609817501157522,2.0707027912139893,-0.0019088070839643478,2.339779853820801,0.01189235970377922,2.2822515964508057,-0.004463236778974533,1.9448676109313965,0.00041002282523550093,1.714223861694336,0.002138986485078931,2.0443572998046875,0.25257599353790283,0.271292120218277,0.2864793837070465,0.31488505005836487,0.31758877635002136,0.3341710865497589,0.31921058893203735,0.3524513840675354,0.27824583649635315,0.31373143196105957,0.3093740940093994,0.31242120265960693,0.37563323974609375,0.342896431684494,0.3853715658187866,0.3418119549751282,0.38297417759895325,0.36104899644851685,0.36761218309402466,0.33204829692840576,0.40111929178237915,0.3553812801837921,0.3361417353153229,0.3219330906867981
10A40438-09AA-4A21-83B4-8119F03F7A11-1430848070-1.0-f-26-hu.wav,..\dataset\hungry\10A40438-09AA-4A21-83B4-8119F03F7A11-1430848070-1.0-f-26-hu.wav,hungry,hlad,dívka,2–6 měsíců,False,0,-292.19659423828125,109.50093078613281,-18.15618896484375,30.595687866210938,2.081664800643921,19.11086082458496,-11.55151653289795,17.392066955566406,-9.128843307495117,11.009824752807617,10.436443328857422,12.985430717468262,-15.743910789489746,14.187651634216309,-10.07771110534668,15.090669631958008,-13.037330627441406,16.5222110748291,-0.10025664418935776,16.212575912475586,-4.207026958465576,18.642406463623047,4.866027355194092,20.612382888793945,-4.943469524383545,19.132720947265625,0.48124888552068473,0.16770671034685294,0.11013484746217728,0.07784712314605713,2036.7138922807503,438.9464069352824,999.0971523569418,87.51907704842587,3125.8470042796007,433.66769194226924,0.10428284108638763,0.07732436060905457,-0.0694107934832573,12.886771202087402,0.029191717505455017,3.9298970699310303,-0.01621585339307785,2.393000364303589,0.023241516202688217,2.1472198963165283,-0.012280857190489769,1.6389124393463135,0.014404204674065113,1.7741808891296387,-0.017993122339248657,1.501283884048462,-0.001394673134200275,2.012814998626709,0.004216139670461416,1.9935927391052246,-0.05249060317873955,2.3187828063964844,-0.0430583618581295,2.4092226028442383,-0.03221108391880989,2.7952511310577393,0.027216272428631783,2.873781442642212,0.33722642064094543,0.3385814130306244,0.3761858344078064,0.3537483215332031,0.3902003765106201,0.3421933650970459,0.34099704027175903,0.3139612078666687,0.305822491645813,0.2775365114212036,0.2747325897216797,0.2609856128692627,0.3188350200653076,0.32160595059394836,0.38553157448768616,0.3414597511291504,0.3230525851249695,0.27567294239997864,0.3422975242137909,0.2855205237865448,0.3005256652832031,0.2779146134853363,0.29125887155532837,0.2906656563282013
5728DDD6-149B-412F-A14B-C29B9B5E415F-1432635035-1.0-m-26-hu.wav,..\dataset\hungry\5728DDD6-149B-412F-A14B-C29B9B5E415F-1432635035-1.0-m-26-hu.wav,hungry,hlad,chlapec,2–6 měsíců,False,0,-403.61181640625,52.68385314941406,43.8616828918457,13.327723503112793,-21.980770111083984,15.844953536987305,-6.331060409545898,14.070016860961914,-23.345592498779297,14.952776908874512,1.3412671089172363,15.543621063232422,-4.370711803436279,12.603471755981445,-17.259002685546875,13.118478775024414,-18.0877628326416,11.425068855285645,-17.291793823242188,14.824151992797852,-18.041767120361328,19.727703094482422,-5.544492721557617,19.857318878173828,-6.734742641448975,21.320016860961914,0.21268166012838802,0.047743046434036346,0.04742219299077988,0.045179639011621475,1189.8684691481124,168.35311514458704,869.0538234118028,140.56716904526374,2205.8889087018547,386.0002015682846,0.07501492649316788,0.10093551129102707,0.21839915215969086,4.624606609344482,0.031759973615407944,1.973934531211853,0.002713154535740614,1.9107515811920166,-0.01407827902585268,1.7595102787017822,-0.02970798686146736,1.727329969406128,-0.06073400750756264,1.6965700387954712,0.037576913833618164,1.6076565980911255,0.05889477953314781,1.6500709056854248,0.03795797377824783,1.4580345153808594,-0.027081096544861794,1.7911382913589478,-0.03858337178826332,2.1604697704315186,-0.0250275656580925,2.3623204231262207,0.011414923705160618,2.5058116912841797,0.2885552942752838,0.30316972732543945,0.18655796349048615,0.23500585556030273,0.16946357488632202,0.2231343686580658,0.21391914784908295,0.2675527036190033,0.33887428045272827,0.3368716835975647,0.43733954429626465,0.3867271840572357,0.3689813017845154,0.3355688750743866,0.31882306933403015,0.3384025990962982,0.34728530049324036,0.36732369661331177,0.3687169551849365,0.3804640471935272,0.37661460041999817,0.388977974653244,0.39125606417655945,0.38823622465133667
40a4c760-facf-4911-b0a6-22eccc3ab18d-1430466176951-1.7-f-26-hu.wav,..\dataset\hungry\40a4c760-facf-4911-b0a6-22eccc3ab18d-1430466176951-1.7-f-26-hu.wav,hungry,hlad,dívka,2–6 měsíců,False,0,-352.3456115722656,91.6885986328125,39.9371452331543,20.56521224975586,9.838680267333984,18.230426788330078,3.253382444381714,12.629467010498047,2.72830867767334,13.602768898010254,-8.499468803405762,12.076459884643555,-14.825461387634277,10.984554290771484,-15.201183319091797,12.411442756652832,-15.999029159545898,11.698345184326172,-15.206214904785156,10.627094268798828,-11.686598777770996,9.719202995300293,-13.979355812072754,9.596290588378906,-7.544684886932373,9.576273918151855,0.19226439907275322,0.10316353608873761,0.040853045880794525,0.040062323212623596,1285.9247960792648,388.69175741040834,1081.0372743691903,247.19345237337487,2688.859664764622,741.2818592974824,0.1866379827260971,0.2039792388677597,0.6175274848937988,6.490476131439209,0.06844159960746765,2.5966572761535645,0.012872456572949886,2.6463394165039062,1.412145365975448e-06,2.0809714794158936,-0.0192577987909317,2.1324195861816406,-0.032261453568935394,2.1139979362487793,-0.009546354413032532,1.6826432943344116,-0.01896199956536293,1.803305745124817,-0.030091015622019768,1.7255498170852661,-0.0030422238633036613,1.56855309009552,0.02485010214149952,1.5249671936035156,0.01512138545513153,1.4642127752304077,-0.01322378683835268,1.6193006038665771,0.5616936683654785,0.3439679443836212,0.5397166609764099,0.3160373270511627,0.46024543046951294,0.305330753326416,0.338083416223526,0.27679482102394104,0.300883024930954,0.2743408679962158,0.3107403516769409,0.2824104130268097,0.37660011649131775,0.3217525780200958,0.3928402066230774,0.3257816433906555,0.3962545096874237,0.33231067657470703,0.42372816801071167,0.32457399368286133,0.46250203251838684,0.2805138826370239,0.5273538827896118,0.3027905821800232
3d3e244d-20b1-4ec3-9732-92dcd14ff35a-1436961241219-1.7-m-72-hu.wav,..\dataset\hungry\3d3e244d-20b1-4ec3-9732-92dcd14ff35a-1436961241219-1.7-m-72-hu.wav,hungry,hlad,chlapec,7 měsíců–2 roky,False,0,-329.358154296875,130.7427215576172,136.38626098632812,53.517887115478516,16.228269577026367,28.04911994934082,13.421041488647461,16.060800552368164,-0.36064812541007996,12.285502433776855,0.7155765295028687,10.639998435974121,-9.958230018615723,10.522756576538086,-1.0400731563568115,10.844429969787598,-8.610504150390625,9.920297622680664,-6.041607856750488,9.354244232177734,-3.939607858657837,11.761785507202148,-3.328929901123047,10.710501670837402,-7.61154842376709,9.111659049987793,0.08676778708987161,0.09176842522949942,0.14176024496555328,0.09014154225587845,559.2516677383687,321.3825336560314,601.0956788662672,239.13276477031818,999.2198644793152,659.0591761314209,0.06505453586578369,0.2224300354719162,0.008535518310964108,13.228716850280762,0.010833718813955784,5.313728332519531,0.007688501849770546,4.520290851593018,0.0039956094697117805,2.5914552211761475,0.0011078511597588658,2.045192003250122,-0.000357914250344038,1.6833302974700928,-0.0007234156946651638,1.5673779249191284,-0.0008488354505971074,1.552006721496582,-0.001459879451431334,1.419644832611084,-0.0026801954954862595,1.453130841255188,-0.004051512107253075,1.409761905670166,-0.004950311034917831,1.5738420486450195,-0.0050440882332623005,1.497604250907898,0.5721430778503418,0.3043738901615143,0.581367015838623,0.29785600304603577,0.5998120903968811,0.29732832312583923,0.6028377413749695,0.30490681529045105,0.5966132283210754,0.2955622673034668,0.5883357524871826,0.3035460114479065,0.5720455050468445,0.3020857274532318,0.562353253364563,0.29247403144836426,0.5612571239471436,0.2762075662612915,0.6044891476631165,0.2891388535499573,0.5997216701507568,0.2866366505622864,0.5883558988571167,0.2939724028110504
177dc72e-d0f8-47ef-a5a7-3b46878e11a0-1430736549614-1.7-f-26-hu.wav,..\dataset\hungry\177dc72e-d0f8-47ef-a5a7-3b46878e11a0-1430736549614-1.7-f-26-hu.wav,hungry,hlad,dívka,2–6 měsíců,False,0,-321.8702697753906,121.85401153564453,51.41828536987305,47.235313415527344,-23.59732437133789,32.17960739135742,2.891742706298828,25.045089721679688,-37.52365493774414,18.852413177490234,-3.422027587890625,20.740480422973633,-24.544824600219727,15.926669120788574,-7.639213562011719,16.362913131713867,-23.54306411743164,16.45184326171875,-2.0185117721557617,14.56881046295166,-11.113666534423828,16.05821418762207,-4.773130416870117,14.678545951843262,-9.983755111694336,10.917415618896484,0.2031807239657632,0.1378185254917035,0.15005673468112946,0.13986560702323914,1143.694673514488,468.566409325851,800.629871444639,187.51886597181652,2042.9966119828816,732.9750676927844,0.07057025283575058,0.14538300037384033,0.07072964310646057,15.668766975402832,-0.003968330100178719,5.528011798858643,0.0035038103815168142,4.782408714294434,-0.002065021777525544,3.5705835819244385,-0.03062083013355732,3.27351713180542,0.006839910056442022,2.904836893081665,-0.0030502069275826216,2.5782079696655273,-9.806928574107587e-05,2.572399616241455,-0.0010714184027165174,2.5192387104034424,0.009906359948217869,2.258965015411377,-0.002471559215337038,1.9199316501617432,0.008325416594743729,1.8579026460647583,-0.019317256286740303,1.979476809501648,0.3121993839740753,0.3264273703098297,0.3101842701435089,0.32482364773750305,0.3247736096382141,0.3330317437648773,0.33391034603118896,0.34044349193573,0.3110520541667938,0.3283862769603729,0.26781129837036133,0.28020358085632324,0.2886975109577179,0.3253488540649414,0.3119913339614868,0.3520817756652832,0.30677393078804016,0.33590346574783325,0.32836729288101196,0.3238547146320343,0.35722362995147705,0.34438884258270264,0.3301323652267456,0.3234509825706482
31e785de-b0c9-464f-88e2-bd8f1dd5cda4-1433403682898-1.7-m-04-hu.wav,..\dataset\hungry\31e785de-b0c9-464f-88e2-bd8f1dd5cda4-1433403682898-1.7-m-04-hu.wav,hungry,hlad,chlapec,0–4 týdny,False,0,-446.9778137207031,153.26817321777344,4.948551654815674,50.67536926269531,-22.63976287841797,37.00434494018555,2.0051369667053223,18.458816528320312,-18.983469009399414,24.285839080810547,-8.069064140319824,13.116764068603516,-13.53761100769043,17.319650650024414,2.722109794616699,16.526517868041992,10.037139892578125,17.899242401123047,9.238868713378906,19.603572845458984,-11.939661026000977,19.417638778686523,-10.04259967803955,14.588013648986816,-5.410949230194092,12.45410442352295,0.275878209700428,0.15826867844517828,0.10338202863931656,0.12113755941390991,1383.9103092576377,509.4562937048463,828.8763853865308,246.36024588667226,2291.926711840228,712.7752268311734,0.09480290114879608,0.20023345947265625,-8.706869891739188e-08,10.967921257019043,-1.0883587364673986e-08,4.25439977645874,-5.441793682336993e-09,2.5411810874938965,1.3604484205842482e-09,1.8845263719558716,-5.441793682336993e-09,2.0399041175842285,2.7208968411684964e-09,1.6966238021850586,2.7208968411684964e-09,1.6273916959762573,-8.16269007941628e-09,1.8008469343185425,0.0,1.7648380994796753,0.0,1.735948085784912,0.0,1.7615411281585693,-2.7208968411684964e-09,1.3869810104370117,4.08134503970814e-09,1.6420929431915283,0.3485269546508789,0.34249237179756165,0.43121328949928284,0.3831094205379486,0.4101731777191162,0.35275503993034363,0.3665534257888794,0.32287856936454773,0.3232518434524536,0.3474186062812805,0.28156614303588867,0.3308872878551483,0.28304195404052734,0.3496817350387573,0.26063647866249084,0.3316412568092346,0.2869515120983124,0.34109094738960266,0.35873907804489136,0.3620491325855255,0.39208871126174927,0.37056997418403625,0.3590031862258911,0.3440622091293335
2e25d0a5-0b2b-44ef-8491-e445b16ea75c-1430056314272-1.7-f-26-hu.wav,..\dataset\hungry\2e25d0a5-0b2b-44ef-8491-e445b16ea75c-1430056314272-1.7-f-26-hu.wav,hungry,hlad,dívka,2–6 měsíců,False,0,-661.44970703125,96.46852111816406,57.0025520324707,29.175827026367188,-20.862499237060547,29.788898468017578,-21.450054168701172,16.89264678955078,-7.285224437713623,14.424959182739258,0.4309235215187073,14.362173080444336,-16.66965103149414,16.57345962524414,-14.553179740905762,13.074592590332031,-13.080743789672852,10.625516891479492,-4.504714488983154,12.149627685546875,-3.067842483520508,11.111872673034668,0.5688568949699402,12.188936233520508,-1.5944476127624512,13.748912811279297,0.20451252674750356,0.08884529214185657,0.006335495039820671,0.019087016582489014,1152.3706094987992,385.31024093883644,884.8298925688853,296.01439315778697,2176.622681883024,829.2709179821729,0.18589523434638977,0.2359444797039032,-4.353434945869594e-08,9.925276756286621,-1.0883587364673986e-08,3.3293302059173584,0.0,3.1226541996002197,5.441793682336993e-09,2.3213207721710205,2.7208968411684964e-09,2.051257848739624,5.441793682336993e-09,2.229584217071533,5.441793682336993e-09,1.8638778924942017,0.0,1.7935847043991089,-8.16269007941628e-09,1.57991361618042,-8.16269007941628e-09,1.721225619316101,-6.802242102921241e-10,1.5733166933059692,-8.16269007941628e-09,2.1125707626342773,-5.441793682336993e-09,2.2817118167877197,0.4696246087551117,0.3372381627559662,0.36266830563545227,0.27777427434921265,0.2846296727657318,0.2447093427181244,0.28436100482940674,0.2579507827758789,0.29891327023506165,0.2587417960166931,0.3472994565963745,0.2968211770057678,0.39470067620277405,0.3013927936553955,0.4663695991039276,0.32866477966308594,0.4731457531452179,0.3146393597126007,0.5219609141349792,0.32919764518737793,0.4943076968193054,0.3243888020515442,0.4770351052284241,0.3190077543258667
3bb2445a-9ae9-4dc8-9a2e-86c696ffa405-1430124221551-1.7-m-26-hu.wav,..\dataset\hungry\3bb2445a-9ae9-4dc8-9a2e-86c696ffa405-1430124221551-1.7-m-26-hu.wav,hungry,hlad,chlapec,2–6 měsíců,False,0,-320.30169677734375,107.6636734008789,-9.689610481262207,45.617881774902344,-27.173023223876953,23.22701072692871,7.346126556396484,22.13665008544922,-33.17039489746094,18.173917770385742,-7.742884635925293,14.045022964477539,-11.13011360168457,12.860897064208984,-1.3517061471939087,11.596049308776855,-20.3836669921875,12.110371589660645,9.433048248291016,13.450193405151367,-3.1265666484832764,14.316054344177246,1.134111762046814,14.890807151794434,-14.391111373901367,14.788812637329102,0.3776301711840228,0.1270988616376076,0.09830337762832642,0.09985115379095078,1703.8869604983024,381.9913581685253,879.4796240515051,158.95353990600208,2731.076141226819,451.58507562814935,0.12349104136228561,0.12491899728775024,-0.20391340553760529,13.270302772521973,0.03799726441502571,4.5133209228515625,0.0030301811639219522,3.2747080326080322,-0.026607148349285126,2.8820695877075195,0.009671716019511223,2.558350086212158,-0.00918158981949091,2.1273324489593506,-0.018364358693361282,1.9202766418457031,0.01032145693898201,1.9445123672485352,-0.002862481400370598,1.7401394844055176,0.0005666185752488673,1.9397213459014893,0.011098655872046947,2.18856143951416,0.006722940132021904,2.5506491661071777,-0.01007493119686842,2.6353700160980225,0.38355162739753723,0.3393247425556183,0.2884596288204193,0.282122939825058,0.22548985481262207,0.23726576566696167,0.19571155309677124,0.2150791585445404,0.17733536660671234,0.2033127248287201,0.18726544082164764,0.19783388078212738,0.3100680708885193,0.2794749140739441,0.4311182498931885,0.3347100019454956,0.4409569203853607,0.3304319977760315,0.5197727680206299,0.35721251368522644,0.5059625506401062,0.3409785330295563,0.4214591085910797,0.31337088346481323
1259bcad-2308-46fa-9a36-b5d8f359886a-1430143617162-1.7-m-04-hu.wav,..\dataset\hungry\1259bcad-2308-46fa-9a36-b5d8f359886a-1430143617162-1.7-m-04-hu.wav,hungry,hlad,chlapec,0–4 týdny,False,0,-414.3388977050781,141.23519897460938,16.060020446777344,35.03590774536133,-36.950660705566406,28.17117691040039,-37.96915817260742,27.138330459594727,-27.80179214477539,23.1491756439209,20.935869216918945,28.49040985107422,-36.03483963012695,22.940471649169922,-0.5928682684898376,15.598723411560059,-9.385770797729492,19.29930877685547,22.911874771118164,23.60423469543457,4.096113204956055,17.946998596191406,-4.077073097229004,14.431780815124512,-14.490509033203125,17.306814193725586,0.2644715139087018,0.1405723522391691,0.10541445016860962,0.1023111417889595,1351.1473623453642,481.7292316085712,824.3183093934606,245.44076683999344,2310.271041369472,787.5198071142108,0.0947963073849678,0.24169301986694336,-1.3060304127066047e-07,14.520881652832031,2.176717472934797e-08,5.660829544067383,5.441793682336993e-09,3.0038769245147705,-5.441793682336993e-09,2.7856605052948,2.7208968411684964e-09,2.799480676651001,-2.7208968411684964e-09,3.217987298965454,0.0,2.630826473236084,-5.441793682336993e-09,2.5806474685668945,5.441793682336993e-09,2.468062400817871,5.441793682336993e-09,2.9091711044311523,-1.0883587364673986e-08,2.305713653564453,0.0,2.0781123638153076,-2.7208968411684964e-09,2.163700580596924,0.5381996631622314,0.3888292908668518,0.3313383162021637,0.3251226842403412,0.15508390963077545,0.22303587198257446,0.17462702095508575,0.26294398307800293,0.22311212122440338,0.2987350821495056,0.2096637338399887,0.2798377275466919,0.19995830953121185,0.27940404415130615,0.1713661551475525,0.24548907577991486,0.16834299266338348,0.25697264075279236,0.21435517072677612,0.2999840974807739,0.28942248225212097,0.319928377866745,0.4582661986351013,0.367385596036911
ed31b187-34af-4ff1-979c-3b8a5905fb7b-1430044897699-1.7-f-48-hu.wav,..\dataset\hungry\ed31b187-34af-4ff1-979c-3b8a5905fb7b-1430044897699-1.7-f-48-hu.wav,hungry,hlad,dívka,4–8 týdnů,False,0,-410.8869934082031,166.45945739746094,5.504399299621582,64.28640747070312,-17.2702579498291,31.419025421142578,4.167263984680176,16.761098861694336,-21.614023208618164,17.040597915649414,3.1831555366516113,17.278018951416016,-15.131956100463867,11.803079605102539,-12.92267894744873,12.559133529663086,-12.019416809082031,11.200729370117188,-8.052257537841797,10.524145126342773,-7.921932697296143,14.319754600524902,4.826388359069824,18.47943878173828,-9.737961769104004,18.312843322753906,0.3295459611269615,0.20250800446788716,0.09097717702388763,0.11410114169120789,1529.5329068373915,670.122992915098,827.4505800155175,231.20276892572807,2475.2808487874463,841.0553716624366,0.12412212044000626,0.22216841578483582,0.015684468671679497,11.585164070129395,-0.016809722408652306,3.972128391265869,0.011266384273767471,4.29573917388916,-0.004697092343121767,2.1698005199432373,-0.005310853011906147,2.539923906326294,0.00849592499434948,2.5391359329223633,-0.009114508517086506,1.8712421655654907,0.009710184298455715,1.708888053894043,-0.005821445491164923,1.5009313821792603,0.0023476930800825357,1.3975956439971924,-0.002966672647744417,1.9379314184188843,-5.839044661115622e-06,2.7634754180908203,0.00016691612836439162,2.5125374794006348,0.3839114308357239,0.33538928627967834,0.4818941056728363,0.36330646276474,0.5044839382171631,0.3530323803424835,0.3943047821521759,0.3320239186286926,0.24735337495803833,0.2592860460281372,0.2299957275390625,0.24520213901996613,0.22018083930015564,0.24815256893634796,0.27240100502967834,0.27160415053367615,0.34250059723854065,0.30258339643478394,0.36500728130340576,0.32934316992759705,0.34270793199539185,0.3341537415981293,0.30472782254219055,0.302219033241272
0f257dac-7d6f-4575-9192-e3b4dcd3d4ef-1430185441581-1.7-f-26-hu.wav,..\dataset\hungry\0f257dac-7d6f-4575-9192-e3b4dcd3d4ef-1430185441581-1.7-f-26-hu.wav,hungry,hlad,dívka,2–6 měsíců,False,0,-387.3208923339844,107.61263275146484,54.17673873901367,31.66501808166504,0.15719348192214966,36.73394012451172,24.572301864624023,26.948945999145508,-3.2261574268341064,25.903499603271484,15.582886695861816,20.628232955932617,-3.915196180343628,15.906829833984375,-2.6601877212524414,14.014020919799805,-3.6008291244506836,13.472893714904785,1.9008846282958984,14.004973411560059,-0.6622570157051086,13.004633903503418,0.6424290537834167,12.182425498962402,-6.148161888122559,10.765862464904785,0.20462954707560627,0.11814759222213067,0.05010545626282692,0.059735264629125595,1121.7594985207406,426.6688308324247,915.7556326369644,224.93026181476796,2148.738409415121,739.9475922992327,0.12037120759487152,0.17531359195709229,0.026841625571250916,14.605754852294922,-0.01605694741010666,5.24815559387207,0.008954566903412342,5.499879837036133,-0.015508988872170448,3.6556575298309326,0.016952818259596825,3.7913918495178223,0.003256831783801317,2.7185781002044678,0.010565757751464844,2.4441492557525635,0.009238219819962978,2.1297006607055664,-0.003120539477095008,2.061147928237915,-0.0070421816781163216,2.1507158279418945,-0.0033406666480004787,2.159003257751465,0.000685856444761157,1.9493836164474487,0.003873125882819295,1.8850935697555542,0.5318244695663452,0.3118921220302582,0.5568807721138,0.3371673822402954,0.5156412124633789,0.3167223334312439,0.497772216796875,0.32231074571609497,0.4510802924633026,0.31715258955955505,0.442294180393219,0.30472561717033386,0.4705100953578949,0.3016679883003235,0.5096255540847778,0.3246614336967468,0.5046643018722534,0.32325348258018494,0.45718449354171753,0.30136802792549133,0.47805267572402954,0.30024048686027527,0.53529292345047,0.3298320770263672
539FDD32-6326-422E-A707-FCF063D3426C-1437073534-1.1-f-26-hu.wav,..\dataset\hungry\539FDD32-6326-422E-A707-FCF063D3426C-1437073534-1.1-f-26-hu.wav,hungry,hlad,dívka,2–6 měsíců,False,0,-311.795166015625,94.1778335571289,33.724979400634766,26.111421585083008,2.026562452316284,16.9456844329834,-10.14596939086914,11.524863243103027,-41.180747985839844,17.496625900268555,1.3694876432418823,12.395112991333008,-22.942829132080078,10.497815132141113,-1.7721352577209473,9.218180656433105,-10.057844161987305,8.650870323181152,-13.680932998657227,6.897761821746826,-7.741220474243164,8.569308280944824,-10.628641128540039,9.668743133544922,-14.88002872467041,10.621170997619629,0.2332883826676177,0.11097793136350315,0.11144871264696121,0.06773466616868973,1313.7124077561346,282.2753219343126,973.5461271744028,122.75215695177357,2472.76212553495,430.41576460028983,0.062142398208379745,0.12840737402439117,0.778677225112915,7.4881510734558105,0.027451815083622932,2.800746440887451,-0.0022238597739487886,1.6656055450439453,-0.04456472024321556,1.41812264919281,-0.05617070570588112,1.9059319496154785,0.0032787376549094915,1.4520610570907593,-0.02155061811208725,1.4431865215301514,-0.0005628678482025862,1.124078392982483,-0.007870882749557495,1.0561333894729614,-0.011347555555403233,1.026248574256897,-0.02046535536646843,1.184726595878601,-0.015689002349972725,1.2583351135253906,-0.00628446601331234,1.176587700843811,0.4270733594894409,0.3786104619503021,0.48950716853141785,0.3259653151035309,0.4730807840824127,0.3244742155075073,0.3870834410190582,0.310612291097641,0.29474490880966187,0.27936530113220215,0.26690492033958435,0.29181885719299316,0.2903338670730591,0.3101305067539215,0.35395416617393494,0.34537938237190247,0.2956273853778839,0.32061758637428284,0.2096906304359436,0.27626216411590576,0.18273717164993286,0.23276646435260773,0.26816079020500183,0.2988666594028473
e4051e62-d21d-4bb8-a235-fd7e859ad787-1430739655763-1.7-m-04-hu.wav,..\dataset\hungry\e4051e62-d21d-4bb8-a235-fd7e859ad787-1430739655763-1.7-m-04-hu.wav,hungry,hlad,chlapec,0–4 týdny,False,0,-432.7104187011719,153.58413696289062,55.335479736328125,36.173892974853516,-11.86120319366455,25.189550399780273,-18.218475341796875,19.684717178344727,-40.857139587402344,27.66754913330078,1.789854645729065,10.748976707458496,-14.297122955322266,14.982193946838379,-20.47777557373047,13.03260612487793,-12.6978120803833,13.968714714050293,-8.229223251342773,10.87922477722168,-20.642824172973633,17.576066970825195,5.819247245788574,20.918746948242188,14.775303840637207,26.196331024169922,0.1662580242510699,0.08261000474296125,0.11951257288455963,0.09846612066030502,999.1554565972843,358.19522630862934,775.2375816736754,262.7706238536671,1811.9873395149787,764.9431002011269,0.08443892002105713,0.2210758924484253,-0.18260085582733154,11.171183586120605,-0.09674414992332458,3.75986385345459,-0.006625582464039326,2.1127736568450928,0.013693233951926231,2.0717217922210693,0.022926313802599907,2.2395331859588623,-0.0029792343266308308,1.3931723833084106,-0.002588794566690922,1.523118257522583,0.01208927109837532,1.4571664333343506,0.007726463954895735,1.5374125242233276,-0.001575280213728547,1.7149142026901245,0.006271800491958857,1.3503332138061523,-0.00020707793009933084,1.6338858604431152,0.0017710698302835226,2.088406801223755,0.20944350957870483,0.2766449749469757,0.16478754580020905,0.23869696259498596,0.14745566248893738,0.20666185021400452,0.1636897325515747,0.21577750146389008,0.28236883878707886,0.31299319863319397,0.437814325094223,0.36063385009765625,0.47757962346076965,0.35275334119796753,0.3785804808139801,0.349812388420105,0.268735408782959,0.337790310382843,0.23044228553771973,0.354157418012619,0.224204421043396,0.31361132860183716,0.24305082857608795,0.3112717866897583
d6cda191-4962-4308-9a36-46d5648a95ed-1426942891562-1.4-f-48-dc.wav,..\dataset\discomfort\d6cda191-4962-4308-9a36-46d5648a95ed-1426942891562-1.4-f-48-dc.wav,discomfort,nepohodlí,dívka,4–8 týdnů,False,0,-678.9307861328125,82.74747467041016,51.91041946411133,37.57114791870117,9.099905014038086,23.935489654541016,23.60334587097168,17.376056671142578,-2.0710880756378174,19.36949920654297,13.308938980102539,18.132644653320312,-4.087116241455078,15.808904647827148,4.430296421051025,11.391144752502441,-5.493191719055176,11.608234405517578,-1.7145678997039795,10.28908634185791,-4.099071502685547,12.039715766906738,11.303589820861816,17.21074676513672,10.127737045288086,17.260074615478516,0.2161254012125535,0.12917425160094617,0.002770808292552829,0.005218366626650095,1166.8089510862053,416.67739110588366,952.018661311176,220.8663845409881,2283.166904422254,738.8813240948745,0.10412027686834335,0.16874687373638153,-0.1877387911081314,8.779520034790039,-0.1613452285528183,3.641000509262085,-0.019884563982486725,3.135662317276001,0.008598050102591515,2.207822561264038,0.0006008855416439474,2.3244497776031494,0.03841254860162735,1.9821803569793701,0.02311362884938717,2.040910005569458,-0.004321261774748564,1.775090217590332,0.0069077094085514545,1.5833864212036133,0.01679598167538643,1.447239875793457,0.01170054730027914,1.8879729509353638,0.0016457452438771725,2.023216724395752,0.027542592957615852,1.9246125221252441,0.47339650988578796,0.3269672691822052,0.37573686242103577,0.3182049095630646,0.4079148471355438,0.3246239125728607,0.4576890468597412,0.3259721100330353,0.37710702419281006,0.30286622047424316,0.38629311323165894,0.31855398416519165,0.42369887232780457,0.32481151819229126,0.5250172019004822,0.3288966715335846,0.6248382925987244,0.3104536533355713,0.5106794834136963,0.33045047521591187,0.4182385802268982,0.33486059308052063,0.44883912801742554,0.3133073151111603
ae5a462b-5424-4b5b-82d5-07ccb61654ab-1431064345173-1.7-f-48-dc.wav,..\dataset\discomfort\ae5a462b-5424-4b5b-82d5-07ccb61654ab-1431064345173-1.7-f-48-dc.wav,discomfort,nepohodlí,dívka,4–8 týdnů,False,0,-593.8878173828125,160.1602783203125,-3.945188283920288,49.46836853027344,-12.241410255432129,31.882009506225586,-4.349353790283203,27.017791748046875,-11.303520202636719,18.9483642578125,12.638148307800293,17.367900848388672,-16.576602935791016,18.23750877380371,0.5226286053657532,10.301122665405273,-10.629855155944824,11.506427764892578,-1.8378709554672241,10.738865852355957,-5.222317695617676,13.850835800170898,5.520863056182861,20.945194244384766,2.764003276824951,18.157915115356445,0.36532074714693297,0.18033146649854104,0.015129880979657173,0.021774090826511383,1716.3444776672325,507.2423411289107,967.8140783504458,185.17760968689166,2847.8735734664765,539.6884826027213,0.15840455889701843,0.1587170958518982,-0.49144384264945984,14.950742721557617,-0.0912618562579155,4.924151420593262,0.030086545273661613,3.4632022380828857,0.013806423172354698,2.9205477237701416,0.0009420615388080478,1.9236384630203247,0.03840932622551918,2.193629026412964,0.006347321439534426,1.895297646522522,0.007737047038972378,1.4871675968170166,0.014880171045660973,1.5848835706710815,0.0092836394906044,1.5980470180511475,0.0028333840891718864,1.7987834215164185,0.01121219526976347,2.271414041519165,0.0058836438693106174,2.36090087890625,0.3797401189804077,0.3207980990409851,0.4392983913421631,0.3300301432609558,0.4429643154144287,0.33113810420036316,0.47553616762161255,0.33898016810417175,0.5844654440879822,0.3413248360157013,0.5124999284744263,0.32389336824417114,0.4290677309036255,0.29132017493247986,0.4566464424133301,0.30569174885749817,0.4186680018901825,0.30734017491340637,0.4211120307445526,0.3114660084247589,0.4098118841648102,0.3489091694355011,0.391072541475296,0.34328746795654297
a56e2494-d2b2-480e-af0b-de9ea8f33572-1436897427825-1.7-f-26-hu.wav,..\dataset\hungry\a56e2494-d2b2-480e-af0b-de9ea8f33572-1436897427825-1.7-f-26-hu.wav,hungry,hlad,dívka,2–6 měsíců,False,0,-445.9203796386719,137.29591369628906,14.261198043823242,26.15465545654297,-18.5100154876709,21.46636390686035,-15.501019477844238,22.173662185668945,-25.14291000366211,16.926536560058594,4.909673690795898,15.466347694396973,-16.836355209350586,13.822495460510254,-3.46875,12.766157150268555,-12.599793434143066,10.113102912902832,-4.78285551071167,10.54951000213623,-2.019866943359375,15.927508354187012,0.1216353178024292,18.518949508666992,-0.12470757961273193,15.278478622436523,0.29879747681883023,0.13095847264548446,0.03860783949494362,0.06359585374593735,1522.7169443506332,427.67775938589017,958.1193605705854,224.24662145655444,2644.169044222539,643.6968424995416,0.23605425655841827,0.2110310196876526,0.009676292538642883,13.66871452331543,-0.00982662197202444,3.857445240020752,-0.02451389469206333,2.869141101837158,-0.009900642558932304,2.8449888229370117,0.0073372982442379,2.2709732055664062,0.007042939309030771,1.9902760982513428,0.008190671913325787,1.9192413091659546,0.006854099687188864,1.7275038957595825,-0.0023393903393298388,1.5640052556991577,-0.005301294382661581,1.717872977256775,0.015969689935445786,1.5713324546813965,-0.0015015568351373076,2.0313992500305176,-0.0007967343553900719,2.582019329071045,0.33605560660362244,0.2885207235813141,0.35270053148269653,0.2863505780696869,0.4119512140750885,0.2864967882633209,0.4484683871269226,0.3353287875652313,0.4615083336830139,0.3643651604652405,0.4099062383174896,0.2958047389984131,0.4045173227787018,0.2999407649040222,0.4361104369163513,0.31398820877075195,0.4796183407306671,0.32467126846313477,0.4645569324493408,0.3086271584033966,0.4410649538040161,0.3302958607673645,0.3764449954032898,0.2839946746826172
d1e236a0-e030-4137-9030-5625026cd098-1430477951092-1.2-m-04-hu.wav,..\dataset\hungry\d1e236a0-e030-4137-9030-5625026cd098-1430477951092-1.2-m-04-hu.wav,hungry,hlad,chlapec,0–4 týdny,False,0,-454.6900939941406,111.83448791503906,69.4368667602539,39.15915298461914,-54.76213836669922,37.7413444519043,-45.677303314208984,27.3161678314209,-17.832162857055664,16.31818962097168,1.124631643295288,13.392328262329102,-22.655162811279297,15.162280082702637,-6.035613059997559,12.33651065826416,-13.80314826965332,14.486318588256836,-6.425265789031982,13.739851951599121,-4.928651809692383,20.131641387939453,19.397686004638672,30.064777374267578,19.270200729370117,24.354679107666016,0.2163538694721826,0.07598919337857105,0.09859506785869598,0.10999027639627457,1014.986284163818,311.8967844469004,606.7267366237426,225.05197063157593,1510.4315263908702,703.9993362457122,0.05363231897354126,0.1365893930196762,-0.09684455394744873,13.947306632995605,-0.04540586844086647,5.269265651702881,0.027839159592986107,5.01489782333374,0.005895834881812334,3.7783377170562744,0.0057534342631697655,2.225393533706665,0.002991254674270749,2.02436900138855,-0.004113263916224241,2.1672444343566895,-0.005337362643331289,1.8727543354034424,0.009555022232234478,1.9227021932601929,0.0038772369734942913,2.1625325679779053,0.0011684347409754992,2.5429470539093018,-0.0006761319818906486,3.752329111099243,0.0022944125812500715,3.2492551803588867,0.182892844080925,0.3028702735900879,0.21899469196796417,0.297911137342453,0.2769589424133301,0.3311794698238373,0.21433058381080627,0.27046483755111694,0.1667618751525879,0.23738843202590942,0.158474862575531,0.22206991910934448,0.2756705582141876,0.2983204424381256,0.4633576571941376,0.37421542406082153,0.5208710432052612,0.3478763699531555,0.43949630856513977,0.36968323588371277,0.2438155561685562,0.27471795678138733,0.17355000972747803,0.26116493344306946
5B416CE8-2591-4531-9ADC-86D085B5D48B-1430144827-1.0-m-48-ti.wav,..\dataset\tired\5B416CE8-2591-4531-9ADC-86D085B5D48B-1430144827-1.0-m-48-ti.wav,tired,únava,chlapec,4–8 týdnů,False,0,-451.1096496582031,61.313961029052734,74.44876098632812,14.211548805236816,-34.11600112915039,18.214401245117188,-5.499821186065674,13.709158897399902,-24.91909408569336,15.069623947143555,-21.06814956665039,12.102554321289062,-17.751850128173828,9.80704402923584,-10.802541732788086,9.02580738067627,-13.289165496826172,9.18830394744873,-7.670958995819092,8.104982376098633,-15.46090030670166,8.215285301208496,-7.984468936920166,9.5908203125,-9.628052711486816,10.401195526123047,0.18651368580599145,0.045004430062445214,0.0178662296384573,0.02096656709909439,1024.2937803712402,140.63024308234702,807.1917102414557,93.72725053303814,1818.9416904422253,296.377674943684,0.07210720330476761,0.0494251474738121,-0.23241525888442993,3.906797170639038,0.035500142723321915,1.9401185512542725,0.026743972674012184,1.9185669422149658,0.012686384841799736,1.67574143409729,0.06363542377948761,1.441115140914917,-0.012575916945934296,1.481785774230957,0.03069017082452774,1.4185129404067993,0.024372780695557594,1.2768584489822388,0.03149813413619995,1.4454941749572754,0.0026876432821154594,1.307271122932434,0.01661604456603527,1.2607226371765137,0.05052962154150009,1.3290197849273682,0.007420767564326525,1.5013632774353027,0.4321371018886566,0.27772510051727295,0.45474764704704285,0.30157196521759033,0.49680668115615845,0.31701987981796265,0.4342619478702545,0.28950387239456177,0.41624993085861206,0.28787752985954285,0.46620333194732666,0.3036302626132965,0.505443811416626,0.3258841633796692,0.4863092601299286,0.3129008114337921,0.4403214752674103,0.29100221395492554,0.3996712565422058,0.2922130823135376,0.43250975012779236,0.3266507387161255,0.45942172408103943,0.3163876235485077
40a4c760-facf-4911-b0a6-22eccc3ab18d-1430477756469-1.7-f-26-hu.wav,..\dataset\hungry\40a4c760-facf-4911-b0a6-22eccc3ab18d-1430477756469-1.7-f-26-hu.wav,hungry,hlad,dívka,2–6 měsíců,False,0,-247.21575927734375,115.6302719116211,-15.648083686828613,40.84270477294922,11.801725387573242,24.001869201660156,-24.076908111572266,17.68924331665039,-5.6990227699279785,13.647493362426758,-1.7332454919815063,13.023828506469727,-10.231313705444336,17.58962631225586,-16.424232482910156,12.309097290039062,-5.905303955078125,13.606258392333984,-11.57744312286377,11.715717315673828,-12.877106666564941,12.875547409057617,-0.05875926837325096,15.089691162109375,-3.566148281097412,15.698613166809082,0.5304029957203994,0.23533423096255188,0.17589539289474487,0.11133527010679245,2107.9035044179054,676.0358475411397,1043.9369174643841,238.591644724995,3268.990727532097,775.120047449353,0.13229365646839142,0.19572608172893524,0.7459308505058289,9.031522750854492,-0.05650248005986214,3.6440272331237793,0.039524730294942856,3.658482789993286,-0.05563809350132942,2.555234432220459,0.007594142574816942,2.0386130809783936,0.035802558064460754,1.9639561176300049,0.04408247023820877,1.949924349784851,-0.010972566902637482,1.7323404550552368,-0.0061454311944544315,1.8248649835586548,-0.04035640135407448,1.6621928215026855,-0.014425372704863548,1.8542369604110718,-0.0038467547856271267,1.7882689237594604,-0.005619232542812824,2.084059715270996,0.36564213037490845,0.34108251333236694,0.3082578778266907,0.3048413097858429,0.2687705159187317,0.2901581823825836,0.215775728225708,0.23882105946540833,0.16843374073505402,0.21531030535697937,0.19284585118293762,0.23177245259284973,0.18971598148345947,0.20130890607833862,0.27497729659080505,0.2650173008441925,0.3310842514038086,0.27586686611175537,0.536846935749054,0.3327637016773224,0.5756345987319946,0.3451295495033264,0.3887954354286194,0.3241422772407532
9aa8bac5-eeb9-4f19-a4bf-7c439e87364b-1430745385374-1.7-m-04-hu.wav,..\dataset\hungry\9aa8bac5-eeb9-4f19-a4bf-7c439e87364b-1430745385374-1.7-m-04-hu.wav,hungry,hlad,chlapec,0–4 týdny,False,0,-462.6874084472656,132.51449584960938,35.35845184326172,26.00086212158203,-33.924774169921875,31.148048400878906,-16.536869049072266,13.45080280303955,-39.00985336303711,21.238454818725586,17.574392318725586,13.063165664672852,-8.901859283447266,16.38263511657715,-18.41023063659668,14.29444694519043,-10.067731857299805,14.556217193603516,-10.350685119628906,13.075793266296387,10.126333236694336,14.828032493591309,15.327197074890137,20.13841438293457,5.9195075035095215,19.593624114990234,0.2239657631954351,0.11032931082958408,0.0366608127951622,0.035154834389686584,1129.4700026926726,455.39081486764775,726.1523053054608,297.75548402984856,1968.906027104137,796.2571925799167,0.16452105343341827,0.30908456444740295,-8.706869891739188e-08,9.0501708984375,-1.0883587364673986e-08,2.970651865005493,-5.441793682336993e-09,2.5332140922546387,-2.7208968411684964e-09,1.9130260944366455,-5.441793682336993e-09,2.357753038406372,5.441793682336993e-09,1.6504666805267334,-2.7208968411684964e-09,1.6446951627731323,-5.441793682336993e-09,1.6287287473678589,5.441793682336993e-09,1.7897690534591675,0.0,1.577711820602417,2.7208968411684964e-09,1.8172359466552734,5.441793682336993e-09,2.0103509426116943,2.7208968411684964e-09,1.847711443901062,0.17212194204330444,0.24201159179210663,0.20888441801071167,0.29650378227233887,0.2970775365829468,0.36705154180526733,0.1718466579914093,0.23913025856018066,0.10924738645553589,0.18873238563537598,0.09426024556159973,0.16236166656017303,0.10507594048976898,0.18735554814338684,0.18740680813789368,0.26499152183532715,0.371719092130661,0.36764997243881226,0.49835893511772156,0.3891887068748474,0.3990708887577057,0.35412755608558655,0.2629772424697876,0.33679765462875366
2602b7c2-e96d-42f6-9767-f1ae74925ef8-1431376228657-1.7-f-22-hu.wav,..\dataset\hungry\2602b7c2-e96d-42f6-9767-f1ae74925ef8-1431376228657-1.7-f-22-hu.wav,hungry,hlad,dívka,více než 2 roky,False,0,-534.779541015625,74.41079711914062,58.91824722290039,22.573589324951172,-22.288835525512695,18.3189754486084,-4.5739006996154785,16.439250946044922,-21.52831268310547,14.498663902282715,-3.6807305812835693,14.47275161743164,-25.778324127197266,12.733826637268066,-7.533113956451416,10.534156799316406,-18.56165313720703,13.00242805480957,-5.437177658081055,10.631272315979004,-13.155895233154297,9.807403564453125,-2.379716634750366,15.411171913146973,-3.1415979862213135,24.63515281677246,0.19122793330955778,0.06547561898654146,0.013360262848436832,0.024848181754350662,1162.4659047057871,256.01884097273376,888.1912324645428,167.19239888478273,2207.93955064194,531.0078548815552,0.12452922761440277,0.1192106381058693,-0.04987991601228714,7.684246063232422,-0.023842282593250275,3.1146700382232666,0.030514176934957504,2.2144393920898438,0.02286023460328579,1.917773723602295,0.01078006811439991,2.0893194675445557,0.014833804219961166,1.7305902242660522,0.0047683496959507465,1.583392858505249,0.009895646013319492,1.576337218284607,0.001715220627374947,1.6816116571426392,0.003682875307276845,1.3757495880126953,-0.004150703549385071,1.3992986679077148,-0.011244242079555988,1.3996995687484741,-0.0024840699043124914,1.626512885093689,0.5459172129631042,0.38129550218582153,0.4390740394592285,0.3064360022544861,0.4084731638431549,0.29697513580322266,0.3745970129966736,0.27360931038856506,0.3423744738101959,0.26629430055618286,0.3600289821624756,0.2932116985321045,0.3789990544319153,0.25215965509414673,0.5000417828559875,0.29257428646087646,0.5617498755455017,0.3278573155403137,0.4228034019470215,0.24346700310707092,0.3565443456172943,0.28094515204429626,0.402449369430542,0.3018125295639038
4CD5903D-E2CE-401E-B898-D873C763F44B-1430727653-1.0-m-26-hu.wav,..\dataset\hungry\4CD5903D-E2CE-401E-B898-D873C763F44B-1430727653-1.0-m-26-hu.wav,hungry,hlad,chlapec,2–6 měsíců,False,0,-514.010009765625,129.1424102783203,22.0967960357666,39.19894790649414,-27.6218318939209,25.079696655273438,-9.188283920288086,24.15607261657715,7.702869892120361,15.940285682678223,-3.159770965576172,13.069867134094238,-16.964879989624023,12.999085426330566,-12.07543659210205,13.781477928161621,-14.839378356933594,11.778970718383789,-2.734551191329956,12.624011993408203,-12.256346702575684,10.646010398864746,-0.750210702419281,13.404163360595703,-11.895027160644531,13.124045372009277,0.28089336661911557,0.11754397725646215,0.01802336424589157,0.020800506696105003,1452.4744530460177,349.4117510891953,965.1684323582863,121.658536249317,2647.356455064194,511.98261175018894,0.1294480711221695,0.10882416367530823,-0.26687708497047424,10.074833869934082,0.05945684015750885,3.65415096282959,0.0812079980969429,3.265903949737549,-0.056280091404914856,2.165707588195801,0.013549826107919216,2.099764347076416,-0.021480455994606018,1.785665512084961,0.049273982644081116,1.6092338562011719,-0.03325745463371277,1.713445782661438,-0.02398478426039219,1.5266237258911133,-0.020322008058428764,1.7314800024032593,0.002108139218762517,1.6108589172363281,0.010850094258785248,1.9502595663070679,0.004037030041217804,1.9609146118164062,0.4255185127258301,0.32708045840263367,0.4145883023738861,0.33092162013053894,0.405600368976593,0.32379037141799927,0.4197251498699188,0.33334675431251526,0.40974971652030945,0.31841760873794556,0.36074915528297424,0.29844945669174194,0.322004109621048,0.2958347499370575,0.3413050174713135,0.3065013885498047,0.3859589099884033,0.33837512135505676,0.4029299020767212,0.3241254985332489,0.42976027727127075,0.3176266849040985,0.4676147401332855,0.32607415318489075
35D58153-7AB7-443D-BED0-2D7ABF73743F-1431855847-1.1-m-04-hu.wav,..\dataset\hungry\35D58153-7AB7-443D-BED0-2D7ABF73743F-1431855847-1.1-m-04-hu.wav,hungry,hlad,chlapec,0–4 týdny,False,0,-279.7707824707031,113.04938507080078,-34.97965621948242,24.99805450439453,-25.218603134155273,26.432310104370117,1.3808001279830933,20.243179321289062,-26.790977478027344,17.66873550415039,1.7739259004592896,14.991849899291992,-4.287817478179932,19.666080474853516,8.928106307983398,18.55653953552246,2.0313940048217773,21.110063552856445,5.056399345397949,23.00787925720215,-0.7844631671905518,22.73134422302246,-5.147186279296875,15.742131233215332,-3.8810536861419678,15.945002555847168,0.4518600659771755,0.11734894113224367,0.18324014544487,0.11811424046754837,1923.1605188109934,341.60937955532796,847.3389828986004,155.76708840690637,2827.879814550642,475.45461736066926,0.09513066709041595,0.14144577085971832,0.6102408170700073,15.01878547668457,-0.017616484314203262,3.194999933242798,-0.01489827036857605,3.6517412662506104,-0.005858239252120256,2.5720651149749756,-0.029615500941872597,2.640528440475464,0.016815952956676483,2.1305274963378906,-0.050911206752061844,2.50246262550354,-0.003387860720977187,2.8777594566345215,-0.008818562142550945,3.128464937210083,0.03670221194624901,3.2534868717193604,0.046524930745363235,3.2321085929870605,-0.002504984149709344,2.3885302543640137,-0.03211919590830803,2.463143825531006,0.262142539024353,0.3136577010154724,0.3101915419101715,0.33131471276283264,0.30891573429107666,0.31214654445648193,0.34513717889785767,0.3532853424549103,0.3051062822341919,0.30450108647346497,0.2744249999523163,0.30239546298980713,0.2592421770095825,0.2883085012435913,0.2575826346874237,0.29061833024024963,0.3450683653354645,0.3518783748149872,0.3665846288204193,0.3697397708892822,0.27680328488349915,0.3150150179862976,0.23919372260570526,0.304170697927475
415d69b4-6d84-4bf8-97b0-10f8f108dc1d-1430739498797-1.7-m-04-hu.wav,..\dataset\hungry\415d69b4-6d84-4bf8-97b0-10f8f108dc1d-1430739498797-1.7-m-04-hu.wav,hungry,hlad,chlapec,0–4 týdny,False,0,-470.65472412109375,127.33318328857422,48.82172775268555,30.424543380737305,-24.242717742919922,19.279985427856445,0.6212953925132751,13.47573184967041,-11.618090629577637,13.283019065856934,-7.833512306213379,10.937474250793457,-15.091086387634277,12.416621208190918,-3.35882306098938,11.63394546508789,-9.307455062866211,9.644073486328125,-0.4317992627620697,9.878660202026367,-9.115670204162598,10.220715522766113,1.4300283193588257,8.171830177307129,-4.507301330566406,10.05081558227539,0.27345421718972895,0.11586955287171034,0.007676646113395691,0.0031197506468743086,1292.4169937611146,392.0117513712373,887.3171409311673,216.10402584873748,2279.2885164051354,694.8745101572973,0.20051050186157227,0.19165931642055511,0.7878092527389526,8.087800025939941,0.07003819197416306,2.942241907119751,0.009543382562696934,2.1415963172912598,0.0001833802816690877,1.738258719444275,-0.04533475637435913,1.6257778406143188,-0.01839459128677845,1.56560480594635,-0.009192528203129768,1.5609287023544312,-0.00906149111688137,1.6022167205810547,-0.031746409833431244,1.4212642908096313,1.686888026597444e-05,1.3056459426879883,-0.029838774353265762,1.3892014026641846,0.0036648723762482405,1.2295774221420288,-0.01123717613518238,1.2700260877609253,0.4558236002922058,0.2828633487224579,0.42571908235549927,0.2682448625564575,0.49086618423461914,0.30705052614212036,0.48456063866615295,0.28840622305870056,0.45169851183891296,0.2673638164997101,0.4265595078468323,0.2671920955181122,0.40308940410614014,0.2618889808654785,0.4117080271244049,0.26691630482673645,0.47289803624153137,0.2953636944293976,0.4799158573150635,0.3102028965950012,0.5006527304649353,0.2914598882198334,0.565696656703949,0.3126417100429535
50DC5FBC-AC95-44F2-B55F-E4E5FB03AC96-1430108024-1.0-m-26-hu.wav,..\dataset\hungry\50DC5FBC-AC95-44F2-B55F-E4E5FB03AC96-1430108024-1.0-m-26-hu.wav,hungry,hlad,chlapec,2–6 měsíců,False,0,-341.75860595703125,101.2750015258789,-22.949541091918945,23.398170471191406,-7.020554542541504,12.730942726135254,-5.103120803833008,15.330462455749512,-28.281166076660156,16.505491256713867,4.6672797203063965,11.119246482849121,-9.450833320617676,11.99831485748291,-5.788741588592529,16.890413284301758,-19.575822830200195,13.419793128967285,2.889636278152466,19.060365676879883,4.365987300872803,20.802583694458008,7.011927604675293,20.261308670043945,-1.9101871252059937,21.028268814086914,0.41966275855920115,0.12996481002996102,0.06355274468660355,0.045036181807518005,1926.5650614510462,384.24488355957925,954.8363803593335,147.31657582148097,2973.8320256776033,466.19602734925223,0.12748833000659943,0.15071488916873932,0.6417748928070068,11.718013763427734,0.028523815795779228,3.047858953475952,-0.010487454012036324,1.755333662033081,-0.037009306252002716,1.8812124729156494,-0.07423241436481476,2.189502716064453,0.0058437432162463665,1.6750539541244507,-0.012828717939555645,1.670390009880066,0.037778232246637344,1.9577662944793701,0.01889178529381752,1.9435641765594482,-0.021339671686291695,2.065798044204712,-0.01777833327651024,2.501136064529419,-0.0046828617341816425,2.482114553451538,-0.012255966663360596,2.390817880630493,0.2969558537006378,0.3027154505252838,0.2519013583660126,0.25980547070503235,0.2912067174911499,0.2881404459476471,0.34649452567100525,0.28624939918518066,0.37096258997917175,0.32043057680130005,0.38289621472358704,0.3314532935619354,0.40938666462898254,0.32730796933174133,0.41717907786369324,0.3329685628414154,0.37496960163116455,0.33383697271347046,0.3104114830493927,0.29732149839401245,0.2993081510066986,0.30302104353904724,0.3600611984729767,0.34419023990631104
AEA8AE04-D00E-48A7-8A0B-6D87E2175121-1430563241-1.0-f-72-bu.wav,..\dataset\burping\AEA8AE04-D00E-48A7-8A0B-6D87E2175121-1430563241-1.0-f-72-bu.wav,burping,říhání,dívka,7 měsíců–2 roky,False,0,-412.73431396484375,118.30802917480469,13.472634315490723,41.876747131347656,14.30579662322998,22.163057327270508,-6.966660499572754,19.666521072387695,-24.775253295898438,15.301044464111328,-0.6259056329727173,14.323336601257324,-16.18812370300293,13.104315757751465,-4.472516059875488,16.851787567138672,-19.17381477355957,10.905071258544922,-8.214111328125,12.949569702148438,-9.54127025604248,12.359020233154297,-2.7839622497558594,12.03844165802002,-12.117602348327637,10.40308666229248,0.365705242510699,0.17106274432215965,0.05699286237359047,0.11477356404066086,1741.1782151381199,478.166271804044,1048.1215272845768,174.8536620820933,2953.905135520685,357.0250947027685,0.1889859288930893,0.11864368617534637,-0.22931522130966187,10.629273414611816,-0.03900531679391861,3.7498557567596436,0.016278062015771866,2.4282219409942627,-0.010626113973557949,2.183201313018799,0.03735271841287613,1.9569629430770874,0.03435344994068146,1.7537192106246948,0.02723938412964344,1.629368543624878,0.0279884971678257,1.5650720596313477,0.0015204540686681867,1.2892036437988281,-0.020140664651989937,1.4235479831695557,-0.007122513372451067,1.6614797115325928,-0.0005318863550201058,1.5105546712875366,-0.015252931974828243,1.568334937095642,0.3523719012737274,0.2850179970264435,0.3815724551677704,0.2852058410644531,0.4641391932964325,0.32048332691192627,0.5020533800125122,0.3232401907444,0.4845131039619446,0.29852724075317383,0.5047890543937683,0.2957349121570587,0.56244295835495,0.30945876240730286,0.5822916626930237,0.30831798911094666,0.5346798896789551,0.3201814591884613,0.4445478618144989,0.3131093382835388,0.3934451937675476,0.30673089623451233,0.35790130496025085,0.26750099658966064
DCB33551-F9BA-4B4A-8DA1-A3107E1AD859-1430406483-1.0-m-04-hu.wav,..\dataset\hungry\DCB33551-F9BA-4B4A-8DA1-A3107E1AD859-1430406483-1.0-m-04-hu.wav,hungry,hlad,chlapec,0–4 týdny,False,0,-337.45404052734375,52.10404586791992,34.40760803222656,18.28575897216797,-16.81812858581543,15.084564208984375,13.250053405761719,14.818351745605469,-12.46615982055664,15.930970191955566,5.0244669914245605,11.265430450439453,-5.360012054443359,12.035820007324219,-10.08250617980957,10.112656593322754,-12.194680213928223,10.747055053710938,-15.90679931640625,9.580865859985352,-12.372651100158691,9.996591567993164,-2.6427018642425537,17.747791290283203,-8.159213066101074,18.72865867614746,0.2810772557061341,0.0784657929453378,0.0622529573738575,0.12591660022735596,1385.1912146422978,202.56004953055017,969.6349956535092,100.78804262701071,2474.210948644793,243.15775798799663,0.19752813875675201,0.10115298628807068,0.35669538378715515,5.792983055114746,0.08515466749668121,3.0130515098571777,-0.029074933379888535,2.0449719429016113,-0.030075302347540855,1.8084522485733032,-0.031549450010061264,1.9461768865585327,-0.002281918190419674,1.6689668893814087,-0.018714619800448418,1.5262640714645386,-0.009046927094459534,1.5251517295837402,-0.059753820300102234,1.5583738088607788,-0.021115273237228394,1.372719168663025,0.03678930923342705,1.5447471141815186,0.013388319872319698,1.8009999990463257,0.03164976090192795,1.7580841779708862,0.548541247844696,0.27385735511779785,0.5864617228507996,0.29513439536094666,0.6354477405548096,0.31906694173812866,0.6046477556228638,0.3311421871185303,0.49928829073905945,0.2991850972175598,0.4543636739253998,0.28927525877952576,0.4736255407333374,0.28232675790786743,0.5264797210693359,0.26319509744644165,0.5769692659378052,0.27233830094337463,0.5270073413848877,0.25937947630882263,0.5341426730155945,0.28798118233680725,0.5548657178878784,0.2853825092315674
bb2bdafb-0477-4be4-8c41-1a6192e8c6d4-1430637736064-1.7-m-72-hu.wav,..\dataset\hungry\bb2bdafb-0477-4be4-8c41-1a6192e8c6d4-1430637736064-1.7-m-72-hu.wav,hungry,hlad,chlapec,7 měsíců–2 roky,False,0,-362.0112609863281,144.51715087890625,23.727970123291016,24.24419593811035,-33.155128479003906,30.874691009521484,-9.908783912658691,23.658655166625977,-23.44625473022461,19.626296997070312,-10.264448165893555,20.845888137817383,-11.305468559265137,12.929807662963867,-7.768507480621338,15.071934700012207,-12.093464851379395,15.539892196655273,-5.760258674621582,11.919391632080078,-12.592706680297852,14.466565132141113,-7.628248691558838,11.838619232177734,-0.939342200756073,21.864713668823242,0.3078303316690442,0.15618619873296657,0.09337913990020752,0.08551236987113953,1298.3064718212443,481.4610281423403,822.2777863479238,304.62989907827927,2220.8006419400854,851.4644765814459,0.15643908083438873,0.292930006980896,-8.706869891739188e-08,8.619359970092773,2.7208968411684964e-09,3.0637094974517822,-5.441793682336993e-09,3.5261895656585693,-1.0883587364673986e-08,2.6902835369110107,5.441793682336993e-09,2.3346965312957764,-5.441793682336993e-09,2.433885335922241,0.0,1.8410698175430298,2.7208968411684964e-09,1.3798729181289673,2.04067251985407e-09,1.8107959032058716,-2.7208968411684964e-09,1.5484721660614014,-2.7208968411684964e-09,1.5447947978973389,2.7208968411684964e-09,1.6519768238067627,4.08134503970814e-09,2.0221803188323975,0.16293589770793915,0.21169303357601166,0.2189817577600479,0.25490692257881165,0.26981985569000244,0.30863678455352783,0.3298147916793823,0.3655344843864441,0.3405551314353943,0.33167144656181335,0.35933950543403625,0.3456338942050934,0.3822951316833496,0.38226082921028137,0.2729395031929016,0.304656982421875,0.2363736778497696,0.32059457898139954,0.23685137927532196,0.2982352674007416,0.26263344287872314,0.3193668723106384,0.1888740360736847,0.23792780935764313
cecd525b-18fd-49e3-b2b9-dfb08b93ad95-1430110029205-1.7-m-26-ti.wav,..\dataset\tired\cecd525b-18fd-49e3-b2b9-dfb08b93ad95-1430110029205-1.7-m-26-ti.wav,tired,únava,chlapec,2–6 měsíců,False,0,-420.6614685058594,109.29979705810547,53.97175979614258,33.155025482177734,6.9683709144592285,32.1484260559082,5.574368476867676,22.252155303955078,-12.411531448364258,13.57746410369873,23.36701011657715,13.029653549194336,-15.319253921508789,11.740679740905762,14.18911361694336,11.797534942626953,-2.05226731300354,9.268678665161133,-4.852996349334717,8.925653457641602,-4.597280979156494,9.728168487548828,-14.047550201416016,10.47636604309082,-2.8347525596618652,14.542585372924805,0.21998707203994294,0.0907144810255409,0.033333051949739456,0.04313458129763603,1173.8158097178525,370.6428243677725,962.3830012504571,237.99640141930047,2426.2660485021397,585.8347769146686,0.10719677060842514,0.20737193524837494,-0.18187005817890167,7.8830695152282715,-0.032034315168857574,2.814030408859253,-0.015817416831851006,2.773306131362915,-0.020977072417736053,2.1064517498016357,0.008648470044136047,1.781334638595581,-0.012149196118116379,1.7923760414123535,0.007300779689103365,1.6057177782058716,-0.004682397935539484,1.6000523567199707,-0.00616002781316638,1.4744070768356323,-0.008226587437093258,1.3609837293624878,0.0024306783452630043,1.3816190958023071,0.012887786142528057,1.5743436813354492,0.012931871227920055,1.6198821067810059,0.3621821403503418,0.2731832265853882,0.4746502637863159,0.308698832988739,0.5564702153205872,0.3298790156841278,0.6881851553916931,0.3869008421897888,0.433642715215683,0.26989203691482544,0.4047181010246277,0.27162885665893555,0.3872450888156891,0.274189293384552,0.35421988368034363,0.2748121917247772,0.32263994216918945,0.25908365845680237,0.29876795411109924,0.26168569922447205,0.2774905562400818,0.24847348034381866,0.27790674567222595,0.24148565530776978
F3BAEDDA-CDC0-4A65-90EE-5C372CEE4F3B-1437012076-1.1-f-26-hu.wav,..\dataset\hungry\F3BAEDDA-CDC0-4A65-90EE-5C372CEE4F3B-1437012076-1.1-f-26-hu.wav,hungry,hlad,dívka,2–6 měsíců,False,0,-410.4392395019531,68.4368896484375,53.26375961303711,24.57952880859375,-10.32083511352539,13.348291397094727,4.935579776763916,11.40788745880127,-17.122175216674805,9.205883979797363,-3.011823892593384,9.034810066223145,-13.252930641174316,9.3953275680542,-9.907240867614746,8.774723052978516,-15.74645709991455,9.19070816040039,-7.258810043334961,9.47673225402832,-13.341267585754395,10.21384048461914,-9.995058059692383,12.747980117797852,-17.73275375366211,9.914411544799805,0.19370764978601998,0.1029167448854739,0.021996352821588516,0.028773821890354156,1180.9759963636345,290.05338295312066,949.237409724894,112.4783902465995,2327.6792082738943,409.97815655224787,0.09403053671121597,0.09057973325252533,0.048627424985170364,9.287066459655762,-0.009272279217839241,2.222813844680786,-0.01438872516155243,2.1324002742767334,-0.01027239765971899,1.4323893785476685,-0.009480537846684456,1.1905856132507324,0.027576971799135208,1.3447818756103516,-0.010141785256564617,1.1832894086837769,0.0009585712687112391,1.3163727521896362,0.0029701609164476395,1.2649798393249512,-0.016730114817619324,1.1957554817199707,-0.030108921229839325,1.4632114171981812,0.007732954807579517,1.354658842086792,-0.007946696132421494,1.4182970523834229,0.4666648805141449,0.2895162105560303,0.5109827518463135,0.3031919598579407,0.5320170521736145,0.31352660059928894,0.6258193850517273,0.3495289087295532,0.6534059047698975,0.34792113304138184,0.6351345181465149,0.31195396184921265,0.5450997352600098,0.30263954401016235,0.4738296866416931,0.28944408893585205,0.40771549940109253,0.2729737162590027,0.3811517059803009,0.25789791345596313,0.5022875666618347,0.3061220645904541,0.5061498284339905,0.28280770778656006
c10e2b0f-0cb8-4485-b82f-d453edf97db7-1430739158854-1.7-f-26-hu.wav,..\dataset\hungry\c10e2b0f-0cb8-4485-b82f-d453edf97db7-1430739158854-1.7-f-26-hu.wav,hungry,hlad,dívka,2–6 měsíců,False,0,-852.7542114257812,68.63749694824219,62.240604400634766,35.58460235595703,27.615917205810547,25.236665725708008,13.357497215270996,16.323572158813477,4.008167743682861,15.575081825256348,3.6839687824249268,11.383338928222656,-0.4100330173969269,9.241847038269043,-3.3235538005828857,10.419833183288574,-1.4521785974502563,9.250889778137207,-3.315554618835449,8.557015419006348,-1.8867295980453491,8.836068153381348,-1.4202840328216553,10.255873680114746,-5.448936939239502,9.335714340209961,0.11788404957203995,0.061973052215314385,0.0004877862229477614,0.0012751601170748472,1035.253285364207,442.5967766920859,1005.5133738170136,324.1167998664684,2210.8817760342367,1011.5171646861947,0.1800045669078827,0.23904119431972504,-8.489197966810025e-07,6.556955337524414,-4.353434803761047e-07,3.7442541122436523,-4.271807938494021e-07,2.9241011142730713,-4.0813452528709604e-07,2.0703794956207275,-3.8500689925058396e-07,1.9104619026184082,-3.4011210914286494e-07,1.7345761060714722,-3.033799771401391e-07,1.4294368028640747,-2.567846308920707e-07,1.5316674709320068,-2.0882882267869718e-07,1.364466905593872,-1.5509111506162299e-07,1.2414443492889404,-9.523138544409449e-08,1.287377119064331,-4.217389815153183e-08,1.2833737134933472,2.3127622483798405e-08,1.2674089670181274,0.5491183996200562,0.3050251603126526,0.5845015645027161,0.3252794146537781,0.5733173489570618,0.3100699484348297,0.5770546793937683,0.320563405752182,0.5636931657791138,0.311818391084671,0.5546866655349731,0.30980291962623596,0.5375954508781433,0.30399852991104126,0.5399406552314758,0.3040512502193451,0.5604395270347595,0.31964653730392456,0.5680702924728394,0.3283854126930237,0.5710614919662476,0.3233959972858429,0.5833104848861694,0.33226341009140015
549a46d8-9c84-430e-ade8-97eae2bef787-1430130686288-1.7-m-48-hu.wav,..\dataset\hungry\549a46d8-9c84-430e-ade8-97eae2bef787-1430130686288-1.7-m-48-hu.wav,hungry,hlad,chlapec,4–8 týdnů,False,0,-739.1364135742188,115.72098541259766,35.81146240234375,28.60280990600586,-35.51775360107422,37.033935546875,-3.635582685470581,13.474458694458008,-30.39101791381836,19.986238479614258,-1.7444844245910645,10.029572486877441,-1.2530980110168457,12.618842124938965,-5.58347225189209,13.372801780700684,-0.45612046122550964,9.953991889953613,3.1985318660736084,12.016764640808105,-1.5675517320632935,12.65817928314209,3.3930301666259766,12.67805004119873,-0.9350189566612244,13.886209487915039,0.2422209343794579,0.11735862860259177,0.0021472873631864786,0.005099979229271412,1258.2221604766419,471.55992067530576,795.9410135223042,289.57085921176383,2168.3086661911557,807.4670002017006,0.22039180994033813,0.27271369099617004,-1.3060304127066047e-07,11.66208267211914,1.0883587364673986e-08,3.2910091876983643,3.265076031766512e-08,3.7121613025665283,-6.802241880876636e-09,1.890531301498413,-1.0883587364673986e-08,2.721324920654297,-5.441793682336993e-09,1.4869178533554077,0.0,1.7085469961166382,-2.7208968411684964e-09,1.7072316408157349,-4.08134503970814e-09,1.5312213897705078,0.0,1.7857155799865723,1.0883587364673986e-08,1.892880916595459,1.3604484205842482e-09,1.9436986446380615,-2.7208968411684964e-09,2.330233097076416,0.3927310109138489,0.3415803909301758,0.32981377840042114,0.30350321531295776,0.30394476652145386,0.3031821846961975,0.29169511795043945,0.29825612902641296,0.2776717245578766,0.278952419757843,0.29010361433029175,0.2930372655391693,0.3058338463306427,0.30800697207450867,0.298874169588089,0.29726454615592957,0.3334026634693146,0.31883469223976135,0.38725391030311584,0.3299866318702698,0.3894991874694824,0.320023775100708,0.424029678106308,0.35567012429237366
7b0e160e-0505-459e-8ecb-304d7afae9d2-1437486974312-1.7-m-04-dc.wav,..\dataset\discomfort\7b0e160e-0505-459e-8ecb-304d7afae9d2-1437486974312-1.7-m-04-dc.wav,discomfort,nepohodlí,chlapec,0–4 týdny,False,0,-417.0489501953125,115.03553009033203,114.63378143310547,42.18587112426758,2.1149964332580566,17.247499465942383,6.9765448570251465,18.56233787536621,-16.71798324584961,13.843053817749023,2.476792335510254,12.954521179199219,-7.169674396514893,11.715327262878418,12.911023139953613,13.381485939025879,-9.978226661682129,11.604193687438965,5.220322608947754,13.596759796142578,-10.001875877380371,12.324518203735352,2.8071835041046143,12.309382438659668,-5.389598846435547,13.179886817932129,0.11712063124108417,0.06373561875715789,0.04377816990017891,0.030918991193175316,687.6303889139,288.6275956400341,662.525079293254,219.10116797727056,1226.930278174037,647.6909361646967,0.07654775679111481,0.23448456823825836,-3.918091238119814e-07,9.811800003051758,2.176717472934797e-08,3.605743408203125,1.3604484205842482e-09,2.247668981552124,-2.7208968411684964e-09,2.1730124950408936,2.7208968411684964e-09,2.075410842895508,0.0,1.9167953729629517,2.7208968411684964e-09,1.838821530342102,-2.7208968411684964e-09,1.9580541849136353,-5.441793682336993e-09,1.5197938680648804,4.08134503970814e-09,1.6192065477371216,2.7208968411684964e-09,1.6751154661178589,0.0,1.7206206321716309,5.441793682336993e-09,1.5208956003189087,0.34169331192970276,0.32975345849990845,0.38236021995544434,0.36789101362228394,0.428480327129364,0.3748175799846649,0.45887622237205505,0.37710532546043396,0.3573357164859772,0.32274267077445984,0.3237672746181488,0.2805422246456146,0.3881829082965851,0.3233868479728699,0.40594372153282166,0.2911747694015503,0.42183294892311096,0.3382280766963959,0.3891569674015045,0.31513696908950806,0.354767769575119,0.32725706696510315,0.3445419371128082,0.33338794112205505
653bf718-94bd-40d0-af7c-8fe44e07640c-1430759214066-1.7-m-04-hu.wav,..\dataset\hungry\653bf718-94bd-40d0-af7c-8fe44e07640c-1430759214066-1.7-m-04-hu.wav,hungry,hlad,chlapec,0–4 týdny,False,0,-527.447021484375,108.80941009521484,71.55045318603516,45.27273178100586,-8.436909675598145,15.834846496582031,-18.400243759155273,16.892486572265625,-30.875375747680664,23.103391647338867,-7.414904594421387,12.668701171875,-25.3973445892334,17.536483764648438,-5.397809028625488,10.820954322814941,-12.100228309631348,15.15470027923584,0.2740664780139923,19.011646270751953,-11.158757209777832,15.64688491821289,-4.6326212882995605,15.425222396850586,-10.632285118103027,13.450933456420898,0.15346380171184024,0.11935329312412532,0.03239823505282402,0.04084622859954834,897.1410196617014,451.6296469779739,713.0712883054285,283.01819474263607,1578.7491084165479,904.8402172799118,0.1245994046330452,0.2571040093898773,0.0,10.842899322509766,1.0883587364673986e-08,4.059952259063721,4.08134503970814e-09,2.598667860031128,-5.441793682336993e-09,2.016958713531494,1.3604483761753272e-08,2.6505229473114014,2.210728711204979e-09,1.7632684707641602,5.441793682336993e-09,1.8716017007827759,0.0,1.638299822807312,0.0,1.7078372240066528,6.802241880876636e-09,1.9710792303085327,-5.441793682336993e-09,1.6614388227462769,5.441793682336993e-09,1.8196762800216675,-5.441793682336993e-09,1.8876254558563232,0.34789204597473145,0.33412688970565796,0.40244749188423157,0.3501560688018799,0.4360690116882324,0.3516344428062439,0.43282026052474976,0.36501652002334595,0.3899119198322296,0.3643585443496704,0.3262946307659149,0.34891948103904724,0.27354276180267334,0.3134247958660126,0.2617861330509186,0.2990204095840454,0.2460402101278305,0.299089252948761,0.25253579020500183,0.32327020168304443,0.2539690136909485,0.27564680576324463,0.2882939577102661,0.2997412383556366
ad7fd28b-3e85-4e9b-9e18-af4bda64c60f-1430756389867-1.7-m-72-hu.wav,..\dataset\hungry\ad7fd28b-3e85-4e9b-9e18-af4bda64c60f-1430756389867-1.7-m-72-hu.wav,hungry,hlad,chlapec,7 měsíců–2 roky,False,0,-374.2216491699219,108.42581939697266,41.15357971191406,24.841690063476562,-53.89225387573242,30.01714515686035,5.165316104888916,16.42560577392578,-41.991615295410156,25.971763610839844,2.8719232082366943,15.003156661987305,-18.817163467407227,12.318950653076172,-9.140263557434082,10.62734317779541,-12.279365539550781,10.935443878173828,-12.715062141418457,9.934401512145996,-17.071969985961914,10.599613189697266,-4.286571979522705,10.028587341308594,-9.110777854919434,11.611980438232422,0.2791993580599144,0.10096134673032953,0.07427336275577545,0.08283406496047974,1299.417556797768,283.5049838322689,800.9170087463995,167.09332583844548,2226.0164051355205,458.0782637289335,0.1108766421675682,0.1621396541595459,0.08903879672288895,10.442435264587402,0.006013470236212015,2.9139552116394043,-0.022043855860829353,3.128265619277954,0.0006038377177901566,1.8577669858932495,-0.009972434490919113,2.5322797298431396,0.01044367253780365,1.7532161474227905,-0.00580306351184845,1.6716513633728027,-0.004176328890025616,1.6265432834625244,-0.011889608576893806,1.4877867698669434,-0.003293049754574895,1.4826436042785645,0.006064152345061302,1.383764624595642,0.012777264229953289,1.2388838529586792,-0.013054103590548038,1.745467185974121,0.3486706018447876,0.2849805951118469,0.32866841554641724,0.29339852929115295,0.36357352137565613,0.3084418773651123,0.42983242869377136,0.338474303483963,0.5357823371887207,0.3340578079223633,0.5274412035942078,0.33759984374046326,0.387051522731781,0.31676656007766724,0.336336225271225,0.33668074011802673,0.3264726996421814,0.3225065767765045,0.2652707099914551,0.2830512523651123,0.2702658176422119,0.28033745288848877,0.35194453597068787,0.30749064683914185
4be720ce-a5e5-4a48-930f-a212f8a239f6-1434774947458-1.7-f-48-hu.wav,..\dataset\hungry\4be720ce-a5e5-4a48-930f-a212f8a239f6-1434774947458-1.7-f-48-hu.wav,hungry,hlad,dívka,4–8 týdnů,False,0,-515.3526000976562,144.00506591796875,30.89237403869629,38.473846435546875,-48.72453308105469,41.15336227416992,-8.16068172454834,18.65559959411621,-16.96210289001465,22.812238693237305,6.3447265625,14.719968795776367,-16.296192169189453,17.28061294555664,4.686694145202637,10.327242851257324,-8.477749824523926,13.890098571777344,-3.0764334201812744,12.718841552734375,-15.005742073059082,14.125615119934082,-1.016618251800537,20.64984130859375,9.370079040527344,22.880840301513672,0.22299059379457917,0.0893739393483348,0.038805123418569565,0.04579630494117737,1223.6403864525676,328.6719992015862,777.5816388095898,225.00249934627323,2129.5024964336662,598.3693766228363,0.0863785669207573,0.18547865748405457,0.00918835960328579,9.83845043182373,0.005612437147647142,3.24348783493042,-0.006182584911584854,4.0029191970825195,-0.008310339413583279,2.45793080329895,-0.002763835247606039,2.8544204235076904,0.0015329396119341254,1.8819315433502197,0.003100004745647311,1.8799116611480713,0.0038245441392064095,1.4273241758346558,0.0022678158711642027,2.024374485015869,-0.002690711058676243,1.9613118171691895,-0.007453088648617268,1.854697823524475,-0.005847087595611811,2.267648220062256,0.0032263523899018764,2.544558048248291,0.3674890995025635,0.35312989354133606,0.42224037647247314,0.36439332365989685,0.38432776927948,0.3615339398384094,0.33966556191444397,0.3544444739818573,0.39103761315345764,0.36618733406066895,0.4549960196018219,0.3695765733718872,0.41648057103157043,0.35076916217803955,0.3170734941959381,0.3301330804824829,0.2420361042022705,0.3120344877243042,0.20840515196323395,0.28980889916419983,0.22535869479179382,0.28305742144584656,0.27921271324157715,0.3101508915424347
D4665929-8695-4655-927F-63F09B2D4CB8-1430726940-1.0-f-26-ti.wav,..\dataset\tired\D4665929-8695-4655-927F-63F09B2D4CB8-1430726940-1.0-f-26-ti.wav,tired,únava,dívka,2–6 měsíců,False,0,-603.4329833984375,81.4288330078125,15.146814346313477,26.72662353515625,-8.810920715332031,22.44834327697754,5.947267532348633,19.106843948364258,-28.154333114624023,14.995726585388184,-8.098284721374512,13.033696174621582,-12.700712203979492,10.884949684143066,-6.483343601226807,11.028626441955566,-10.445564270019531,10.691699028015137,-8.879059791564941,11.674729347229004,-6.379543781280518,11.670455932617188,-3.9768595695495605,12.512670516967773,-6.276144504547119,18.900615692138672,0.33743090228245365,0.1464094844413626,0.004985128529369831,0.008245776407420635,1547.7293044802923,432.50797268585734,960.7195317839931,190.54574331735347,2586.5950427960056,622.9448671084006,0.22596807777881622,0.17232105135917664,0.3930368423461914,6.6499786376953125,-0.006444212514907122,3.1665191650390625,-0.02280043251812458,2.262389898300171,0.04976465180516243,2.383632183074951,0.006565066985785961,1.8032366037368774,-0.002020173240453005,1.5578378438949585,-0.0054192510433495045,1.4863020181655884,0.012357005849480629,1.4290452003479004,-0.0033391048200428486,1.420717716217041,-0.021632982417941093,1.4689773321151733,-0.0036633391864597797,1.5804853439331055,0.008381846360862255,1.717392921447754,0.0008223937475122511,1.9216119050979614,0.414902925491333,0.31780490279197693,0.3754374384880066,0.29651954770088196,0.3806135058403015,0.2980373203754425,0.4304826855659485,0.3139466345310211,0.49157384037971497,0.32975783944129944,0.5067197680473328,0.3059382140636444,0.4635038375854492,0.31188613176345825,0.37948039174079895,0.28461331129074097,0.3820333182811737,0.28198274970054626,0.43876153230667114,0.333834171295166,0.474203884601593,0.3257785439491272,0.4605368673801422,0.3179469704627991
719bb382-a592-46b7-82d2-8b4a625263b7-1430376267895-1.7-m-48-hu.wav,..\dataset\hungry\719bb382-a592-46b7-82d2-8b4a625263b7-1430376267895-1.7-m-48-hu.wav,hungry,hlad,chlapec,4–8 týdnů,False,0,-682.4038696289062,90.20413970947266,41.560115814208984,25.244382858276367,-8.512221336364746,22.770421981811523,6.48884916305542,16.03245735168457,-12.307650566101074,16.213661193847656,5.4739909172058105,14.345806121826172,-5.172614574432373,12.020628929138184,-6.916813373565674,11.22716236114502,-12.969542503356934,10.50859260559082,-7.122280597686768,9.92436408996582,-5.64265251159668,9.328510284423828,-5.7137556076049805,8.156826972961426,-5.646500587463379,7.913773536682129,0.20972828994293866,0.0942386130337089,0.003111965721473098,0.011655539274215698,1208.8635438763288,367.32257183481977,910.8276858112548,255.83684893814464,2298.4129814550643,639.965543451714,0.2206830531358719,0.22005972266197205,-1.8502097987038724e-07,11.06010627746582,0.0,3.557701826095581,-1.972650132131548e-08,3.1770095825195312,0.0,2.3698372840881348,4.08134503970814e-09,3.0014054775238037,7.482466202191063e-09,2.8131744861602783,-6.802242102921241e-10,2.165555953979492,2.04067251985407e-09,1.956423282623291,6.802242102921241e-10,1.893151879310608,0.0,1.6371004581451416,2.04067251985407e-09,1.369240403175354,1.3604484205842482e-09,1.357809066772461,-1.3604484205842482e-09,1.2385854721069336,0.4969799220561981,0.2834611237049103,0.4827786087989807,0.29004964232444763,0.46105077862739563,0.28367945551872253,0.44139134883880615,0.277504026889801,0.40868687629699707,0.25277966260910034,0.42463696002960205,0.25749754905700684,0.4779292047023773,0.2840920686721802,0.5439116954803467,0.29166847467422485,0.6366243958473206,0.29149842262268066,0.7018862962722778,0.30190131068229675,0.6682733297348022,0.30348002910614014,0.5730092525482178,0.2887638211250305
090C15A8-5406-4EA5-97A3-81F6527227C0-1430147533-1.0-m-72-hu.wav,..\dataset\hungry\090C15A8-5406-4EA5-97A3-81F6527227C0-1430147533-1.0-m-72-hu.wav,hungry,hlad,chlapec,7 měsíců–2 roky,False,0,-471.6119079589844,112.71206665039062,46.75376510620117,26.741683959960938,-27.3057804107666,29.26709747314453,-5.320412635803223,14.78568172454834,-16.683610916137695,22.9581241607666,-32.500244140625,17.90275001525879,-14.512451171875,14.778518676757812,-5.230616569519043,10.562932968139648,-15.140600204467773,15.277318954467773,-3.163360357284546,20.52518081665039,-2.8243768215179443,17.844602584838867,-7.624401092529297,16.351558685302734,-12.761186599731445,16.372169494628906,0.20476885699001426,0.08142665331337993,0.051575034856796265,0.09391333162784576,1139.4107105032924,247.68134410617952,848.6434268514012,146.84305409604568,2006.0181883024252,483.30788103625355,0.07847292721271515,0.08679167181253433,-0.23434770107269287,9.248676300048828,-0.03931242600083351,2.5184051990509033,0.010454795323312283,2.3607711791992188,-0.021379223093390465,1.8467847108840942,-0.05108451098203659,1.953948736190796,0.026776911690831184,2.0566577911376953,0.02908727154135704,1.7586345672607422,0.01692906953394413,1.5490620136260986,0.02493155561387539,1.5477408170700073,0.01636456325650215,2.147590160369873,-0.0026124201249331236,2.185595750808716,0.02516172081232071,2.125505208969116,-0.028571918606758118,2.3982248306274414,0.3867548704147339,0.33889448642730713,0.3548771142959595,0.3032979369163513,0.3437483310699463,0.3121030628681183,0.3875756859779358,0.3194381594657898,0.45264410972595215,0.3443913161754608,0.4570685625076294,0.3634129464626312,0.4372474253177643,0.33696281909942627,0.4607296586036682,0.3576792776584625,0.407427042722702,0.3443317413330078,0.30210572481155396,0.2964717745780945,0.29129758477211,0.2887006402015686,0.34168896079063416,0.3223959803581238
DBA77EDC-D457-4B3A-83B8-B7AFBF272D4E-1436860486-1.1-m-72-hu.wav,..\dataset\hungry\DBA77EDC-D457-4B3A-83B8-B7AFBF272D4E-1436860486-1.1-m-72-hu.wav,hungry,hlad,chlapec,7 měsíců–2 roky,False,0,-395.0907287597656,55.8599967956543,55.833106994628906,15.138866424560547,-20.537118911743164,10.594586372375488,3.4632370471954346,11.434660911560059,-6.617487907409668,10.13033676147461,0.23954766988754272,9.311842918395996,-14.733043670654297,10.283953666687012,-19.320030212402344,8.581040382385254,-24.98474884033203,9.764888763427734,-8.636815071105957,8.829276084899902,-9.021687507629395,9.305868148803711,-10.39859390258789,13.911201477050781,-15.75234603881836,13.27025032043457,0.18468593972895864,0.06723209001701107,0.020991597324609756,0.021842841058969498,1133.6028584521357,204.45775297784695,930.4666761715039,109.82762319757707,2211.1715406562053,373.2690696594877,0.12382391095161438,0.1098107174038887,-0.007736478000879288,8.392117500305176,-0.06911762803792953,2.6261160373687744,-0.024122627452015877,1.7233003377914429,0.022372478619217873,1.6421146392822266,0.010904760099947453,1.541573405265808,-0.01960749179124832,1.2934856414794922,0.01838032715022564,1.4120571613311768,0.006481814198195934,1.3111273050308228,-0.032284945249557495,1.4568818807601929,-0.018033090978860855,1.2990285158157349,0.01004304364323616,1.402384638786316,0.010204064659774303,1.5380104780197144,0.014642685651779175,1.5057097673416138,0.5301553010940552,0.3298584520816803,0.37452805042266846,0.2500501573085785,0.33088839054107666,0.25530701875686646,0.3705185353755951,0.2778373658657074,0.3957681357860565,0.27858349680900574,0.43437567353248596,0.2833625376224518,0.5102092623710632,0.2967034876346588,0.5518381595611572,0.27340519428253174,0.5448379516601562,0.288198858499527,0.5502421259880066,0.26716843247413635,0.5495743751525879,0.3014284372329712,0.5485092401504517,0.3271452784538269
d6cda191-4962-4308-9a36-46d5648a95ed-1431587887997-1.7-m-04-ti.wav,..\dataset\tired\d6cda191-4962-4308-9a36-46d5648a95ed-1431587887997-1.7-m-04-ti.wav,tired,únava,chlapec,0–4 týdny,False,0,-503.4180603027344,160.8868865966797,-17.92374610900879,33.389442443847656,-46.95378875732422,46.939178466796875,-8.570590019226074,18.803964614868164,-12.158757209777832,17.30544090270996,12.042010307312012,12.42546272277832,-5.147823333740234,10.555529594421387,-2.5378806591033936,12.573077201843262,-10.37580680847168,12.922106742858887,0.07568877190351486,9.264315605163574,2.7457635402679443,14.600455284118652,9.09782886505127,16.71872901916504,-2.239800453186035,17.480010986328125,0.3706981098430813,0.11494278307532399,0.08239690214395523,0.13076692819595337,1679.5120349557228,382.6311282071703,824.8675659826574,234.44525679482678,2607.77014978602,633.8923085401279,0.19382880628108978,0.2157224416732788,0.00035441311774775386,11.435212135314941,0.00020451076852623373,3.427248954772949,-0.00028702468262054026,3.4699666500091553,-0.00035320778260938823,2.4466464519500732,-1.9882952983607538e-05,1.821936011314392,0.00016649712051730603,1.7931143045425415,4.562944013741799e-06,1.516405463218689,-0.00010897973697865382,1.4541594982147217,0.0001098045104299672,1.4655299186706543,0.0003225432592444122,1.3954886198043823,9.373761713504791e-05,1.713781714439392,-0.0003657320630736649,1.6477415561676025,-0.0004325783811509609,2.0650558471679688,0.32678744196891785,0.3095119595527649,0.32495248317718506,0.3239539861679077,0.3163982629776001,0.291980504989624,0.3103823661804199,0.29426997900009155,0.3295615017414093,0.31998389959335327,0.3997598886489868,0.32603907585144043,0.39094528555870056,0.33567050099372864,0.3349526524543762,0.3234119117259979,0.3374306857585907,0.3251607120037079,0.3763164281845093,0.3359083831310272,0.44177573919296265,0.33549419045448303,0.4448356330394745,0.34345385432243347
ae5f103b-5fee-442f-bb1b-d9d0570c46ab-1431533857965-1.7-m-26-bp.wav,..\dataset\belly_pain\ae5f103b-5fee-442f-bb1b-d9d0570c46ab-1431533857965-1.7-m-26-bp.wav,belly_pain,bolest břicha,chlapec,2–6 měsíců,False,0,-552.5326538085938,154.3638916015625,51.79786682128906,41.139183044433594,9.926358222961426,34.74478530883789,3.0941972732543945,26.26396369934082,-10.787131309509277,24.546031951904297,4.464150905609131,16.29597282409668,-9.665709495544434,14.304019927978516,-9.355813980102539,14.102677345275879,-20.136505126953125,13.175728797912598,-1.7537572383880615,13.066383361816406,-6.531373977661133,14.315797805786133,2.52984619140625,17.199329376220703,-1.7166510820388794,15.60136890411377,0.21214113766048504,0.16001908609201732,0.02572881057858467,0.04987458512187004,1168.0304184876209,557.6856768642491,921.5187669624523,258.6213742856674,2185.649964336662,916.7785416054694,0.11990202218294144,0.20584863424301147,0.02880430594086647,24.748565673828125,0.017750276252627373,5.757490158081055,-0.006600607186555862,5.219142436981201,0.0028537854086607695,3.7478384971618652,-0.007839733734726906,4.012224197387695,-0.013663053512573242,2.1940114498138428,-0.014355609193444252,2.259948492050171,0.010195105336606503,2.305177688598633,0.008664621971547604,2.1812713146209717,-0.006077645346522331,1.9718598127365112,-0.011915446259081364,2.3302001953125,-0.011356380768120289,2.8089802265167236,-0.009508859366178513,2.611279010772705,0.28027504682540894,0.2847644090652466,0.2842828929424286,0.2977656126022339,0.2965894639492035,0.2916524112224579,0.3494938910007477,0.3276495635509491,0.37433287501335144,0.3353773057460785,0.41106706857681274,0.33272066712379456,0.4228098690509796,0.31637677550315857,0.45883309841156006,0.3088195025920868,0.5387693643569946,0.31925544142723083,0.5757666826248169,0.35894501209259033,0.4805832505226135,0.33806493878364563,0.3496212959289551,0.30752304196357727
50DC5FBC-AC95-44F2-B55F-E4E5FB03AC96-1430007656-1.0-m-26-hu.wav,..\dataset\hungry\50DC5FBC-AC95-44F2-B55F-E4E5FB03AC96-1430007656-1.0-m-26-hu.wav,hungry,hlad,chlapec,2–6 měsíců,False,0,-418.412841796875,103.36843872070312,-1.2076313495635986,38.174949645996094,-41.335262298583984,18.6207218170166,6.783749103546143,26.308313369750977,-21.916854858398438,16.487228393554688,-8.307409286499023,14.236440658569336,-9.478394508361816,11.373417854309082,-10.147374153137207,11.337088584899902,-22.39141273498535,10.812976837158203,-7.9136433601379395,14.189641952514648,-10.956867218017578,15.828941345214844,3.337392568588257,26.40046501159668,10.481376647949219,27.31338882446289,0.2787870007132668,0.12462428303819754,0.04162319004535675,0.029120231047272682,1459.480419227516,369.5534349622821,794.3436534631545,124.78581508242733,2337.5980741797434,463.41070692568906,0.06119257211685181,0.12164155393838882,0.2821076214313507,8.245347023010254,0.029039233922958374,2.249922275543213,-0.0625382661819458,2.102038860321045,-0.00720979692414403,1.599950909614563,-0.010772117413580418,1.6605690717697144,-0.012012367136776447,1.3907115459442139,-0.009804199449717999,1.3760015964508057,-0.01990935206413269,1.2040256261825562,-0.014108940958976746,1.4541888236999512,-0.009638156741857529,1.2401093244552612,-0.020823515951633453,1.4742753505706787,0.004980497993528843,1.7577184438705444,-0.009459164924919605,2.0756587982177734,0.20128384232521057,0.24993261694908142,0.1913992464542389,0.2409265786409378,0.16631105542182922,0.23206636309623718,0.19973745942115784,0.2662164866924286,0.23487581312656403,0.29570913314819336,0.22231589257717133,0.2946641445159912,0.2658987045288086,0.3063984513282776,0.32695165276527405,0.33494260907173157,0.4258439540863037,0.3437437117099762,0.503524124622345,0.40240025520324707,0.37821435928344727,0.3784630298614502,0.25426554679870605,0.30584532022476196
FF2CD2F6-404D-4626-8718-6E6C751F63B8-1431104346-1.0-m-04-hu.wav,..\dataset\hungry\FF2CD2F6-404D-4626-8718-6E6C751F63B8-1431104346-1.0-m-04-hu.wav,hungry,hlad,chlapec,0–4 týdny,False,0,-409.7066650390625,94.40977478027344,59.85188674926758,19.37864112854004,-31.207225799560547,31.730432510375977,-20.208993911743164,17.887191772460938,-36.873939514160156,14.455145835876465,-24.86841583251953,11.872970581054688,-6.5631256103515625,12.943055152893066,-20.623266220092773,11.572816848754883,-11.494087219238281,10.391230583190918,-16.074878692626953,10.770381927490234,-16.08536720275879,11.155290603637695,4.742651462554932,15.568692207336426,7.812569618225098,21.410585403442383,0.17850057952924395,0.052748619754227795,0.048770010471343994,0.042211584746837616,1075.1842396850466,204.6641290703118,832.19089213649,171.1690754209333,1944.9224322396576,499.0778978344122,0.04986152797937393,0.07673555612564087,-0.014118351973593235,9.352975845336914,0.007695719134062529,2.9480535984039307,-0.051721423864364624,3.3869142532348633,0.022633006796240807,2.1957764625549316,0.016978563740849495,2.158958673477173,-0.0030377465300261974,1.7500678300857544,0.020904336124658585,1.8553344011306763,0.026571333408355713,1.664751410484314,0.0020276904106140137,1.4005978107452393,0.01223014947026968,1.5675549507141113,-0.008017843589186668,1.7339473962783813,-0.038800545036792755,1.849393606185913,-0.02798757329583168,1.9762043952941895,0.19289708137512207,0.2733209729194641,0.18615251779556274,0.27064019441604614,0.20111197233200073,0.2416001260280609,0.2502932846546173,0.30391624569892883,0.27168360352516174,0.3348410725593567,0.28328201174736023,0.31633561849594116,0.3774178922176361,0.3272090256214142,0.5659703612327576,0.3526761829853058,0.5430563688278198,0.36028042435646057,0.32492342591285706,0.3046840727329254,0.20494090020656586,0.27119719982147217,0.18937456607818604,0.2632274925708771
79FF400A-97E2-4701-987D-C7C850D5523C-1430089621-1.0-f-48-dc.wav,..\dataset\discomfort\79FF400A-97E2-4701-987D-C7C850D5523C-1430089621-1.0-f-48-dc.wav,discomfort,nepohodlí,dívka,4–8 týdnů,False,0,-516.084716796875,101.16116333007812,41.32246780395508,44.32602310180664,-1.133641242980957,20.44639778137207,1.7582011222839355,13.558758735656738,-9.922968864440918,13.549599647521973,-10.593722343444824,13.585851669311523,-16.131567001342773,12.091440200805664,-8.821968078613281,15.054242134094238,-12.866775512695312,10.495057106018066,-10.069355010986328,14.173872947692871,-6.55959939956665,15.182822227478027,-5.916145324707031,15.448282241821289,-13.529659271240234,11.14835262298584,0.24383135699001426,0.13321138087229445,0.011618434451520443,0.018031490966677666,1332.2357134776923,472.3309138996661,974.0290899200303,183.8740306606541,2481.0538516405136,648.1108832325531,0.16160856187343597,0.1471909135580063,0.3193920850753784,11.472930908203125,0.038744110614061356,4.746654987335205,-1.6080499335657805e-05,2.683871269226074,0.010997462086379528,1.7863482236862183,-0.014826883561909199,1.7271746397018433,0.005612030625343323,1.8535809516906738,-0.029319923371076584,1.4331884384155273,-0.01760236918926239,1.704526662826538,0.0005583320744335651,1.3546791076660156,-0.019153853878378868,1.5615288019180298,0.004710251931101084,1.8150603771209717,-0.01544529665261507,1.8910900354385376,-0.021689297631382942,1.5888081789016724,0.5304230451583862,0.3006531894207001,0.5368391871452332,0.29685670137405396,0.5104500651359558,0.2965793311595917,0.4976343512535095,0.302521675825119,0.5036748647689819,0.30584248900413513,0.5083631277084351,0.30819183588027954,0.5208236575126648,0.31212976574897766,0.4894505739212036,0.29976147413253784,0.49636417627334595,0.28075936436653137,0.5425249338150024,0.2963186204433441,0.5346778631210327,0.29770076274871826,0.5058255791664124,0.2887709140777588
24f2a4e1-7161-42a3-a2a2-a29a2422c0b8-1430814741368-1.7-f-26-hu.wav,..\dataset\hungry\24f2a4e1-7161-42a3-a2a2-a29a2422c0b8-1430814741368-1.7-f-26-hu.wav,hungry,hlad,dívka,2–6 měsíců,False,0,-631.52587890625,137.2714385986328,24.45614242553711,31.614355087280273,-7.172550678253174,34.758819580078125,8.056450843811035,17.24404525756836,1.4123882055282593,18.483251571655273,9.154840469360352,11.280167579650879,2.337161064147949,12.38094711303711,2.0251054763793945,9.540820121765137,-2.9899327754974365,11.166126251220703,-3.7479379177093506,9.112606048583984,-1.7137595415115356,10.395281791687012,3.5299384593963623,13.99042797088623,0.6987491250038147,10.153389930725098,0.21138886412268187,0.11077875761282198,0.02046750672161579,0.05644746869802475,1280.0619469895576,373.84269727476675,975.2355830650482,280.9813031979908,2496.8348787446507,664.2261077978367,0.1998075544834137,0.20861274003982544,-0.16891908645629883,9.273008346557617,-0.03938150778412819,3.0576844215393066,0.020183783024549484,3.655167579650879,0.01740710251033306,1.7435822486877441,0.0065684993751347065,1.8699533939361572,-0.00959714688360691,1.555068850517273,-0.003284455742686987,1.5910226106643677,-0.0020567544270306826,1.2810983657836914,-0.006379515398293734,1.1544578075408936,0.004721669480204582,1.2340240478515625,0.01035962626338005,1.2767757177352905,0.0010150184389203787,1.2876993417739868,-0.0014243683544918895,1.2859431505203247,0.45211708545684814,0.29498210549354553,0.47217458486557007,0.297027051448822,0.5325235724449158,0.32303333282470703,0.5652396082878113,0.3247198164463043,0.5977330207824707,0.30410709977149963,0.6186277270317078,0.3048784136772156,0.5893421769142151,0.3367976248264313,0.5555288791656494,0.3256388306617737,0.5605244040489197,0.3245835304260254,0.584110677242279,0.32105231285095215,0.5308896899223328,0.30202895402908325,0.483437180519104,0.3131988048553467
adcefe56-90b1-4120-83b1-93008cb6f7f0-1430731683554-1.7-m-04-hu.wav,..\dataset\hungry\adcefe56-90b1-4120-83b1-93008cb6f7f0-1430731683554-1.7-m-04-hu.wav,hungry,hlad,chlapec,0–4 týdny,False,0,-356.5050964355469,148.70419311523438,0.3643016815185547,45.29389190673828,-0.489205926656723,29.14679718017578,-21.583114624023438,19.440988540649414,-35.57148742675781,22.613323211669922,-12.030206680297852,18.086713790893555,-14.997233390808105,16.00230598449707,-15.061572074890137,19.279767990112305,6.545047760009766,15.294849395751953,19.873462677001953,18.55246353149414,8.025581359863281,17.316831588745117,4.543145656585693,16.364376068115234,-18.5521240234375,17.498699188232422,0.31907542796005706,0.21825138359688143,0.1406298130750656,0.10635696351528168,1549.7991395209974,701.8002986635323,908.8535049174247,299.18023527361146,2597.7398359486447,999.249062669927,0.1144770085811615,0.25887203216552734,-0.2172325700521469,12.939236640930176,-0.020240310579538345,5.2602410316467285,0.0064501226879656315,4.1530585289001465,-8.255744614871219e-05,2.3087146282196045,0.027788829058408737,2.84981107711792,0.02305499091744423,2.3288965225219727,0.003810151945799589,2.4753077030181885,0.028872491791844368,2.1766130924224854,-0.003544142236933112,2.3685407638549805,-0.00724440673366189,2.6429476737976074,-0.015138327144086361,2.2696053981781006,-0.02056211046874523,2.5755670070648193,0.012422292493283749,2.6131935119628906,0.43475428223609924,0.3768593370914459,0.2791871130466461,0.33018213510513306,0.1619882583618164,0.26135125756263733,0.13188432157039642,0.2515876293182373,0.14436198770999908,0.25984442234039307,0.15646745264530182,0.2557767629623413,0.15831908583641052,0.26733458042144775,0.17810028791427612,0.2537023723125458,0.24900245666503906,0.33210042119026184,0.2383560836315155,0.30852070450782776,0.3529423773288727,0.3582605719566345,0.4898148775100708,0.3986344039440155
85FAB169-4DCC-406D-AC93-2F6A8D797DAB-1437632141-1.1-m-04-hu.wav,..\dataset\hungry\85FAB169-4DCC-406D-AC93-2F6A8D797DAB-1437632141-1.1-m-04-hu.wav,hungry,hlad,chlapec,0–4 týdny,False,0,-398.77978515625,163.723388671875,-9.620906829833984,31.796226501464844,-26.44509506225586,22.922761917114258,-5.070437908172607,17.817636489868164,-20.215011596679688,13.084877967834473,0.14222723245620728,11.785533905029297,-26.71061897277832,14.77362060546875,4.358075141906738,13.241138458251953,0.12934333086013794,18.874488830566406,27.072385787963867,23.305465698242188,19.080604553222656,22.787464141845703,-3.1578774452209473,20.52398681640625,-14.890580177307129,15.943285942077637,0.34330420827389446,0.119960837346105,0.08158329874277115,0.05436795949935913,1605.9258367575355,245.9542239802441,930.8357143167589,113.57849089054483,2709.4775320970043,223.85923232416064,0.0850219875574112,0.10400059074163437,-0.0035286766942590475,8.371895790100098,-0.008173029869794846,1.9766961336135864,-0.0023777210153639317,2.0526366233825684,-0.0053387475199997425,1.4287347793579102,0.0015849550254642963,1.3136578798294067,-2.8017073418595828e-05,0.9656315445899963,-0.003846618812531233,1.3120145797729492,0.0017481244867667556,1.3473776578903198,0.003188782138749957,1.5450506210327148,-0.003627183847129345,2.059929609298706,-0.01229928620159626,2.4464633464813232,0.02311602793633938,2.1251533031463623,0.018935220316052437,2.113760232925415,0.4786404073238373,0.32638975977897644,0.3878740072250366,0.37821653485298157,0.2802783250808716,0.26056110858917236,0.27529191970825195,0.25499191880226135,0.2712816298007965,0.2828143537044525,0.3158172070980072,0.31997573375701904,0.40572938323020935,0.36486300826072693,0.3238242268562317,0.3443760573863983,0.22242136299610138,0.3016315698623657,0.21427884697914124,0.31240764260292053,0.3377895951271057,0.3259238600730896,0.5149851441383362,0.35309699177742004
02c3b725-26e4-4a2c-9336-04ddc58836d9-1430726196216-1.7-m-04-hu.wav,..\dataset\hungry\02c3b725-26e4-4a2c-9336-04ddc58836d9-1430726196216-1.7-m-04-hu.wav,hungry,hlad,chlapec,0–4 týdny,False,0,-783.3479614257812,81.12645721435547,37.299007415771484,28.651500701904297,0.5411632657051086,25.62094497680664,-8.930841445922852,20.6800537109375,-11.826032638549805,18.094009399414062,2.0537846088409424,13.22240161895752,-5.592875957489014,11.612076759338379,-5.896428108215332,12.302135467529297,-4.437044620513916,10.850946426391602,-0.43129169940948486,9.381033897399902,-5.295689582824707,11.353313446044922,-3.2647604942321777,11.020513534545898,-7.652339458465576,11.339250564575195,0.2577567760342368,0.11334472461698246,0.000648610177449882,0.0008753313450142741,1455.3238885603644,341.7628251769002,1071.3865581251519,194.4652795577053,2788.2489300998573,643.7002007307071,0.21925301849842072,0.16128651797771454,-0.7353952527046204,12.888688087463379,-0.12908579409122467,4.287810325622559,-0.018120933324098587,3.642138957977295,-0.024225641041994095,3.146893262863159,-0.027398772537708282,2.3068623542785645,-0.01927526295185089,1.9651520252227783,-0.012711137533187866,1.736055850982666,0.012722591869533062,1.6853370666503906,0.029387423768639565,1.5504883527755737,-0.025275658816099167,1.4630224704742432,0.011367601342499256,1.5221314430236816,-0.0019446439109742641,1.6733287572860718,-0.00023763904755469412,1.6999592781066895,0.5068319439888,0.3170548677444458,0.47256743907928467,0.31138092279434204,0.46479102969169617,0.2984887659549713,0.4971303343772888,0.3056064248085022,0.5232880115509033,0.29476040601730347,0.5331606268882751,0.3008709251880646,0.5125067830085754,0.31554532051086426,0.47278690338134766,0.3031224012374878,0.4631800949573517,0.3059312701225281,0.5244488716125488,0.3318876326084137,0.5609815716743469,0.32143059372901917,0.5283234715461731,0.31145796179771423
3bb2445a-9ae9-4dc8-9a2e-86c696ffa405-1430142784308-1.7-m-26-hu.wav,..\dataset\hungry\3bb2445a-9ae9-4dc8-9a2e-86c696ffa405-1430142784308-1.7-m-26-hu.wav,hungry,hlad,chlapec,2–6 měsíců,False,0,-306.3545837402344,110.3573989868164,-16.920278549194336,44.86176681518555,-18.409128189086914,16.075895309448242,-8.719223976135254,22.1135196685791,-53.332088470458984,16.78249168395996,1.1410716772079468,14.871742248535156,-20.613346099853516,15.470033645629883,10.564018249511719,13.508711814880371,-22.459978103637695,14.861696243286133,4.188370704650879,16.811492919921875,0.7290157675743103,16.463449478149414,4.00798225402832,20.028921127319336,1.0012245178222656,23.396217346191406,0.4317047075606277,0.16008529232722676,0.1473000943660736,0.0948178768157959,1811.9050379846533,453.3562142697789,865.6511968395625,170.47111593370096,2756.731455064194,498.10454183558784,0.07721599191427231,0.15093262493610382,0.08817168325185776,16.588720321655273,0.009254956617951393,4.623226165771484,0.012274743057787418,2.861757516860962,0.007067395839840174,2.306617259979248,0.018619010224938393,2.367983818054199,-0.005882729776203632,2.0784311294555664,-0.014282225631177425,1.9888240098953247,-0.021931257098913193,1.9129544496536255,0.008163419552147388,1.9367347955703735,-0.00777133135125041,2.015947103500366,0.01979343593120575,2.155099868774414,0.0255891140550375,2.754939079284668,-0.00577194569632411,3.1565191745758057,0.17520026862621307,0.21943844854831696,0.2073778510093689,0.2388409674167633,0.296145498752594,0.31213369965553284,0.4348890781402588,0.3592509329319,0.44257253408432007,0.3422447144985199,0.35953888297080994,0.3147987127304077,0.3490621745586395,0.31969961524009705,0.3739177882671356,0.329196035861969,0.3156787157058716,0.32898274064064026,0.2539137899875641,0.3195865750312805,0.19937539100646973,0.2641659080982208,0.1473582684993744,0.18455691635608673
eccb4617-8373-4c4f-b49e-bb2d72bce8d8-1430035348191-1.7-m-26-hu.wav,..\dataset\hungry\eccb4617-8373-4c4f-b49e-bb2d72bce8d8-1430035348191-1.7-m-26-hu.wav,hungry,hlad,chlapec,2–6 měsíců,False,0,-485.9777526855469,98.89240264892578,51.436317443847656,27.47264289855957,-18.75836181640625,35.183467864990234,-14.369645118713379,24.09697723388672,-25.498991012573242,19.466123580932617,-0.4187053442001343,16.200918197631836,-30.006105422973633,14.247615814208984,-4.534727096557617,14.272821426391602,-25.788227081298828,13.536839485168457,-6.504042625427246,14.420328140258789,-13.374259948730469,14.798624038696289,-1.1842694282531738,17.069107055664062,-3.7941668033599854,13.449414253234863,0.20481343616262482,0.09199759160571196,0.021381733939051628,0.03207233548164368,1191.3708050112698,296.7663377590198,909.481534711786,177.1876568929635,2298.1677960057064,586.5701681676231,0.07212279736995697,0.12110994011163712,0.021196918562054634,9.345656394958496,0.012727026827633381,3.6097097396850586,-0.002603876404464245,3.9587275981903076,-0.0017452648608013988,2.9100115299224854,-0.004751293919980526,2.563701629638672,-0.005260772071778774,2.253260612487793,-0.0065039172768592834,2.1630091667175293,-0.0071713426150381565,2.0019898414611816,-0.005019366275519133,1.969590425491333,-0.0032769665122032166,2.152745485305786,-0.001850245171226561,2.0951015949249268,-0.0008793475572019815,2.4083826541900635,0.00752913486212492,2.5177762508392334,0.3501429259777069,0.3176176846027374,0.3974679410457611,0.3505750894546509,0.37844744324684143,0.34694796800613403,0.3251352310180664,0.29295793175697327,0.32977306842803955,0.2951074242591858,0.3721856474876404,0.31139814853668213,0.4128630459308624,0.33349838852882385,0.39680615067481995,0.33471372723579407,0.33900564908981323,0.29758089780807495,0.3325047791004181,0.29598942399024963,0.3324691355228424,0.3198798894882202,0.343228816986084,0.34481000900268555
50DC5FBC-AC95-44F2-B55F-E4E5FB03AC96-1430007691-1.0-m-26-hu.wav,..\dataset\hungry\50DC5FBC-AC95-44F2-B55F-E4E5FB03AC96-1430007691-1.0-m-26-hu.wav,hungry,hlad,chlapec,2–6 měsíců,False,0,-395.2859191894531,135.814208984375,-16.61918830871582,34.26897430419922,-35.77243423461914,20.41373634338379,7.530158042907715,22.90950584411621,-26.10955810546875,15.506999015808105,-3.3758857250213623,14.872135162353516,-5.6425557136535645,15.607871055603027,-12.117563247680664,16.01219940185547,-16.564393997192383,16.577045440673828,12.896245002746582,21.586015701293945,4.486636161804199,22.381324768066406,0.6419069766998291,20.924774169921875,-7.913523197174072,16.943326950073242,0.3597650677603424,0.11287064744255323,0.06305346637964249,0.06236560642719269,1679.363162605443,343.8938901073687,834.0409689025222,148.26685066785004,2632.4224322396576,440.41136857538027,0.11074318736791611,0.1387849897146225,-0.04521477594971657,14.650087356567383,-0.020070020109415054,3.2692067623138428,-0.009286020882427692,2.8241758346557617,-0.07843315601348877,2.129734516143799,-0.005341160576790571,2.012420177459717,0.018567552790045738,1.6228119134902954,-0.025025546550750732,1.4660686254501343,-0.015104186721146107,1.9525104761123657,-0.015317905694246292,2.267642021179199,0.047038525342941284,2.5660016536712646,-0.0038429999258369207,2.716334819793701,-0.010385741479694843,2.822011709213257,0.04876163229346275,2.7396645545959473,0.31359538435935974,0.32694900035858154,0.2539431154727936,0.2980591356754303,0.18845219910144806,0.25591933727264404,0.19527117908000946,0.27928757667541504,0.22714591026306152,0.28042086958885193,0.268126904964447,0.30729350447654724,0.2597680389881134,0.2869705557823181,0.2888587713241577,0.28583914041519165,0.35771650075912476,0.319299578666687,0.4666557312011719,0.37650373578071594,0.4938543438911438,0.3463716208934784,0.40684837102890015,0.3365231454372406
F24DE44B-762C-4149-AC92-96A5E57ED118-1430816918-1.0-m-04-hu.wav,..\dataset\hungry\F24DE44B-762C-4149-AC92-96A5E57ED118-1430816918-1.0-m-04-hu.wav,hungry,hlad,chlapec,0–4 týdny,False,0,-453.6186218261719,108.05974578857422,57.806480407714844,27.05086326599121,-21.366840362548828,17.87544822692871,-12.313054084777832,12.772314071655273,-34.28282165527344,19.019811630249023,-39.65208435058594,14.764993667602539,-17.351404190063477,12.346179008483887,-16.54548454284668,9.427071571350098,-22.091426849365234,12.04457950592041,-2.1009767055511475,17.790950775146484,-2.4907402992248535,15.820572853088379,17.450891494750977,26.479095458984375,15.853948593139648,27.709962844848633,0.1509450784593438,0.08212567788537949,0.07408149540424347,0.07026612758636475,956.8267023127019,274.7430934922748,769.4037463068992,177.17591083770552,1706.4461483594864,583.2267835512175,0.04725754261016846,0.08494999259710312,0.024437397718429565,5.497387886047363,-0.04144507646560669,2.356381416320801,0.008664515800774097,1.8374898433685303,0.020631203427910805,1.4813224077224731,-0.004807231482118368,1.447521686553955,0.018232250586152077,1.3291239738464355,0.019282201305031776,1.2728503942489624,0.006719563156366348,1.191037893295288,0.001561000244691968,1.243721842765808,-0.0037891303654760122,1.7757253646850586,0.00022217210789676756,1.663071870803833,0.00284443493001163,1.7641417980194092,0.0010678730905056,2.6943936347961426,0.2610324025154114,0.3482537865638733,0.2712058424949646,0.3682068884372711,0.20876948535442352,0.30090633034706116,0.17131227254867554,0.248985156416893,0.19145801663398743,0.24835942685604095,0.28710460662841797,0.2948663532733917,0.4785803258419037,0.305397093296051,0.619860827922821,0.34960752725601196,0.5012537240982056,0.31608709692955017,0.334648072719574,0.32637834548950195,0.2039373219013214,0.28875213861465454,0.18512128293514252,0.264594167470932
A123AD65-38D3-4A65-AB37-330034765840-1430093699-1.0-m-04-hu.wav,..\dataset\hungry\A123AD65-38D3-4A65-AB37-330034765840-1430093699-1.0-m-04-hu.wav,hungry,hlad,chlapec,0–4 týdny,False,0,-449.12615966796875,56.824188232421875,70.6717529296875,25.872291564941406,1.1974133253097534,22.830785751342773,23.033185958862305,13.79353141784668,-14.067824363708496,10.495626449584961,-3.0756964683532715,11.959258079528809,-15.552583694458008,10.357237815856934,-18.20291519165039,9.926807403564453,-15.702865600585938,8.705278396606445,-12.977883338928223,10.378863334655762,-12.02711296081543,9.995227813720703,-10.959256172180176,9.231922149658203,-13.387735366821289,8.122224807739258,0.14887771932952926,0.07688280246055196,0.020649701356887817,0.021724827587604523,988.4644822305952,284.85430445838483,904.6240551477428,113.0444047358137,1969.641583452211,534.8486320178035,0.07882567495107651,0.07123679667711258,-0.06545691937208176,6.309168815612793,-0.0503292977809906,3.3225975036621094,-0.042326681315898895,2.0171072483062744,-0.009426462464034557,2.2386956214904785,-0.02333528734743595,1.5695216655731201,-0.007728394586592913,1.701607346534729,0.0034080238547176123,1.5423424243927002,-0.018302230164408684,1.4203466176986694,0.00808701105415821,1.2969632148742676,-0.005630751606076956,1.4718009233474731,0.015127832069993019,1.495486855506897,0.027377178892493248,1.4070979356765747,-0.0013537189224734902,1.3657562732696533,0.49837929010391235,0.2843148708343506,0.459504097700119,0.2922551929950714,0.46643564105033875,0.296132355928421,0.48580822348594666,0.30019325017929077,0.49549880623817444,0.2927718758583069,0.5404877066612244,0.3022861182689667,0.5742946863174438,0.299886554479599,0.5587937831878662,0.26551005244255066,0.5759698152542114,0.25732624530792236,0.6311084628105164,0.2823360860347748,0.6312048435211182,0.27827101945877075,0.5901512503623962,0.28780508041381836
1f40790f-68f2-4e7e-845e-715bd97c82d0-1429979568422-1.7-m-04-hu.wav,..\dataset\hungry\1f40790f-68f2-4e7e-845e-715bd97c82d0-1429979568422-1.7-m-04-hu.wav,hungry,hlad,chlapec,0–4 týdny,False,0,-346.6734924316406,125.63685607910156,40.97711181640625,29.69727325439453,-27.92103385925293,33.670501708984375,-13.940296173095703,23.192241668701172,-35.46144485473633,19.988298416137695,-7.459235191345215,19.52634048461914,-3.412961959838867,17.38589859008789,-11.808497428894043,16.0410099029541,1.9911071062088013,15.845613479614258,2.924121618270874,14.364956855773926,2.998530864715576,17.090795516967773,-2.652846097946167,16.622983932495117,-12.353433609008789,14.461030960083008,0.21916792974322397,0.11018151414207271,0.08453737199306488,0.06786540150642395,1168.7033883395907,416.25435979063053,805.5051118385537,257.9313743519345,2032.0970042796005,779.7511344145901,0.12395727634429932,0.23812800645828247,0.0,11.365111351013184,-2.7208968411684964e-09,4.036881923675537,-1.3604484205842482e-09,3.01401424407959,-5.441793682336993e-09,2.4196972846984863,-1.0883587364673986e-08,2.421293258666992,0.0,2.047008752822876,-1.0883587364673986e-08,1.796260118484497,-8.16269007941628e-09,1.9610704183578491,2.7208968411684964e-09,1.7898105382919312,0.0,1.9820480346679688,1.0883587364673986e-08,2.0017855167388916,-5.441793682336993e-09,1.847814679145813,-8.16269007941628e-09,1.871627688407898,0.39430856704711914,0.35502833127975464,0.41322559118270874,0.3669228255748749,0.2676956355571747,0.29718658328056335,0.15392500162124634,0.24088917672634125,0.12351448088884354,0.20482715964317322,0.13838714361190796,0.2249225378036499,0.20308133959770203,0.2866538465023041,0.3516700863838196,0.3723088800907135,0.38564789295196533,0.3651895821094513,0.2980198562145233,0.30614393949508667,0.32262423634529114,0.3479645252227783,0.3208957016468048,0.31378015875816345
52dfc27a-fbc4-4d9f-bbcf-6406c919324a-1430041657947-1.7-m-26-hu.wav,..\dataset\hungry\52dfc27a-fbc4-4d9f-bbcf-6406c919324a-1430041657947-1.7-m-26-hu.wav,hungry,hlad,chlapec,2–6 měsíců,False,0,-412.39251708984375,150.6646728515625,-5.390911102294922,42.503929138183594,-45.083133697509766,35.56094741821289,-8.356175422668457,22.473037719726562,-32.36317443847656,18.648319244384766,4.146810531616211,14.5260009765625,-12.590859413146973,17.537012100219727,-0.3269124925136566,13.024215698242188,-12.304723739624023,16.068069458007812,-2.5813727378845215,13.937524795532227,-2.2148401737213135,16.97151756286621,9.144638061523438,22.70237159729004,6.404182434082031,23.503280639648438,0.33297855741797433,0.11980104406392884,0.12002401053905487,0.14083948731422424,1569.1861739814656,372.50082028812676,816.0663663382134,177.12545638935882,2513.3514621968616,552.3253965207136,0.11148985475301743,0.14426176249980927,0.10046804696321487,11.425802230834961,0.009181912057101727,3.18579363822937,-0.03244931623339653,3.2977824211120605,-0.02580992318689823,2.0679872035980225,-0.012121153995394707,2.2240023612976074,0.01073396485298872,1.8525097370147705,0.005601107608526945,1.806587815284729,-0.006602086126804352,1.8229929208755493,-0.010108490474522114,1.9772930145263672,-0.00865542609244585,2.098327875137329,-0.004791594576090574,2.584331750869751,-0.00554344616830349,2.9045495986938477,-0.003828860819339752,2.7045648097991943,0.2938614785671234,0.3128261864185333,0.32146120071411133,0.34087255597114563,0.29387134313583374,0.3131082355976105,0.30010050535202026,0.3004944622516632,0.3044383227825165,0.3245042860507965,0.2936672270298004,0.31887343525886536,0.2821260988712311,0.3060514032840729,0.31967586278915405,0.31499868631362915,0.3933447599411011,0.3537672758102417,0.3527282774448395,0.3218858242034912,0.311567485332489,0.3285897374153137,0.28289899230003357,0.3094927668571472
3c51dedc-6e4c-47dd-a179-86a25e95f1ef-1430651019625-1.7-m-04-hu.wav,..\dataset\hungry\3c51dedc-6e4c-47dd-a179-86a25e95f1ef-1430651019625-1.7-m-04-hu.wav,hungry,hlad,chlapec,0–4 týdny,False,0,-353.8689270019531,124.26165008544922,43.67981719970703,55.16867446899414,-54.73518753051758,43.405921936035156,-3.5140724182128906,26.42171859741211,-12.092036247253418,21.01068115234375,-21.945222854614258,22.142248153686523,-12.530328750610352,17.289104461669922,-3.3971238136291504,13.58684253692627,-24.20171546936035,13.027685165405273,-3.852780818939209,13.42749309539795,8.693968772888184,22.792613983154297,30.536373138427734,36.03300094604492,3.780771017074585,23.731929779052734,0.26227041726105566,0.10101115997492092,0.20388908684253693,0.1512170433998108,1202.8161025186068,390.645791720977,678.1055503391555,173.65212886702835,1822.686340941512,651.9042855452426,0.02570388652384281,0.049030669033527374,0.4710642397403717,11.689383506774902,0.04238960146903992,5.046517372131348,-0.06569298356771469,5.623071193695068,0.09077812731266022,3.7248013019561768,-0.012595409527420998,2.3390254974365234,-0.06753337383270264,2.4759609699249268,0.04412364959716797,1.8602540493011475,0.024240300059318542,2.0315420627593994,-0.006145366933196783,1.7407612800598145,0.003343048971146345,1.7546541690826416,-0.011169452220201492,2.2409920692443848,-0.01952216774225235,3.462416887283325,-0.046134158968925476,3.6417577266693115,0.19279120862483978,0.31040656566619873,0.21356971561908722,0.2967752516269684,0.20716500282287598,0.28554925322532654,0.26857084035873413,0.2987794876098633,0.44209495186805725,0.35801687836647034,0.3249625861644745,0.33633390069007874,0.22318482398986816,0.30833783745765686,0.2677496373653412,0.31585752964019775,0.41066282987594604,0.3423636853694916,0.49640119075775146,0.3597639203071594,0.3047718405723572,0.3061898350715637,0.1965888887643814,0.2972746789455414
999bf14b-e417-4b44-b746-9253f81efe38-1430845018393-1.7-m-26-ch.wav,..\dataset\discomfort\999bf14b-e417-4b44-b746-9253f81efe38-1430845018393-1.7-m-26-ch.wav,discomfort,nepohodlí,chlapec,2–6 měsíců,False,0,-551.0634765625,113.26346588134766,101.9638442993164,35.314205169677734,-47.20936584472656,30.621238708496094,12.734734535217285,17.788532257080078,-0.496926486492157,35.22598648071289,-15.34463882446289,14.785062789916992,-8.727413177490234,10.00869083404541,3.166752576828003,12.981245040893555,-5.990039825439453,11.16627025604248,-10.460047721862793,10.398362159729004,-10.401585578918457,10.83193588256836,-10.438416481018066,13.135854721069336,-6.70335578918457,17.37818717956543,0.1482368937232525,0.06021718824775172,0.021122906357049942,0.02994626946747303,787.6637790409723,227.46679073713065,591.2758299827436,177.28498348620982,1345.0873751783167,370.2721388268343,0.06943407654762268,0.2217268943786621,-3.918091238119814e-07,8.12656021118164,-3.265076031766512e-08,3.3898017406463623,-5.441793682336993e-09,2.918574571609497,1.3604484205842482e-09,2.3260490894317627,2.7208968411684964e-09,2.4345476627349854,-2.7208968411684964e-09,1.620076298713684,-5.441793682336993e-09,1.526430606842041,-6.802242102921241e-10,1.5868666172027588,-2.7208968411684964e-09,1.567569375038147,-2.7208968411684964e-09,1.4846019744873047,1.3604484205842482e-09,1.5735695362091064,-2.7208968411684964e-09,1.550681233406067,4.08134503970814e-09,1.7842038869857788,0.2934894561767578,0.28897514939308167,0.3541562855243683,0.29698601365089417,0.43052801489830017,0.3366320729255676,0.41560256481170654,0.3154563903808594,0.4533626437187195,0.33357927203178406,0.5516827702522278,0.3672434687614441,0.5390180945396423,0.33665603399276733,0.5107142329216003,0.3556444048881531,0.35680750012397766,0.3200185298919678,0.2774483561515808,0.2941553592681885,0.23883914947509766,0.2582632005214691,0.2377859652042389,0.26260852813720703
8FDA58A7-FDC6-4421-855F-738E6E853E43-1429895742-1.0-m-26-hu.wav,..\dataset\hungry\8FDA58A7-FDC6-4421-855F-738E6E853E43-1429895742-1.0-m-26-hu.wav,hungry,hlad,chlapec,2–6 měsíců,False,0,-483.5514831542969,112.13935852050781,9.363834381103516,22.66573143005371,-40.244911193847656,28.89131736755371,3.146329402923584,14.634589195251465,-10.798113822937012,19.355106353759766,-12.693008422851562,17.12078857421875,4.854048728942871,12.834554672241211,-2.183269739151001,12.302669525146484,-14.707340240478516,11.367786407470703,-10.507707595825195,10.947652816772461,-10.639246940612793,11.89887523651123,3.459326982498169,14.78105354309082,4.030787944793701,21.453968048095703,0.32164987517831667,0.06711586164197576,0.03200135752558708,0.06924072653055191,1511.9012852979843,192.41156128898396,861.7456293992101,138.88826265777402,2437.656027104137,417.6343214079114,0.15019826591014862,0.1440046727657318,-0.27720212936401367,14.300359725952148,0.05212033912539482,3.1697301864624023,0.017016982659697533,4.08172082901001,-0.009728346019983292,1.6715826988220215,-0.0320739820599556,2.1630895137786865,0.03982091322541237,1.8476574420928955,0.011990389786660671,1.686236023902893,-0.039652079343795776,1.8856292963027954,0.011992492713034153,1.4690792560577393,-0.013552467338740826,1.6877920627593994,-0.0004388894885778427,1.6845484972000122,0.028535235673189163,1.8680617809295654,0.024612929672002792,2.561574935913086,0.2821633517742157,0.2855038642883301,0.24806903302669525,0.24930524826049805,0.23276126384735107,0.24695709347724915,0.254059761762619,0.2594645023345947,0.298373281955719,0.2814468443393707,0.3754408359527588,0.3187379240989685,0.4966248571872711,0.3490956723690033,0.5320895910263062,0.3148764371871948,0.5286458134651184,0.33658090233802795,0.42938393354415894,0.3339267373085022,0.40413424372673035,0.3507887125015259,0.3226964771747589,0.30608850717544556
643D64AD-B711-469A-AF69-55C0D5D3E30F-1430138524-1.0-m-72-bp.wav,..\dataset\belly_pain\643D64AD-B711-469A-AF69-55C0D5D3E30F-1430138524-1.0-m-72-bp.wav,belly_pain,bolest břicha,chlapec,7 měsíců–2 roky,False,0,-371.06982421875,59.52695846557617,40.415279388427734,19.51613426208496,-10.94031810760498,13.865745544433594,-18.878732681274414,13.830907821655273,-34.74042510986328,11.573372840881348,-24.64362907409668,13.460803031921387,-20.827491760253906,10.970686912536621,-14.267107009887695,9.828312873840332,-15.575745582580566,9.208922386169434,-10.926023483276367,11.553361892700195,-9.405086517333984,14.594802856445312,-2.6835718154907227,15.934493064880371,-5.162790775299072,14.212752342224121,0.20896487161198288,0.08232741001221998,0.03864285722374916,0.038714636117219925,1259.8954659863573,264.4659830780216,999.266210133211,105.78252861056836,2456.5353067047076,508.0772848428332,0.13344228267669678,0.11351791024208069,-0.0590115487575531,10.190216064453125,0.055722326040267944,3.5098140239715576,0.009310516528785229,1.9202669858932495,0.04214850068092346,2.002901554107666,-0.004800358321517706,1.7000173330307007,-0.02255922369658947,1.8431198596954346,0.004615821875631809,1.5834457874298096,-0.008335298858582973,1.4673770666122437,-0.03320527821779251,1.4502742290496826,0.0023932538460940123,1.7621922492980957,0.02891211211681366,2.080859661102295,-0.003247286891564727,2.3817548751831055,-0.032380398362874985,2.0237512588500977,0.314553827047348,0.29576852917671204,0.322794646024704,0.3107297122478485,0.3064156472682953,0.29380911588668823,0.3017684817314148,0.2853403687477112,0.3269679546356201,0.3024708032608032,0.3542499840259552,0.31130436062812805,0.42134618759155273,0.30578434467315674,0.5128743648529053,0.30511394143104553,0.6010401248931885,0.319828599691391,0.5551729798316956,0.3109802305698395,0.4610916078090668,0.3201749920845032,0.3623972237110138,0.2995855510234833
7616E8F4-B1A7-45A6-9A0C-C9BB2DE64FC3-1436868751-1.1-m-72-hu.wav,..\dataset\hungry\7616E8F4-B1A7-45A6-9A0C-C9BB2DE64FC3-1436868751-1.1-m-72-hu.wav,hungry,hlad,chlapec,7 měsíců–2 roky,False,0,-290.5138244628906,69.52485656738281,8.616951942443848,38.949581146240234,-25.964614868164062,25.958293914794922,-6.285216331481934,13.195548057556152,-10.46484375,12.102116584777832,-1.455369234085083,13.463395118713379,1.2457228899002075,14.673730850219727,-10.84801959991455,9.947311401367188,-9.075888633728027,13.30833911895752,-2.7290585041046143,19.84678077697754,-9.630846977233887,18.179759979248047,-1.635782241821289,19.15882682800293,0.347075492143631,17.995119094848633,0.3679620631241084,0.1358803547466638,0.09573141485452652,0.08502371609210968,1701.095295707244,447.0536252572418,939.4786671250384,119.63004778213019,2741.7082738944364,625.3433298774354,0.09201014041900635,0.08022551983594894,-0.015140713192522526,6.2328782081604,-0.07854927331209183,3.5704941749572754,-0.01633412577211857,2.4304211139678955,0.03076024167239666,1.572055459022522,-9.643810335546732e-05,1.84132981300354,-0.022272758185863495,1.6483042240142822,0.005078793037682772,1.4712153673171997,0.005558885168284178,1.4077235460281372,0.000989462248980999,1.6736838817596436,-0.0075521646067500114,1.850932002067566,-0.03671654313802719,2.2058167457580566,-0.024061113595962524,2.1820545196533203,0.044825538992881775,2.2704126834869385,0.2313356101512909,0.2556503415107727,0.3317316174507141,0.3270632028579712,0.31034591794013977,0.3262237012386322,0.25700780749320984,0.3003557622432709,0.23443007469177246,0.2536706328392029,0.22908340394496918,0.22765016555786133,0.2930201590061188,0.3021673858165741,0.3331851363182068,0.31862109899520874,0.3566998243331909,0.32260143756866455,0.471123069524765,0.36217719316482544,0.41296133399009705,0.3333584666252136,0.28497615456581116,0.29260367155075073
323cab80-2551-4a46-8c3d-62c7a5264afa-1430382588301-1.7-m-22-hu.wav,..\dataset\hungry\323cab80-2551-4a46-8c3d-62c7a5264afa-1430382588301-1.7-m-22-hu.wav,hungry,hlad,chlapec,více než 2 roky,False,0,-290.6984558105469,75.11399841308594,-34.74754333496094,33.587886810302734,-66.28923797607422,25.12509536743164,-23.524707794189453,17.91261100769043,-10.9673433303833,17.4199275970459,4.91158390045166,13.079474449157715,-8.591163635253906,15.916096687316895,-9.004937171936035,12.378958702087402,-4.892948627471924,10.319717407226562,-4.786620616912842,14.363065719604492,-12.186042785644531,11.146958351135254,7.863461494445801,18.543100357055664,12.071763038635254,21.618362426757812,0.3380773002853067,0.0847604580589926,0.14126800000667572,0.09177476912736893,1682.729483959018,257.5068780595573,854.1896876795596,161.2138648205216,2696.059201141227,451.11318335702174,0.09515256434679031,0.14600752294063568,0.04009465500712395,9.380609512329102,-0.05246911942958832,2.8803560733795166,-0.04342282563447952,3.0412964820861816,0.00541691342368722,2.054974317550659,0.009115319699048996,1.971185326576233,0.0031219194643199444,1.804748773574829,-0.010973186232149601,1.7084684371948242,0.008754040114581585,1.764915943145752,-0.00540170120075345,1.4986265897750854,0.003103147493675351,1.6168768405914307,-0.00232350779697299,1.6430518627166748,0.013959863223135471,1.8310141563415527,0.011617520824074745,2.1498050689697266,0.26860398054122925,0.30683255195617676,0.31443697214126587,0.34152883291244507,0.3987874388694763,0.34135526418685913,0.40085065364837646,0.39259761571884155,0.22781598567962646,0.2685953676700592,0.15047557651996613,0.20919181406497955,0.17584988474845886,0.22530996799468994,0.21484050154685974,0.2596817910671234,0.256075918674469,0.3030480444431305,0.25316500663757324,0.30275189876556396,0.28089889883995056,0.31863802671432495,0.3195371627807617,0.36226218938827515
dc5429de-26b4-48e2-bc47-bc607b9bba06-1430741828918-1.7-f-72-hu.wav,..\dataset\hungry\dc5429de-26b4-48e2-bc47-bc607b9bba06-1430741828918-1.7-f-72-hu.wav,hungry,hlad,dívka,7 měsíců–2 roky,False,0,-548.06884765625,122.66378784179688,-12.25990104675293,39.69601058959961,-64.12174224853516,36.81935501098633,20.33478546142578,18.799280166625977,-15.576347351074219,17.264511108398438,-13.36557674407959,14.59495735168457,-0.8451685309410095,14.704034805297852,-1.5199631452560425,19.08182144165039,-1.8423032760620117,15.030516624450684,-8.915680885314941,14.755067825317383,0.09127429127693176,14.92602825164795,0.8897788524627686,18.339126586914062,-5.288215160369873,17.039640426635742,0.34532141583452214,0.10594479214512412,0.01794699765741825,0.019887784495949745,1527.9622271742185,378.98027745400236,682.0044110765252,216.02309367996168,2185.070435092725,559.3203353421965,0.10437129437923431,0.20818129181861877,-0.1675196886062622,13.395920753479004,0.023900780826807022,3.8759965896606445,0.0407559759914875,3.7722244262695312,-0.014275380410254002,2.217066764831543,-0.0020380306523293257,2.515969753265381,0.007178228814154863,2.25262451171875,0.0015325696440413594,1.9820476770401,-0.01380500290542841,1.8768600225448608,0.0035871064756065607,2.0990517139434814,0.010260431095957756,1.908045768737793,-0.008382306434214115,1.767535924911499,-0.0020756034646183252,2.2015175819396973,0.006487393286079168,2.2668116092681885,0.1586678922176361,0.2369632124900818,0.21305130422115326,0.29178011417388916,0.22903674840927124,0.315897136926651,0.19582349061965942,0.22595708072185516,0.31974175572395325,0.3753589987754822,0.2669755220413208,0.27595803141593933,0.2997397184371948,0.36137938499450684,0.24352814257144928,0.3090550899505615,0.27278295159339905,0.29079321026802063,0.3522772192955017,0.38586729764938354,0.1995859444141388,0.262414813041687,0.16107910871505737,0.2512444853782654
549a46d8-9c84-430e-ade8-97eae2bef787-1430130702316-1.7-m-48-hu.wav,..\dataset\hungry\549a46d8-9c84-430e-ade8-97eae2bef787-1430130702316-1.7-m-48-hu.wav,hungry,hlad,chlapec,4–8 týdnů,False,0,-550.9814453125,152.05580139160156,32.999759674072266,43.53056716918945,-51.55010223388672,31.398597717285156,4.877192974090576,17.22218894958496,-41.120174407958984,24.05592155456543,1.871493935585022,13.170251846313477,-14.706151008605957,17.563596725463867,1.1643307209014893,10.879938125610352,-15.606941223144531,15.166414260864258,-4.314900875091553,16.040983200073242,-4.093984127044678,17.255504608154297,9.575013160705566,21.78102684020996,26.211776733398438,28.027978897094727,0.23256397111269614,0.11831313460652568,0.03016624040901661,0.027477102354168892,1188.1153501537003,473.3080503212921,677.9746097204827,260.3889441080869,1973.5199714693294,769.4134247823042,0.13106858730316162,0.2836941182613373,-2.1767174018805235e-07,10.74667739868164,-2.4488070238248838e-08,3.2876334190368652,0.0,3.1624584197998047,7.3124102328847584e-09,2.3060808181762695,-5.441793682336993e-09,2.325026035308838,5.441793682336993e-09,1.5982341766357422,-1.0883587364673986e-08,1.4113746881484985,0.0,1.4138249158859253,0.0,1.6782729625701904,2.7208968411684964e-09,1.5068790912628174,-5.441793682336993e-09,1.6454888582229614,0.0,2.446138381958008,0.0,2.5616068840026855,0.16781462728977203,0.2848661243915558,0.17085090279579163,0.2665056884288788,0.1738336980342865,0.2675628364086151,0.168244406580925,0.262099951505661,0.19287624955177307,0.2721230983734131,0.2945195734500885,0.3266964852809906,0.4760483503341675,0.3871762752532959,0.4413440525531769,0.36414504051208496,0.2832278907299042,0.33945754170417786,0.21602579951286316,0.30768027901649475,0.22839772701263428,0.29878491163253784,0.21222107112407684,0.3142485022544861
3c51dedc-6e4c-47dd-a179-86a25e95f1ef-1430651049104-1.7-m-72-hu.wav,..\dataset\hungry\3c51dedc-6e4c-47dd-a179-86a25e95f1ef-1430651049104-1.7-m-72-hu.wav,hungry,hlad,chlapec,7 měsíců–2 roky,False,0,-391.6158142089844,122.59477996826172,67.58145904541016,46.64857482910156,-34.23712921142578,44.07110595703125,-5.258667469024658,28.223430633544922,-8.324949264526367,18.73731803894043,-19.92967414855957,29.096553802490234,-15.377039909362793,15.40916633605957,-1.790107011795044,17.214599609375,-19.533361434936523,16.606056213378906,-4.892538070678711,22.55959129333496,-3.624424695968628,25.602991104125977,15.588695526123047,26.74347686767578,7.772597312927246,33.51934814453125,0.22894748573466475,0.1332927166466255,0.19105209410190582,0.17357799410820007,1071.5234204759372,412.9488875890016,705.0947755440543,219.66345651315524,1677.313659058488,690.35349524996,0.038353051990270615,0.07488574832677841,0.2826874256134033,10.481003761291504,0.08296302706003189,5.2290215492248535,0.01676356978714466,5.252458572387695,-0.024032847955822945,3.340632438659668,-0.051250483840703964,2.5815510749816895,0.07924267649650574,2.428438186645508,-0.018045902252197266,2.2795729637145996,0.041313569992780685,1.9237728118896484,-0.009762604720890522,1.8063700199127197,-0.00386823364533484,1.905341625213623,0.0049271360039711,2.2748634815216064,-0.03578663617372513,2.719078302383423,-0.023437336087226868,2.827335834503174,0.24269656836986542,0.32561689615249634,0.23360785841941833,0.3123498857021332,0.2480992078781128,0.31558817625045776,0.2508525848388672,0.31296586990356445,0.263593465089798,0.3332933187484741,0.2948431074619293,0.34673991799354553,0.3677806258201599,0.31027722358703613,0.5716696977615356,0.3754323124885559,0.4764837920665741,0.3463056981563568,0.29315683245658875,0.31608420610427856,0.21697963774204254,0.30075088143348694,0.22558915615081787,0.2935858964920044
1b381a1e-88a6-4a48-b889-a5ccdf0aacaf-1430299568333-1.7-f-72-hu.wav,..\dataset\hungry\1b381a1e-88a6-4a48-b889-a5ccdf0aacaf-1430299568333-1.7-f-72-hu.wav,hungry,hlad,dívka,7 měsíců–2 roky,False,0,-337.6443786621094,139.42230224609375,-9.234396934509277,52.83740997314453,-30.902671813964844,25.833669662475586,-18.599763870239258,22.619136810302734,-32.74394607543945,25.031036376953125,1.2591557502746582,14.622244834899902,-3.420413017272949,15.337753295898438,-1.7298825979232788,13.081758499145508,-5.202847957611084,13.950596809387207,-1.1817320585250854,13.296002388000488,-4.108805179595947,14.215709686279297,8.689153671264648,18.31524085998535,-1.091681718826294,15.090009689331055,0.3363108505706134,0.18562178493216147,0.1040416732430458,0.08864910155534744,1569.6000389386381,659.9866159102785,807.1109245265376,266.0252453946625,2497.9716476462195,895.6930336320387,0.16506895422935486,0.2695462107658386,-1.3060304127066047e-07,8.880319595336914,1.632538015883256e-08,4.47063684463501,2.7208968411684964e-09,2.93542742729187,-8.16269007941628e-09,2.6575098037719727,2.7208968411684964e-09,2.678116798400879,0.0,2.0720860958099365,2.7208968411684964e-09,2.025439739227295,0.0,1.7947970628738403,9.523138722045132e-09,1.7383882999420166,2.7208968411684964e-09,1.6552329063415527,1.3604484205842482e-09,1.9290919303894043,-2.7208968411684964e-09,2.320686101913452,5.441793682336993e-09,2.1629421710968018,0.20924420654773712,0.2660842537879944,0.2297409474849701,0.27688342332839966,0.24963614344596863,0.2831346094608307,0.2017098218202591,0.2700921595096588,0.24599619209766388,0.2804720997810364,0.3592311143875122,0.3573189675807953,0.3132186532020569,0.32823020219802856,0.28100645542144775,0.3080277144908905,0.35882943868637085,0.3323797285556793,0.3781590163707733,0.36218464374542236,0.2994356155395508,0.3257385194301605,0.24946975708007812,0.29474613070487976
837fd072-8704-4196-9ff1-1d2c07886e55-1432429478471-1.7-m-22-dc.wav,..\dataset\discomfort\837fd072-8704-4196-9ff1-1d2c07886e55-1432429478471-1.7-m-22-dc.wav,discomfort,nepohodlí,chlapec,více než 2 roky,False,0,-600.03564453125,83.68408966064453,92.99156951904297,21.62316131591797,11.850456237792969,14.656169891357422,3.9049620628356934,18.8563232421875,-25.751325607299805,14.65047836303711,9.981277465820312,10.49636173248291,-16.761388778686523,14.096782684326172,-2.800537347793579,10.752071380615234,-12.425871849060059,11.6561861038208,-4.520321369171143,11.334431648254395,-1.906050205230713,12.82385540008545,-1.0619479417800903,11.748969078063965,8.77113151550293,15.315205574035645,0.13486871433666192,0.040640160993277746,0.004823277238756418,0.0034859729930758476,899.6201422661175,192.76460108102842,855.6645526485003,121.33334851605396,1875.7355563480742,553.9260537406342,0.03167138993740082,0.07104320824146271,-0.07447786629199982,8.747904777526855,-0.03676285222172737,2.934971809387207,-0.02289384789764881,2.144979476928711,0.0035868261475116014,2.211580991744995,0.0013610143214464188,2.040386915206909,-0.0249665305018425,1.5932694673538208,-0.0008776551694609225,1.6613452434539795,0.023359229788184166,1.5845187902450562,0.0232333205640316,1.3968695402145386,-0.0018254333408549428,1.456133484840393,0.020489275455474854,1.4835952520370483,-0.0046075559221208096,1.5863838195800781,-0.0096321702003479,2.050706148147583,0.2189382016658783,0.2599541246891022,0.3395797610282898,0.36813926696777344,0.3102872669696808,0.3168143928050995,0.20326852798461914,0.22515332698822021,0.22346481680870056,0.25659236311912537,0.35109010338783264,0.28139257431030273,0.5358521342277527,0.36785030364990234,0.5081288814544678,0.29666632413864136,0.4343387186527252,0.34305256605148315,0.3347260653972626,0.3525485098361969,0.237965926527977,0.28782400488853455,0.1851741373538971,0.23353073000907898
d79affbc-f7b4-4ef0-ae57-be5da4b827bf-1430761514476-1.7-m-72-hu.wav,..\dataset\hungry\d79affbc-f7b4-4ef0-ae57-be5da4b827bf-1430761514476-1.7-m-72-hu.wav,hungry,hlad,chlapec,7 měsíců–2 roky,False,0,-564.76318359375,96.48693084716797,61.44218063354492,30.55225372314453,-21.267038345336914,29.301237106323242,4.729465484619141,27.45364761352539,-37.32265853881836,20.913660049438477,9.355697631835938,20.32200050354004,-16.67840003967285,14.527109146118164,0.8681781888008118,14.491886138916016,-14.99012279510498,15.862196922302246,-6.818331718444824,16.062301635742188,-10.577492713928223,12.526047706604004,-5.5180439949035645,10.0999174118042,-11.222631454467773,11.703814506530762,0.2007344418687589,0.10307448771590792,0.008234493434429169,0.009989858604967594,1075.5139382611612,373.7289391084471,786.6787124057931,251.60308007359495,1924.9732524964336,750.0630206805881,0.11032119393348694,0.2304300218820572,-3.0474043910544424e-07,9.000540733337402,0.0,3.2220757007598877,5.441793682336993e-09,3.1315500736236572,0.0,2.8398468494415283,0.0,2.41424560546875,0.0,2.096194267272949,-2.7208968411684964e-09,1.9382909536361694,1.3604484205842482e-09,1.9642977714538574,1.0883587364673986e-08,2.083089828491211,0.0,1.8391128778457642,2.7208968411684964e-09,1.6918712854385376,4.08134503970814e-09,1.4950227737426758,-6.802241880876636e-09,1.5443445444107056,0.39584437012672424,0.3414108455181122,0.3583434522151947,0.33925071358680725,0.25049272179603577,0.27013856172561646,0.2542908191680908,0.2880580425262451,0.24637474119663239,0.264628529548645,0.2814619541168213,0.2931513488292694,0.3042358458042145,0.2965148389339447,0.3895431160926819,0.33487072587013245,0.45520663261413574,0.3858437240123749,0.406028151512146,0.34090733528137207,0.4269237518310547,0.3514818847179413,0.3956452012062073,0.31986162066459656
d6cda191-4962-4308-9a36-46d5648a95ed-1431700390946-1.7-m-04-bp.wav,..\dataset\belly_pain\d6cda191-4962-4308-9a36-46d5648a95ed-1431700390946-1.7-m-04-bp.wav,belly_pain,bolest břicha,chlapec,0–4 týdny,False,0,-295.54791259765625,160.6816864013672,-57.100425720214844,30.316911697387695,-24.971277236938477,20.969619750976562,1.234771728515625,21.706743240356445,-24.932401657104492,20.239273071289062,14.159933090209961,12.38208293914795,-35.6328010559082,16.239044189453125,8.649226188659668,13.024452209472656,-6.895325183868408,13.186590194702148,-11.636544227600098,12.773651123046875,-2.280683755874634,10.845584869384766,3.0631210803985596,13.142909049987793,-1.8436594009399414,13.400389671325684,0.5403552960057061,0.09891356029375989,0.18733112514019012,0.12323065847158432,2130.334019157181,346.96412632852446,765.4210065947268,179.62294085172493,2838.1998930099858,460.2385517604514,0.10252667963504791,0.14974413812160492,-0.3145785927772522,20.864973068237305,0.08827607333660126,3.8043384552001953,0.03306601569056511,3.661341667175293,-0.012801040895283222,2.4986884593963623,0.0313192643225193,2.501345157623291,-0.03012670949101448,1.8825342655181885,0.0488693043589592,2.2148141860961914,-0.017319554463028908,1.7709858417510986,-0.00822325237095356,1.7691646814346313,0.015829967334866524,1.4988751411437988,0.004642175044864416,1.6958882808685303,-0.02177566848695278,1.811226725578308,-0.015006918460130692,2.128190040588379,0.2640678584575653,0.28118008375167847,0.45374348759651184,0.36701127886772156,0.5640966892242432,0.34635165333747864,0.5161070823669434,0.33365777134895325,0.44174593687057495,0.35309484601020813,0.3131307065486908,0.300127774477005,0.1897350549697876,0.24036763608455658,0.12599654495716095,0.18014223873615265,0.09646449983119965,0.145032599568367,0.08090563863515854,0.1546253114938736,0.06510613113641739,0.12338344007730484,0.11853080987930298,0.18346691131591797
4cefc13c-e7c0-4b5a-bddb-c40c103e640a-1431583470764-1.7-f-26-hu.wav,..\dataset\hungry\4cefc13c-e7c0-4b5a-bddb-c40c103e640a-1431583470764-1.7-f-26-hu.wav,hungry,hlad,dívka,2–6 měsíců,False,0,-483.2413635253906,113.37525177001953,44.00576400756836,31.435136795043945,-17.17815589904785,32.273651123046875,-25.96987533569336,21.76691246032715,-29.172958374023438,16.559581756591797,-1.0372241735458374,21.204679489135742,-26.810916900634766,16.462989807128906,-8.486945152282715,13.452558517456055,-12.734254837036133,12.185227394104004,4.9667744636535645,21.015005111694336,4.907844543457031,18.522113800048828,-5.293181896209717,13.512343406677246,-9.170607566833496,18.291961669921875,0.20236158166904422,0.08060873146829677,0.07037673145532608,0.11966154724359512,1169.5859798132997,325.57201558983104,860.6836293572736,206.28302763370172,2189.728958630528,633.4496296922033,0.0846705287694931,0.1802453249692917,0.026975100859999657,8.689676284790039,-0.0008592428639531136,3.2749717235565186,-0.008642079308629036,3.1250998973846436,-0.004743097350001335,2.6155054569244385,-0.008528106845915318,2.4051380157470703,0.0022866104263812304,2.614217519760132,-0.0076170414686203,2.0201210975646973,-0.0035331565886735916,1.7149786949157715,-0.0004362726758699864,1.674773097038269,0.01601698249578476,1.9770711660385132,0.013736825436353683,1.91440749168396,-0.006792520172894001,1.6896331310272217,-0.009201637469232082,1.8365627527236938,0.3180069327354431,0.28971925377845764,0.18239429593086243,0.22796416282653809,0.20614713430404663,0.25212228298187256,0.26444098353385925,0.31127455830574036,0.2659340798854828,0.30344560742378235,0.2472764104604721,0.29768791794776917,0.2784958779811859,0.33017203211784363,0.2925873100757599,0.35008537769317627,0.2419726848602295,0.3031309247016907,0.2716588079929352,0.30172497034072876,0.4045388698577881,0.34454312920570374,0.5157416462898254,0.3928346633911133
DB95BF4A-E3E5-4429-A660-DBBCF486E6DF-1430664633-1.0-f-72-hu.wav,..\dataset\hungry\DB95BF4A-E3E5-4429-A660-DBBCF486E6DF-1430664633-1.0-f-72-hu.wav,hungry,hlad,dívka,7 měsíců–2 roky,False,0,-557.34814453125,79.13101959228516,46.826019287109375,23.260717391967773,-33.02418518066406,24.13410186767578,-8.342674255371094,20.675941467285156,-18.63160514831543,16.346769332885742,-30.664480209350586,14.83566951751709,-14.725005149841309,12.304693222045898,-8.442347526550293,15.296873092651367,-15.833187103271484,18.241168975830078,-0.881114661693573,19.19696617126465,-7.794149875640869,17.60749626159668,-10.618831634521484,15.489805221557617,-3.920790910720825,15.006135940551758,0.23246924037089872,0.09993204013467205,0.010003991425037384,0.014897423796355724,1220.9180241418908,274.3006807277753,865.4384093436823,177.2378503674197,2093.7277104136947,582.0084172588304,0.08831164240837097,0.12534771859645844,0.04758318513631821,8.503454208374023,0.06388868391513824,3.1354711055755615,0.021804260089993477,2.726663112640381,-0.026258153840899467,2.2495555877685547,0.002312367781996727,2.152921676635742,0.0024275241885334253,1.9180541038513184,-0.015087177976965904,1.9584019184112549,-0.021856194362044334,2.2561967372894287,0.01674366369843483,2.170475721359253,-0.0003448138013482094,2.082547664642334,0.017838146537542343,2.049018144607544,-0.004726434592157602,2.0380852222442627,-0.0033143488690257072,2.1250171661376953,0.26235923171043396,0.3008161783218384,0.30114322900772095,0.33188167214393616,0.3480145335197449,0.3359437584877014,0.34405583143234253,0.3394887447357178,0.343293160200119,0.3265615403652191,0.3702012896537781,0.32765549421310425,0.4512265622615814,0.38097792863845825,0.4073726534843445,0.3532564640045166,0.3110675513744354,0.3294987082481384,0.27741989493370056,0.31005802750587463,0.2526436150074005,0.28131940960884094,0.250869482755661,0.2930985987186432
37105492-58b1-432e-a1ce-ea154425abab-1430744728397-1.7-f-26-hu.wav,..\dataset\hungry\37105492-58b1-432e-a1ce-ea154425abab-1430744728397-1.7-f-26-hu.wav,hungry,hlad,dívka,2–6 měsíců,False,0,-691.28564453125,126.44689178466797,30.374698638916016,24.45109748840332,-33.19215393066406,45.209407806396484,-6.039752006530762,16.221179962158203,3.147346019744873,17.10896110534668,3.1888341903686523,11.400956153869629,-12.51184368133545,15.012829780578613,-6.7101850509643555,8.846637725830078,-1.1536000967025757,11.367440223693848,1.8177248239517212,13.34225845336914,-4.124281883239746,8.839686393737793,-5.077513694763184,10.091389656066895,-4.217194557189941,12.062301635742188,0.2149551979315264,0.0813044719275061,0.006995980627834797,0.018369661644101143,1193.6725667925296,361.9994648051447,808.5672482333117,291.84782736328515,2042.7514265335235,779.6757000293293,0.18711790442466736,0.23894385993480682,-3.4827479566956754e-07,10.07299518585205,0.0,2.6688294410705566,0.0,3.8260061740875244,-6.802241880876636e-09,1.9044935703277588,-2.7208968411684964e-09,2.0988333225250244,6.802241880876636e-09,1.5121135711669922,0.0,1.534349799156189,0.0,1.3778761625289917,-2.7208968411684964e-09,1.5558267831802368,-2.7208968411684964e-09,1.420204997062683,4.08134503970814e-09,1.1408510208129883,3.401120940438318e-09,1.495063304901123,-1.4964932404382125e-08,1.3902162313461304,0.45469170808792114,0.29603317379951477,0.5974590182304382,0.3412353992462158,0.5464392304420471,0.3307792544364929,0.44182679057121277,0.34592053294181824,0.3505356013774872,0.3095349967479706,0.32572224736213684,0.3033994436264038,0.3326089382171631,0.3099462687969208,0.3314802646636963,0.31591781973838806,0.34551966190338135,0.32576730847358704,0.3496694266796112,0.3248522877693176,0.3517715632915497,0.3104656934738159,0.39239513874053955,0.3111328184604645
376C006E-3664-4056-80D0-7661F631A062-1436930593-1.1-m-26-hu.wav,..\dataset\hungry\376C006E-3664-4056-80D0-7661F631A062-1436930593-1.1-m-26-hu.wav,hungry,hlad,chlapec,2–6 měsíců,False,0,-380.9599609375,108.91608428955078,26.34006118774414,32.785953521728516,-14.7557954788208,18.06133270263672,-6.947359085083008,17.871505737304688,-10.598910331726074,13.532480239868164,0.05108041688799858,15.364373207092285,-12.951631546020508,11.03785514831543,-5.2827582359313965,15.374687194824219,-15.59955883026123,12.731032371520996,-6.018377780914307,15.800932884216309,-9.744418144226074,18.19312286376953,-4.528790473937988,17.343278884887695,-13.386941909790039,13.257790565490723,0.24478980920114124,0.08849219780826711,0.059963423758745193,0.09595708549022675,1453.0598112286843,320.1931237347928,986.329530115229,115.00067208067004,2654.9572039942936,429.6258754689901,0.14186397194862366,0.10378029197454453,0.26783517003059387,8.312919616699219,-0.044001366943120956,3.0375850200653076,-0.03285779803991318,2.4302914142608643,-0.04062270745635033,1.9521563053131104,0.032026033848524094,1.6516931056976318,0.053231462836265564,1.712315320968628,0.011201789602637291,1.5376615524291992,0.026117822155356407,1.7608243227005005,-0.011379006318747997,1.669942021369934,0.002652466995641589,1.795802354812622,-0.024937495589256287,1.7676985263824463,-0.011445936746895313,1.825696587562561,-0.0074865855276584625,2.1095943450927734,0.39854708313941956,0.3043729364871979,0.3272222578525543,0.251779705286026,0.3445616364479065,0.27523157000541687,0.3951067626476288,0.3008136749267578,0.47335267066955566,0.3062138855457306,0.5184905529022217,0.31855863332748413,0.4715602397918701,0.30462050437927246,0.49920183420181274,0.3330346345901489,0.48304319381713867,0.3371221721172333,0.4348742663860321,0.3255092203617096,0.41770485043525696,0.3185317814350128,0.43220099806785583,0.330426424741745
b9d0daab-43c8-41f1-86af-3bcdea9af63c-1429979961789-1.7-f-22-hu.wav,..\dataset\hungry\b9d0daab-43c8-41f1-86af-3bcdea9af63c-1429979961789-1.7-f-22-hu.wav,hungry,hlad,dívka,více než 2 roky,False,0,-481.68731689453125,102.32573699951172,59.48134231567383,43.82733154296875,-22.114713668823242,44.52106475830078,-17.363449096679688,49.02666091918945,-27.725061416625977,34.88556671142578,-10.762079238891602,19.640304565429688,10.026162147521973,21.368507385253906,9.375311851501465,23.153684616088867,2.660916805267334,21.912250518798828,-4.1530961990356445,20.196779251098633,-26.57942008972168,16.8090763092041,-8.735339164733887,9.657974243164062,-9.511282920837402,11.87865161895752,0.17154622860199714,0.10130907208242651,0.10079320520162582,0.12380518019199371,885.4031296305532,416.988559591131,571.8840377712646,242.31985687503865,1205.7328815977176,757.8617244201309,0.05549647659063339,0.1818705052137375,0.011742976494133472,7.913870811462402,-0.007439269218593836,4.165449142456055,-0.007748847361654043,4.6378865242004395,0.010945215821266174,3.6680829524993896,-0.0032149245962500572,2.6435811519622803,-0.003181389532983303,2.0232203006744385,0.004863714333623648,2.5432209968566895,-0.004765043966472149,2.649364948272705,0.0008398646605201066,2.249191999435425,0.0072090160101652145,2.259843587875366,-0.009572729468345642,1.7945219278335571,2.726882667047903e-05,1.3945831060409546,0.010286853648722172,1.6039401292800903,0.17404906451702118,0.2728841304779053,0.18920280039310455,0.2846432626247406,0.24695822596549988,0.28047317266464233,0.43459853529930115,0.39799174666404724,0.4516884684562683,0.36894461512565613,0.3625258803367615,0.35946083068847656,0.3310765027999878,0.36743801832199097,0.29295095801353455,0.3556826412677765,0.25067585706710815,0.3434968888759613,0.2112211287021637,0.31585586071014404,0.20100492238998413,0.3072456121444702,0.18681685626506805,0.2912934422492981
cde108d0-62c3-47f8-82c4-233c9fba5cdd-1436884406827-1.7-m-48-hu.wav,..\dataset\hungry\cde108d0-62c3-47f8-82c4-233c9fba5cdd-1436884406827-1.7-m-48-hu.wav,hungry,hlad,chlapec,4–8 týdnů,False,0,-327.42657470703125,76.9995346069336,19.329818725585938,24.999778747558594,0.43504762649536133,33.895843505859375,22.848888397216797,17.720735549926758,-31.294679641723633,13.43791675567627,4.684741020202637,13.177274703979492,-30.944276809692383,13.48690128326416,-9.09792423248291,11.559083938598633,-17.482139587402344,11.151189804077148,-7.777464389801025,10.247886657714844,-12.514162063598633,11.85677719116211,-1.511837124824524,10.900764465332031,-5.642272472381592,13.69448184967041,0.3345165388730385,0.12375641453269065,0.05959689989686012,0.0891229510307312,1560.9937302327587,324.69540152983143,979.0176942757448,148.54065328599322,2658.3675106990013,378.8870910577845,0.12671129405498505,0.11499883979558945,-0.08382751792669296,9.388649940490723,-0.03625926747918129,3.3941750526428223,-0.022695478051900864,4.435758590698242,-0.0013371820095926523,2.776209592819214,-0.006811531260609627,2.1590492725372314,0.003374563530087471,2.016195774078369,0.004645506851375103,2.209557056427002,0.009316576644778252,1.805523157119751,0.006046039517968893,1.714573860168457,-0.0027786805294454098,1.710922360420227,0.004401955287903547,1.8842893838882446,-0.008718160912394524,1.6869388818740845,0.0007411341648548841,2.1886096000671387,0.4387578070163727,0.31802526116371155,0.538684070110321,0.3391282856464386,0.5686336159706116,0.34355950355529785,0.4382237195968628,0.2922326922416687,0.38268208503723145,0.2824670672416687,0.37124890089035034,0.28114593029022217,0.38656964898109436,0.29676932096481323,0.3659510016441345,0.2799501419067383,0.30971214175224304,0.27007538080215454,0.3073759377002716,0.27923583984375,0.30825087428092957,0.2978096604347229,0.3470480442047119,0.30636951327323914
1abb2260-a652-4ba7-bd98-7d463312730f-1430041727150-1.7-m-04-hu.wav,..\dataset\hungry\1abb2260-a652-4ba7-bd98-7d463312730f-1430041727150-1.7-m-04-hu.wav,hungry,hlad,chlapec,0–4 týdny,False,0,-371.6940002441406,129.71563720703125,49.53466033935547,34.9082145690918,-8.942926406860352,25.191905975341797,-5.620546817779541,20.26573371887207,-56.271915435791016,26.912351608276367,6.055563926696777,11.94831657409668,-45.16719055175781,18.636241912841797,-9.452914237976074,9.712140083312988,-25.278799057006836,14.316296577453613,-8.137472152709961,8.564970016479492,-19.96883773803711,13.074699401855469,-4.199094295501709,17.994991302490234,15.261398315429688,25.541961669921875,0.1874944276034237,0.13785825304058363,0.17050640285015106,0.08753946423530579,1083.61647824022,371.17541828675525,831.8314521031406,230.66783469233417,2118.1793865905847,752.9250111420062,0.0647936537861824,0.2258787453174591,-4.353434803761047e-07,9.250310897827148,-5.441793682336993e-09,3.1106526851654053,2.7208968411684964e-09,1.7155128717422485,-1.3604484205842482e-09,1.6302927732467651,-1.0883587364673986e-08,2.1482272148132324,0.0,1.5668421983718872,0.0,1.4456720352172852,0.0,1.190151572227478,0.0,1.206165075302124,1.3604484205842482e-09,0.978221595287323,5.441793682336993e-09,1.3431559801101685,-1.0883587364673986e-08,1.4671941995620728,5.441793682336993e-09,1.8649040460586548,0.23908886313438416,0.34008005261421204,0.23724761605262756,0.30441033840179443,0.18549279868602753,0.2780480682849884,0.21588483452796936,0.23825713992118835,0.3285547196865082,0.3027641177177429,0.49122294783592224,0.3485202193260193,0.5990460515022278,0.35766127705574036,0.4718802869319916,0.351919949054718,0.23725762963294983,0.28081756830215454,0.13191217184066772,0.22007092833518982,0.13310804963111877,0.22655656933784485,0.17684033513069153,0.29179397225379944
cecd525b-18fd-49e3-b2b9-dfb08b93ad95-1430109958636-1.7-m-26-hu.wav,..\dataset\hungry\cecd525b-18fd-49e3-b2b9-dfb08b93ad95-1430109958636-1.7-m-26-hu.wav,hungry,hlad,chlapec,2–6 měsíců,False,0,-440.38128662109375,95.29711151123047,65.9534683227539,24.72903823852539,12.201528549194336,18.363794326782227,11.298513412475586,19.073368072509766,-11.3311185836792,15.975208282470703,20.427751541137695,11.532608985900879,-10.347330093383789,10.895716667175293,10.47774887084961,12.570292472839355,-4.216635227203369,9.054414749145508,0.37249669432640076,8.765595436096191,-7.083470821380615,8.976794242858887,-12.781521797180176,9.886954307556152,-10.444741249084473,9.437662124633789,0.17730251426533525,0.07919821128150373,0.018347766250371933,0.025561543181538582,1062.5435165253768,308.5843008982397,966.5864403257705,229.6641836466617,2344.062054208274,572.668032616144,0.12114962935447693,0.20345734059810638,-0.18375112116336823,8.159650802612305,-0.04024507850408554,3.1600089073181152,-0.012361273169517517,2.7632322311401367,-0.011697997339069843,2.3742990493774414,0.01301238127052784,2.3217084407806396,-0.005317217204719782,1.6876487731933594,0.005840991158038378,1.5854651927947998,-0.015741873532533646,1.9149103164672852,0.002728535793721676,1.3604137897491455,-0.003860356518998742,1.4939345121383667,0.01034899614751339,1.5565813779830933,0.014583987183868885,1.47607421875,0.006277578417211771,1.6423689126968384,0.4218660295009613,0.25375688076019287,0.5383197665214539,0.2825509309768677,0.681921660900116,0.3380582928657532,0.6926963925361633,0.35212504863739014,0.49910712242126465,0.26710474491119385,0.4937402009963989,0.2724127471446991,0.5143588185310364,0.2970920205116272,0.46746861934661865,0.2894386351108551,0.40772545337677,0.26064199209213257,0.38936349749565125,0.26295018196105957,0.3720380961894989,0.24946708977222443,0.37465599179267883,0.24695459008216858
665BDF6D-2897-49F9-8AD0-978B3B2A0468-1430530218-1.0-m-26-dc.wav,..\dataset\discomfort\665BDF6D-2897-49F9-8AD0-978B3B2A0468-1430530218-1.0-m-26-dc.wav,discomfort,nepohodlí,chlapec,2–6 měsíců,False,0,-550.4525146484375,107.42918395996094,43.691131591796875,25.344175338745117,-19.249284744262695,26.84520721435547,-6.06803560256958,15.885112762451172,-24.397214889526367,15.577570915222168,-1.4453755617141724,12.535496711730957,-10.609745025634766,13.119646072387695,-10.339399337768555,10.884173393249512,-13.904767990112305,11.57342529296875,-11.875767707824707,9.63372802734375,-12.952857971191406,10.10886287689209,-11.675602912902832,8.041420936584473,-14.05189323425293,8.943012237548828,0.2377964514978602,0.08691598965977815,0.005732722580432892,0.006772243417799473,1281.0127741421857,309.8032253382826,942.8673997712126,185.844414749083,2394.9268901569185,521.5493313000096,0.17889778316020966,0.1621936559677124,0.7751398086547852,12.146507263183594,0.09090341627597809,3.3485398292541504,-0.13479746878147125,3.312944173812866,-0.062159761786460876,2.345160722732544,-0.02608085423707962,1.982255458831787,-0.017508497461676598,1.7697982788085938,-0.05072924867272377,1.82988703250885,-0.018398087471723557,1.6159324645996094,0.014479298144578934,1.5711090564727783,0.03076854906976223,1.471272349357605,0.03187277540564537,1.5449936389923096,-0.0013853731798008084,1.2606480121612549,-0.012837658636271954,1.2420578002929688,0.4482298791408539,0.2822202146053314,0.4505252540111542,0.2907160818576813,0.45533284544944763,0.2984951138496399,0.4637332856655121,0.28556928038597107,0.484891414642334,0.2949729859828949,0.5466853380203247,0.3117780089378357,0.5783878564834595,0.31167060136795044,0.5486429333686829,0.2838689982891083,0.5705350637435913,0.2984582185745239,0.515490710735321,0.2823224365711212,0.47740045189857483,0.28987830877304077,0.4836650490760803,0.29804301261901855
24f94b49-c8bc-4ed2-b43a-80b099f12936-1430534429690-1.7-m-04-hu.wav,..\dataset\hungry\24f94b49-c8bc-4ed2-b43a-80b099f12936-1430534429690-1.7-m-04-hu.wav,hungry,hlad,chlapec,0–4 týdny,False,0,-317.4902038574219,120.8724365234375,63.55514907836914,38.13429641723633,-26.989635467529297,23.430240631103516,17.504793167114258,14.48646354675293,-14.177371978759766,15.259963035583496,11.994848251342773,12.103081703186035,-16.01565933227539,10.92663860321045,-5.5629658699035645,10.394978523254395,-17.086454391479492,10.170940399169922,-1.3355071544647217,11.181938171386719,-8.153862953186035,13.386507987976074,1.8062032461166382,12.93521499633789,-15.469596862792969,13.112919807434082,0.18528218616262482,0.10616086484384585,0.06934063881635666,0.0627860426902771,1045.5273087575977,371.2891471970202,793.1823779336139,227.52729906909397,1936.9650499286734,597.4727671229873,0.12743167579174042,0.23252853751182556,-3.918091238119814e-07,7.975990295410156,1.0883587364673986e-08,2.9025533199310303,0.0,2.3887717723846436,-5.441793682336993e-09,1.8651139736175537,0.0,1.6277744770050049,1.3604484205842482e-09,1.7040307521820068,2.7208968411684964e-09,1.3931163549423218,0.0,1.491854190826416,-2.7208968411684964e-09,1.3496742248535156,1.700560470219159e-09,1.4545167684555054,5.441793682336993e-09,1.4487552642822266,-3.4011210514606205e-10,1.7873684167861938,-5.441793682336993e-09,1.8863275051116943,0.5417008399963379,0.32973822951316833,0.5150097608566284,0.32976651191711426,0.49191567301750183,0.3102630376815796,0.49786752462387085,0.3213236927986145,0.5094985961914062,0.3190656304359436,0.5166155099868774,0.3292026221752167,0.4750581681728363,0.3100699484348297,0.45434805750846863,0.30071452260017395,0.46312370896339417,0.3077603578567505,0.4558410346508026,0.2932344079017639,0.4732777774333954,0.30111733078956604,0.5313563942909241,0.3174299895763397
1309B82C-F146-46F0-A723-45345AFA6EA8-1430704008-1.0-f-48-dc.wav,..\dataset\discomfort\1309B82C-F146-46F0-A723-45345AFA6EA8-1430704008-1.0-f-48-dc.wav,discomfort,nepohodlí,dívka,4–8 týdnů,False,0,-463.66729736328125,135.18626403808594,25.031299591064453,41.808197021484375,-10.65918254852295,16.494722366333008,-9.946208000183105,14.554689407348633,-23.498567581176758,14.137076377868652,-4.3747076988220215,17.184104919433594,-14.425115585327148,12.76734447479248,-11.605937957763672,10.060401916503906,-13.777972221374512,10.978004455566406,-7.436237812042236,10.015460014343262,-13.388290405273438,10.352685928344727,-0.2758217751979828,18.037443161010742,-1.1418161392211914,20.280189514160156,0.276123395149786,0.12882834647855357,0.032449569553136826,0.04892435669898987,1480.4840575303515,471.10539027144614,966.2923477327473,147.56907743708175,2599.74589871612,620.4507936029844,0.14521420001983643,0.1482948511838913,0.3574623167514801,12.438349723815918,-0.18173275887966156,4.037220001220703,-0.04088897258043289,2.336667776107788,0.02306433394551277,2.087229013442993,0.0368773490190506,1.9081649780273438,0.028409752994775772,1.7511601448059082,-0.018657434731721878,1.6350785493850708,0.00805194303393364,1.5313136577606201,-0.010898010805249214,1.5684928894042969,0.02405392751097679,1.2642158269882202,0.008798562921583652,1.576371431350708,0.009304455481469631,1.731555700302124,0.023228339850902557,1.7721376419067383,0.4214203357696533,0.295936644077301,0.3753657341003418,0.30564865469932556,0.3904366195201874,0.28232190012931824,0.3727858364582062,0.27176669239997864,0.33758991956710815,0.2731839716434479,0.3603959381580353,0.2880576252937317,0.44610416889190674,0.3209119737148285,0.5166594386100769,0.30597206950187683,0.47384509444236755,0.29517409205436707,0.4638747572898865,0.3273594081401825,0.4039789140224457,0.29434430599212646,0.4623866677284241,0.3318117558956146
39180491-e076-4300-b5de-24e812dca6fe-1435708371348-1.7-f-04-hu.wav,..\dataset\hungry\39180491-e076-4300-b5de-24e812dca6fe-1435708371348-1.7-f-04-hu.wav,hungry,hlad,dívka,0–4 týdny,False,0,-476.7474670410156,148.5458526611328,22.688980102539062,39.38285827636719,-14.653925895690918,19.326345443725586,-14.028247833251953,18.89286231994629,-25.353038787841797,25.572723388671875,-2.756974697113037,15.390604972839355,-20.33078956604004,18.983842849731445,-4.643310070037842,11.242246627807617,-13.189035415649414,12.968672752380371,-7.6145405769348145,11.754364013671875,-6.863467693328857,17.289836883544922,5.972160339355469,18.99399757385254,3.2504589557647705,21.340572357177734,0.2696984218972896,0.19004319413915835,0.035521142184734344,0.044511936604976654,1354.7345349567051,637.8334039680753,877.3933930374644,301.55627153831597,2441.7573109843083,953.7788396431364,0.20907752215862274,0.2886795699596405,-3.7004195974077447e-07,8.536335945129395,0.0,4.066917896270752,1.0883587364673986e-08,2.639126777648926,0.0,2.3335328102111816,-2.7208968411684964e-09,2.52254581451416,-5.441793682336993e-09,1.9922327995300293,-1.0883587364673986e-08,2.0603530406951904,-1.3604483761753272e-08,1.6480510234832764,0.0,1.5943893194198608,6.802241880876636e-09,1.503427267074585,0.0,1.8559626340866089,-5.441793682336993e-09,2.4604382514953613,5.441793682336993e-09,2.5929253101348877,0.2010207623243332,0.263244092464447,0.23072753846645355,0.2718906104564667,0.28485360741615295,0.32081809639930725,0.30714792013168335,0.3112754225730896,0.3619234561920166,0.3232475817203522,0.4089386761188507,0.33777332305908203,0.3999972343444824,0.34973782300949097,0.3561456501483917,0.3217795789241791,0.34669461846351624,0.3358987271785736,0.35069701075553894,0.35458657145500183,0.309104859828949,0.33073610067367554,0.23254263401031494,0.27797016501426697
e1e640e2-78cb-4cb7-9ccc-93813bfc251c-1430738640598-1.7-m-72-hu.wav,..\dataset\hungry\e1e640e2-78cb-4cb7-9ccc-93813bfc251c-1430738640598-1.7-m-72-hu.wav,hungry,hlad,chlapec,7 měsíců–2 roky,False,0,-418.95233154296875,108.02450561523438,18.853302001953125,30.235532760620117,-17.765296936035156,18.72617530822754,-9.595846176147461,19.758621215820312,-40.61360549926758,23.165998458862305,-12.942622184753418,13.095789909362793,-15.081323623657227,12.205772399902344,-7.0768656730651855,13.991777420043945,-4.264338970184326,11.794005393981934,-2.284579277038574,12.36283016204834,5.277945518493652,17.55198097229004,-6.313451290130615,15.86755084991455,-2.7866814136505127,11.94114875793457,0.2962174572039943,0.13030285546721562,0.04194752499461174,0.06124754250049591,1498.0884835517288,341.64130184514164,965.2670947015068,153.5411277970542,2596.714514978602,477.77064128581384,0.1619681566953659,0.14937441051006317,-0.009472639299929142,11.346978187561035,-0.02831990458071232,3.4622631072998047,-0.005190864205360413,3.023331880569458,0.0041231801733374596,2.2477684020996094,-0.004492124542593956,3.1803743839263916,0.0037716643419116735,1.8440970182418823,0.004403417930006981,1.6750715970993042,0.0030595893040299416,1.9954934120178223,0.0044837575405836105,1.712314248085022,-0.010144684463739395,1.7648587226867676,-0.0013840950559824705,2.2919020652770996,-0.0017611983930692077,2.3134775161743164,0.0063956486992537975,2.208357572555542,0.43214431405067444,0.3189261257648468,0.4249197840690613,0.31910452246665955,0.42454400658607483,0.3074771761894226,0.43226152658462524,0.31218963861465454,0.4465673863887787,0.3479192852973938,0.3663857579231262,0.3019624650478363,0.30258968472480774,0.26816990971565247,0.3111569583415985,0.2880214750766754,0.3601987063884735,0.30692312121391296,0.4272266626358032,0.2969253659248352,0.49028322100639343,0.3382752239704132,0.4694194793701172,0.32594290375709534
40a4c760-facf-4911-b0a6-22eccc3ab18d-1430477691332-1.7-f-26-hu.wav,..\dataset\hungry\40a4c760-facf-4911-b0a6-22eccc3ab18d-1430477691332-1.7-f-26-hu.wav,hungry,hlad,dívka,2–6 měsíců,False,0,-260.80377197265625,117.02511596679688,40.11732864379883,62.19858169555664,4.087041854858398,29.709171295166016,-14.62932300567627,25.45343589782715,-1.022344946861267,17.73068618774414,-3.9708821773529053,20.17824363708496,-16.422426223754883,15.826371192932129,-10.93454647064209,13.054555892944336,-13.23169994354248,14.121833801269531,-6.994877338409424,11.88651180267334,-8.205102920532227,10.240693092346191,-5.948424816131592,11.964943885803223,-10.247239112854004,10.38007640838623,0.30689416904422256,0.2358044324266522,0.15004298090934753,0.12930503487586975,1418.41800531535,755.3447046878626,915.8937854794699,245.8378234562133,2334.0317403708987,1031.9469593870942,0.12442591041326523,0.20115801692008972,0.5211989879608154,9.674317359924316,0.1298709213733673,6.079554557800293,0.011774877086281776,4.905770301818848,-0.012080438435077667,3.3939003944396973,-0.02829406037926674,2.7121849060058594,-0.008421147242188454,2.7273929119110107,-0.04434444010257721,2.2080116271972656,-0.02315622754395008,1.9047273397445679,0.016671016812324524,2.127293586730957,0.0013267799513414502,1.810795783996582,0.016167202964425087,1.7400563955307007,-0.006740640848875046,1.932725429534912,-0.03232629969716072,1.7277723550796509,0.3480309844017029,0.3146229386329651,0.35892558097839355,0.33339548110961914,0.30964717268943787,0.280774861574173,0.314545601606369,0.3018219769001007,0.3224054276943207,0.30141234397888184,0.33095791935920715,0.29426735639572144,0.3817586302757263,0.3267824351787567,0.4202202260494232,0.3358498513698578,0.44613006711006165,0.3328123092651367,0.42198941111564636,0.3204623758792877,0.3980393409729004,0.3305263817310333,0.35444965958595276,0.2957350015640259
F3BAEDDA-CDC0-4A65-90EE-5C372CEE4F3B-1437012059-1.1-m-26-hu.wav,..\dataset\hungry\F3BAEDDA-CDC0-4A65-90EE-5C372CEE4F3B-1437012059-1.1-m-26-hu.wav,hungry,hlad,chlapec,2–6 měsíců,False,0,-346.93646240234375,100.19064331054688,21.575071334838867,41.613243103027344,-7.461681365966797,13.281880378723145,9.26852035522461,13.196229934692383,-18.231613159179688,11.87542724609375,-2.693356990814209,8.511275291442871,-7.73331880569458,12.405600547790527,-10.605859756469727,12.219626426696777,-12.873564720153809,11.473140716552734,3.9284169673919678,17.85572624206543,1.2135932445526123,17.424392700195312,4.337308406829834,17.95294952392578,-13.633118629455566,17.512359619140625,0.29813436162624823,0.15640797687489602,0.07997975498437881,0.07077432423830032,1498.9283039109316,473.1983112696315,904.2191291346395,133.60719707420597,2562.343972895863,531.9310119138368,0.06812800467014313,0.10311943292617798,0.11540156602859497,9.050891876220703,-0.014602084644138813,2.2385475635528564,0.01048072800040245,1.7900261878967285,-0.015891456976532936,1.6050965785980225,-0.03886716812849045,1.3985856771469116,0.04413662850856781,1.1294870376586914,-0.04592861607670784,1.2248417139053345,-0.002820325782522559,1.2983680963516235,-0.004771477542817593,1.4605281352996826,-0.029892222955822945,1.548021912574768,0.013333798386156559,1.6348979473114014,0.019033879041671753,1.8276599645614624,0.022116435691714287,2.0424907207489014,0.3352300524711609,0.32927215099334717,0.3036457300186157,0.3374127149581909,0.32059866189956665,0.3590830862522125,0.3254644572734833,0.38886281847953796,0.3056497871875763,0.363400936126709,0.3286403715610504,0.3319893479347229,0.3319692015647888,0.3198634386062622,0.3298865854740143,0.3068329989910126,0.3659464716911316,0.32912030816078186,0.4503362774848938,0.34954965114593506,0.4880200922489166,0.3574269711971283,0.41714996099472046,0.34527361392974854
743E7CCA-D32B-40B6-9541-9808122D3F6B-1436860011-1.1-f-26-hu.wav,..\dataset\hungry\743E7CCA-D32B-40B6-9541-9808122D3F6B-1436860011-1.1-f-26-hu.wav,hungry,hlad,dívka,2–6 měsíců,False,0,-275.03265380859375,99.23149871826172,-11.465950965881348,24.04945945739746,-12.429524421691895,14.614289283752441,4.311185836791992,16.062646865844727,-8.792590141296387,15.017902374267578,-8.944847106933594,11.279172897338867,-16.717239379882812,16.155738830566406,-9.57172966003418,11.876703262329102,-8.734148979187012,11.857478141784668,1.3909293413162231,9.974919319152832,0.7589424848556519,14.027594566345215,15.86937141418457,23.1302547454834,15.886237144470215,17.803579330444336,0.3721023537803138,0.1229439651124102,0.18152379989624023,0.1396433711051941,1826.2570127842612,315.5664870909632,969.7535454514928,85.74960560287569,3033.501248216833,366.2839911503286,0.06814329326152802,0.07541906833648682,-0.10260971635580063,6.027482509613037,0.013257773593068123,2.5780792236328125,-0.09847084432840347,1.6866838932037354,-0.0050492496229708195,1.333570122718811,0.03846726939082146,1.6319552659988403,-0.012002983130514622,1.0964678525924683,-0.06872911006212234,1.2564257383346558,0.045328669250011444,1.3376680612564087,-0.01988685317337513,1.3997246026992798,0.008188731037080288,1.360237717628479,0.028184400871396065,1.5700552463531494,-0.018148889765143394,1.9276080131530762,-0.025071751326322556,2.1206235885620117,0.20453494787216187,0.2866567373275757,0.24179761111736298,0.3024659752845764,0.18557791411876678,0.26983878016471863,0.22768276929855347,0.28398340940475464,0.3191191256046295,0.3194572627544403,0.2722235918045044,0.3285292088985443,0.24032671749591827,0.32110917568206787,0.23633727431297302,0.25737228989601135,0.30753442645072937,0.29309266805648804,0.4434049427509308,0.37231284379959106,0.2764619290828705,0.29707223176956177,0.1688719093799591,0.23941130936145782
69BDA5D6-0276-4462-9BF7-951799563728-1436936185-1.1-m-26-bp.wav,..\dataset\belly_pain\69BDA5D6-0276-4462-9BF7-951799563728-1436936185-1.1-m-26-bp.wav,belly_pain,bolest břicha,chlapec,2–6 měsíců,False,0,-322.866943359375,123.86266326904297,35.20655822753906,37.58501434326172,-27.238933563232422,22.603605270385742,-32.79220962524414,17.984243392944336,-22.22713851928711,16.006650924682617,-12.339941024780273,14.856377601623535,-4.014203071594238,12.176751136779785,-6.218377113342285,10.998064041137695,-12.368535041809082,10.869918823242188,-11.67103385925293,12.892369270324707,-15.27143669128418,14.804603576660156,-2.223294973373413,17.40589141845703,8.933486938476562,27.195310592651367,0.21687210235378032,0.0764260295066664,0.1721208095550537,0.14607968926429749,1263.1728651358892,345.7519712213757,889.5436174742952,193.03992001988055,2264.1538873038517,791.8379766990029,0.06137993186712265,0.09043648838996887,0.2170017510652542,13.043405532836914,0.1362309753894806,3.323364019393921,0.041966188699007034,2.9506266117095947,-0.028596118092536926,1.987165093421936,-0.015738366171717644,2.0399932861328125,-0.026211310178041458,1.5332772731781006,-0.04820553958415985,1.547385811805725,-0.012610712088644505,1.5379003286361694,-0.006736073177307844,1.5397589206695557,-0.006851147394627333,1.8608695268630981,0.005002806894481182,1.9877824783325195,-0.0025333643425256014,2.2026383876800537,-0.009684542194008827,2.5304296016693115,0.2136068493127823,0.2795906066894531,0.25672945380210876,0.3024967908859253,0.24124453961849213,0.2913903594017029,0.22022376954555511,0.28379109501838684,0.2574051022529602,0.31343692541122437,0.3723640739917755,0.32740166783332825,0.5054363012313843,0.3696281909942627,0.4026540219783783,0.33805909752845764,0.26266583800315857,0.30040422081947327,0.22322876751422882,0.2906641662120819,0.2620669901371002,0.3124750256538391,0.24902229011058807,0.3197120428085327
d6cda191-4962-4308-9a36-46d5648a95ed-1431616581736-1.7-m-04-ti.wav,..\dataset\tired\d6cda191-4962-4308-9a36-46d5648a95ed-1431616581736-1.7-m-04-ti.wav,tired,únava,chlapec,0–4 týdny,False,0,-398.24072265625,162.00521850585938,-20.55561637878418,35.804359436035156,-30.282001495361328,23.105131149291992,-21.167152404785156,21.695898056030273,-28.369722366333008,20.21012306213379,13.187639236450195,15.397421836853027,-26.979164123535156,14.213833808898926,5.161377906799316,13.243139266967773,-7.923972129821777,12.206664085388184,-8.37073802947998,12.994958877563477,-7.642667293548584,12.368393898010254,3.47696852684021,16.19755744934082,0.5100838541984558,18.60128402709961,0.44589760164051356,0.14807244571552283,0.05958128347992897,0.04577093571424484,1838.4966151702843,427.7819042053309,892.949359211821,161.68384451773406,2835.636590584879,521.0673552245851,0.12212612479925156,0.16073255240917206,-0.3417377769947052,14.368826866149902,0.00266435113735497,3.6296706199645996,0.014987676404416561,3.2745230197906494,0.0007875091396272182,2.7339444160461426,0.01054447889328003,2.177269697189331,-0.0006093992269597948,1.9858832359313965,0.05352889373898506,1.9332270622253418,0.02496534399688244,1.4809856414794922,0.00823743361979723,1.7006962299346924,0.0425744391977787,1.6688041687011719,0.003822993952780962,1.5684555768966675,-0.0017325486987829208,2.241887331008911,0.01533846277743578,2.6273305416107178,0.25929614901542664,0.2744652330875397,0.33240827918052673,0.31780990958213806,0.3885688781738281,0.33964383602142334,0.3972684144973755,0.32291439175605774,0.4175017476081848,0.34011977910995483,0.4393312633037567,0.3317359387874603,0.36612164974212646,0.3069772720336914,0.27141836285591125,0.2630297541618347,0.2653089761734009,0.2785854935646057,0.21138647198677063,0.2735392451286316,0.19177500903606415,0.2641187906265259,0.19919101893901825,0.2650391757488251
0F4B1065-4012-47C8-88B7-ACE11B1A536E-1430038775-1.0-m-04-hu.wav,..\dataset\hungry\0F4B1065-4012-47C8-88B7-ACE11B1A536E-1430038775-1.0-m-04-hu.wav,hungry,hlad,chlapec,0–4 týdny,False,0,-284.90081787109375,115.06035614013672,20.612302780151367,36.14620590209961,-16.01043701171875,17.12024688720703,-16.48811912536621,15.327133178710938,-12.181453704833984,14.984736442565918,1.9468895196914673,13.953696250915527,-15.559301376342773,13.358592987060547,-7.895817279815674,12.544784545898438,-16.419593811035156,9.918314933776855,-0.2858738601207733,15.347652435302734,-6.2415771484375,18.13139533996582,-0.32558101415634155,18.896135330200195,-0.22645846009254456,26.229848861694336,0.23755683844507847,0.09338591374004417,0.148635596036911,0.12118121236562729,1419.9522663821683,406.3369151530651,936.430046469565,151.81626955101922,2536.220577746077,715.216180766408,0.06670041382312775,0.11587028950452805,0.6612134575843811,9.794973373413086,0.04277634620666504,2.074371337890625,-0.036475636065006256,1.8765126466751099,-0.027298491448163986,2.326634168624878,-0.013997639529407024,1.5046881437301636,0.02445182390511036,1.2440159320831299,0.0038953826297074556,1.4289283752441406,0.01655549183487892,1.497549057006836,-0.019361495971679688,1.223745346069336,-0.011549984104931355,1.7354297637939453,-0.015626395121216774,1.9650896787643433,0.045357730239629745,2.2340404987335205,0.08176205307245255,2.240633964538574,0.3624761402606964,0.3677082657814026,0.3038416802883148,0.35392510890960693,0.21665464341640472,0.24586212635040283,0.1721092015504837,0.18928132951259613,0.1548597812652588,0.16804270446300507,0.1980244219303131,0.23452474176883698,0.29913291335105896,0.34231603145599365,0.33905839920043945,0.3696589469909668,0.2949181795120239,0.34450387954711914,0.2661052942276001,0.3121642768383026,0.32637783885002136,0.3587130606174469,0.3656933903694153,0.3582057058811188
D54D9C2A-56ED-4338-9D1F-2ADB4E081DAD-1430036301-1.0-m-48-hu.wav,..\dataset\hungry\D54D9C2A-56ED-4338-9D1F-2ADB4E081DAD-1430036301-1.0-m-48-hu.wav,hungry,hlad,chlapec,4–8 týdnů,False,0,-449.2757568359375,148.08717346191406,10.404382705688477,31.695411682128906,-47.63552474975586,35.42607498168945,-0.373046875,17.947725296020508,-26.285785675048828,17.240821838378906,8.29324722290039,14.306246757507324,-0.9119674563407898,13.732396125793457,-5.073931694030762,11.911057472229004,-6.522919178009033,13.77425765991211,-7.43692684173584,15.947176933288574,-11.56165885925293,16.169727325439453,-0.9917080402374268,18.836620330810547,-4.050293445587158,21.71327781677246,0.2877084076319544,0.10815246615396724,0.054634179919958115,0.08560506999492645,1451.9904503617342,323.93369497740895,813.2352949169587,180.16122095600164,2346.9374108416546,481.50220745672596,0.13700829446315765,0.16010504961013794,0.4833493232727051,13.422471046447754,-0.021286211907863617,3.5014445781707764,-0.1867520809173584,4.319174289703369,-0.03522723540663719,2.4879891872406006,-0.005908207036554813,2.052056312561035,0.017096275463700294,1.9126253128051758,0.02360878884792328,1.7705951929092407,0.01850377395749092,1.6945866346359253,0.0036440331023186445,1.934180736541748,-0.03972326219081879,2.4768197536468506,0.014751823619008064,2.489694356918335,0.0008432712056674063,2.6973419189453125,-0.02503598853945732,3.0682077407836914,0.4244118332862854,0.32252073287963867,0.37680476903915405,0.31719857454299927,0.3539891541004181,0.30412253737449646,0.3314141631126404,0.28318527340888977,0.3295044004917145,0.2862328588962555,0.33796045184135437,0.29032865166664124,0.3400944769382477,0.29488566517829895,0.3837859332561493,0.3248128592967987,0.43571460247039795,0.35222697257995605,0.44515690207481384,0.33365434408187866,0.4616956114768982,0.3573373854160309,0.4384787380695343,0.3159337639808655
2a0e6a88-b049-4f46-a3d6-d73ffae470d5-1430770161530-1.7-m-04-hu.wav,..\dataset\hungry\2a0e6a88-b049-4f46-a3d6-d73ffae470d5-1430770161530-1.7-m-04-hu.wav,hungry,hlad,chlapec,0–4 týdny,False,0,-375.8231201171875,136.9109344482422,42.442108154296875,41.4743766784668,-28.517976760864258,27.103464126586914,-5.898200035095215,20.072948455810547,-23.102516174316406,24.545259475708008,-5.224754810333252,16.70326042175293,-4.110774517059326,15.067099571228027,-13.53635025024414,13.061301231384277,-16.801145553588867,12.609068870544434,-11.521746635437012,11.145305633544922,-8.061976432800293,15.389049530029297,2.897714376449585,22.768163681030273,4.582718372344971,23.189777374267578,0.22961060092724678,0.12306676758467221,0.08404677361249924,0.08892679214477539,1188.1152077749675,432.6269483705548,813.2353593512322,210.03055112260358,2030.2246790299573,644.6127488014307,0.0958605706691742,0.2110326588153839,-0.1398008018732071,8.962709426879883,-0.04867810383439064,3.8072242736816406,0.015587644651532173,3.136092185974121,-0.013513423502445221,2.534587860107422,-0.018457753583788872,2.175384521484375,0.00999096967279911,2.082063674926758,0.012467714957892895,2.228567361831665,0.008973714895546436,1.8204213380813599,-0.0006680209771730006,1.8080681562423706,0.004649749957025051,1.7469289302825928,0.00042922282591462135,2.117321729660034,0.0009666584082879126,2.20053768157959,0.010320339351892471,2.4017257690429688,0.36725053191185,0.3525438904762268,0.3177868723869324,0.32788413763046265,0.28087741136550903,0.3023567199707031,0.2500116229057312,0.27878332138061523,0.27245885133743286,0.29169175028800964,0.32400426268577576,0.32082733511924744,0.3603919744491577,0.3153678774833679,0.42003995180130005,0.3351690471172333,0.4372231364250183,0.3429608941078186,0.3724985122680664,0.331348717212677,0.31879884004592896,0.31686925888061523,0.3728676736354828,0.35397663712501526
b4c460d8-bd6b-4017-9bb8-2ae4ff0c5af1-1430418266487-1.7-f-26-ti.wav,..\dataset\tired\b4c460d8-bd6b-4017-9bb8-2ae4ff0c5af1-1430418266487-1.7-f-26-ti.wav,tired,únava,dívka,2–6 měsíců,False,0,-314.901123046875,85.5822982788086,90.84712982177734,51.14630889892578,-16.74785041809082,31.819032669067383,-32.00650405883789,26.421186447143555,-35.364994049072266,23.412166595458984,-25.849475860595703,16.528318405151367,-14.987873077392578,17.526395797729492,-15.981402397155762,16.284343719482422,-17.317115783691406,18.112367630004883,-4.561252593994141,15.726734161376953,-10.824671745300293,17.858787536621094,5.330477714538574,21.0396671295166,14.221406936645508,27.633193969726562,0.15407119293865906,0.09511858775496075,0.27449387311935425,0.17315511405467987,848.6416274908709,381.34673393031215,641.7459937037536,217.75935237224,1280.44757489301,778.0193883564386,0.029735282063484192,0.10879763960838318,-0.3237481415271759,13.526782989501953,-0.15740399062633514,5.554659843444824,-0.036867015063762665,3.196547508239746,0.015262299217283726,3.1433300971984863,0.007907143794000149,2.8692121505737305,-0.03480256721377373,2.3875434398651123,0.0007345142657868564,2.0863189697265625,0.014330282807350159,2.216931104660034,0.02323734015226364,2.293208599090576,0.013281538151204586,2.529587507247925,0.02699267864227295,2.441115140914917,0.023703111335635185,2.6296911239624023,-0.004309952259063721,2.8491053581237793,0.15988057851791382,0.27426251769065857,0.15459057688713074,0.2572600245475769,0.17512032389640808,0.2826464772224426,0.19401563704013824,0.28709423542022705,0.21223624050617218,0.2974082827568054,0.2651987671852112,0.31472718715667725,0.3817199766635895,0.37116867303848267,0.442138671875,0.36424753069877625,0.3873429596424103,0.3786841928958893,0.28679707646369934,0.3232738971710205,0.22786113619804382,0.3269535303115845,0.20371036231517792,0.3195340931415558
9641D2D5-7D9F-41B2-8345-229AE9555FEC-1430022546-1.0-m-72-hu.wav,..\dataset\hungry\9641D2D5-7D9F-41B2-8345-229AE9555FEC-1430022546-1.0-m-72-hu.wav,hungry,hlad,chlapec,7 měsíců–2 roky,False,0,-417.17230224609375,17.969921112060547,50.1689567565918,16.919389724731445,-18.284032821655273,10.242278099060059,-11.9266939163208,8.855223655700684,-46.35956954956055,11.62732982635498,-24.28425407409668,10.70855712890625,-27.128047943115234,10.171955108642578,-22.292102813720703,10.165658950805664,-16.01508140563965,8.902255058288574,-5.72542142868042,10.375520706176758,0.7779399752616882,12.9607515335083,10.82211685180664,14.249221801757812,10.275994300842285,11.478053092956543,0.15148560092724678,0.08427453493197987,0.053170960396528244,0.040216900408267975,970.4780688174051,299.81237709082075,820.6324514407429,124.25167482361975,1804.654065620542,581.4361382103136,0.06450171023607254,0.11281323432922363,0.040108177810907364,2.256589412689209,0.03954537212848663,1.8812493085861206,0.03060758486390114,1.3295042514801025,-0.009726163931190968,1.3131269216537476,-0.022109614685177803,1.4144264459609985,-0.011559434235095978,1.473054051399231,0.004281903617084026,1.291686773300171,0.020970705896615982,1.25046968460083,0.009234429337084293,1.2327629327774048,-0.015105077065527439,1.2742743492126465,-0.014964133501052856,1.4682031869888306,0.0012107392540201545,1.535681128501892,0.009391662664711475,1.3327674865722656,0.10147508233785629,0.18767762184143066,0.10702791064977646,0.20505031943321228,0.12899303436279297,0.2526375353336334,0.1348114162683487,0.25680387020111084,0.168351411819458,0.3112097680568695,0.17930550873279572,0.3201318383216858,0.20312033593654633,0.3006414771080017,0.34705111384391785,0.29888713359832764,0.6489548683166504,0.277265727519989,0.7422725558280945,0.27893736958503723,0.4533437192440033,0.28272777795791626,0.17013545334339142,0.2142883688211441
090C15A8-5406-4EA5-97A3-81F6527227C0-1430147582-1.0-m-72-hu.wav,..\dataset\hungry\090C15A8-5406-4EA5-97A3-81F6527227C0-1430147582-1.0-m-72-hu.wav,hungry,hlad,chlapec,7 měsíců–2 roky,False,0,-488.3072509765625,89.31880187988281,46.69710159301758,20.841657638549805,-28.924053192138672,22.546220779418945,-10.942856788635254,14.618643760681152,-28.279104232788086,15.773256301879883,-32.267520904541016,12.456902503967285,-14.999438285827637,11.474726676940918,-6.09520149230957,17.0343074798584,-15.383461952209473,15.784446716308594,-3.7634928226470947,15.736919403076172,-24.825469970703125,11.62707805633545,-5.928201675415039,14.151752471923828,-6.085063934326172,19.38775062561035,0.17783189194008558,0.06728769168296633,0.020299842581152916,0.016217848286032677,1110.2856786178368,254.84111687329926,845.3753640701625,172.1072303623667,1959.2323466476462,525.9040532894603,0.08270084112882614,0.15506678819656372,0.4794553518295288,6.988584041595459,0.025472823530435562,2.189870834350586,-0.02444733865559101,1.964877724647522,0.0008254493586719036,1.6119606494903564,-0.00985744409263134,1.4031540155410767,-0.040115099400281906,1.484630823135376,-0.03448605164885521,1.2861703634262085,-0.026084095239639282,1.5177311897277832,-0.009648337960243225,1.512232780456543,0.005112789571285248,1.604583740234375,-0.04685138165950775,1.4877744913101196,0.033660102635622025,1.5126584768295288,-0.019279450178146362,1.6496182680130005,0.2360275238752365,0.3023836612701416,0.23998087644577026,0.30381864309310913,0.3197571337223053,0.31386810541152954,0.4285718500614166,0.3588287830352783,0.4370787739753723,0.33812588453292847,0.37841325998306274,0.31953465938568115,0.3799624741077423,0.3488939702510834,0.3865852653980255,0.3666215240955353,0.3159154951572418,0.34075790643692017,0.2701035141944885,0.31207945942878723,0.2585805654525757,0.31185564398765564,0.2538883090019226,0.3032154142856598
be21ef2a-a415-4e8b-bfe6-731bf9956e2c-1431320909516-1.7-f-26-hu.wav,..\dataset\hungry\be21ef2a-a415-4e8b-bfe6-731bf9956e2c-1431320909516-1.7-f-26-hu.wav,hungry,hlad,dívka,2–6 měsíců,False,0,-424.2954406738281,151.0159149169922,10.105626106262207,45.168155670166016,-38.063114166259766,39.09892654418945,-1.4423719644546509,17.12415313720703,-25.119211196899414,22.30263900756836,13.249261856079102,16.830202102661133,-17.557706832885742,13.820943832397461,-11.498584747314453,13.338529586791992,-10.854819297790527,10.954473495483398,-9.395489692687988,12.79452896118164,7.574872970581055,20.24369239807129,7.7736382484436035,25.271957397460938,-4.327290058135986,20.099794387817383,0.3023470934379458,0.1598710808056143,0.07363389432430267,0.08549828082323074,1455.4096931756883,514.9338561949791,817.9777501296752,242.9322415889254,2390.2460770328103,700.3664751549626,0.16226638853549957,0.21775074303150177,-0.020087575539946556,11.492012977600098,-0.012822367250919342,3.582174062728882,-0.008881562389433384,3.6511785984039307,-0.005568690598011017,2.184748649597168,-0.0006901826709508896,2.0411839485168457,0.006936646066606045,1.885118007659912,0.00911002792418003,1.9577966928482056,0.004851484205573797,1.7867618799209595,0.002326283836737275,1.4015421867370605,0.007875047624111176,1.8017213344573975,0.004896057769656181,2.175258159637451,0.0006304318085312843,2.620176315307617,0.004379862919449806,2.805213451385498,0.3821598291397095,0.3128524720668793,0.388431578874588,0.34200677275657654,0.38552573323249817,0.3408717215061188,0.38853394985198975,0.352754145860672,0.3429005444049835,0.32077929377555847,0.2864205241203308,0.28379979729652405,0.2803349196910858,0.27766579389572144,0.2959190011024475,0.3020658493041992,0.3554683327674866,0.330725759267807,0.4385928511619568,0.3343793749809265,0.43480584025382996,0.3162486255168915,0.4302876591682434,0.34344935417175293
643D64AD-B711-469A-AF69-55C0D5D3E30F-1430138536-1.0-m-72-bp.wav,..\dataset\belly_pain\643D64AD-B711-469A-AF69-55C0D5D3E30F-1430138536-1.0-m-72-bp.wav,belly_pain,bolest břicha,chlapec,7 měsíců–2 roky,False,0,-455.08917236328125,103.21248626708984,15.920719146728516,28.92163848876953,-19.084781646728516,19.329147338867188,-20.180191040039062,20.411720275878906,-23.655609130859375,12.982274055480957,-7.893441677093506,14.981393814086914,-15.93773078918457,10.692205429077148,-4.738001823425293,16.232271194458008,-15.596062660217285,13.238627433776855,-9.29621410369873,13.068594932556152,-9.115829467773438,14.178221702575684,-4.2082695960998535,15.776402473449707,-1.801512598991394,18.040817260742188,0.2927904333095578,0.10285696336386194,0.021924413740634918,0.030107183381915092,1533.2111334761555,288.7914592166834,1022.6327153953649,91.94787045247413,2763.462910128388,393.3785695270437,0.18732106685638428,0.1417068988084793,0.08407697081565857,10.464186668395996,0.04327031224966049,3.395775556564331,-0.009677721187472343,2.501201629638672,-0.06279953569173813,2.3827102184295654,-0.007057417184114456,1.5980325937271118,-9.847741603152826e-05,1.753282904624939,0.03145377337932587,1.5234978199005127,0.0012995221186429262,1.798190712928772,-0.020505312830209732,1.6759179830551147,-0.040924590080976486,1.6831836700439453,0.010497989133000374,1.910380244255066,0.01132806297391653,1.9791873693466187,0.01904282532632351,2.4376306533813477,0.329428106546402,0.30044400691986084,0.3359054923057556,0.3049701452255249,0.37656572461128235,0.31040212512016296,0.4239642024040222,0.3090432286262512,0.5011799335479736,0.3271283209323883,0.5084465146064758,0.30592814087867737,0.5144590139389038,0.3073313534259796,0.47287070751190186,0.3045002222061157,0.4117312729358673,0.3114633560180664,0.4250313341617584,0.3235405385494232,0.40078020095825195,0.31586164236068726,0.3677958548069,0.3143712282180786
aaa57dbd-7b88-454a-963e-6faa2f4ed4e7-1437166513710-1.7-f-04-hu.wav,..\dataset\hungry\aaa57dbd-7b88-454a-963e-6faa2f4ed4e7-1437166513710-1.7-f-04-hu.wav,hungry,hlad,dívka,0–4 týdny,False,0,-484.4127197265625,149.1028289794922,1.291060209274292,63.23568344116211,-25.70586585998535,29.418964385986328,-11.886394500732422,25.15791893005371,-16.951021194458008,20.51006317138672,-11.379643440246582,18.25408935546875,-9.330409049987793,18.236093521118164,-3.1478071212768555,11.827982902526855,-17.179109573364258,16.22010612487793,2.3928871154785156,13.020027160644531,-6.000569820404053,15.131195068359375,7.1925458908081055,16.96201515197754,2.1689035892486572,19.379894256591797,0.2935427068473609,0.15898604369166408,0.05204281955957413,0.06648758798837662,1450.8553070191565,614.9430649722451,807.4476683458581,258.6865431386975,2401.05652639087,916.7751952094794,0.13257771730422974,0.24633857607841492,0.28984493017196655,14.29211711883545,0.1389225274324417,4.8822021484375,0.01806752197444439,3.9029746055603027,-0.05154144763946533,2.723754644393921,-0.05483393371105194,2.2197256088256836,-0.05615116283297539,1.942034363746643,-0.02781572751700878,2.201831340789795,-0.01649829000234604,1.8487199544906616,-0.017334269359707832,2.170483350753784,-0.013048729859292507,2.012971878051758,-0.035464394837617874,2.557990789413452,-0.009790883399546146,2.5872063636779785,0.0007020430639386177,2.7234089374542236,0.20226214826107025,0.2745402455329895,0.1752316951751709,0.24936221539974213,0.18560828268527985,0.25119340419769287,0.2097831815481186,0.26223039627075195,0.2665518522262573,0.33208250999450684,0.2919936776161194,0.3303529918193817,0.30343931913375854,0.3111077547073364,0.3729146718978882,0.36649149656295776,0.3814612030982971,0.35664841532707214,0.3552418649196625,0.3652057945728302,0.3361743688583374,0.365926593542099,0.26724812388420105,0.3047710061073303
549a46d8-9c84-430e-ade8-97eae2bef787-1430130669340-1.7-m-48-hu.wav,..\dataset\hungry\549a46d8-9c84-430e-ade8-97eae2bef787-1430130669340-1.7-m-48-hu.wav,hungry,hlad,chlapec,4–8 týdnů,False,0,-808.6707153320312,115.42232513427734,30.398195266723633,22.71319007873535,-5.7086567878723145,29.807710647583008,-6.0897216796875,14.327902793884277,-20.8400936126709,18.94775390625,0.42632028460502625,13.167296409606934,-14.763834953308105,10.685051918029785,-5.431481838226318,9.297399520874023,-7.113566875457764,11.306522369384766,-4.512524127960205,11.049015998840332,-2.158574104309082,10.031143188476562,2.368398427963257,14.903639793395996,6.139329433441162,18.88065528869629,0.23176154600570614,0.10171104771684567,0.001175505924038589,0.002658623969182372,1364.1855511851413,496.58319256431207,952.4907432772269,337.1841011939783,2537.914586305278,911.203478870565,0.30158036947250366,0.2681920528411865,-7.065624959068373e-05,9.868484497070312,-9.698908252175897e-05,2.9258463382720947,-8.95773628144525e-05,2.9585330486297607,-7.834414282115176e-05,2.076464891433716,-6.476822454715148e-05,2.476879596710205,-5.050528488936834e-05,1.6693240404129028,-3.713207843247801e-05,1.4899709224700928,-2.5894774807966314e-05,1.3708432912826538,-1.745727422530763e-05,1.4102237224578857,-1.1776040992117487e-05,1.65082585811615,-8.286490810860414e-06,1.5003072023391724,-5.852648882864742e-06,1.974119782447815,-3.1453566862182925e-06,2.0985546112060547,0.37912923097610474,0.32443225383758545,0.3296375870704651,0.2802296280860901,0.3540157675743103,0.29985156655311584,0.37415599822998047,0.31264162063598633,0.37131351232528687,0.3125729262828827,0.4140181839466095,0.32182565331459045,0.4589568078517914,0.32936760783195496,0.5131229758262634,0.34850916266441345,0.48053911328315735,0.32536807656288147,0.4232299327850342,0.30866971611976624,0.41883474588394165,0.32529976963996887,0.42591890692710876,0.34713035821914673
aaa57dbd-7b88-454a-963e-6faa2f4ed4e7-1436982075169-1.7-f-04-hu.wav,..\dataset\hungry\aaa57dbd-7b88-454a-963e-6faa2f4ed4e7-1436982075169-1.7-f-04-hu.wav,hungry,hlad,dívka,0–4 týdny,False,0,-618.9107666015625,142.85531616210938,47.158103942871094,30.85618782043457,-33.95968246459961,37.16940689086914,-3.8619425296783447,21.8259220123291,-14.680732727050781,16.9671573638916,-1.4018059968948364,17.25506591796875,-12.245906829833984,17.943866729736328,0.3015104830265045,11.684250831604004,-2.2896060943603516,11.783950805664062,-0.060134146362543106,10.27375316619873,-4.500753879547119,10.46939468383789,-6.908316135406494,9.776850700378418,-5.687808036804199,10.130895614624023,0.22090094507845934,0.08537913690898663,0.009424394927918911,0.01488217618316412,1143.7392678209258,392.67110076400223,776.8542351571293,291.5788465646084,1958.340763195435,767.3273257510424,0.20122143626213074,0.26033371686935425,2.176717472934797e-08,13.575553894042969,1.0883587364673986e-08,3.7341232299804688,2.176717472934797e-08,5.677118301391602,2.7208968411684964e-09,3.029759645462036,2.7208968411684964e-09,2.0676987171173096,4.08134503970814e-09,2.2680163383483887,-2.7208968411684964e-09,2.166027069091797,8.16269007941628e-09,1.5485870838165283,-1.3604484205842482e-09,1.6714638471603394,-5.441793682336993e-09,1.6297131776809692,5.441793682336993e-09,1.5820832252502441,1.3604484205842482e-09,1.3358749151229858,4.08134503970814e-09,1.7807375192642212,0.4490523934364319,0.34402772784233093,0.5012511610984802,0.35350632667541504,0.4584389328956604,0.32517826557159424,0.41982775926589966,0.32758069038391113,0.406765878200531,0.3244292736053467,0.3820120692253113,0.302028626203537,0.33214813470840454,0.28349757194519043,0.30936455726623535,0.2827473282814026,0.292716383934021,0.29043880105018616,0.3121735453605652,0.3140910565853119,0.3353325128555298,0.32074105739593506,0.3721528649330139,0.32079052925109863
4CD5903D-E2CE-401E-B898-D873C763F44B-1430727644-1.0-m-26-hu.wav,..\dataset\hungry\4CD5903D-E2CE-401E-B898-D873C763F44B-1430727644-1.0-m-26-hu.wav,hungry,hlad,chlapec,2–6 měsíců,False,0,-544.5198974609375,126.46369934082031,31.442163467407227,32.01976013183594,-23.09477996826172,27.23378562927246,-6.514489650726318,16.143465042114258,5.098429203033447,14.59768295288086,-8.706438064575195,12.40013313293457,-17.089008331298828,12.752307891845703,-8.680991172790527,14.068094253540039,-9.839991569519043,15.760161399841309,-4.780064582824707,13.445779800415039,-10.729421615600586,12.832361221313477,-2.8814268112182617,12.767953872680664,-3.7078232765197754,17.551504135131836,0.2666224589871612,0.07114670668953786,0.014615805819630623,0.020645996555685997,1412.9499246631165,266.51654958273065,998.7783441735996,152.57364767010768,2680.902282453638,526.8694125153701,0.14743679761886597,0.10367874801158905,0.3770814538002014,10.297401428222656,-0.12725146114826202,3.015381336212158,-0.08594340831041336,3.2098805904388428,0.037160322070121765,2.313905954360962,-0.008042081259191036,1.631896734237671,0.02708851546049118,1.5604588985443115,-0.024624716490507126,1.6917039155960083,0.008887031115591526,1.7312326431274414,-0.006784667726606131,2.048255681991577,0.02693033777177334,2.1194801330566406,0.055893462151288986,2.0822150707244873,0.02763679251074791,1.972913146018982,-0.0287490114569664,2.130906581878662,0.4252440333366394,0.31779322028160095,0.4676502048969269,0.3031412959098816,0.5116744041442871,0.31958985328674316,0.5038943886756897,0.3121039867401123,0.4671439230442047,0.3149503469467163,0.4606625437736511,0.3157152831554413,0.4846767783164978,0.3326318562030792,0.43488645553588867,0.3136770725250244,0.41494882106781006,0.3090484142303467,0.44325995445251465,0.32982680201530457,0.44366002082824707,0.32043933868408203,0.4221660792827606,0.32530805468559265
67414C5E-0EB2-48FD-8391-FCF085FDB6D9-1430050964-1.0-m-04-hu.wav,..\dataset\hungry\67414C5E-0EB2-48FD-8391-FCF085FDB6D9-1430050964-1.0-m-04-hu.wav,hungry,hlad,chlapec,0–4 týdny,False,0,-398.93603515625,105.98344421386719,33.793487548828125,29.909259796142578,-21.794387817382812,27.61850357055664,2.3904237747192383,16.667078018188477,-18.91368293762207,13.333145141601562,-9.347273826599121,20.43836784362793,-15.516408920288086,16.07940673828125,-20.355060577392578,12.380084037780762,-14.301325798034668,13.458871841430664,-5.922232151031494,17.24869155883789,6.751546859741211,25.164958953857422,9.711723327636719,24.33522605895996,-6.181722640991211,18.816694259643555,0.21666592368045648,0.09444587804802852,0.09585065394639969,0.1349906027317047,1227.711455711545,287.6447283840916,876.4859782337821,134.4511173348432,2108.639443651926,524.7314235499396,0.07544711977243423,0.08216730505228043,0.22319795191287994,8.677300453186035,0.06860307604074478,2.605342388153076,0.05747005715966225,2.508319854736328,-0.03149326890707016,1.8201671838760376,-0.041975267231464386,1.7954909801483154,-0.03964844346046448,1.7824114561080933,-0.05565869063138962,1.717142939567566,-0.0068251765333116055,1.8390361070632935,-0.02999664656817913,1.9981011152267456,0.02422843687236309,2.419801950454712,-0.02152843214571476,2.3377928733825684,-0.03347187489271164,2.5766706466674805,-0.008934728801250458,2.558367967605591,0.34700503945350647,0.3341178596019745,0.28189244866371155,0.302534818649292,0.2847819924354553,0.29058799147605896,0.2826543152332306,0.29169076681137085,0.2888231873512268,0.2848857045173645,0.3539030849933624,0.32621392607688904,0.3534057140350342,0.33557814359664917,0.3691008388996124,0.35736244916915894,0.41543087363243103,0.3820382058620453,0.46759697794914246,0.359354704618454,0.5156030654907227,0.3533930480480194,0.4675426185131073,0.3605189025402069
bb2bdafb-0477-4be4-8c41-1a6192e8c6d4-1430637663087-1.7-m-72-hu.wav,..\dataset\hungry\bb2bdafb-0477-4be4-8c41-1a6192e8c6d4-1430637663087-1.7-m-72-hu.wav,hungry,hlad,chlapec,7 měsíců–2 roky,False,0,-390.06103515625,128.7625274658203,47.790611267089844,27.529178619384766,-6.605050086975098,20.734882354736328,-7.376959323883057,23.075931549072266,-25.671796798706055,20.92445945739746,-26.98672866821289,20.080533981323242,-5.814772129058838,15.475727081298828,-13.052834510803223,14.598108291625977,-11.63226318359375,12.516144752502441,-3.9857451915740967,10.653882026672363,-9.936504364013672,14.367365837097168,-5.327662467956543,12.006951332092285,-3.400557041168213,13.56174373626709,0.18893767831669045,0.1170762820191203,0.060657255351543427,0.06831251829862595,1109.7818704194376,456.62339322791996,869.8663155239972,316.22255952467634,2036.532631954351,857.2093451086142,0.15980683267116547,0.2881001830101013,0.0,8.462482452392578,5.441793682336993e-09,3.4173269271850586,0.0,3.116407871246338,-2.7208968411684964e-09,2.8903703689575195,-2.7208968411684964e-09,2.878448247909546,0.0,2.2190401554107666,1.3604484205842482e-09,2.0532097816467285,0.0,1.815403938293457,-5.441793682336993e-09,1.6929007768630981,-1.3604484205842482e-09,1.519924283027649,0.0,1.836207389831543,2.7208968411684964e-09,1.6577109098434448,1.3604484205842482e-09,1.9527196884155273,0.25944846868515015,0.3321400284767151,0.22997301816940308,0.271528422832489,0.23587177693843842,0.30390819907188416,0.2412158101797104,0.28616538643836975,0.2989791929721832,0.30945536494255066,0.3842267692089081,0.3508181571960449,0.41292741894721985,0.36582815647125244,0.3854672610759735,0.34018826484680176,0.313515305519104,0.31677258014678955,0.29781872034072876,0.31220683455467224,0.2773361802101135,0.28311121463775635,0.2603917717933655,0.3085467219352722
F24DE44B-762C-4149-AC92-96A5E57ED118-1430816949-1.0-m-04-bu.wav,..\dataset\burping\F24DE44B-762C-4149-AC92-96A5E57ED118-1430816949-1.0-m-04-bu.wav,burping,říhání,chlapec,0–4 týdny,False,0,-458.08746337890625,97.09777069091797,74.05250549316406,27.960548400878906,-5.646494388580322,18.022899627685547,-24.308746337890625,18.70077896118164,-28.72372817993164,19.247509002685547,-27.413211822509766,16.58242416381836,-20.396621704101562,11.636308670043945,-20.929643630981445,11.431975364685059,-20.300636291503906,11.735577583312988,-5.6547417640686035,13.337358474731445,-9.104025840759277,15.37315559387207,5.196310997009277,21.701797485351562,11.131823539733887,26.685094833374023,0.1170147557061341,0.04598273248577733,0.06658969074487686,0.07193192839622498,809.7572857006074,237.6129442279491,738.1093711913511,189.39453693487746,1367.1986447931527,620.8872039410849,0.039299797266721725,0.12976352870464325,0.24315935373306274,6.035886287689209,0.057551924139261246,2.827608346939087,-0.01185388583689928,1.6966204643249512,-0.01401048805564642,1.8126002550125122,-0.03904725983738899,1.6309338808059692,-0.047037653625011444,1.4013086557388306,-0.03866833448410034,1.187739610671997,-0.01596919074654579,1.3897323608398438,-0.014506904408335686,1.2652064561843872,-0.016237447038292885,1.6136903762817383,-0.008783688768744469,1.7354869842529297,0.028913065791130066,1.7433276176452637,0.05024859681725502,2.2549030780792236,0.2290746569633484,0.3071098029613495,0.2246752828359604,0.2877236604690552,0.21614831686019897,0.28807932138442993,0.2139289230108261,0.28190740942955017,0.29088351130485535,0.3231792747974396,0.4587946832180023,0.3472432494163513,0.6265649199485779,0.31030845642089844,0.6638481616973877,0.32881370186805725,0.4463465213775635,0.3114527463912964,0.2469632625579834,0.28626394271850586,0.18557938933372498,0.2581663429737091,0.2107316106557846,0.29708877205848694
50DC5FBC-AC95-44F2-B55F-E4E5FB03AC96-1430007668-1.0-m-26-hu.wav,..\dataset\hungry\50DC5FBC-AC95-44F2-B55F-E4E5FB03AC96-1430007668-1.0-m-26-hu.wav,hungry,hlad,chlapec,2–6 měsíců,False,0,-424.8621520996094,120.83417510986328,4.513607501983643,29.578365325927734,-34.1545295715332,23.120214462280273,-7.243561267852783,20.820369720458984,-27.91761016845703,19.74110984802246,-3.4416184425354004,14.285277366638184,-6.597441673278809,14.429534912109375,-9.511327743530273,14.160709381103516,-16.457176208496094,15.550043106079102,1.010080099105835,19.940061569213867,4.771356105804443,25.624900817871094,2.181079864501953,21.202600479125977,-5.455844879150391,20.473712921142578,0.2858472271754636,0.09760709640516202,0.06870444864034653,0.09259864687919617,1482.779928133319,284.61333200969665,860.5583280973499,169.50645815230337,2438.1018188302423,419.1862993088561,0.10349947214126587,0.13711030781269073,-0.16245299577713013,14.631083488464355,-0.06283814460039139,3.9394893646240234,-0.0240457896143198,2.960400104522705,-0.00826001726090908,1.7773162126541138,0.04750484973192215,2.377150297164917,0.004242631606757641,1.505915641784668,-0.014941423200070858,1.691528558731079,-0.01560378260910511,1.8040729761123657,0.006911905016750097,1.9816958904266357,0.003704858710989356,2.393411874771118,-0.022298840805888176,2.881619453430176,-0.0373038649559021,2.7564823627471924,-0.03965136036276817,2.532583236694336,0.2710307538509369,0.30080288648605347,0.20439063012599945,0.25269845128059387,0.1944732666015625,0.25060203671455383,0.2367321401834488,0.28876569867134094,0.31494128704071045,0.3360694944858551,0.3506486415863037,0.32706427574157715,0.3862464129924774,0.35950732231140137,0.3286115825176239,0.33223795890808105,0.32060056924819946,0.33040204644203186,0.37715181708335876,0.3564196825027466,0.39402633905410767,0.3549094498157501,0.3402378559112549,0.32660621404647827
602b06a7-31f0-4370-b35a-9cc81d205958-1430907796431-1.7-f-72-hu.wav,..\dataset\hungry\602b06a7-31f0-4370-b35a-9cc81d205958-1430907796431-1.7-f-72-hu.wav,hungry,hlad,dívka,7 měsíců–2 roky,False,0,-515.0368041992188,102.58467102050781,51.36175537109375,26.9088077545166,-23.80484962463379,30.1272029876709,-3.4197700023651123,21.001873016357422,-27.122007369995117,14.63471508026123,-9.418407440185547,10.081925392150879,-16.077110290527344,10.858716011047363,-14.547530174255371,10.002018928527832,-14.672847747802734,10.295511245727539,-5.80586051940918,9.890042304992676,-15.874601364135742,12.231635093688965,-0.24504031240940094,13.791947364807129,-5.20881986618042,18.441768646240234,0.22394904600570614,0.0781393780038615,0.04074115306138992,0.08046869933605194,1208.1482234173056,285.2700292434686,865.6574001617315,213.3077471460129,2178.0937945791725,627.3088253553971,0.14198453724384308,0.13130134344100952,0.04396098479628563,7.737049102783203,0.001513460767455399,2.7256410121917725,-0.026387201622128487,3.21769380569458,-0.007726619020104408,1.988032341003418,0.006929661612957716,1.7288165092468262,0.0010611782781779766,1.4594554901123047,0.0017801548819988966,1.5193146467208862,0.00035013587330468,1.4749565124511719,-0.004879895597696304,1.5356340408325195,-0.009759253822267056,1.4141680002212524,-0.004016997292637825,1.369728922843933,0.003361467970535159,1.6833999156951904,-0.011900756508111954,1.9248322248458862,0.36918604373931885,0.29250839352607727,0.36714911460876465,0.27711790800094604,0.3994016945362091,0.2703309655189514,0.4490361213684082,0.28325024247169495,0.544357180595398,0.3292066156864166,0.5811123251914978,0.36044418811798096,0.5062520503997803,0.3182249367237091,0.4946248233318329,0.3294932246208191,0.46656158566474915,0.31530219316482544,0.4178701341152191,0.30348309874534607,0.40761175751686096,0.3073403537273407,0.39306241273880005,0.3072895407676697
10A40438-09AA-4A21-83B4-8119F03F7A11-1430848101-1.0-f-26-hu.wav,..\dataset\hungry\10A40438-09AA-4A21-83B4-8119F03F7A11-1430848101-1.0-f-26-hu.wav,hungry,hlad,dívka,2–6 měsíců,False,0,-309.8852844238281,128.8452606201172,-3.9636290073394775,40.02272415161133,-6.223250865936279,20.992462158203125,-21.39236068725586,21.39899253845215,-22.614273071289062,19.715682983398438,-1.876121997833252,14.258376121520996,-9.637901306152344,15.944217681884766,-6.5281782150268555,13.639164924621582,-5.547072410583496,18.670740127563477,3.3266615867614746,20.12095832824707,-1.4771939516067505,20.171367645263672,-2.2512550354003906,19.31993865966797,-4.460565567016602,19.400117874145508,0.3952779511412268,0.18933228236942998,0.1157677173614502,0.09101130068302155,1814.394581238649,524.8242553052218,991.0967027070994,116.02951237679848,2974.0772111269616,555.5721823833445,0.09778648614883423,0.09120486676692963,-0.3736439049243927,18.726173400878906,-0.0004176250076852739,5.424005508422852,0.04832081496715546,3.350050926208496,0.043256569653749466,2.8799681663513184,0.05532073974609375,2.729762315750122,-0.04787193611264229,2.428557872772217,0.017327021807432175,2.5131988525390625,-0.021014150232076645,2.4283242225646973,0.03234618529677391,2.828998327255249,-0.019593164324760437,2.9723339080810547,-0.026646899059414864,3.0023562908172607,0.011626108549535275,3.0341172218322754,-0.02001255564391613,3.046290636062622,0.312011182308197,0.3411090672016144,0.3508845269680023,0.34630903601646423,0.3587113916873932,0.3327111303806305,0.29577746987342834,0.3188510835170746,0.22206853330135345,0.25281623005867004,0.25326961278915405,0.2804568111896515,0.30089452862739563,0.30717283487319946,0.37814220786094666,0.35673788189888,0.39531025290489197,0.33448144793510437,0.3188800513744354,0.30038735270500183,0.24657221138477325,0.2663235366344452,0.26999062299728394,0.3131786584854126
999bf14b-e417-4b44-b746-9253f81efe38-1430845035663-1.7-m-26-ch.wav,..\dataset\discomfort\999bf14b-e417-4b44-b746-9253f81efe38-1430845035663-1.7-m-26-ch.wav,discomfort,nepohodlí,chlapec,2–6 měsíců,False,0,-454.2838439941406,102.46654510498047,118.60992431640625,36.54387664794922,-56.78156661987305,28.13800048828125,1.5544898509979248,14.396977424621582,-37.04215621948242,22.74510955810547,-23.83738136291504,16.62776756286621,-2.287536382675171,10.713501930236816,-7.295656681060791,12.182976722717285,-3.244664192199707,12.947935104370117,-5.01557731628418,12.30172061920166,-15.838190078735352,12.144197463989258,-3.4774458408355713,12.900060653686523,-0.40261557698249817,20.615188598632812,0.13504703102710414,0.04186455398378291,0.049980636686086655,0.04777432605624199,751.8747777639043,198.63028013678917,520.9628047011267,161.78122927134783,1274.8974679029957,421.7437722766994,0.06064724177122116,0.2230873554944992,-8.706869891739188e-08,7.88167667388916,0.0,3.165740489959717,0.0,2.9680352210998535,1.3604484205842482e-09,2.0532429218292236,-5.441793682336993e-09,2.5440404415130615,-2.7208968411684964e-09,1.9140843152999878,2.7208968411684964e-09,1.4963728189468384,5.441793682336993e-09,1.698517084121704,4.761569361022566e-09,1.8061838150024414,-1.3604484205842482e-09,1.551857829093933,5.441793682336993e-09,1.7158786058425903,0.0,1.9642874002456665,2.7208968411684964e-09,2.524195671081543,0.22883369028568268,0.30069229006767273,0.2714329957962036,0.31501078605651855,0.33858346939086914,0.3718494772911072,0.34951844811439514,0.3553844690322876,0.3543369770050049,0.3311903774738312,0.4159815013408661,0.35010677576065063,0.4358079135417938,0.3812941610813141,0.3263459801673889,0.32876378297805786,0.20632660388946533,0.27046680450439453,0.16845154762268066,0.25060465931892395,0.1672428995370865,0.2315034568309784,0.19651949405670166,0.2823646366596222
C421C6FE-DFEE-4080-8AEA-848E7CE4756B-1430548393-1.0-f-26-ti.wav,..\dataset\tired\C421C6FE-DFEE-4080-8AEA-848E7CE4756B-1430548393-1.0-f-26-ti.wav,tired,únava,dívka,2–6 měsíců,False,0,-381.48046875,70.46475219726562,41.858253479003906,33.80068588256836,-35.31435775756836,24.5456485748291,-21.13589096069336,20.75899887084961,-14.202392578125,16.668867111206055,-11.87460994720459,15.7814359664917,-18.870847702026367,13.280436515808105,-11.542716979980469,13.688454627990723,-21.161882400512695,13.878360748291016,-9.877535820007324,13.846535682678223,-6.870112895965576,19.494022369384766,-0.5016252994537354,17.216846466064453,-2.5165464878082275,25.28207015991211,0.22905336126961484,0.08806736664443315,0.03679294511675835,0.02765318565070629,1259.5354649622486,289.39010048318374,895.4031951208757,116.97571471029724,2255.19347360913,584.6582578933171,0.07375521957874298,0.07756239920854568,0.34167051315307617,10.252687454223633,-0.05359718203544617,3.63810658454895,-0.06050635501742363,3.6769192218780518,-0.020013226196169853,2.876297950744629,-0.0603516548871994,2.259138584136963,-0.0018834699876606464,2.0978455543518066,0.03904552012681961,1.850899338722229,-0.007803790271282196,1.9373730421066284,-0.005578888580203056,2.023671865463257,0.021527376025915146,2.2109031677246094,0.05568348988890648,2.5527801513671875,0.004325221758335829,2.965254783630371,-0.033744532614946365,3.3922975063323975,0.28164178133010864,0.28649675846099854,0.27103742957115173,0.2756826877593994,0.2697885036468506,0.2738858461380005,0.2895830273628235,0.2907329201698303,0.3019975423812866,0.3022072911262512,0.31502634286880493,0.299593448638916,0.3805120289325714,0.3359367251396179,0.4323291778564453,0.3349395990371704,0.46068766713142395,0.34175905585289,0.4029485583305359,0.3411531150341034,0.33752045035362244,0.30104273557662964,0.32311177253723145,0.33006513118743896
999bf14b-e417-4b44-b746-9253f81efe38-1431013054417-1.7-m-26-hu.wav,..\dataset\hungry\999bf14b-e417-4b44-b746-9253f81efe38-1431013054417-1.7-m-26-hu.wav,hungry,hlad,chlapec,2–6 měsíců,False,0,-452.9468994140625,110.22422790527344,92.41643524169922,43.48423767089844,-51.426544189453125,29.261335372924805,-10.074251174926758,22.648290634155273,-38.18450927734375,22.61255645751953,-2.611900806427002,16.11698341369629,-15.822144508361816,14.520889282226562,-5.2115678787231445,10.865516662597656,-13.447013854980469,12.683205604553223,-17.034204483032227,14.53551197052002,-9.00549030303955,14.071337699890137,-6.8108811378479,17.81073570251465,1.9409115314483643,23.873567581176758,0.16693785663338087,0.06787411620915977,0.06281894445419312,0.05832572653889656,863.5193175897633,292.02614222705597,572.7380851539323,217.69707672844206,1423.0786376604851,624.6789029589772,0.0709795355796814,0.2277519851922989,-3.0474043910544424e-07,8.199167251586914,0.0,2.9503467082977295,5.441793682336993e-09,2.8468332290649414,-5.441793682336993e-09,2.367403984069824,-5.441793682336993e-09,2.1315758228302,0.0,1.5268418788909912,2.7208968411684964e-09,1.5879052877426147,0.0,1.5767747163772583,8.16269007941628e-09,1.5779247283935547,0.0,1.7088168859481812,2.7208968411684964e-09,1.7364643812179565,-2.7208968411684964e-09,1.9213718175888062,-1.0883587364673986e-08,2.3915834426879883,0.18999525904655457,0.27119606733322144,0.23124080896377563,0.29974105954170227,0.2784602642059326,0.3448524475097656,0.2992212176322937,0.356496661901474,0.29829636216163635,0.3375892639160156,0.303497314453125,0.3314652442932129,0.329889178276062,0.34493348002433777,0.3729320764541626,0.3834693133831024,0.2926650643348694,0.3403511345386505,0.22762852907180786,0.2981348931789398,0.19350939989089966,0.28248241543769836,0.15875694155693054,0.24192942678928375
7A864194-4B6B-4850-ABBF-0C2A8170107B-1436846870-1.1-f-26-hu.wav,..\dataset\hungry\7A864194-4B6B-4850-ABBF-0C2A8170107B-1436846870-1.1-f-26-hu.wav,hungry,hlad,dívka,2–6 měsíců,False,0,-358.0690612792969,104.30480194091797,15.736835479736328,33.94938659667969,-32.389671325683594,26.295324325561523,-5.37034797668457,17.32851219177246,-13.358609199523926,21.157955169677734,-6.822967529296875,12.02267074584961,-13.164793968200684,13.558114051818848,-12.805183410644531,13.680505752563477,-3.9975996017456055,20.625730514526367,5.429744720458984,20.659908294677734,-6.9812822341918945,19.06749153137207,-7.482698440551758,18.31629180908203,-3.7072203159332275,20.216856002807617,0.2961060092724679,0.09815668774434705,0.11227349191904068,0.14065372943878174,1522.3678575351735,350.90585426896274,882.2261057443864,148.3691057978428,2618.1125178316693,539.8022467602287,0.09094787389039993,0.12861818075180054,0.47776466608047485,9.68324089050293,-0.01601971499621868,2.4569594860076904,-0.08993605524301529,3.1752748489379883,-0.011397559195756912,2.0589375495910645,0.017467042431235313,1.9170093536376953,-0.04323636740446091,1.8394293785095215,-0.018560167402029037,1.617659330368042,-0.013065879233181477,1.7191252708435059,-0.022125422954559326,2.343848705291748,0.016646109521389008,2.813460111618042,0.030829310417175293,2.9354255199432373,0.002474304521456361,2.877859354019165,-0.06632206588983536,2.9878218173980713,0.3278718888759613,0.3587133586406708,0.32015541195869446,0.3361402451992035,0.3517111837863922,0.34533318877220154,0.3074752986431122,0.32857534289360046,0.23476380109786987,0.3008343577384949,0.204768568277359,0.2712804079055786,0.19844017922878265,0.25633740425109863,0.24347636103630066,0.3007049262523651,0.29481300711631775,0.31842753291130066,0.39015668630599976,0.34946057200431824,0.4095633924007416,0.34782809019088745,0.33417296409606934,0.3224763572216034
6d922623-8424-4625-be4c-4964e0c9e25c-1434898452774-1.7-m-04-hu.wav,..\dataset\hungry\6d922623-8424-4625-be4c-4964e0c9e25c-1434898452774-1.7-m-04-hu.wav,hungry,hlad,chlapec,0–4 týdny,False,0,-431.5023193359375,83.02703857421875,115.85236358642578,34.17636489868164,3.5440890789031982,25.974822998046875,-17.404712677001953,20.806730270385742,-20.68828773498535,14.946435928344727,-12.11116886138916,13.850920677185059,-11.223804473876953,12.9027099609375,-17.352401733398438,12.842325210571289,-15.744833946228027,12.464742660522461,-11.204079627990723,11.728033065795898,-11.580707550048828,10.7069673538208,-5.600153923034668,11.426834106445312,-11.559873580932617,10.11051082611084,0.10407565085592012,0.04375084621366642,0.048690617084503174,0.05383620038628578,639.4308557296874,222.65399140792155,615.5732275105418,194.06990576924105,990.2148716119829,484.0776220871473,0.05708306282758713,0.20835986733436584,-0.030916396528482437,7.835089206695557,0.005974871572107077,3.9229605197906494,0.012801680713891983,3.841092109680176,-0.003993580117821693,2.556199550628662,-0.00786485243588686,2.386164665222168,0.004358105827122927,2.0364742279052734,0.004497835412621498,2.051084518432617,0.00104523787740618,1.9948550462722778,0.01055071223527193,2.078608989715576,0.0016051848651841283,1.8942338228225708,0.004300611559301615,1.8307867050170898,0.004820023663341999,1.751961588859558,-0.002589133335277438,1.6449730396270752,0.269323468208313,0.260755330324173,0.23519642651081085,0.2723347544670105,0.26991039514541626,0.32825279235839844,0.29890501499176025,0.33767229318618774,0.28392040729522705,0.28492608666419983,0.32360774278640747,0.3053987920284271,0.35957470536231995,0.3484351336956024,0.32856228947639465,0.325117290019989,0.3551194667816162,0.311405211687088,0.4595406651496887,0.36537784337997437,0.472139447927475,0.3623400032520294,0.38437163829803467,0.34217384457588196
FF2CD2F6-404D-4626-8718-6E6C751F63B8-1431104360-1.0-m-04-hu.wav,..\dataset\hungry\FF2CD2F6-404D-4626-8718-6E6C751F63B8-1431104360-1.0-m-04-hu.wav,hungry,hlad,chlapec,0–4 týdny,False,0,-383.17279052734375,89.37699127197266,44.018680572509766,23.212793350219727,-34.59175109863281,23.550518035888672,-17.789947509765625,14.528130531311035,-31.73468780517578,13.910438537597656,-17.474584579467773,16.908517837524414,-6.252411365509033,13.590523719787598,-16.062482833862305,16.570293426513672,-19.452817916870117,16.772445678710938,-14.383649826049805,14.251180648803711,-4.370693206787109,20.946054458618164,8.345943450927734,25.986669540405273,8.714704513549805,23.953872680664062,0.19190219329529243,0.05024490356569023,0.0682571530342102,0.05515117943286896,1143.3559215445616,214.0659826751571,808.170114974008,145.9929611413326,1967.7692582025677,429.57805968789063,0.055746931582689285,0.11860107630491257,0.6334617733955383,8.979740142822266,0.10063395649194717,3.1395347118377686,-0.03008810617029667,3.16498064994812,-0.013262060470879078,2.1458282470703125,-0.008368988521397114,1.9259955883026123,0.027765220031142235,2.193889856338501,0.05787067115306854,2.1795992851257324,-0.008656753227114677,2.126084566116333,-0.07746070623397827,2.2046122550964355,-0.03976661339402199,2.044058084487915,-0.013581573963165283,2.3717312812805176,-0.004090177360922098,2.881218910217285,0.0013905143132433295,3.0667080879211426,0.13747501373291016,0.2172592282295227,0.12556521594524384,0.18698060512542725,0.1766604334115982,0.2249307781457901,0.2347390353679657,0.27719247341156006,0.30118802189826965,0.3272176682949066,0.35656750202178955,0.3744129538536072,0.3586162030696869,0.3524543046951294,0.42097967863082886,0.37013790011405945,0.4407334327697754,0.3637462258338928,0.36353299021720886,0.3458460867404938,0.24470330774784088,0.30519264936447144,0.17394904792308807,0.2453327775001526
d6cda191-4962-4308-9a36-46d5648a95ed-1430640304482-1.7-m-04-hu.wav,..\dataset\hungry\d6cda191-4962-4308-9a36-46d5648a95ed-1430640304482-1.7-m-04-hu.wav,hungry,hlad,chlapec,0–4 týdny,False,0,-423.3511962890625,153.6300811767578,-23.670921325683594,26.250980377197266,-54.525177001953125,27.06844711303711,-15.79073715209961,20.282440185546875,-1.7831240892410278,16.97635841369629,3.134956121444702,15.457232475280762,-22.04950714111328,14.201050758361816,-0.8120831251144409,15.3353271484375,-13.5026216506958,12.808274269104004,0.0551125705242157,12.70747184753418,3.2026402950286865,19.162464141845703,5.447013854980469,16.456518173217773,-4.4171295166015625,19.646915435791016,0.38328058131241083,0.12456441427646883,0.05112750083208084,0.04587891697883606,1732.8328485620875,384.5665978427942,857.4054856296162,170.52828615390519,2719.9090584878745,622.2020060451796,0.12748326361179352,0.17486867308616638,-0.14660052955150604,14.029894828796387,0.008326719515025616,3.4560041427612305,0.07577275484800339,3.5602099895477295,0.07041910290718079,2.4490628242492676,-0.05895129218697548,1.9670886993408203,-0.016865815967321396,2.0158731937408447,0.07481436431407928,1.8274897336959839,-0.003071451559662819,1.779619574546814,0.008695313706994057,2.005683183670044,-0.02410956099629402,1.8316309452056885,0.05446520820260048,2.124738931655884,0.01809496432542801,2.658242702484131,-0.04300136864185333,2.624323606491089,0.30716273188591003,0.3145972490310669,0.3523063361644745,0.36814165115356445,0.30238863825798035,0.314929723739624,0.3202328681945801,0.3323901295661926,0.2893766760826111,0.3123273253440857,0.3641981780529022,0.35411807894706726,0.3317456543445587,0.3298906683921814,0.19771885871887207,0.2189255803823471,0.234752357006073,0.28775763511657715,0.2455178052186966,0.28730523586273193,0.2673609256744385,0.28921806812286377,0.2926904857158661,0.31700047850608826
8f5c01dc-6826-4076-a831-027ad61afdaf-1435873509176-1.7-f-26-hu.wav,..\dataset\hungry\8f5c01dc-6826-4076-a831-027ad61afdaf-1435873509176-1.7-f-26-hu.wav,hungry,hlad,dívka,2–6 měsíců,False,0,-446.27728271484375,111.40570068359375,-19.812288284301758,58.20386505126953,-31.237472534179688,38.08624267578125,-6.129342079162598,28.776283264160156,-7.779174327850342,20.74737548828125,-14.76657485961914,20.816194534301758,-0.2966141402721405,17.873342514038086,-2.304072856903076,16.1095027923584,-2.4508118629455566,17.096010208129883,2.165428876876831,19.478330612182617,-11.460912704467773,19.163368225097656,3.727757453918457,17.32754135131836,-7.290713787078857,15.488828659057617,0.36977866440798857,0.1934230416893232,0.08740931749343872,0.1324509084224701,1698.2598236785768,687.2302952039181,776.4953840150272,210.50084609918406,2512.8833808844506,857.0440802275692,0.0728013813495636,0.1800948977470398,-0.15529224276542664,13.912229537963867,0.02047593519091606,4.646894931793213,0.012830905616283417,4.612687110900879,0.004465693607926369,3.455655336380005,0.012384789995849133,2.5689589977264404,0.016655152663588524,2.6134145259857178,0.006793936248868704,2.1627392768859863,-0.007873370312154293,2.5280938148498535,-0.007735739462077618,2.397501230239868,-0.0008736527524888515,2.9318041801452637,0.021388787776231766,2.643170118331909,0.0001138287188950926,2.6093854904174805,0.0020794072188436985,2.560342788696289,0.23580950498580933,0.3230539858341217,0.25277552008628845,0.3564433157444,0.21337097883224487,0.30673736333847046,0.19718517363071442,0.28251776099205017,0.22284431755542755,0.32533740997314453,0.21166500449180603,0.30420398712158203,0.22042647004127502,0.3046015501022339,0.24545906484127045,0.3139949440956116,0.29567429423332214,0.3303162157535553,0.30443674325942993,0.33388596773147583,0.2872884273529053,0.33939406275749207,0.24628961086273193,0.3218865692615509
B2A105BB-347B-4878-A735-AA4ECF32CD16-1436864116-1.1-m-26-hu.wav,..\dataset\hungry\B2A105BB-347B-4878-A735-AA4ECF32CD16-1436864116-1.1-m-26-hu.wav,hungry,hlad,chlapec,2–6 měsíců,False,0,-274.33807373046875,65.42904663085938,-14.419169425964355,28.169267654418945,-20.1269588470459,18.8884334564209,-1.3318616151809692,13.115561485290527,-18.43195915222168,14.984124183654785,12.481103897094727,11.089244842529297,-16.203266143798828,13.504345893859863,-3.3082141876220703,14.099164009094238,-6.228450775146484,13.694844245910645,1.7040327787399292,18.758079528808594,-4.213414192199707,20.80238151550293,4.57893705368042,19.873878479003906,-8.967231750488281,19.249488830566406,0.42185828281027105,0.11817199941339522,0.14982430636882782,0.1295202225446701,1872.8451095605346,311.72260805486184,898.7664459622563,68.83717038880243,2914.7200427960056,301.6517136108991,0.09524846076965332,0.09296935796737671,0.022896088659763336,9.288043022155762,-0.12014533579349518,3.390854835510254,0.005938283633440733,2.454716444015503,0.04383467137813568,1.7306394577026367,0.007294593844562769,1.7502264976501465,0.026098042726516724,1.7492457628250122,0.019641941413283348,1.7490880489349365,-0.04900127649307251,2.02752423286438,-0.024778231978416443,2.107257604598999,-0.04955420270562172,2.4353928565979004,0.04268909990787506,2.6179287433624268,0.1126168817281723,2.731994390487671,0.02816617302596569,2.3334391117095947,0.44891253113746643,0.36957383155822754,0.3933597505092621,0.3243929147720337,0.4280937612056732,0.3560207784175873,0.2770596444606781,0.2559419274330139,0.2706640064716339,0.27726832032203674,0.258513480424881,0.2819215655326843,0.24754786491394043,0.2604643702507019,0.2751203179359436,0.29405221343040466,0.19384901225566864,0.19305813312530518,0.18409861624240875,0.22209806740283966,0.23910273611545563,0.24722667038440704,0.4525182545185089,0.37505778670310974
79FF400A-97E2-4701-987D-C7C850D5523C-1430089487-1.0-f-48-ti.wav,..\dataset\tired\79FF400A-97E2-4701-987D-C7C850D5523C-1430089487-1.0-f-48-ti.wav,tired,únava,dívka,4–8 týdnů,False,0,-459.4735107421875,139.24053955078125,9.424822807312012,52.057491302490234,-6.554677963256836,31.882413864135742,-1.7408111095428467,19.768571853637695,-11.327934265136719,14.759443283081055,-2.856025218963623,16.72153091430664,-15.444761276245117,15.956001281738281,-15.078893661499023,14.300908088684082,-8.780003547668457,15.870318412780762,-4.696176528930664,16.418420791625977,-3.6062099933624268,15.577929496765137,1.2216160297393799,16.92015838623047,-6.190972328186035,13.055932998657227,0.3415823377318117,0.188306907607382,0.046304427087306976,0.06679108738899231,1597.5923637198205,630.3478159245476,880.1243061928282,184.86629075690436,2543.2417974322398,841.993299424314,0.13080905377864838,0.15489885210990906,0.5466629266738892,14.956182479858398,0.019649120047688484,5.384945392608643,-0.049557190388441086,3.557224988937378,-0.009893270209431648,1.9609472751617432,-0.002653271658346057,1.9967496395111084,0.0046546910889446735,2.468651294708252,-0.03413253277540207,2.2193710803985596,-0.030451025813817978,2.218759536743164,-0.02881138026714325,2.35809063911438,0.04453727602958679,2.4126436710357666,0.04425784945487976,1.913841962814331,0.0640169307589531,1.901607632637024,-0.02991928532719612,1.73814857006073,0.41904687881469727,0.3378453850746155,0.41885772347450256,0.3137277066707611,0.4044354557991028,0.32137101888656616,0.40361398458480835,0.33188560605049133,0.4007086455821991,0.3326621949672699,0.3998928666114807,0.3397026062011719,0.3822052478790283,0.34436970949172974,0.3610037565231323,0.32084718346595764,0.3807290196418762,0.33126506209373474,0.3677249252796173,0.2948348820209503,0.38922715187072754,0.3138211965560913,0.41297414898872375,0.3333064913749695
602b06a7-31f0-4370-b35a-9cc81d205958-1430739585531-1.7-m-04-hu.wav,..\dataset\hungry\602b06a7-31f0-4370-b35a-9cc81d205958-1430739585531-1.7-m-04-hu.wav,hungry,hlad,chlapec,0–4 týdny,False,0,-362.1643981933594,109.52031707763672,79.61754608154297,23.093229293823242,-28.06546974182129,33.182247161865234,-7.522408485412598,14.612003326416016,-35.706478118896484,16.306875228881836,-9.58578872680664,14.095062255859375,-25.645299911499023,13.027765274047852,-5.121252059936523,12.67589282989502,-19.161087036132812,9.20937728881836,-6.448761940002441,10.740059852600098,-10.412096977233887,15.346147537231445,-1.949302315711975,14.496517181396484,-10.012311935424805,15.63198184967041,0.15309045114122682,0.045182569388396765,0.10713684558868408,0.14268963038921356,957.6547082146477,190.68230596697396,769.4958482812922,168.5382867349393,1801.199179743224,503.6755253548825,0.0472339503467083,0.10633627325296402,-0.02977788634598255,13.360939979553223,-0.015240014530718327,3.026658058166504,-0.01303186547011137,3.893399477005005,-0.007320191711187363,1.958391547203064,0.005612981505692005,2.324350595474243,0.006567414849996567,1.757327914237976,0.015210351906716824,1.6976335048675537,0.0033575512934476137,1.8766629695892334,-0.0006285271374508739,1.5980457067489624,-0.0027248202823102474,1.4807279109954834,-0.0027903395239263773,2.6124746799468994,-0.0029276807326823473,2.530292510986328,0.0008591333753429353,2.6734981536865234,0.2696603238582611,0.2864106297492981,0.30833351612091064,0.3072362542152405,0.33904680609703064,0.313630074262619,0.3348538875579834,0.3106410801410675,0.3616809844970703,0.31254005432128906,0.3966121971607208,0.324364572763443,0.4494493007659912,0.36236879229545593,0.421753466129303,0.35050198435783386,0.3169410824775696,0.2795652449131012,0.3367977440357208,0.30661576986312866,0.3731367290019989,0.3634337782859802,0.2839394807815552,0.2797292470932007
1259bcad-2308-46fa-9a36-b5d8f359886a-1430143668806-1.7-f-04-hu.wav,..\dataset\hungry\1259bcad-2308-46fa-9a36-b5d8f359886a-1430143668806-1.7-f-04-hu.wav,hungry,hlad,dívka,0–4 týdny,False,0,-433.6890563964844,115.40774536132812,75.32975006103516,40.47965621948242,-54.95475387573242,38.03410339355469,-25.49736785888672,29.157899856567383,-21.289270401000977,20.449430465698242,11.4179105758667,21.176822662353516,-22.913423538208008,17.04395294189453,-12.264596939086914,13.256547927856445,-19.29865837097168,15.06937026977539,8.642579078674316,17.065134048461914,6.530611038208008,19.907506942749023,0.5273167490959167,16.250469207763672,-16.59369659423828,13.115230560302734,0.18933889087018546,0.07057771806017736,0.061355285346508026,0.056959375739097595,934.3438278096954,303.09554597615534,600.3830515777356,223.68854361938284,1431.660128388017,627.8166507512682,0.08243606239557266,0.23895616829395294,4.353434945869594e-08,7.992562294006348,1.0883587364673986e-08,4.1764020919799805,-2.176717472934797e-08,3.1268246173858643,0.0,2.9954288005828857,2.7208968411684964e-09,2.43369722366333,0.0,2.55094575881958,-8.16269007941628e-09,2.118955612182617,2.7208968411684964e-09,2.0005805492401123,2.7208968411684964e-09,1.8722507953643799,-5.441793682336993e-09,2.0244178771972656,4.761569361022566e-09,2.2255637645721436,1.3604484205842482e-09,1.9749045372009277,-5.441793682336993e-09,1.804955244064331,0.49527212977409363,0.3725178837776184,0.21584665775299072,0.2610052824020386,0.10109894722700119,0.20237350463867188,0.10254712402820587,0.22615180909633636,0.11318214237689972,0.22066915035247803,0.1540459841489792,0.23089870810508728,0.19134843349456787,0.25905731320381165,0.2003224939107895,0.270293265581131,0.24221697449684143,0.32263651490211487,0.2986752390861511,0.32357412576675415,0.4540524482727051,0.35762009024620056,0.5997454524040222,0.3392472565174103
e37c323c-0edb-4942-be47-3cc0b2de00a1-1434392919844-1.7-f-26-hu.wav,..\dataset\hungry\e37c323c-0edb-4942-be47-3cc0b2de00a1-1434392919844-1.7-f-26-hu.wav,hungry,hlad,dívka,2–6 měsíců,False,0,-553.925537109375,101.34841918945312,50.653011322021484,35.235713958740234,-11.327425956726074,25.184677124023438,-6.015164375305176,23.416908264160156,-28.395753860473633,24.346588134765625,7.887664794921875,12.877306938171387,-10.066771507263184,14.9784517288208,-2.6023340225219727,13.383666038513184,-10.885279655456543,11.686285018920898,-6.768394947052002,11.090121269226074,-14.229679107666016,13.141707420349121,-4.154853820800781,14.491581916809082,-0.2471354454755783,16.149263381958008,0.24514644258202567,0.1346426145899654,0.014588317833840847,0.02025628834962845,1196.2340614863997,470.22425463908127,832.9493435853922,278.4506900280696,2138.1062767475037,866.4010910394775,0.1831284761428833,0.2398703247308731,-2.6120608254132094e-07,7.408350467681885,0.0,3.338268280029297,1.2244035119124419e-08,2.7195475101470947,0.0,2.39503812789917,0.0,2.432681083679199,-6.802241880876636e-09,1.7431480884552002,0.0,1.7606115341186523,3.401120940438318e-09,1.8152787685394287,5.441793682336993e-09,1.5635687112808228,-1.3604484205842482e-09,1.5695116519927979,0.0,1.7345963716506958,6.802241880876636e-09,1.7414630651474,0.0,1.716536283493042,0.30040910840034485,0.31613850593566895,0.26315173506736755,0.2906379997730255,0.26178741455078125,0.29720810055732727,0.3212398290634155,0.28646254539489746,0.48969584703445435,0.34768909215927124,0.5837351083755493,0.3323902189731598,0.4619605541229248,0.3408659100532532,0.3417845666408539,0.33813339471817017,0.3215576708316803,0.3507908880710602,0.29411786794662476,0.3395405411720276,0.2650071382522583,0.30040642619132996,0.2907771170139313,0.30479517579078674
177dc72e-d0f8-47ef-a5a7-3b46878e11a0-1430736358754-1.7-f-26-hu.wav,..\dataset\hungry\177dc72e-d0f8-47ef-a5a7-3b46878e11a0-1430736358754-1.7-f-26-hu.wav,hungry,hlad,dívka,2–6 měsíců,False,0,-401.88775634765625,129.9604034423828,36.254512786865234,28.16697883605957,-55.65320587158203,39.8552360534668,-9.571176528930664,16.144954681396484,-35.842384338378906,18.307506561279297,0.8239935636520386,14.648514747619629,-14.557369232177734,13.314403533935547,-10.556870460510254,13.189759254455566,-9.561738967895508,13.578431129455566,-1.0260961055755615,14.936013221740723,-0.5977254509925842,19.543922424316406,9.880385398864746,23.05550765991211,-2.911879777908325,17.662363052368164,0.27940553673323826,0.11320933437547157,0.10890816897153854,0.16407588124275208,1304.8028093549733,320.8462814276023,770.9854052867186,183.76597265271226,2158.3229315263907,510.83400718698937,0.11658181995153427,0.13554123044013977,-0.02669493667781353,13.106405258178711,-0.010471491143107414,3.4855048656463623,0.004047929774969816,4.188187599182129,-0.0018972037360072136,2.5777578353881836,0.0036627515219151974,2.2980477809906006,4.6400811697822064e-05,2.1251463890075684,0.002249762648716569,1.841528296470642,0.003164631547406316,2.0895347595214844,0.005477105267345905,1.9583228826522827,0.006197155453264713,2.4163224697113037,-0.001961369998753071,2.679422378540039,0.0018461407162249088,3.1496267318725586,-0.0037309371400624514,2.7909252643585205,0.421468049287796,0.3353402614593506,0.3922586739063263,0.3452609181404114,0.3815504312515259,0.3251618444919586,0.3666831851005554,0.32288503646850586,0.37159034609794617,0.32250863313674927,0.3628407418727875,0.3040599524974823,0.3302421569824219,0.29120928049087524,0.3374949097633362,0.3097614347934723,0.3784618377685547,0.31642231345176697,0.4401646852493286,0.3152206838130951,0.5206149816513062,0.34460368752479553,0.46597233414649963,0.322239488363266
e0717ce2-da25-417c-89a5-58d7175f4a6d-1436966513203-1.7-m-26-hu.wav,..\dataset\hungry\e0717ce2-da25-417c-89a5-58d7175f4a6d-1436966513203-1.7-m-26-hu.wav,hungry,hlad,chlapec,2–6 měsíců,False,0,-474.8771057128906,176.8192596435547,12.620329856872559,55.882301330566406,-24.933534622192383,24.58525276184082,-3.2496070861816406,17.560306549072266,-21.98307991027832,17.04051971435547,4.904182434082031,11.57469367980957,-15.958003997802734,11.312238693237305,-2.4792540073394775,8.562610626220703,-11.535961151123047,9.27409553527832,-2.361320734024048,7.821061134338379,-10.627479553222656,8.516401290893555,0.2971179783344269,8.796981811523438,-6.349222183227539,9.305335998535156,0.31370363766048504,0.18673300707653664,0.015890246257185936,0.017366383224725723,1374.3417984286918,680.0776265225925,777.7014115162084,321.8721293290906,2266.80634807418,1010.6215212035762,0.30054882168769836,0.2938872277736664,-4.353434803761047e-07,11.904227256774902,1.632538015883256e-08,4.951556205749512,-1.0883587364673986e-08,3.305612087249756,-1.3604484205842482e-09,2.6606557369232178,1.3604484205842482e-09,1.9167298078536987,2.7208968411684964e-09,1.5876491069793701,1.3604484205842482e-09,1.3881983757019043,-1.3604484205842482e-09,1.3442209959030151,-1.3604484205842482e-09,1.3376808166503906,2.7208968411684964e-09,1.0524336099624634,-1.3604484205842482e-09,1.1549856662750244,2.04067251985407e-09,1.2942907810211182,6.802242102921241e-10,1.3245859146118164,0.46082553267478943,0.31177133321762085,0.461135596036911,0.3090384900569916,0.44965383410453796,0.3091302216053009,0.48284268379211426,0.3172072768211365,0.4897622764110565,0.32520878314971924,0.46350374817848206,0.31248220801353455,0.46410754323005676,0.30991503596305847,0.4932992458343506,0.30677515268325806,0.47718000411987305,0.3070181608200073,0.4250282943248749,0.29171517491340637,0.40633541345596313,0.29741236567497253,0.4279210567474365,0.30777597427368164
8b1faa77-e3ac-48af-bf2a-58aadebefcba-1436798541805-1.7-m-04-hu.wav,..\dataset\hungry\8b1faa77-e3ac-48af-bf2a-58aadebefcba-1436798541805-1.7-m-04-hu.wav,hungry,hlad,chlapec,0–4 týdny,False,0,-596.8175659179688,108.34432220458984,25.34855842590332,23.927927017211914,-4.457610607147217,26.789592742919922,-3.9500274658203125,17.832447052001953,2.9721755981445312,12.304567337036133,9.983479499816895,11.735610961914062,-8.606772422790527,14.285587310791016,-2.8216052055358887,7.411900043487549,-5.491582870483398,10.16663646697998,-0.05315883457660675,7.740138053894043,-6.647288799285889,10.404206275939941,-4.795088291168213,7.1404595375061035,-2.3227531909942627,12.33090877532959,0.25253544044222537,0.10933555543452998,0.019131416454911232,0.06154678389430046,1373.4160573282325,458.6318822194565,990.3335327696651,323.63399267463745,2591.966833095578,887.8171441980104,0.30450737476348877,0.2333001047372818,-2.720896645769244e-07,9.232457160949707,2.7208968411684964e-09,3.8800160884857178,8.16269007941628e-09,3.165601968765259,-2.04067251985407e-09,2.0227291584014893,-4.761569361022566e-09,1.8355906009674072,-7.482466202191063e-09,1.768364429473877,1.020336259927035e-09,1.6287765502929688,-1.3604484205842482e-09,1.3527988195419312,1.3604484205842482e-09,1.3713688850402832,2.04067251985407e-09,1.212942361831665,4.08134503970814e-09,1.2884806394577026,6.802242102921241e-10,1.1307822465896606,-5.441793682336993e-09,1.8446029424667358,0.5721431374549866,0.29802271723747253,0.5600498914718628,0.3077079951763153,0.5023370385169983,0.3069174289703369,0.4833697974681854,0.305027574300766,0.5043342113494873,0.30216190218925476,0.5275179743766785,0.3030475080013275,0.5290340781211853,0.3068266808986664,0.4951293468475342,0.3098280429840088,0.5049710869789124,0.3288511335849762,0.5168485641479492,0.3253839910030365,0.5333817005157471,0.31841135025024414,0.5463829040527344,0.3078218996524811
3030d0e9-0c9b-4616-9b83-f10dc2dedbfd-1430053456045-1.7-m-26-hu.wav,..\dataset\hungry\3030d0e9-0c9b-4616-9b83-f10dc2dedbfd-1430053456045-1.7-m-26-hu.wav,hungry,hlad,chlapec,2–6 měsíců,False,0,-455.965576171875,141.368896484375,93.63801574707031,38.500450134277344,-25.393892288208008,33.72331619262695,-6.228738307952881,19.829452514648438,-19.69186019897461,16.272098541259766,1.9683818817138672,15.382588386535645,-13.50876522064209,13.50401496887207,-11.28656005859375,15.388839721679688,-16.166866302490234,11.945792198181152,-10.198158264160156,10.177278518676758,-9.156209945678711,10.837361335754395,-5.863626956939697,9.515898704528809,-3.7736122608184814,14.090678215026855,0.13883626069900143,0.06774054692879487,0.0316598154604435,0.033008743077516556,779.120046480965,302.4771349026261,634.2256621435075,226.43778576373236,1319.387482168331,574.8269126193671,0.10900171101093292,0.2796693742275238,-8.706869891739188e-08,12.68506908416748,-1.0883587364673986e-08,3.979508399963379,-5.441793682336993e-09,4.792276859283447,-1.632538015883256e-08,3.097886085510254,-2.7208968411684964e-09,2.3926079273223877,0.0,2.598940134048462,0.0,2.0993223190307617,8.16269007941628e-09,2.2178103923797607,5.441793682336993e-09,1.64060640335083,2.7208968411684964e-09,1.5959720611572266,1.3604484205842482e-09,1.7643089294433594,-1.3604484205842482e-09,1.70186185836792,6.802242102921241e-10,2.167393445968628,0.32254311442375183,0.3164094388484955,0.33662208914756775,0.30322855710983276,0.2981513738632202,0.28672710061073303,0.29183703660964966,0.31151556968688965,0.27625104784965515,0.2784745991230011,0.3451104164123535,0.3130897581577301,0.4414841830730438,0.34209534525871277,0.48445114493370056,0.34240615367889404,0.41341376304626465,0.3301478326320648,0.3564772307872772,0.3288794457912445,0.3339668810367584,0.33072298765182495,0.318437784910202,0.32283738255500793
1f40790f-68f2-4e7e-845e-715bd97c82d0-1429979603276-1.7-m-72-hu.wav,..\dataset\hungry\1f40790f-68f2-4e7e-845e-715bd97c82d0-1429979603276-1.7-m-72-hu.wav,hungry,hlad,chlapec,7 měsíců–2 roky,False,0,-498.4255676269531,109.369873046875,32.48972702026367,30.56578826904297,8.333672523498535,22.806581497192383,-7.501351356506348,16.925655364990234,-2.9764461517333984,14.295186042785645,-9.212603569030762,14.354080200195312,-9.681812286376953,11.542625427246094,-11.102154731750488,12.342509269714355,-7.09729528427124,11.84555435180664,-5.307452201843262,10.783010482788086,-9.8052978515625,10.858077049255371,-6.09924840927124,10.20294189453125,-8.433269500732422,10.887996673583984,0.2436363231098431,0.153723355854763,0.011545207351446152,0.022265242412686348,1378.4890237565999,548.48680673743,1053.9838691657287,324.0632566031982,2716.0083808844506,968.7254484239758,0.27004677057266235,0.25745609402656555,-3.0474043910544424e-07,8.111727714538574,5.441793682336993e-09,3.6788547039031982,-5.441793682336993e-09,2.913452386856079,0.0,1.943697214126587,-5.441793682336993e-09,1.72585129737854,6.802241880876636e-09,1.8120028972625732,0.0,1.7408236265182495,0.0,1.714961051940918,4.761569361022566e-09,1.6460778713226318,-1.3604484205842482e-09,1.5466396808624268,-8.16269007941628e-09,1.5169486999511719,0.0,1.3615182638168335,8.16269007941628e-09,1.444159984588623,0.45499035716056824,0.3117648661136627,0.4174725413322449,0.278472363948822,0.4329451620578766,0.3064689636230469,0.45299553871154785,0.30973416566848755,0.45815879106521606,0.31263014674186707,0.44485870003700256,0.3100335896015167,0.4456591308116913,0.3070814907550812,0.46664127707481384,0.3145931363105774,0.5167649984359741,0.33656397461891174,0.5359840989112854,0.33119964599609375,0.4513263404369354,0.28496670722961426,0.432876318693161,0.29894840717315674
771fa0cc-4535-471b-9cec-d26deff8d567-1429803644891-1.7-m-04-hu.wav,..\dataset\hungry\771fa0cc-4535-471b-9cec-d26deff8d567-1429803644891-1.7-m-04-hu.wav,hungry,hlad,chlapec,0–4 týdny,False,0,-360.64910888671875,127.74320983886719,28.518938064575195,29.136157989501953,-40.22346878051758,20.6962890625,-6.380241394042969,18.63552474975586,-37.2691535949707,22.97015380859375,-4.849157810211182,11.426395416259766,-0.7302682995796204,11.188719749450684,-2.090857744216919,9.907491683959961,-27.072542190551758,11.864041328430176,8.268827438354492,10.180167198181152,-15.614541053771973,14.043633460998535,-20.023164749145508,14.746249198913574,4.525238037109375,14.928337097167969,0.2760119472182596,0.11498024519640163,0.11673375964164734,0.10335958749055862,1312.4960863258354,357.7158227965339,807.3462715550942,182.59961878739327,2231.8339871611984,597.8976421287316,0.09984187036752701,0.16936013102531433,-0.02335391379892826,13.68669319152832,-0.019684765487909317,4.282986164093018,-0.0049712578766047955,3.0666327476501465,0.007612814195454121,2.290300130844116,0.0020489494781941175,2.3629345893859863,0.0003583393699955195,1.6893352270126343,-0.00017560803098604083,1.498570442199707,0.008504647761583328,1.6225584745407104,0.006952748168259859,1.6815627813339233,0.004917599260807037,1.5319410562515259,-0.001416458049789071,1.5804598331451416,-0.007330699823796749,1.7912722826004028,-0.011378861963748932,1.9322867393493652,0.16135719418525696,0.22397126257419586,0.1503097116947174,0.24414756894111633,0.16453413665294647,0.251068651676178,0.29342785477638245,0.27157047390937805,0.5479322075843811,0.3756207823753357,0.43894585967063904,0.33343058824539185,0.19739748537540436,0.22812753915786743,0.1821824014186859,0.2377023845911026,0.32241690158843994,0.3191640079021454,0.415517121553421,0.3924557864665985,0.30242040753364563,0.34489649534225464,0.17418426275253296,0.1946110874414444
70d30513-0ec3-49e4-9976-e85785e85c2d-1431033390358-1.7-m-04-hu.wav,..\dataset\hungry\70d30513-0ec3-49e4-9976-e85785e85c2d-1431033390358-1.7-m-04-hu.wav,hungry,hlad,chlapec,0–4 týdny,False,0,-528.263427734375,211.309326171875,7.123864650726318,25.18626594543457,-12.35067081451416,27.551481246948242,-13.839015007019043,23.635488510131836,-11.081253051757812,17.489925384521484,-0.1877809762954712,9.415321350097656,-10.953922271728516,13.830037117004395,0.6245223879814148,12.901037216186523,-7.442869663238525,13.657234191894531,3.5970160961151123,13.834294319152832,-2.2270352840423584,14.058380126953125,2.55737566947937,15.764557838439941,-3.6521048545837402,15.326297760009766,0.27000490370898717,0.14321071104816124,0.054674096405506134,0.08756428956985474,1492.2635842418777,449.20844208616535,1007.5443949383058,253.9766353430216,2774.4739657631953,689.9349199896674,0.21641337871551514,0.21851956844329834,-0.2155282348394394,14.738859176635742,-0.012904380448162556,3.0605146884918213,0.024676885455846786,2.337831735610962,0.031125398352742195,2.42500638961792,0.007043748628348112,2.034715414047241,0.00811854749917984,1.3906023502349854,0.008899443782866001,1.4787311553955078,-0.024565163999795914,1.837938904762268,0.009426468051970005,1.9732861518859863,-0.004627254791557789,1.8837485313415527,0.0188332200050354,1.694711446762085,0.015326296910643578,1.9958016872406006,0.0080983005464077,2.1896605491638184,0.38969171047210693,0.3216622471809387,0.3738681972026825,0.3184707760810852,0.4034239649772644,0.3342674672603607,0.4225401282310486,0.32608145475387573,0.4381887912750244,0.3146827220916748,0.4795127809047699,0.3274928331375122,0.49536463618278503,0.3331991732120514,0.46775078773498535,0.3370811343193054,0.4699704349040985,0.3425806164741516,0.48788294196128845,0.35770681500434875,0.4782376289367676,0.3487136662006378,0.45075395703315735,0.3376446068286896
64acb345-a61e-4ef3-a5a6-cf83c04b83f1-1430058973897-1.7-m-72-hu.wav,..\dataset\hungry\64acb345-a61e-4ef3-a5a6-cf83c04b83f1-1430058973897-1.7-m-72-hu.wav,hungry,hlad,chlapec,7 měsíců–2 roky,False,0,-362.74432373046875,106.38301086425781,33.263240814208984,19.316932678222656,-21.897329330444336,20.651498794555664,-15.792649269104004,30.808685302734375,-27.970903396606445,19.853456497192383,-7.241281986236572,14.612003326416016,-14.88969898223877,15.153836250305176,0.5290924310684204,17.558177947998047,-0.801950216293335,15.551650047302246,2.710902452468872,17.914194107055664,-10.269930839538574,13.643021583557129,-10.68139934539795,14.161354064941406,-12.193727493286133,10.398816108703613,0.2330933487874465,0.09497082681726618,0.1137489378452301,0.16727383434772491,1268.3535258082143,388.0341355003402,894.5869616763858,265.4057556418357,2347.4054921540655,786.7937296255218,0.2072506695985794,0.23783008754253387,-2.829732750342373e-07,9.1962308883667,1.0883587364673986e-08,2.792638063430786,-1.632538015883256e-08,2.590961217880249,9.523138722045132e-09,3.1015965938568115,1.0883587364673986e-08,2.61230206489563,-5.441793682336993e-09,2.0985195636749268,8.16269007941628e-09,2.48879075050354,0.0,2.058361053466797,1.3604484205842482e-09,2.6447339057922363,-1.3604484205842482e-09,2.5426251888275146,6.802241880876636e-09,2.2174739837646484,-2.7208968411684964e-09,2.082056999206543,0.0,1.401111125946045,0.4417989253997803,0.3428141474723816,0.530307948589325,0.3577483594417572,0.5518160462379456,0.33864402770996094,0.4998631179332733,0.32784485816955566,0.40969035029411316,0.3207240700721741,0.32741349935531616,0.2905534505844116,0.30472490191459656,0.29964253306388855,0.304292231798172,0.2955377697944641,0.29720208048820496,0.2938518226146698,0.27259284257888794,0.2653793394565582,0.30808591842651367,0.29733550548553467,0.4033517837524414,0.37168052792549133
c10e2b0f-0cb8-4485-b82f-d453edf97db7-1430738986076-1.7-f-26-hu.wav,..\dataset\hungry\c10e2b0f-0cb8-4485-b82f-d453edf97db7-1430738986076-1.7-f-26-hu.wav,hungry,hlad,dívka,2–6 měsíců,False,0,-697.1244506835938,156.72203063964844,51.699302673339844,36.085811614990234,-26.449419021606445,45.792842864990234,16.85786247253418,23.11083221435547,-20.583545684814453,18.837158203125,-8.347220420837402,13.95458984375,-13.846784591674805,13.741886138916016,-12.407658576965332,11.225748062133789,-11.217403411865234,12.085184097290039,-6.939781665802002,11.451398849487305,-3.082165241241455,12.812887191772461,-4.3166046142578125,14.996898651123047,-6.058324813842773,12.740431785583496,0.22998952389443653,0.11389738501146289,0.0045477245002985,0.006629694253206253,1199.721739735244,421.62703595575675,821.7602835009177,316.94596733488925,2109.107524964337,814.907949617257,0.1734534204006195,0.23675936460494995,-3.0474043910544424e-07,10.278749465942383,0.0,3.61081600189209,5.441793682336993e-09,3.2991225719451904,5.441793682336993e-09,2.3324646949768066,-1.4964932404382125e-08,1.9224448204040527,1.3604484205842482e-09,1.8491050004959106,0.0,1.6811776161193848,-5.441793682336993e-09,1.560983419418335,-6.802241880876636e-09,1.7797541618347168,8.16269007941628e-09,1.6559373140335083,0.0,1.5114037990570068,2.7208968411684964e-09,1.8861733675003052,2.7208968411684964e-09,1.8527644872665405,0.3354581892490387,0.2960970997810364,0.3819270133972168,0.3280116319656372,0.43180179595947266,0.3545045852661133,0.4078979790210724,0.3262243866920471,0.4602397382259369,0.34763339161872864,0.46664005517959595,0.33585479855537415,0.42654892802238464,0.32329902052879333,0.40063437819480896,0.320260614156723,0.42105376720428467,0.32566606998443604,0.47191426157951355,0.3554477095603943,0.41297823190689087,0.32031381130218506,0.3711979389190674,0.3136754333972931
f896b69d-6241-4b51-9c45-0d628bc827c1-1430090400166-1.7-m-72-hu.wav,..\dataset\hungry\f896b69d-6241-4b51-9c45-0d628bc827c1-1430090400166-1.7-m-72-hu.wav,hungry,hlad,chlapec,7 měsíců–2 roky,False,0,-500.3494873046875,105.43431091308594,34.27356719970703,57.34324264526367,-22.291013717651367,42.854583740234375,16.168792724609375,24.840513229370117,-10.262001991271973,27.419591903686523,-13.978384971618652,19.247617721557617,-18.948684692382812,23.211320877075195,5.964181900024414,27.54962921142578,-8.468632698059082,24.310884475708008,0.5291697382926941,20.35858154296875,-8.447029113769531,13.522391319274902,-11.04516887664795,15.104300498962402,-10.962571144104004,14.367594718933105,0.20793955064194009,0.1321700466443485,0.06182737275958061,0.07778392732143402,1093.3301867853916,481.120131258957,678.1952487783062,230.4691207722683,1780.8933666191156,728.215892505255,0.07017643004655838,0.22192512452602386,-2.0678815815244889e-07,9.159469604492188,-2.176717472934797e-08,4.539018630981445,-6.802241880876636e-09,3.865030527114868,2.7208968411684964e-09,2.7131989002227783,2.7208968411684964e-09,2.8905723094940186,-2.7208968411684964e-09,2.4570367336273193,-6.802241880876636e-09,2.963221549987793,-5.441793682336993e-09,2.7420597076416016,-1.0883587364673986e-08,2.658543586730957,5.441793682336993e-09,2.3119232654571533,2.7208968411684964e-09,1.9084666967391968,-2.7208968411684964e-09,1.9475773572921753,0.0,1.9306974411010742,0.3954533636569977,0.37299761176109314,0.31641095876693726,0.3275485038757324,0.2263859212398529,0.2769371271133423,0.21739791333675385,0.2961801588535309,0.2721828520298004,0.33074721693992615,0.3140741288661957,0.3491118848323822,0.2533015310764313,0.3167102336883545,0.19049827754497528,0.24081796407699585,0.2328745424747467,0.2852151393890381,0.29051119089126587,0.3403804898262024,0.35079872608184814,0.4054451584815979,0.38118675351142883,0.4035320281982422
3030d0e9-0c9b-4616-9b83-f10dc2dedbfd-1430326171876-1.7-m-26-hu.wav,..\dataset\hungry\3030d0e9-0c9b-4616-9b83-f10dc2dedbfd-1430326171876-1.7-m-26-hu.wav,hungry,hlad,chlapec,2–6 měsíců,False,0,-526.0199584960938,148.904296875,13.376838684082031,31.05746841430664,-7.326681137084961,25.535362243652344,-4.036538124084473,16.48822593688965,-34.564125061035156,21.927791595458984,12.354307174682617,15.29568862915039,-25.22559356689453,15.999310493469238,1.6205260753631592,10.326668739318848,-7.371511459350586,12.081441879272461,-8.333174705505371,12.350309371948242,-4.371061325073242,10.739500999450684,-0.9900043606758118,17.19198989868164,2.6125354766845703,17.641572952270508,0.34371099322396576,0.17824542388141612,0.022630885243415833,0.04367658868432045,1510.568974988103,573.0812357010893,868.8509236900558,294.0120987740202,2444.365192582026,798.8566748228282,0.17754286527633667,0.2665981650352478,-2.6120608254132094e-07,15.07326889038086,-1.0883587364673986e-08,4.085389137268066,1.632538015883256e-08,3.4204678535461426,-6.802242102921241e-10,2.2960543632507324,1.3604484205842482e-09,2.4454946517944336,1.3604484205842482e-09,1.8969762325286865,-9.523138722045132e-09,1.9575244188308716,2.04067251985407e-09,1.4461251497268677,4.08134503970814e-09,1.5383638143539429,0.0,1.6216247081756592,-2.04067251985407e-09,1.5885114669799805,4.08134503970814e-09,1.9373339414596558,1.3604484205842482e-09,1.937673568725586,0.2739327549934387,0.29916912317276,0.32310181856155396,0.29583293199539185,0.4909469485282898,0.35771775245666504,0.4827139973640442,0.33880162239074707,0.3819452226161957,0.3241155743598938,0.36065664887428284,0.32940325140953064,0.3083649277687073,0.3258572220802307,0.2390488088130951,0.2608129680156708,0.2210690677165985,0.2621033787727356,0.17676037549972534,0.23439180850982666,0.20445266366004944,0.28741705417633057,0.2563227713108063,0.3207269608974457
549a46d8-9c84-430e-ade8-97eae2bef787-1430130772174-1.7-m-48-bp.wav,..\dataset\belly_pain\549a46d8-9c84-430e-ade8-97eae2bef787-1430130772174-1.7-m-48-bp.wav,belly_pain,bolest břicha,chlapec,4–8 týdnů,False,0,-603.4698486328125,170.61802673339844,29.081409454345703,52.59184265136719,-35.14353942871094,38.822078704833984,-1.1577891111373901,14.055615425109863,-27.936494827270508,21.537233352661133,2.9964852333068848,11.408971786499023,-16.72911262512207,21.085132598876953,0.7059414982795715,11.601128578186035,-8.900908470153809,11.530367851257324,-9.43399429321289,9.171182632446289,-7.2334208488464355,10.51287841796875,6.617824077606201,16.897844314575195,16.37843132019043,24.46975326538086,0.24374219864479316,0.13908383291042734,0.018940797075629234,0.023428915068507195,1238.2379117184405,546.1812389280551,743.5293568243444,294.5480763233643,2090.54029957204,858.7464914515199,0.15075011551380157,0.28044572472572327,4.353434945869594e-08,9.744056701660156,1.0883587364673986e-08,3.503087282180786,1.632538015883256e-08,3.9016966819763184,-2.7208968411684964e-09,2.339937210083008,-5.441793682336993e-09,2.5240402221679688,1.3604484205842482e-09,1.4695165157318115,-2.7208968411684964e-09,1.5454437732696533,0.0,1.535590410232544,0.0,1.2233459949493408,0.0,1.1507129669189453,5.441793682336993e-09,1.4306710958480835,4.761569361022566e-09,1.6795850992202759,2.7208968411684964e-09,2.2750494480133057,0.16127260029315948,0.23807306587696075,0.21403734385967255,0.24750006198883057,0.39795970916748047,0.364094614982605,0.4256429076194763,0.3682630956172943,0.3818873167037964,0.3566892445087433,0.3510257303714752,0.3327573537826538,0.36390846967697144,0.3530048727989197,0.37669238448143005,0.3427785634994507,0.24361133575439453,0.2733544707298279,0.1853867918252945,0.26872214674949646,0.17673976719379425,0.2608082592487335,0.1673395037651062,0.252777636051178
8f4dbf5a-b504-4452-b6ac-94e646a6a052-1430727792958-1.7-f-72-hu.wav,..\dataset\hungry\8f4dbf5a-b504-4452-b6ac-94e646a6a052-1430727792958-1.7-f-72-hu.wav,hungry,hlad,dívka,7 měsíců–2 roky,False,0,-570.4385986328125,92.78836822509766,69.25096893310547,31.566757202148438,-6.5274553298950195,23.181108474731445,-6.226415634155273,16.15509605407715,-10.531915664672852,14.1865816116333,-16.7402286529541,15.836446762084961,-15.262802124023438,11.839630126953125,-1.6719543933868408,11.26256275177002,-15.213961601257324,12.395196914672852,-3.200847625732422,10.06500244140625,-8.327330589294434,9.833773612976074,-3.337024211883545,9.67851734161377,-9.720573425292969,12.593935012817383,0.16407921718972895,0.08677221687282001,0.006457093637436628,0.008356382139027119,1022.9684451929725,373.0109822520158,858.8606494140091,250.71913103839196,1932.8860556348075,754.965257537184,0.117084801197052,0.2142525464296341,-0.1412830650806427,10.168058395385742,-0.04106024652719498,4.3776397705078125,0.02039414271712303,3.7715518474578857,0.010462726466357708,2.5531232357025146,0.0023754939902573824,2.3871939182281494,0.009994717314839363,2.3171215057373047,0.004160743672400713,1.8517762422561646,-0.00888737291097641,1.8613154888153076,-0.009986918419599533,1.8253753185272217,-0.0007263324805535376,1.525671362876892,0.005307846702635288,1.588931679725647,0.006649017333984375,1.487778663635254,0.009797780774533749,1.7796692848205566,0.3062792122364044,0.3215310573577881,0.34845396876335144,0.3150824308395386,0.4304157495498657,0.35283324122428894,0.44283774495124817,0.3597468137741089,0.3790919780731201,0.3329555094242096,0.3479091227054596,0.3204524517059326,0.3663632273674011,0.3401976525783539,0.3042648732662201,0.306144118309021,0.2950250208377838,0.3238886594772339,0.3163774609565735,0.31206387281417847,0.3359353542327881,0.33364126086235046,0.30300676822662354,0.29637864232063293
4be720ce-a5e5-4a48-930f-a212f8a239f6-1434737668804-1.7-f-48-hu.wav,..\dataset\hungry\4be720ce-a5e5-4a48-930f-a212f8a239f6-1434737668804-1.7-f-48-hu.wav,hungry,hlad,dívka,4–8 týdnů,False,0,-610.7218017578125,126.13172149658203,49.710235595703125,33.26164245605469,-19.19059181213379,34.33893585205078,-0.5395532250404358,21.809921264648438,-3.906768321990967,14.970829963684082,0.9040154814720154,12.962728500366211,-11.691844940185547,12.030678749084473,-5.113780498504639,10.072184562683105,-11.605761528015137,10.014566421508789,-2.3678853511810303,11.952150344848633,-8.513001441955566,11.544325828552246,-3.480617046356201,14.054274559020996,-7.104790210723877,11.012557983398438,0.2083686251783167,0.08281386570810197,0.0073043364100158215,0.015909994021058083,1205.2624682896753,326.06159774119584,910.1032737620801,236.30670138199835,2256.575427960057,674.8469006275054,0.17682431638240814,0.18450233340263367,0.015583490021526814,9.799480438232422,0.009757701307535172,3.9380226135253906,-0.001988382311537862,3.624382257461548,-0.0009779324755072594,3.310098171234131,0.0006120085599832237,2.082097053527832,0.0012941781897097826,1.9492634534835815,0.0012697214260697365,2.0859479904174805,-0.00101077847648412,1.7626677751541138,-0.006434033624827862,1.7320741415023804,-0.005270831286907196,1.6721113920211792,-0.0007564963889308274,1.6565744876861572,0.001593144959770143,1.7517591714859009,-0.00032025089603848755,1.8331589698791504,0.5010978579521179,0.28778329491615295,0.5271957516670227,0.29795733094215393,0.49143531918525696,0.30365118384361267,0.46537140011787415,0.30199629068374634,0.4563947916030884,0.28796300292015076,0.44594278931617737,0.2910420298576355,0.48283275961875916,0.31931138038635254,0.5208574533462524,0.32760387659072876,0.5641691088676453,0.33510640263557434,0.5973294973373413,0.319184809923172,0.5497490167617798,0.29445159435272217,0.5128104090690613,0.2982754409313202
2ad6d558-32f2-4bfd-99c5-cbd31ee3bb11-1430064396119-1.7-m-72-hu.wav,..\dataset\hungry\2ad6d558-32f2-4bfd-99c5-cbd31ee3bb11-1430064396119-1.7-m-72-hu.wav,hungry,hlad,chlapec,7 měsíců–2 roky,False,0,-446.931884765625,98.13404846191406,64.25003051757812,31.870946884155273,-17.506574630737305,22.985946655273438,-38.91102981567383,20.615739822387695,-31.874130249023438,22.747831344604492,-10.44192123413086,17.64078712463379,-10.999988555908203,13.632043838500977,-2.0548386573791504,14.13739013671875,-15.208950996398926,12.429645538330078,-1.5412517786026,14.648653984069824,-4.394077777862549,10.885692596435547,-1.8475641012191772,15.203794479370117,-4.289402961730957,17.003929138183594,0.17516828637660484,0.08343773079295054,0.02860543318092823,0.0323956273496151,1000.1179270079423,371.92316274479896,786.8130100023582,275.7995178178417,1836.5950427960056,868.2885809564692,0.11456069350242615,0.2613147497177124,-2.6120608254132094e-07,6.12117338180542,0.0,3.4741294384002686,2.7208968411684964e-09,2.7318105697631836,5.441793682336993e-09,2.1584300994873047,0.0,2.51841402053833,-1.0883587364673986e-08,2.1282920837402344,0.0,1.9738737344741821,4.08134503970814e-09,2.0529510974884033,5.441793682336993e-09,1.6763219833374023,6.802241880876636e-09,1.8150593042373657,1.2244035119124419e-08,1.7415196895599365,2.7208968411684964e-09,1.8734781742095947,9.523138722045132e-09,1.9005604982376099,0.2304224669933319,0.28569909930229187,0.23254366219043732,0.30850473046302795,0.25957342982292175,0.30294322967529297,0.30366387963294983,0.33964425325393677,0.27213335037231445,0.31885239481925964,0.24641533195972443,0.28176048398017883,0.32872653007507324,0.3534986078739166,0.3350421190261841,0.32298755645751953,0.3441385328769684,0.33718863129615784,0.28551918268203735,0.31127890944480896,0.2688094973564148,0.3173159658908844,0.2501911520957947,0.3072219789028168
5f0a1ed4-ee2c-493c-bc00-6b56aad78a72-1430933240505-1.7-m-72-hu.wav,..\dataset\hungry\5f0a1ed4-ee2c-493c-bc00-6b56aad78a72-1430933240505-1.7-m-72-hu.wav,hungry,hlad,chlapec,7 měsíců–2 roky,False,0,-633.7581176757812,99.63514709472656,9.334224700927734,38.08597946166992,-19.04512596130371,24.273696899414062,-0.441435843706131,15.256917953491211,-13.96645736694336,20.49993896484375,-1.294773817062378,17.693199157714844,-7.789309024810791,14.541447639465332,5.070012092590332,15.415643692016602,-5.441929340362549,13.302129745483398,5.028833866119385,13.79915714263916,-8.641789436340332,15.255655288696289,3.578753709793091,11.426532745361328,-5.794095993041992,11.472766876220703,0.3312956936519258,0.13187178844480654,0.005990920122712851,0.012120544910430908,1562.8851598003453,472.06734155441603,927.5564743599425,267.3085003050843,2705.443116975749,741.8611369996831,0.26133477687835693,0.2304290533065796,-0.4179813861846924,9.93188190460205,0.008168093860149384,3.854511022567749,-0.002284350572153926,3.1005711555480957,-0.0671820193529129,2.314544200897217,0.008915292099118233,2.98343563079834,0.03673464059829712,2.194211483001709,-0.006040709093213081,2.046992301940918,0.003846421604976058,2.0577144622802734,0.034093718975782394,1.9769246578216553,-0.0369846448302269,1.9486331939697266,-0.010081018321216106,2.1023130416870117,0.006601107306778431,1.8524737358093262,0.021346595138311386,1.7985455989837646,0.3728967308998108,0.314258873462677,0.3580666184425354,0.31059035658836365,0.36254486441612244,0.3058922290802002,0.3961471617221832,0.3268928825855255,0.42310014367103577,0.336019366979599,0.38651618361473083,0.3211223781108856,0.387466162443161,0.31950241327285767,0.4210180640220642,0.34327760338783264,0.43321508169174194,0.350285142660141,0.4343957006931305,0.3468007445335388,0.399044007062912,0.30880552530288696,0.4144611060619354,0.32463306188583374
f5b29377-7cd6-4688-942c-5a07add39dc5-1437178455960-1.7-f-26-hu.wav,..\dataset\hungry\f5b29377-7cd6-4688-942c-5a07add39dc5-1437178455960-1.7-f-26-hu.wav,hungry,hlad,dívka,2–6 měsíců,False,0,-494.97552490234375,123.16620635986328,50.267391204833984,40.46451950073242,-30.996871948242188,48.8408317565918,-15.017965316772461,24.182653427124023,-20.20302391052246,17.659767150878906,7.2510175704956055,19.254186630249023,-16.985063552856445,13.65078353881836,-11.619063377380371,14.228574752807617,-11.27975082397461,11.786783218383789,-9.620185852050781,11.496572494506836,-9.169265747070312,12.021758079528809,-6.900318145751953,13.887734413146973,-0.4234095811843872,17.637466430664062,0.25295894258202567,0.11444601980086502,0.04586873576045036,0.0766177624464035,1264.5080349369164,378.20392382758365,826.7101133045355,255.34381117212564,2162.713980028531,713.0693956998875,0.09916131943464279,0.09007841348648071,0.11415804177522659,8.845016479492188,0.07268785685300827,4.614319801330566,-0.0017765170196071267,4.1657609939575195,-0.014226263388991356,2.7913601398468018,-0.005917524453252554,2.2106263637542725,-0.006705516017973423,2.5812971591949463,0.0032536068465560675,1.9969773292541504,-0.017628950998187065,1.9136611223220825,-0.0021345149725675583,1.7493443489074707,0.01714077591896057,1.7729291915893555,-0.017267104238271713,1.6809847354888916,-0.005147245712578297,1.9466558694839478,-0.014132481999695301,2.48580002784729,0.4409031569957733,0.32634520530700684,0.38247424364089966,0.31014424562454224,0.3593366742134094,0.32389429211616516,0.3156324625015259,0.2886706292629242,0.3488253057003021,0.3077881336212158,0.37898731231689453,0.29946279525756836,0.3950771689414978,0.3134073317050934,0.4007638096809387,0.3235221803188324,0.43262869119644165,0.3479168713092804,0.41628217697143555,0.33154746890068054,0.43268918991088867,0.35778743028640747,0.4494049847126007,0.3409898579120636
8c920fd0-fa9f-4926-bcac-074767dcbfcd-1436850948195-1.7-m-04-hu.wav,..\dataset\hungry\8c920fd0-fa9f-4926-bcac-074767dcbfcd-1436850948195-1.7-m-04-hu.wav,hungry,hlad,chlapec,0–4 týdny,False,0,-593.5289916992188,128.99949645996094,46.66912078857422,44.69431686401367,-1.3982093334197998,29.711978912353516,-7.69285249710083,19.74883460998535,-1.6348234415054321,12.846476554870605,-6.545612812042236,13.99849796295166,-12.715384483337402,15.327458381652832,-3.3162624835968018,12.962854385375977,-10.501646995544434,14.590961456298828,-3.0830719470977783,12.446839332580566,-5.6508588790893555,16.239849090576172,-2.9950127601623535,15.763640403747559,-7.672236442565918,11.751870155334473,0.1941200071326676,0.1174365694571267,0.01014400739222765,0.017960071563720703,1172.5133159479053,480.09213475188096,933.0010337310381,256.37673382742497,2278.5083808844506,855.9335713546228,0.1604864001274109,0.2383587509393692,-1.5237021955272212e-07,10.71541976928711,-2.176717472934797e-08,4.473718166351318,5.441793682336993e-09,3.19925594329834,2.7208968411684964e-09,2.647055149078369,3.401120940438318e-09,2.125380516052246,1.0883587364673986e-08,2.0607197284698486,4.08134503970814e-09,1.9533957242965698,2.7208968411684964e-09,1.9575806856155396,-2.7208968411684964e-09,1.953584909439087,2.7208968411684964e-09,2.0352399349212646,0.0,2.1204001903533936,4.08134503970814e-09,2.0185012817382812,4.08134503970814e-09,1.7775368690490723,0.3545151352882385,0.32090893387794495,0.37600624561309814,0.320333331823349,0.400512158870697,0.3185349404811859,0.42159706354141235,0.32097259163856506,0.4619063138961792,0.3313791751861572,0.4948156177997589,0.3357587158679962,0.4775776267051697,0.333061546087265,0.4741254448890686,0.3518698513507843,0.4597274661064148,0.3520503342151642,0.43889936804771423,0.3437095582485199,0.3837164342403412,0.31252187490463257,0.3656211793422699,0.31857919692993164
375308C6-F894-49A5-B246-8C2819E9C6ED-1430416651-1.0-m-04-hu.wav,..\dataset\hungry\375308C6-F894-49A5-B246-8C2819E9C6ED-1430416651-1.0-m-04-hu.wav,hungry,hlad,chlapec,0–4 týdny,False,0,-552.9592895507812,95.04972839355469,32.23165512084961,30.98442268371582,-14.019390106201172,26.851961135864258,-8.275503158569336,17.332063674926758,-25.939594268798828,15.84105110168457,-13.729984283447266,17.07494354248047,-23.005325317382812,14.092242240905762,-8.780777931213379,12.097481727600098,-13.293116569519043,12.655693054199219,-9.602654457092285,15.048763275146484,-1.7070485353469849,18.965007781982422,-0.9736186861991882,16.446996688842773,-3.1663641929626465,19.188304901123047,0.26337932417974325,0.1154104857076439,0.010077939368784428,0.010999154299497604,1358.2709482090106,301.5064963167103,961.4226443857724,142.09549313831621,2505.8844507845934,438.8911168714122,0.09615746885538101,0.10784612596035004,0.2473776638507843,7.854889869689941,0.0018787275766953826,3.5515947341918945,-0.026788219809532166,3.098418712615967,-0.00191171292681247,2.1382057666778564,-0.007835954427719116,2.0989673137664795,-0.011871768161654472,1.944599986076355,-0.0021757895592600107,1.559030294418335,0.01827620342373848,1.6604543924331665,0.02006611041724682,1.7863309383392334,-0.025961892679333687,1.7557988166809082,0.02795431576669216,1.7474215030670166,0.0512845516204834,2.001304864883423,0.03850719332695007,1.9425013065338135,0.33331677317619324,0.29779160022735596,0.3122282922267914,0.32439684867858887,0.35536399483680725,0.3422512710094452,0.46311238408088684,0.3718049228191376,0.35967937111854553,0.31145718693733215,0.2835825979709625,0.2926095128059387,0.3198034167289734,0.3074668347835541,0.35881027579307556,0.33204805850982666,0.36382684111595154,0.34587469696998596,0.3587868809700012,0.32656753063201904,0.3559351861476898,0.31626278162002563,0.3884160816669464,0.32437849044799805
ed31b187-34af-4ff1-979c-3b8a5905fb7b-1430044853892-1.7-f-04-hu.wav,..\dataset\hungry\ed31b187-34af-4ff1-979c-3b8a5905fb7b-1430044853892-1.7-f-04-hu.wav,hungry,hlad,dívka,0–4 týdny,False,0,-471.7861022949219,157.50767517089844,41.656375885009766,43.609928131103516,-19.789182662963867,31.61629295349121,4.082731246948242,17.8288516998291,-11.7285795211792,15.883761405944824,-7.652140140533447,14.920429229736328,-15.963769912719727,13.138548851013184,1.4775639772415161,15.732946395874023,-17.650554656982422,13.444735527038574,-5.054533004760742,9.693270683288574,-11.940752983093262,10.429330825805664,-5.158242225646973,12.362927436828613,-4.9202680587768555,16.97487449645996,0.23278686697574894,0.13263349969305768,0.037152908742427826,0.05367914214730263,1208.0724269685843,452.86329403551514,847.737846452852,247.24319996926255,2160.819365192582,762.9095091255003,0.13746483623981476,0.22200456261634827,0.06762190163135529,10.024391174316406,0.052940092980861664,4.89386510848999,0.007034723646938801,3.362779378890991,-0.003478503320366144,2.3329930305480957,-0.007041120436042547,2.244191884994507,-0.008515233173966408,1.8122366666793823,-0.021394701674580574,1.7145159244537354,-0.012478981167078018,1.8508230447769165,0.0036250289995223284,1.6854151487350464,-0.004887769930064678,1.5073341131210327,-0.008668433874845505,1.5679031610488892,-0.010535171255469322,1.717625617980957,-0.00878073275089264,2.0934250354766846,0.32431504130363464,0.3185390830039978,0.32269778847694397,0.31766197085380554,0.3546953499317169,0.316921591758728,0.39609745144844055,0.311068594455719,0.42923134565353394,0.32931435108184814,0.4243661165237427,0.3213692307472229,0.45444566011428833,0.3434014320373535,0.4823026657104492,0.35027363896369934,0.4333059787750244,0.31432774662971497,0.3755788207054138,0.317878395318985,0.3386445641517639,0.32598596811294556,0.33523091673851013,0.32919546961784363
4D43D6CD-C084-4081-ABF3-8B25951B2D75-1430146631-1.0-m-04-hu.wav,..\dataset\hungry\4D43D6CD-C084-4081-ABF3-8B25951B2D75-1430146631-1.0-m-04-hu.wav,hungry,hlad,chlapec,0–4 týdny,False,0,-470.30194091796875,129.228515625,17.940324783325195,28.6663875579834,-22.78631591796875,26.381589889526367,-5.583785533905029,19.683006286621094,-31.180450439453125,18.9663028717041,7.778453826904297,14.384288787841797,-16.176025390625,13.130284309387207,-19.886180877685547,14.946654319763184,-11.83292007446289,16.546836853027344,0.9682354927062988,25.10625648498535,9.285588264465332,28.109432220458984,3.2306621074676514,22.198505401611328,-4.212562561035156,24.72244644165039,0.28122213801711843,0.148625153870054,0.04594005271792412,0.049579087644815445,1393.317297584925,399.6498894840449,884.2867696621436,105.70608321920658,2361.046718972896,458.13626376140286,0.09272563457489014,0.10765673220157623,0.014188497327268124,9.919322967529297,-0.001128791249357164,4.799398422241211,0.01306578703224659,3.9897587299346924,0.011183833703398705,2.7199809551239014,-0.0036978006828576326,2.782649517059326,0.012279325164854527,1.9931586980819702,-0.0016227292362600565,1.8815913200378418,0.015414840541779995,2.172340154647827,-0.0011502808192744851,2.0228497982025146,-0.016863470897078514,2.3089747428894043,0.026915866881608963,2.9019739627838135,0.004955993965268135,3.265368700027466,-0.002164805307984352,3.31999135017395,0.3000377416610718,0.3059175908565521,0.23749200999736786,0.2912205159664154,0.2700831890106201,0.29068222641944885,0.33729276061058044,0.35778865218162537,0.3066549599170685,0.3483404517173767,0.27114138007164,0.31483978033065796,0.2788694202899933,0.3148794174194336,0.29986292123794556,0.33353644609451294,0.29997310042381287,0.326000452041626,0.3490070402622223,0.3353721797466278,0.4319165349006653,0.3553994297981262,0.4203510284423828,0.3667002022266388
9fe37482-6a64-401d-b8b9-3e47d6ed9ac0-1430047362195-1.7-f-26-hu.wav,..\dataset\hungry\9fe37482-6a64-401d-b8b9-3e47d6ed9ac0-1430047362195-1.7-f-26-hu.wav,hungry,hlad,dívka,2–6 měsíců,False,0,-477.70880126953125,153.9605712890625,49.02162551879883,25.44249153137207,-39.18334197998047,35.35579299926758,-13.875641822814941,18.957996368408203,-44.7547492980957,26.489303588867188,-5.0139594078063965,15.812898635864258,2.1998469829559326,16.440832138061523,-6.605527400970459,17.60773468017578,-8.675162315368652,19.708646774291992,-0.42303305864334106,16.731061935424805,-2.8044426441192627,17.336294174194336,9.926252365112305,22.179731369018555,6.01647424697876,20.176231384277344,0.1917183042082739,0.07199346213903782,0.061115410178899765,0.06317519396543503,1069.2986424609962,312.50573851026,740.54851478228,254.3107447012124,1878.922967189729,651.1154649470892,0.11156782507896423,0.22895386815071106,-0.0009154402650892735,15.56206226348877,-0.0012310098391026258,3.5514981746673584,-0.0010485792299732566,4.4433207511901855,-0.0007663759170100093,2.4799137115478516,-0.00041442521614953876,3.3705074787139893,-2.989721360791009e-05,2.3654520511627197,0.0003472217940725386,2.227108955383301,0.0006786236190237105,2.685892105102539,0.0009318710654042661,2.626685380935669,0.0010838719317689538,2.945899248123169,0.0011232072720304132,2.748823642730713,0.001051105558872223,2.7804765701293945,0.0008806781261228025,2.6989996433258057,0.23504436016082764,0.30951040983200073,0.23782727122306824,0.31702837347984314,0.25803786516189575,0.3405286967754364,0.25850969552993774,0.32697349786758423,0.2629343569278717,0.32351669669151306,0.27712514996528625,0.3253200650215149,0.31067970395088196,0.3544243574142456,0.3340458571910858,0.3482256829738617,0.3960746228694916,0.35601672530174255,0.4522958993911743,0.3856610655784607,0.3363597095012665,0.310180127620697,0.2747035622596741,0.3226773142814636
3bb2445a-9ae9-4dc8-9a2e-86c696ffa405-1430142760958-1.7-m-26-hu.wav,..\dataset\hungry\3bb2445a-9ae9-4dc8-9a2e-86c696ffa405-1430142760958-1.7-m-26-hu.wav,hungry,hlad,chlapec,2–6 měsíců,False,0,-360.50054931640625,110.16020202636719,-0.028676772490143776,35.63181686401367,-38.5840950012207,25.494951248168945,-14.359254837036133,20.450838088989258,-32.218414306640625,16.339475631713867,-1.7029775381088257,16.173871994018555,-11.322331428527832,12.130256652832031,3.017524242401123,11.981487274169922,-21.77483558654785,13.647841453552246,5.767951488494873,15.446388244628906,-0.4863748848438263,18.47232437133789,10.22756576538086,21.704139709472656,-5.773322582244873,21.861034393310547,0.3300419044222539,0.11431627220050537,0.07900751382112503,0.07881373912096024,1591.6656656685802,345.09134728184415,885.291316372917,163.9569624139628,2644.1913338088443,520.8622839774002,0.09312114864587784,0.12709033489227295,-0.20093335211277008,10.815458297729492,-0.004643991123884916,3.2456674575805664,0.060198843479156494,3.471946954727173,0.011095545254647732,2.54929256439209,0.024087511003017426,2.366089105606079,0.016588913276791573,2.1036221981048584,-0.004118677228689194,1.6817208528518677,0.00787945557385683,1.7852967977523804,0.007658657617866993,1.9951295852661133,-0.013348822481930256,1.9950517416000366,-0.017896870151162148,2.1186654567718506,-0.01951410062611103,2.716695785522461,-0.01672401651740074,2.893185615539551,0.2167803943157196,0.27890709042549133,0.19164343178272247,0.27587881684303284,0.16272179782390594,0.23255027830600739,0.14695431292057037,0.20020367205142975,0.18517248332500458,0.22814811766147614,0.2680630683898926,0.3057425320148468,0.35314759612083435,0.3500518500804901,0.3824417293071747,0.3468058705329895,0.42469972372055054,0.3896949887275696,0.3738189935684204,0.3498542904853821,0.3071680963039398,0.3311755657196045,0.2576626241207123,0.30568912625312805
7E4B9C14-F955-4BED-9B03-7F3096A6CBFF-1430232166-1.0-f-26-hu.wav,..\dataset\hungry\7E4B9C14-F955-4BED-9B03-7F3096A6CBFF-1430232166-1.0-f-26-hu.wav,hungry,hlad,dívka,2–6 měsíců,False,0,-451.1954345703125,116.24307250976562,24.32925033569336,23.737606048583984,-38.89371871948242,23.114919662475586,-25.339601516723633,17.31423568725586,-29.190004348754883,15.883631706237793,-7.169145107269287,22.66775131225586,-15.033615112304688,16.021772384643555,-11.175006866455078,20.370494842529297,-2.6226303577423096,15.600936889648438,-4.048287391662598,15.029255867004395,3.650181770324707,19.065105438232422,-2.2939882278442383,16.206493377685547,-6.9112443923950195,14.971580505371094,0.2838913159771755,0.08693092577291016,0.039068009704351425,0.08084802329540253,1438.1108224724085,258.85722694254974,918.2527948208683,124.93753272710705,2459.722717546362,462.78487741118147,0.11887262761592865,0.10027517378330231,0.6454718708992004,13.406234741210938,-0.04927372187376022,3.1018598079681396,-0.07453646510839462,3.302617073059082,-0.010604583658277988,2.5692026615142822,0.03171204775571823,2.046302556991577,0.08220316469669342,2.6164820194244385,0.018455933779478073,2.0471067428588867,-0.028344489634037018,2.4759507179260254,-0.009303216822445393,2.4145400524139404,0.0324036069214344,2.1071274280548096,0.09220515191555023,2.2812864780426025,0.02756704017519951,2.533585548400879,-0.031335555016994476,2.3070051670074463,0.3817062973976135,0.33876216411590576,0.37642061710357666,0.308877170085907,0.3827642500400543,0.31495821475982666,0.3102045953273773,0.28626349568367004,0.2905828058719635,0.2826591432094574,0.27722591161727905,0.2762676179409027,0.2862805724143982,0.29925209283828735,0.2703741192817688,0.27824684977531433,0.3069249391555786,0.2948301136493683,0.37364208698272705,0.31457507610321045,0.45524704456329346,0.36534690856933594,0.4087693393230438,0.3303668797016144
FF2CD2F6-404D-4626-8718-6E6C751F63B8-1431104337-1.0-m-04-hu.wav,..\dataset\hungry\FF2CD2F6-404D-4626-8718-6E6C751F63B8-1431104337-1.0-m-04-hu.wav,hungry,hlad,chlapec,0–4 týdny,False,0,-439.6250915527344,100.90580749511719,70.7166748046875,19.30831527709961,-27.409997940063477,27.75924301147461,-17.18656349182129,18.52458381652832,-37.99951934814453,14.74190902709961,-26.50098419189453,13.615316390991211,-12.649419784545898,12.321697235107422,-16.675251007080078,11.009201049804688,-13.255290985107422,10.053277969360352,-17.861228942871094,11.51632022857666,-13.685964584350586,11.234920501708984,-1.0827151536941528,12.342817306518555,3.4970879554748535,21.031904220581055,0.1565397646219686,0.0472289371738717,0.050537414848804474,0.06460440903902054,945.0634630829476,191.66671098243026,769.9968294176283,173.81906872612916,1682.68544935806,486.05976688402967,0.05082126334309578,0.12525387108325958,0.3177773654460907,8.944345474243164,0.09818079322576523,2.626906394958496,-0.0209265798330307,3.025744676589966,-0.059830620884895325,2.2745375633239746,-0.05289755389094353,2.0676374435424805,-0.04402082413434982,1.8597863912582397,0.00044160563265904784,1.829052448272705,0.0026691521052271128,1.7465485334396362,-0.018007947131991386,1.5284875631332397,0.003916412591934204,1.6926610469818115,0.0008125114836730063,1.4045324325561523,0.006754984613507986,1.8681119680404663,-0.00048072804929688573,2.0825979709625244,0.1801191121339798,0.25522974133491516,0.1812789887189865,0.2522967457771301,0.2067229449748993,0.2582496106624603,0.2581198811531067,0.3107209801673889,0.2879598140716553,0.3281055688858032,0.33948782086372375,0.3022325336933136,0.4887097179889679,0.34075260162353516,0.5446463823318481,0.35444211959838867,0.4436589479446411,0.35217416286468506,0.2982470691204071,0.2974456250667572,0.24905486404895782,0.3087877929210663,0.21062253415584564,0.2747666835784912
7A22229D-06C2-4AAA-9674-DE5DF1906B3A-1436891944-1.1-m-72-ti.wav,..\dataset\tired\7A22229D-06C2-4AAA-9674-DE5DF1906B3A-1436891944-1.1-m-72-ti.wav,tired,únava,chlapec,7 měsíců–2 roky,False,0,-424.6017150878906,102.55328369140625,11.114057540893555,29.76426124572754,-12.150744438171387,18.517465591430664,-7.620894432067871,19.624019622802734,-19.64543914794922,13.521440505981445,-10.114734649658203,16.90181541442871,-16.707359313964844,13.314322471618652,-8.82620620727539,12.830304145812988,-5.413087844848633,17.2764949798584,4.616739749908447,17.851274490356445,-2.761528253555298,19.47076988220215,1.340982437133789,20.504146575927734,-8.055421829223633,17.441579818725586,0.3286320880884451,0.12337387953634082,0.035698629915714264,0.046648405492305756,1616.2047818838366,313.41882415136934,1025.966875715717,131.36512971986852,2826.8767831669043,393.7051026714058,0.19435720145702362,0.1352197527885437,0.041168712079524994,10.361632347106934,-0.04420848190784454,3.4752535820007324,0.025650495663285255,2.6190073490142822,-0.009269614703953266,2.166870594024658,0.0006438131676986814,1.6956394910812378,-0.010386261157691479,1.9708198308944702,-0.006720256991684437,1.8091555833816528,-0.006124376785010099,1.761779546737671,-0.01441489439457655,1.9207048416137695,0.0032999797258526087,2.34460186958313,0.005879927892237902,2.4407176971435547,0.005725931376218796,2.8992631435394287,0.024981951341032982,2.7080836296081543,0.5957279205322266,0.3880641460418701,0.4658004939556122,0.2980770468711853,0.346709281206131,0.29032784700393677,0.3316776156425476,0.28361642360687256,0.3038254380226135,0.2521608769893646,0.3062858283519745,0.25976914167404175,0.3343185484409332,0.2842598855495453,0.3684828281402588,0.3052539825439453,0.37165579199790955,0.2906673848628998,0.3941580653190613,0.29276907444000244,0.4101698398590088,0.2839218080043793,0.4722224771976471,0.31829366087913513
5b49f19f-a3a7-411e-bb32-755da3cbd6f0-1430029991480-1.7-m-48-hu.wav,..\dataset\hungry\5b49f19f-a3a7-411e-bb32-755da3cbd6f0-1430029991480-1.7-m-48-hu.wav,hungry,hlad,chlapec,4–8 týdnů,False,0,-301.46771240234375,100.83321380615234,28.725826263427734,34.071937561035156,-44.86593246459961,29.08965492248535,2.9832682609558105,16.745996475219727,-13.92905044555664,21.23982048034668,6.656571865081787,13.389561653137207,-6.4877824783325195,16.609888076782227,5.925853729248047,14.961137771606445,-9.694430351257324,13.573216438293457,-4.475057125091553,11.858684539794922,-6.610896110534668,12.545730590820312,-0.181143119931221,18.026988983154297,0.37117907404899597,25.113563537597656,0.2530481009272468,0.10612232445567606,0.11200869828462601,0.11636354774236679,1296.590478042528,366.0946206710591,808.193150666272,198.89264990940822,2197.329707560628,558.4814346803462,0.13668009638786316,0.20136213302612305,0.05913257598876953,9.913248062133789,0.0070165288634598255,3.2407093048095703,-0.016641173511743546,3.801476001739502,-0.006977462209761143,1.8534983396530151,0.0028348793275654316,2.2414112091064453,0.0041542393155395985,1.9170016050338745,0.0003168865223415196,2.171879291534424,-0.002390675013884902,1.8646796941757202,0.01079565566033125,1.5430142879486084,0.0015293140895664692,1.446664810180664,0.012843342497944832,1.6944588422775269,0.010673629119992256,1.7134331464767456,-0.0020862272940576077,1.7114336490631104,0.3465990722179413,0.29274579882621765,0.34842798113822937,0.30980154871940613,0.3923252820968628,0.30940166115760803,0.39841294288635254,0.3208344876766205,0.4009627401828766,0.33115747570991516,0.36694440245628357,0.2944892346858978,0.42595869302749634,0.32406094670295715,0.4558280408382416,0.3352663815021515,0.38885241746902466,0.31734782457351685,0.33298277854919434,0.29008620977401733,0.3675224483013153,0.31868627667427063,0.37435755133628845,0.3163297474384308
e4051e62-d21d-4bb8-a235-fd7e859ad787-1430740613780-1.7-f-72-hu.wav,..\dataset\hungry\e4051e62-d21d-4bb8-a235-fd7e859ad787-1430740613780-1.7-f-72-hu.wav,hungry,hlad,dívka,7 měsíců–2 roky,False,0,-379.7746887207031,120.79261016845703,48.194366455078125,36.519065856933594,-7.7099175453186035,37.53644561767578,-13.821152687072754,23.851261138916016,-21.339519500732422,20.94400405883789,-5.684732437133789,15.848372459411621,-22.72780990600586,14.130242347717285,-18.145273208618164,15.094303131103516,-13.24329948425293,12.79144287109375,-11.951139450073242,13.369734764099121,-4.155093193054199,14.326643943786621,10.771581649780273,26.02944564819336,7.726041316986084,26.525543212890625,0.18157654243937232,0.11088848556979415,0.10426489263772964,0.11985000222921371,1141.6137658194064,414.0094200330485,897.5859867996608,265.8530935882837,2187.232524964337,807.7732453557286,0.11628194153308868,0.21668803691864014,0.05305999144911766,11.457345008850098,0.03448094055056572,4.380128383636475,0.010440328158438206,4.387734413146973,-0.001995328813791275,3.028233766555786,0.003218222176656127,2.9580187797546387,0.008145740255713463,2.214710235595703,-0.002484508091583848,2.0833001136779785,0.003733990015462041,1.8964672088623047,0.011959293857216835,1.7200086116790771,0.0038714089896529913,1.8497463464736938,-0.018260005861520767,1.8782330751419067,-0.025998825207352638,2.3870198726654053,-0.01433649379760027,2.623568296432495,0.3280404210090637,0.34550100564956665,0.30717989802360535,0.3281061053276062,0.31371599435806274,0.3332308232784271,0.30547434091567993,0.3101460635662079,0.2854827046394348,0.2987523078918457,0.263344943523407,0.3001384139060974,0.29309970140457153,0.3021092116832733,0.39564356207847595,0.3209487795829773,0.4755921959877014,0.3617739975452423,0.39153042435646057,0.32576146721839905,0.2998603582382202,0.31297749280929565,0.32806700468063354,0.3670564591884613
3bb2445a-9ae9-4dc8-9a2e-86c696ffa405-1430122381138-1.7-m-26-hu.wav,..\dataset\hungry\3bb2445a-9ae9-4dc8-9a2e-86c696ffa405-1430122381138-1.7-m-26-hu.wav,hungry,hlad,chlapec,2–6 měsíců,False,0,-382.2495422363281,74.4974136352539,46.160343170166016,23.22707748413086,-7.990687370300293,19.529766082763672,12.855705261230469,13.711976051330566,-25.34733772277832,17.889240264892578,-14.026418685913086,16.15537452697754,-23.638267517089844,12.554655075073242,-6.020056247711182,10.637519836425781,-19.188467025756836,10.752410888671875,4.023195266723633,11.803829193115234,-16.2530574798584,10.819634437561035,-2.078979730606079,12.848722457885742,-9.10516357421875,14.02546215057373,0.2209455242510699,0.09308879634831684,0.030313994735479355,0.034022167325019836,1255.1643714532213,274.49578992983044,956.0842378175245,142.3972366929858,2425.419044222539,483.7252670724296,0.12228386849164963,0.12183158099651337,-0.09661012142896652,9.641671180725098,-0.04141637682914734,3.253342390060425,-0.013148292899131775,2.7035531997680664,-0.017727017402648926,2.0946316719055176,0.0036119360011070967,2.4751598834991455,0.014521953649818897,2.260824203491211,0.011951998807489872,1.8021513223648071,-0.006090471521019936,1.5017379522323608,0.009329666383564472,1.6482255458831787,-0.0008582524606026709,1.5536787509918213,0.001092456397600472,1.518355131149292,-0.0019514237064868212,1.6363239288330078,-0.029466038569808006,1.5260910987854004,0.40239930152893066,0.2949518859386444,0.4217115640640259,0.32379940152168274,0.4365878999233246,0.31634992361068726,0.42917776107788086,0.3242240250110626,0.3757588565349579,0.29663774371147156,0.3691048324108124,0.29688864946365356,0.40654516220092773,0.31778356432914734,0.4089948534965515,0.30679237842559814,0.48009639978408813,0.3199996054172516,0.44823357462882996,0.3170768916606903,0.405800461769104,0.30552950501441956,0.40648093819618225,0.30082574486732483
d6cda191-4962-4308-9a36-46d5648a95ed-1431882032820-1.7-m-04-hu.wav,..\dataset\hungry\d6cda191-4962-4308-9a36-46d5648a95ed-1431882032820-1.7-m-04-hu.wav,hungry,hlad,chlapec,0–4 týdny,False,0,-336.3896179199219,170.17648315429688,-26.286245346069336,28.704307556152344,-49.29682922363281,30.93568992614746,3.9656500816345215,23.348703384399414,-19.129674911499023,20.86026382446289,7.403751373291016,18.17575454711914,-26.99747657775879,14.302166938781738,8.290736198425293,13.453749656677246,-9.2139892578125,14.906221389770508,-6.996081352233887,16.952617645263672,1.7885327339172363,11.653817176818848,4.318478584289551,13.327756881713867,-6.013574123382568,14.449620246887207,0.42613788338088443,0.12320977365072612,0.10650282353162766,0.09059283882379532,1784.9939179401829,369.051733426267,798.2909813655081,181.41750391925208,2636.4345577746076,502.3355024730811,0.13101895153522491,0.16670551896095276,0.002827730029821396,21.96448516845703,0.0011270389659330249,3.3171133995056152,-0.0032339163590222597,4.978837490081787,-0.002924730069935322,2.5321695804595947,0.0013349155196920037,2.434957981109619,0.0035255067050457,2.5503814220428467,0.0007611436885781586,2.269279956817627,-0.0027289811987429857,2.1727447509765625,-0.002145664533600211,2.7018022537231445,0.0010756684932857752,2.1280863285064697,0.002414698014035821,1.914808750152588,0.0004879057523794472,2.2876548767089844,-0.0017616772092878819,2.569547414779663,0.28262555599212646,0.2863490879535675,0.3853198289871216,0.3278350830078125,0.46354565024375916,0.34571096301078796,0.4293851852416992,0.3331450819969177,0.40407779812812805,0.30897465348243713,0.46457985043525696,0.34846383333206177,0.3777829706668854,0.3163619041442871,0.2474972903728485,0.24549241364002228,0.20786184072494507,0.2543274462223053,0.19275304675102234,0.24172328412532806,0.19787366688251495,0.26127684116363525,0.23577506840229034,0.2896881103515625
AE02C934-F4E5-4C73-818D-56AA6887EC18-1430279441-1.0-m-26-hu.wav,..\dataset\hungry\AE02C934-F4E5-4C73-818D-56AA6887EC18-1430279441-1.0-m-26-hu.wav,hungry,hlad,chlapec,2–6 měsíců,False,0,-453.2038269042969,134.73695373535156,2.599905252456665,35.81918716430664,-21.12116241455078,19.57869529724121,-23.40146255493164,18.705158233642578,-5.758846759796143,14.241040229797363,13.154221534729004,19.23228645324707,-24.0600528717041,15.019376754760742,-17.76457405090332,12.764874458312988,-6.216264724731445,17.859708786010742,7.182441711425781,22.136512756347656,-11.442845344543457,16.879480361938477,-4.603126525878906,16.426301956176758,-6.97741174697876,14.723260879516602,0.3461182685449358,0.12316853036426736,0.04218549281358719,0.07961110770702362,1689.2173780651228,392.65382244150203,992.4518255378728,105.97661854816542,2893.2328815977176,441.34930321221157,0.13695114850997925,0.09405013173818588,0.4790717363357544,19.137348175048828,-0.09923654794692993,4.384817600250244,-0.06782308965921402,3.1211421489715576,-0.008246004581451416,2.6273326873779297,-0.022424716502428055,2.2957653999328613,0.04039040207862854,2.581143856048584,-0.006332571618258953,2.184229850769043,-0.021595504134893417,1.9510904550552368,-0.006485023535788059,2.2550885677337646,0.006661783903837204,3.3622446060180664,-0.049275223165750504,2.5233702659606934,-0.017050543799996376,2.419682264328003,0.028474004939198494,2.1132447719573975,0.5317202806472778,0.33293861150741577,0.5251746773719788,0.33815643191337585,0.4096805155277252,0.31305310130119324,0.30405935645103455,0.27735140919685364,0.2520640194416046,0.2681601345539093,0.26340487599372864,0.25222650170326233,0.3270377218723297,0.29449382424354553,0.32809755206108093,0.2957480251789093,0.3366641700267792,0.29753413796424866,0.3578878939151764,0.31548482179641724,0.3570699095726013,0.3000394403934479,0.41921156644821167,0.3073418140411377
3c0b4e07-33ec-4d68-a6b2-5f5dcb8cff8e-1430070829977-1.7-m-26-hu.wav,..\dataset\hungry\3c0b4e07-33ec-4d68-a6b2-5f5dcb8cff8e-1430070829977-1.7-m-26-hu.wav,hungry,hlad,chlapec,2–6 měsíců,False,0,-348.9878845214844,103.7348403930664,49.344242095947266,26.911537170410156,-23.130836486816406,27.805477142333984,-17.06096839904785,21.152496337890625,-18.747177124023438,15.368220329284668,-17.84552574157715,17.21659278869629,-9.365117073059082,13.387258529663086,-7.423551082611084,11.60065746307373,-13.931735038757324,12.015800476074219,-4.155106067657471,10.37946605682373,-7.547513961791992,9.592639923095703,-4.101411819458008,14.45279312133789,2.4909844398498535,21.775876998901367,0.20587776390870186,0.09755933967184113,0.06955695152282715,0.0614192821085453,1184.8141087693973,361.32103394778215,880.7627394572136,236.98284185444626,2195.992332382311,698.0062436167066,0.13031639158725739,0.20888249576091766,0.518179178237915,10.498091697692871,0.13968566060066223,3.713186502456665,-0.0151675408706069,3.3972928524017334,-0.051357537508010864,2.6100828647613525,-0.011645753867924213,2.229248285293579,-0.021969091147184372,1.7316172122955322,-0.027841908857226372,1.767026662826538,-0.027507299557328224,1.6921745538711548,0.004993414040654898,1.5670697689056396,-0.01869065873324871,1.4616284370422363,-0.02962023764848709,1.3799794912338257,0.01599271595478058,1.7445814609527588,0.01854643039405346,2.2475128173828125,0.2668223977088928,0.2817881405353546,0.3093368113040924,0.30014222860336304,0.39675769209861755,0.3478374779224396,0.39638063311576843,0.3367038369178772,0.3806677460670471,0.31948211789131165,0.4068211615085602,0.32222631573677063,0.43434664607048035,0.32467228174209595,0.4618530571460724,0.3521743714809418,0.4013381600379944,0.32251089811325073,0.3748815059661865,0.332866370677948,0.33843356370925903,0.3214530646800995,0.2807117700576782,0.2835220992565155
4be720ce-a5e5-4a48-930f-a212f8a239f6-1434774932733-1.7-f-48-hu.wav,..\dataset\hungry\4be720ce-a5e5-4a48-930f-a212f8a239f6-1434774932733-1.7-f-48-hu.wav,hungry,hlad,dívka,4–8 týdnů,False,0,-476.9069519042969,119.6702651977539,-8.01953411102295,30.156005859375,-75.2599868774414,34.92390823364258,7.296164512634277,14.79019546508789,-22.486351013183594,16.197525024414062,11.337137222290039,14.739493370056152,-19.932897567749023,14.380758285522461,5.13938045501709,12.49219799041748,-14.09390926361084,12.761215209960938,0.3845708668231964,12.515456199645996,-8.016437530517578,14.289827346801758,5.982344627380371,23.546035766601562,3.4002797603607178,20.800613403320312,0.33295626783166904,0.0942285492431344,0.03155411034822464,0.03840702772140503,1528.3062952120574,335.24014927130446,730.7371804766394,181.26310833458757,2389.5550998573467,519.858753672055,0.0921127200126648,0.18270590901374817,0.02343340776860714,10.45005989074707,0.003611508756875992,3.4417943954467773,-0.021518483757972717,3.4810023307800293,-0.005455475766211748,2.120811939239502,0.003272653790190816,2.1852736473083496,0.0030595124699175358,1.6624361276626587,0.004542346578091383,1.8589187860488892,-0.001115654711611569,1.6511353254318237,-0.003955898340791464,1.6175802946090698,-0.0006485992344096303,1.5629650354385376,0.0013874423457309604,1.892913579940796,0.0005071887862868607,2.572186231613159,-0.0012052811216562986,2.8417158126831055,0.32885220646858215,0.3270071744918823,0.312122642993927,0.3134170174598694,0.29975005984306335,0.3186871409416199,0.35463327169418335,0.32512110471725464,0.4139481782913208,0.3283812999725342,0.35835447907447815,0.329150527715683,0.2752613425254822,0.2913450002670288,0.27673691511154175,0.2934477627277374,0.29012203216552734,0.2988738417625427,0.3132478892803192,0.3321083188056946,0.29333338141441345,0.32525503635406494,0.29195287823677063,0.31761348247528076
7e3de9b8-2be5-473f-b8c3-c2657f1317bb-1430006339251-1.7-f-04-hu.wav,..\dataset\hungry\7e3de9b8-2be5-473f-b8c3-c2657f1317bb-1430006339251-1.7-f-04-hu.wav,hungry,hlad,dívka,0–4 týdny,False,0,-654.9502563476562,144.28671264648438,69.55099487304688,50.61131286621094,-35.16890335083008,42.51768112182617,-6.551586627960205,23.18524742126465,-24.105926513671875,23.451976776123047,-18.484968185424805,18.98040771484375,-0.8935745358467102,14.034310340881348,-10.457118034362793,15.124458312988281,-11.639336585998535,14.044498443603516,-10.223517417907715,13.110879898071289,-13.243997573852539,17.350574493408203,-2.853783369064331,19.61235809326172,14.712057113647461,24.32718849182129,0.2009016137660485,0.09606188855402802,0.020053762942552567,0.024374093860387802,1042.9437037874416,459.49852640218955,696.2208155164229,339.4790132918211,1827.2111269614836,920.3689586601704,0.16869527101516724,0.26522114872932434,0.0,10.995316505432129,0.0,3.490297555923462,-5.441793682336993e-09,3.2047178745269775,8.16269007941628e-09,2.3056535720825195,0.0,1.7811859846115112,-1.0883587364673986e-08,1.6557928323745728,-5.441793682336993e-09,1.5086023807525635,0.0,1.4542949199676514,5.441793682336993e-09,1.3797051906585693,4.08134503970814e-09,1.369581937789917,5.441793682336993e-09,1.3546247482299805,5.441793682336993e-09,1.4965519905090332,-8.16269007941628e-09,1.714551568031311,0.21562601625919342,0.2969614267349243,0.23405486345291138,0.3139244019985199,0.24271878600120544,0.3172284960746765,0.28622424602508545,0.3261817991733551,0.41773417592048645,0.3630426824092865,0.5045952200889587,0.34851396083831787,0.4814029037952423,0.35281142592430115,0.4050291180610657,0.36324989795684814,0.3067323863506317,0.33974823355674744,0.2600528299808502,0.33825230598449707,0.2342785745859146,0.3352382481098175,0.20903970301151276,0.3103872537612915
990DE219-FCD1-4634-91CE-19AB93E5D2B0-1430214575-1.0-m-04-hu.wav,..\dataset\hungry\990DE219-FCD1-4634-91CE-19AB93E5D2B0-1430214575-1.0-m-04-hu.wav,hungry,hlad,chlapec,0–4 týdny,False,0,-420.0643615722656,34.15560531616211,41.679588317871094,13.726364135742188,-34.459075927734375,11.465909957885742,-9.021482467651367,10.779170989990234,-10.499523162841797,9.437996864318848,-11.68480396270752,11.308539390563965,-21.865631103515625,9.7752046585083,-15.065574645996094,10.284464836120605,-19.686126708984375,8.28378963470459,-13.619614601135254,8.953577041625977,-16.142379760742188,9.415778160095215,-11.103259086608887,9.352530479431152,-9.559383392333984,8.961456298828125,0.23662067582025678,0.05681599317319101,0.013850126415491104,0.00810854323208332,1278.1057520727359,166.75747478926752,933.7515536815292,84.93488797162287,2338.779422253923,392.4986537112959,0.1473890244960785,0.09844254702329636,0.0738726556301117,3.3262393474578857,-0.029387976974248886,1.9251843690872192,-0.006703468039631844,1.685014009475708,-0.006138227414339781,1.500614881515503,0.01210038736462593,1.3465007543563843,-0.08392805606126785,1.516627311706543,-0.021920721977949142,1.2872456312179565,-0.008359321393072605,1.3417375087738037,0.006753209978342056,1.1352479457855225,0.0012778474483639002,1.2503111362457275,0.02946479246020317,1.4025541543960571,0.06711558997631073,1.330808162689209,0.01903519593179226,1.3268100023269653,0.4934549927711487,0.3233184516429901,0.5581884384155273,0.282031774520874,0.5424181222915649,0.300260454416275,0.4578140079975128,0.27615028619766235,0.37807369232177734,0.2789596915245056,0.33664122223854065,0.28172004222869873,0.3172238767147064,0.27644988894462585,0.362504780292511,0.29405564069747925,0.4381965398788452,0.29630324244499207,0.4639017581939697,0.3019988536834717,0.39558157324790955,0.29444992542266846,0.4023362994194031,0.3154759109020233
5728DDD6-149B-412F-A14B-C29B9B5E415F-1432635069-1.0-m-26-hu.wav,..\dataset\hungry\5728DDD6-149B-412F-A14B-C29B9B5E415F-1432635069-1.0-m-26-hu.wav,hungry,hlad,chlapec,2–6 měsíců,False,0,-373.2318115234375,64.2493667602539,42.14323043823242,23.083885192871094,-21.749698638916016,17.192874908447266,-3.5842626094818115,13.442152976989746,-18.22895050048828,11.922619819641113,7.601239204406738,13.592474937438965,-10.453856468200684,10.641761779785156,-14.941180229187012,12.972861289978027,-19.570392608642578,13.374711990356445,-13.868557929992676,14.514713287353516,-9.156096458435059,19.824687957763672,0.3026002049446106,20.830543518066406,-2.1492788791656494,25.774127960205078,0.2296440353067047,0.05644766494900537,0.05746118724346161,0.05197042599320412,1231.4224561353176,194.43191174302174,870.1957822663849,112.07850367131493,2263.3291726105563,337.744119879357,0.07333534955978394,0.09775548428297043,0.8832057118415833,8.966042518615723,0.05661814659833908,2.9656646251678467,-0.08982128649950027,2.209667921066284,-0.0654013380408287,1.7990974187850952,-0.10787009447813034,1.762094259262085,0.004092392046004534,1.5143139362335205,0.014566483907401562,1.3734235763549805,-0.02800130285322666,1.6833117008209229,0.03920454904437065,1.757433295249939,-0.014997242949903011,1.8921332359313965,-0.039972517639398575,1.963120698928833,-0.008439666591584682,2.2433815002441406,-0.02184438332915306,2.558884620666504,0.35861828923225403,0.35833871364593506,0.355485737323761,0.3568969964981079,0.30785536766052246,0.3049865961074829,0.25347959995269775,0.28494125604629517,0.25943729281425476,0.3343994915485382,0.24748843908309937,0.299052894115448,0.28067734837532043,0.30480536818504333,0.3833948075771332,0.34384846687316895,0.4771447777748108,0.3748207986354828,0.4078783094882965,0.3634813129901886,0.32962414622306824,0.33444976806640625,0.36413562297821045,0.3558270335197449
B0D9116D-8FA4-41AF-B626-BE508FD5CA04-1430832542-1.0-m-04-hu.wav,..\dataset\hungry\B0D9116D-8FA4-41AF-B626-BE508FD5CA04-1430832542-1.0-m-04-hu.wav,hungry,hlad,chlapec,0–4 týdny,False,0,-458.6407775878906,120.89701843261719,36.939056396484375,22.437259674072266,7.532716751098633,17.814847946166992,-12.176679611206055,17.719867706298828,-38.90618896484375,20.871353149414062,-21.507156372070312,12.916051864624023,-9.506026268005371,13.73687744140625,-24.535917282104492,13.070164680480957,-12.557944297790527,11.877901077270508,-12.029082298278809,14.577839851379395,-14.155409812927246,20.98118019104004,2.731951951980591,25.916292190551758,-5.593284606933594,24.749160766601562,0.18132578459343796,0.10683093787855776,0.0599626861512661,0.05336019769310951,1173.10760137713,393.6219053144151,961.5697297579433,208.9244943162996,2210.3914051355205,909.312409630433,0.09250442683696747,0.12590575218200684,0.4817518889904022,14.171493530273438,0.10672913491725922,3.26103138923645,0.004479260183870792,1.987892746925354,-0.009382041171193123,1.9750051498413086,-0.04769277200102806,1.8570612668991089,-0.021360604092478752,1.5731245279312134,-0.02250300906598568,1.6631757020950317,-0.025556251406669617,1.588589072227478,-0.016611408442258835,1.555132269859314,-0.023174384608864784,1.5811206102371216,-0.029211677610874176,1.6310480833053589,-0.01406549196690321,2.0811541080474854,-0.024551980197429657,1.7565631866455078,0.2983417510986328,0.31045666337013245,0.3470965623855591,0.3483182191848755,0.37465277314186096,0.35790032148361206,0.3735244870185852,0.34496384859085083,0.34911128878593445,0.33288535475730896,0.3182417154312134,0.3349360227584839,0.2943584620952606,0.31448644399642944,0.3335334062576294,0.34475967288017273,0.3951890170574188,0.35439327359199524,0.4176778197288513,0.37913838028907776,0.35107317566871643,0.34730443358421326,0.29572781920433044,0.30867114663124084
F24DE44B-762C-4149-AC92-96A5E57ED118-1430816936-1.0-m-04-hu.wav,..\dataset\hungry\F24DE44B-762C-4149-AC92-96A5E57ED118-1430816936-1.0-m-04-hu.wav,hungry,hlad,chlapec,0–4 týdny,False,0,-386.0774230957031,58.276798248291016,57.497802734375,21.40646743774414,-12.715824127197266,14.024665832519531,-26.858015060424805,10.127066612243652,-41.98422622680664,11.24923324584961,-32.89579772949219,12.070549011230469,-15.875967025756836,8.37194538116455,-30.28460121154785,12.748824119567871,-19.175310134887695,12.26772689819336,-5.638458728790283,9.670900344848633,-17.045848846435547,20.787303924560547,7.714995384216309,29.141021728515625,1.4963083267211914,32.37977600097656,0.11540433309557775,0.03245744932331508,0.11623026430606842,0.061610233038663864,827.933766237007,170.43846392557217,745.7944437477561,157.2646606702137,1452.9243937232525,468.25151977230036,0.01918831467628479,0.12404680252075195,0.412662535905838,5.7306365966796875,0.18393564224243164,1.7769540548324585,-0.03248492255806923,1.3659948110580444,-0.04438169673085213,1.2258743047714233,-0.03483067825436592,1.2627328634262085,-0.029917452484369278,1.0980255603790283,-0.025553878396749496,1.0264657735824585,-0.0032068381551653147,1.2308802604675293,-0.009536332450807095,1.175628423690796,-0.008468909189105034,1.3457715511322021,-0.005227901041507721,1.664829134941101,-0.008322324603796005,1.746604084968567,-0.02437899075448513,1.8192400932312012,0.14364661276340485,0.24558700621128082,0.2639664113521576,0.35346508026123047,0.3168785572052002,0.3676402270793915,0.2871118187904358,0.3696489930152893,0.22953848540782928,0.30985304713249207,0.22599132359027863,0.3079105317592621,0.2730608284473419,0.3929721713066101,0.23289132118225098,0.31922319531440735,0.21262092888355255,0.30765363574028015,0.19341638684272766,0.32557329535484314,0.10651376843452454,0.2087903469800949,0.0839744359254837,0.17343777418136597
b5044f9a-6f2e-44fc-8e04-9076a988acf2-1435544527174-1.7-m-04-hu.wav,..\dataset\hungry\b5044f9a-6f2e-44fc-8e04-9076a988acf2-1435544527174-1.7-m-04-hu.wav,hungry,hlad,chlapec,0–4 týdny,False,0,-577.2614135742188,124.45555114746094,104.64657592773438,42.55329513549805,34.781898498535156,27.752723693847656,1.4831702709197998,22.248119354248047,9.144759178161621,15.936925888061523,5.402867317199707,13.089411735534668,-0.4013366997241974,13.242534637451172,2.4451444149017334,11.106119155883789,-1.4919077157974243,10.209213256835938,3.1839518547058105,9.438881874084473,-4.066648960113525,9.218199729919434,3.58996844291687,9.44516658782959,-3.9213624000549316,8.85654354095459,0.0936942760342368,0.09125756723773211,0.012530336156487465,0.017129844054579735,655.7745555917509,417.0666494157452,758.1341365379802,285.18112508102377,1228.6242867332383,968.4711682381042,0.08868817239999771,0.2281477153301239,-4.1357631630489777e-07,8.179824829101562,0.0,3.6221272945404053,0.0,2.8020617961883545,-8.16269007941628e-09,2.766359567642212,-1.0883587364673986e-08,2.0447001457214355,0.0,1.6097750663757324,5.441793682336993e-09,1.704569935798645,0.0,1.6276224851608276,0.0,1.578866720199585,6.1220175595622095e-09,1.318846583366394,4.08134503970814e-09,1.51670503616333,-6.802242102921241e-10,1.4523693323135376,2.7208968411684964e-09,1.3961117267608643,0.5083869099617004,0.29283198714256287,0.5074183940887451,0.2940734922885895,0.5351368188858032,0.2869652807712555,0.5792816877365112,0.30181026458740234,0.6013035178184509,0.30439919233322144,0.6174155473709106,0.3084021806716919,0.6249629259109497,0.3141966760158539,0.6063758730888367,0.3057757019996643,0.5781463980674744,0.2927698791027069,0.5980684161186218,0.31420549750328064,0.5649308562278748,0.30598750710487366,0.534360945224762,0.2942117750644684
d1e236a0-e030-4137-9030-5625026cd098-1430477960643-1.2-m-04-hu.wav,..\dataset\hungry\d1e236a0-e030-4137-9030-5625026cd098-1430477960643-1.2-m-04-hu.wav,hungry,hlad,chlapec,0–4 týdny,False,0,-356.388427734375,129.03836059570312,61.60032653808594,36.9266357421875,-74.21094512939453,33.32707977294922,-52.88166427612305,25.389198303222656,-15.838567733764648,13.738903045654297,6.695248603820801,16.14229965209961,-30.83036231994629,20.53247833251953,3.065642833709717,14.39145565032959,-14.591353416442871,17.12311363220215,3.107795476913452,16.958925247192383,10.231400489807129,22.46368980407715,17.124103546142578,25.769033432006836,2.4575135707855225,23.40883445739746,0.2163315798858773,0.044099827508746726,0.19509978592395782,0.16638615727424622,1045.0745308339744,216.503592050043,605.5470353283689,196.636304877461,1512.9948288159771,554.607404577672,0.030452663078904152,0.10998605936765671,-0.3511154353618622,14.930724143981934,-0.061990149319171906,4.35165548324585,0.0642082691192627,3.9119298458099365,0.016050133854150772,3.0608108043670654,-0.016654526814818382,2.534346580505371,0.0165372546762228,2.2863285541534424,0.019269445911049843,2.763463020324707,0.01710575819015503,2.168088912963867,0.019150227308273315,2.3240439891815186,-0.008154272101819515,2.7106614112854004,-0.02192630246281624,3.0124478340148926,-0.00955855380743742,3.07753586769104,0.01380953099578619,3.0193047523498535,0.15287242829799652,0.23752576112747192,0.1367357224225998,0.23546400666236877,0.15908119082450867,0.252566397190094,0.2128363400697708,0.2719525396823883,0.2715131938457489,0.3208335340023041,0.23478925228118896,0.2876276969909668,0.16462594270706177,0.233749121427536,0.20972605049610138,0.3037867844104767,0.3225269913673401,0.3593825101852417,0.43435072898864746,0.34017279744148254,0.493014395236969,0.3881427049636841,0.31006112694740295,0.34540683031082153
b4c460d8-bd6b-4017-9bb8-2ae4ff0c5af1-1432751065608-1.7-f-26-hu.wav,..\dataset\hungry\b4c460d8-bd6b-4017-9bb8-2ae4ff0c5af1-1432751065608-1.7-f-26-hu.wav,hungry,hlad,dívka,2–6 měsíců,False,0,-255.94276428222656,107.39179992675781,6.376160621643066,54.53842544555664,-49.82796859741211,28.9859561920166,-35.54292297363281,33.9336051940918,-18.318098068237305,24.475934982299805,0.19597004354000092,20.898849487304688,-10.100666999816895,17.77510643005371,-2.0698792934417725,16.56857681274414,-16.94052505493164,19.504161834716797,0.4520186185836792,18.340452194213867,-6.500401020050049,19.235984802246094,7.647480487823486,24.00205421447754,2.2643167972564697,24.230690002441406,0.26989345577746077,0.11156930717869257,0.28485724329948425,0.16279791295528412,1420.7069631012419,413.2326762614339,817.2178447299227,182.06273672544492,2347.1380171184023,777.5906276362408,0.04941790550947189,0.11495590955018997,-0.18873880803585052,15.732386589050293,0.010698685422539711,5.33992862701416,0.04304977506399155,4.319847583770752,-0.026911726221442223,3.3842034339904785,-0.014289289712905884,3.086054563522339,-0.004775059409439564,2.711991786956787,0.01325053907930851,2.99747371673584,-0.006523472256958485,2.7140865325927734,0.0028724316507577896,2.7211692333221436,0.010554513894021511,2.830840826034546,-0.009899419732391834,2.673095941543579,-0.008787265047430992,2.9638350009918213,-0.028427306562662125,3.3620290756225586,0.2046000361442566,0.3141348659992218,0.16561409831047058,0.2565564513206482,0.16911746561527252,0.2829733192920685,0.1657850593328476,0.2579938471317291,0.19197706878185272,0.28713351488113403,0.24414658546447754,0.32402533292770386,0.29970696568489075,0.35351434350013733,0.3089194595813751,0.34265798330307007,0.3276669681072235,0.36373433470726013,0.2884053885936737,0.3471260964870453,0.23330050706863403,0.3131374716758728,0.22762073576450348,0.3059067726135254
9fe37482-6a64-401d-b8b9-3e47d6ed9ac0-1430047373513-1.7-f-26-hu.wav,..\dataset\hungry\9fe37482-6a64-401d-b8b9-3e47d6ed9ac0-1430047373513-1.7-f-26-hu.wav,hungry,hlad,dívka,2–6 měsíců,False,0,-458.9621887207031,149.3114013671875,39.454132080078125,25.831939697265625,-55.45911407470703,38.67184066772461,-8.913647651672363,21.97372055053711,-28.38576889038086,18.784650802612305,-10.737906455993652,19.847871780395508,-5.441817283630371,14.582196235656738,-5.078661918640137,16.60869026184082,-18.067495346069336,20.5928897857666,4.060565948486328,15.774800300598145,-4.957962512969971,18.068265914916992,16.61722183227539,24.18134880065918,13.525433540344238,24.37891387939453,0.25203949714693297,0.10367821730981051,0.07101364433765411,0.07288752496242523,1198.4585174465249,363.3548936022426,723.0839402150258,249.87467519778102,1984.7093437945791,705.4584830234049,0.12732061743736267,0.23787830770015717,-0.20662625133991241,15.789155960083008,-0.02689768560230732,3.390479326248169,0.024429157376289368,4.260965347290039,-0.009335211478173733,2.6481852531433105,0.013667428866028786,2.3728220462799072,0.0036943682935088873,2.0376315116882324,0.004262243863195181,2.003863573074341,0.00013973981549497694,2.1819870471954346,0.010628878138959408,2.538707733154297,0.006340053863823414,2.343529462814331,0.005878029391169548,2.772449254989624,-0.007423199713230133,3.0504233837127686,-0.009404660202562809,3.1709060668945312,0.21233928203582764,0.30436110496520996,0.18891467154026031,0.2753874957561493,0.20700709521770477,0.2885975241661072,0.2246469408273697,0.2889360189437866,0.19138045608997345,0.243064284324646,0.18424929678440094,0.24369849264621735,0.2536807060241699,0.3047468066215515,0.3560604155063629,0.336417555809021,0.49285414814949036,0.387550413608551,0.47676053643226624,0.36177152395248413,0.3998830020427704,0.36389103531837463,0.2917424738407135,0.3372851610183716
743E7CCA-D32B-40B6-9541-9808122D3F6B-1436860053-1.1-f-26-hu.wav,..\dataset\hungry\743E7CCA-D32B-40B6-9541-9808122D3F6B-1436860053-1.1-f-26-hu.wav,hungry,hlad,dívka,2–6 měsíců,False,0,-293.1943664550781,119.97802734375,3.2040865421295166,29.640241622924805,-0.9073435068130493,10.819379806518555,-18.420230865478516,20.55194854736328,-21.660337448120117,20.766712188720703,-13.533236503601074,11.97671127319336,-5.080746650695801,14.86569595336914,-7.346863746643066,13.04131031036377,-24.522716522216797,11.14063549041748,-8.849726676940918,15.344079971313477,6.998847961425781,22.546804428100586,23.796367645263672,26.690385818481445,15.501713752746582,23.651885986328125,0.35124487339514976,0.17594867435358677,0.18941675126552582,0.1238887682557106,1680.5009219593148,495.1092947952904,1065.5712581909545,111.35256907535586,3011.523716119829,574.9168511906266,0.06678897887468338,0.0892031267285347,-0.28634700179100037,7.454671382904053,-0.027567123994231224,2.2970685958862305,0.036837685853242874,1.5217381715774536,0.06610511243343353,2.0715768337249756,0.02515908144414425,1.879676103591919,0.015049127861857414,1.1739412546157837,0.012058587744832039,1.322488784790039,0.026011046022176743,1.4360506534576416,0.023539545014500618,1.4984592199325562,0.00918350275605917,1.5347033739089966,-0.053017135709524155,1.8466349840164185,-0.058520618826150894,2.0909581184387207,-0.022168949246406555,2.5222628116607666,0.09729443490505219,0.19309189915657043,0.1168089434504509,0.2144499570131302,0.12156014144420624,0.23355133831501007,0.13098230957984924,0.22639749944210052,0.2076207548379898,0.2812733054161072,0.2678148150444031,0.34514883160591125,0.3138881325721741,0.3592797815799713,0.39419054985046387,0.3456800878047943,0.42961400747299194,0.3273290991783142,0.5662598013877869,0.4014236032962799,0.3548802137374878,0.32823529839515686,0.1348414123058319,0.21048779785633087
c6fd9d60-0fa7-44c0-b3ce-0192527d7b81-1430068167526-1.7-m-72-hu.wav,..\dataset\hungry\c6fd9d60-0fa7-44c0-b3ce-0192527d7b81-1430068167526-1.7-m-72-hu.wav,hungry,hlad,chlapec,7 měsíců–2 roky,False,0,-418.0589294433594,170.70074462890625,34.966697692871094,37.23761749267578,-19.674741744995117,20.84111976623535,-12.343120574951172,27.18003273010254,-39.84461212158203,24.035301208496094,-14.763729095458984,12.811511039733887,-12.138911247253418,18.465608596801758,-6.681471824645996,11.658055305480957,-12.117562294006348,12.48416519165039,-6.815059185028076,9.528478622436523,-2.0747416019439697,13.323966026306152,1.9848166704177856,17.2383975982666,5.954064846038818,18.93324851989746,0.19991529957203993,0.12449368973996172,0.07142258435487747,0.08792039752006531,1109.291891264126,525.674172235585,768.3709388933252,316.9056417599969,1958.5859486447932,927.3203146216015,0.1970292329788208,0.3207623362541199,-8.706869891739188e-08,9.931374549865723,1.0883587364673986e-08,3.7973525524139404,5.441793682336993e-09,2.422273874282837,8.16269007941628e-09,2.399681329727173,5.441793682336993e-09,2.024386405944824,0.0,1.531198263168335,0.0,1.6109546422958374,-2.7208968411684964e-09,1.6756906509399414,-5.441793682336993e-09,1.4654065370559692,0.0,1.3881968259811401,2.7208968411684964e-09,1.5868276357650757,-2.7208968411684964e-09,1.636193871498108,0.0,1.6909503936767578,0.21739445626735687,0.22897759079933167,0.3141143321990967,0.3432731330394745,0.2924269139766693,0.32756495475769043,0.25483065843582153,0.2728978395462036,0.3038112223148346,0.29583245515823364,0.325842022895813,0.3102794289588928,0.3347512483596802,0.33393481373786926,0.3657884895801544,0.3301897644996643,0.4486265182495117,0.329062283039093,0.4836970865726471,0.37605515122413635,0.32696133852005005,0.28070876002311707,0.20725049078464508,0.22712118923664093
f896b69d-6241-4b51-9c45-0d628bc827c1-1430090274181-1.7-m-04-hu.wav,..\dataset\hungry\f896b69d-6241-4b51-9c45-0d628bc827c1-1430090274181-1.7-m-04-hu.wav,hungry,hlad,chlapec,0–4 týdny,False,0,-529.0169677734375,102.26583099365234,97.4273910522461,40.7464714050293,23.004213333129883,33.824310302734375,8.819304466247559,23.200042724609375,-18.06407356262207,31.410127639770508,-8.243175506591797,14.246770858764648,-14.22642707824707,14.313629150390625,-13.645586967468262,13.290040016174316,-7.9287004470825195,12.045052528381348,-2.181213617324829,16.46487045288086,-2.4006247520446777,20.152368545532227,-6.985481262207031,13.502652168273926,-11.712884902954102,12.253986358642578,0.08133470042796005,0.04027266576532214,0.05122440680861473,0.08808481693267822,539.97364939702,260.2172065309302,546.1244515903016,197.37143299335793,831.5353067047075,591.0449228232678,0.06192473694682121,0.22481131553649902,-3.4827479566956754e-07,8.09778881072998,-2.176717472934797e-08,3.7174487113952637,1.0883587364673986e-08,3.005715847015381,5.441793682336993e-09,2.4327433109283447,-1.0883587364673986e-08,2.493962049484253,-1.0883587364673986e-08,1.8282476663589478,0.0,1.759758472442627,-2.7208968411684964e-09,1.7329950332641602,-2.7208968411684964e-09,1.640882134437561,9.523138722045132e-09,1.7318545579910278,0.0,1.7277939319610596,8.16269007941628e-09,1.740653395652771,-2.7208968411684964e-09,1.729203462600708,0.4461287260055542,0.2962314486503601,0.2837486267089844,0.2597130239009857,0.24320870637893677,0.2646511197090149,0.23750267922878265,0.26884764432907104,0.25037556886672974,0.2719917297363281,0.28203433752059937,0.29570168256759644,0.2994619607925415,0.3079445958137512,0.32642486691474915,0.30641207098960876,0.39147016406059265,0.3078536093235016,0.5293153524398804,0.31708428263664246,0.7108592391014099,0.3219078779220581,0.6911423206329346,0.3397517502307892
c7fef089-4a65-4b75-bfd4-bae0e3518adf-1430754388848-1.7-m-04-hu.wav,..\dataset\hungry\c7fef089-4a65-4b75-bfd4-bae0e3518adf-1430754388848-1.7-m-04-hu.wav,hungry,hlad,chlapec,0–4 týdny,False,0,-422.0374450683594,155.9156494140625,31.161766052246094,32.025577545166016,-17.300010681152344,31.73787498474121,-1.2621983289718628,30.120861053466797,-23.98482894897461,25.309921264648438,-9.141282081604004,17.27585792541504,-1.6833122968673706,16.27043342590332,-11.901187896728516,13.6193265914917,-12.933711051940918,12.624837875366211,-3.0177249908447266,10.930328369140625,-11.199992179870605,15.414889335632324,13.659659385681152,21.76129913330078,3.4566972255706787,19.056135177612305,0.2218593972895863,0.132888838644723,0.07569119334220886,0.09297553449869156,1186.813013515541,468.6259969167457,813.7213909179168,290.1779781363695,2081.9142296718974,787.7322845236582,0.15133365988731384,0.2674386501312256,4.353434945869594e-08,9.192546844482422,0.0,3.664921522140503,1.0883587364673986e-08,3.5264711380004883,-2.7208968411684964e-09,2.4026477336883545,0.0,2.26938796043396,-5.441793682336993e-09,1.9051789045333862,-2.7208968411684964e-09,1.8510667085647583,0.0,1.7257966995239258,6.802241880876636e-09,1.754760980606079,-2.7208968411684964e-09,1.4489272832870483,2.7208968411684964e-09,1.8773540258407593,-1.0883587364673986e-08,2.248807430267334,8.16269007941628e-09,2.1153371334075928,0.25404825806617737,0.29483547806739807,0.231466606259346,0.29912757873535156,0.24723094701766968,0.33155563473701477,0.21606290340423584,0.28610527515411377,0.20387257635593414,0.26146838068962097,0.2615165710449219,0.29374754428863525,0.34416139125823975,0.32336461544036865,0.41213810443878174,0.3318417966365814,0.4702737033367157,0.31877294182777405,0.5033811330795288,0.360298752784729,0.4300408363342285,0.3659743070602417,0.352508544921875,0.34261682629585266
40a4c760-facf-4911-b0a6-22eccc3ab18d-1430466164038-1.7-f-26-hu.wav,..\dataset\hungry\40a4c760-facf-4911-b0a6-22eccc3ab18d-1430466164038-1.7-f-26-hu.wav,hungry,hlad,dívka,2–6 měsíců,False,0,-340.9794921875,88.3642349243164,26.58013343811035,20.778661727905273,3.852591037750244,23.84995460510254,-6.17402458190918,19.488910675048828,8.096619606018066,13.134439468383789,1.5175950527191162,12.962037086486816,-8.832901000976562,12.45056438446045,-16.340787887573242,12.466760635375977,-8.041406631469727,11.663023948669434,-10.54491138458252,9.608555793762207,-11.076478958129883,9.744891166687012,-4.454042434692383,11.719392776489258,-8.1143217086792,13.672219276428223,0.26107792439372324,0.12068764429480647,0.04449194669723511,0.06395267695188522,1494.5410030223075,416.4933804362491,1114.8677984960489,249.15997273575252,2978.780313837375,694.6113711664626,0.24656029045581818,0.20253099501132965,0.3964124023914337,7.531831741333008,0.035575203597545624,3.175568103790283,0.01923089101910591,3.8228390216827393,-0.0010988994035869837,2.9994559288024902,0.005464768968522549,2.236706018447876,-0.008708997629582882,1.9608255624771118,0.003756757127121091,1.8300788402557373,-0.018674589693546295,1.9848872423171997,-0.01796600967645645,1.7625573873519897,-0.00994526781141758,1.7306783199310303,-0.010799597017467022,1.5186355113983154,-0.014520314522087574,1.927441120147705,-0.017645513638854027,2.0639588832855225,0.4828638434410095,0.3173516094684601,0.47069936990737915,0.3092855215072632,0.4652503728866577,0.3053762912750244,0.4532838463783264,0.2911255359649658,0.41802412271499634,0.2810075581073761,0.4200185537338257,0.3146580159664154,0.39699938893318176,0.29372233152389526,0.40352705121040344,0.2836838662624359,0.4632296562194824,0.3071458339691162,0.532620370388031,0.3392433524131775,0.5269206166267395,0.32446688413619995,0.4936203062534332,0.3113684356212616
C421C6FE-DFEE-4080-8AEA-848E7CE4756B-1430548250-1.0-f-48-hu.wav,..\dataset\hungry\C421C6FE-DFEE-4080-8AEA-848E7CE4756B-1430548250-1.0-f-48-hu.wav,hungry,hlad,dívka,4–8 týdnů,False,0,-379.75067138671875,104.13373565673828,34.888336181640625,28.974849700927734,-28.031339645385742,25.43600082397461,-16.49384307861328,20.124767303466797,-21.072921752929688,17.169418334960938,-15.2015380859375,14.648161888122559,-19.823280334472656,13.765514373779297,-13.591327667236328,15.16500473022461,-15.8749361038208,15.680274963378906,-10.470745086669922,15.193435668945312,-10.609363555908203,17.376447677612305,0.21707601845264435,21.509597778320312,1.029214859008789,19.929317474365234,0.20875312054208273,0.09421262048235278,0.05195019766688347,0.047501638531684875,1249.176552398155,309.016135036377,922.1740504031916,146.15254964462147,2296.5183666191156,582.3370373412822,0.09409189969301224,0.1339605450630188,0.2037482112646103,14.511046409606934,0.08679485321044922,4.362687587738037,-0.023226888850331306,3.689079999923706,0.014104766771197319,2.9143311977386475,0.002445882186293602,2.6689553260803223,-0.011854898184537888,1.9969745874404907,-0.02537364326417446,2.1578433513641357,-0.005663108546286821,2.2984914779663086,-0.000946771411690861,2.011916160583496,-0.0010452760616317391,2.341726779937744,-0.012930388562381268,2.494018077850342,-0.011983504518866539,2.8881194591522217,-0.017490515485405922,2.945512533187866,0.3428334593772888,0.3320523798465729,0.3595830202102661,0.31677567958831787,0.344293475151062,0.31551986932754517,0.34063059091567993,0.31161174178123474,0.3340259790420532,0.3131501376628876,0.3163234293460846,0.30181801319122314,0.3575374186038971,0.3282289206981659,0.39966508746147156,0.3266447186470032,0.4579387605190277,0.34114599227905273,0.4545678198337555,0.3463834524154663,0.4011600911617279,0.3322708010673523,0.35211390256881714,0.33417612314224243
1309B82C-F146-46F0-A723-45345AFA6EA8-1430059849-1.0-f-04-hu.wav,..\dataset\hungry\1309B82C-F146-46F0-A723-45345AFA6EA8-1430059849-1.0-f-04-hu.wav,hungry,hlad,dívka,0–4 týdny,False,0,-442.2696533203125,83.05180358886719,35.87906265258789,35.49961853027344,-14.24957275390625,16.35285186767578,0.7090355753898621,15.518921852111816,-7.648934841156006,10.949374198913574,-4.343550205230713,10.370898246765137,-2.853872537612915,9.717985153198242,-7.516592025756836,9.366382598876953,-14.949230194091797,8.354673385620117,-1.4430351257324219,10.7506103515625,-15.599876403808594,12.874552726745605,-4.89786958694458,13.043098449707031,-11.468348503112793,17.697511672973633,0.24733082203994294,0.12672783841109073,0.018472369760274887,0.01978577859699726,1395.3020411215966,398.1376811962997,974.4816622704649,96.35587576038527,2553.2275320970043,564.4189342656151,0.11859959363937378,0.10393445938825607,0.027292422950267792,6.549723148345947,-0.13064463436603546,2.7503013610839844,0.030429458245635033,1.8727110624313354,0.003815731266513467,1.8926632404327393,0.008101464249193668,1.510787010192871,-0.0063606565818190575,1.3247506618499756,-0.012283531948924065,1.178936243057251,0.0037471747491508722,1.2478773593902588,-0.0018164407229050994,1.2214667797088623,0.0028305244632065296,1.4367278814315796,-0.012987327761948109,1.6618181467056274,-0.015677958726882935,2.089416742324829,0.008021428249776363,2.0450377464294434,0.29292792081832886,0.24786387383937836,0.3243224620819092,0.23852543532848358,0.3812631666660309,0.28579407930374146,0.3779870569705963,0.29266688227653503,0.34419333934783936,0.2672465145587921,0.38067862391471863,0.26050347089767456,0.5042885541915894,0.29944372177124023,0.5700253844261169,0.282366544008255,0.5995553731918335,0.3200368881225586,0.58189857006073,0.32934045791625977,0.4178585112094879,0.2743765115737915,0.32912397384643555,0.26201876997947693
11417AC2-DCC9-48CD-8177-CA8665E51B2F-1436881512-1.1-m-48-dc.wav,..\dataset\discomfort\11417AC2-DCC9-48CD-8177-CA8665E51B2F-1436881512-1.1-m-48-dc.wav,discomfort,nepohodlí,chlapec,4–8 týdnů,False,0,-408.5652770996094,77.38383483886719,60.43681335449219,29.57465934753418,-2.77343487739563,19.315643310546875,-8.51501750946045,13.271984100341797,-9.183323860168457,11.570635795593262,-2.0857179164886475,14.0801362991333,-21.910221099853516,11.817216873168945,-13.362552642822266,10.474126815795898,-20.55905532836914,10.401451110839844,-9.371624946594238,9.307490348815918,-13.73619556427002,12.901795387268066,-1.7778985500335693,13.66795825958252,-8.536578178405762,11.725772857666016,0.2305523359486448,0.12148585042457988,0.019233522936701775,0.012823444791138172,1203.2678017224289,350.09526188612267,980.2235648000145,171.50179032003925,2392.9208273894437,619.143799754831,0.08731695264577866,0.10943089425563812,0.08579197525978088,10.049367904663086,-0.017130324617028236,2.6122353076934814,-0.014453531242907047,2.457732915878296,-0.0022320495918393135,1.8296390771865845,0.02189813181757927,1.4909617900848389,0.027322178706526756,1.6720293760299683,-0.043290648609399796,1.4710060358047485,0.008747484534978867,1.4422749280929565,0.023648701608181,1.3477795124053955,0.009762249886989594,1.4491541385650635,-0.027223987504839897,1.5868993997573853,0.006165610626339912,1.519844651222229,0.006914941594004631,1.677199125289917,0.3693878948688507,0.2680089771747589,0.39950400590896606,0.27786746621131897,0.40265458822250366,0.3006746470928192,0.41289716958999634,0.30867093801498413,0.41081979870796204,0.29147854447364807,0.48899808526039124,0.2979259490966797,0.5443148016929626,0.31973007321357727,0.5182167887687683,0.3086491525173187,0.44764238595962524,0.29950276017189026,0.3920087516307831,0.27917900681495667,0.34896019101142883,0.27623826265335083,0.3423263728618622,0.26939988136291504
d6cda191-4962-4308-9a36-46d5648a95ed-1431159262344-1.7-m-04-bp.wav,..\dataset\belly_pain\d6cda191-4962-4308-9a36-46d5648a95ed-1431159262344-1.7-m-04-bp.wav,belly_pain,bolest břicha,chlapec,0–4 týdny,False,0,-464.6082458496094,140.32908630371094,-7.565580368041992,22.09322738647461,-46.425697326660156,23.960407257080078,-4.553796768188477,17.069082260131836,-14.101486206054688,15.58488941192627,6.4021220207214355,12.093111991882324,-23.87576675415039,17.036325454711914,1.6691100597381592,12.299248695373535,-13.840799331665039,11.885329246520996,-4.38751220703125,14.140790939331055,-2.8373148441314697,16.462533950805664,9.998978614807129,20.061016082763672,8.544171333312988,23.555583953857422,0.37605875534950073,0.11108906200880506,0.035726048052310944,0.031532399356365204,1649.659480102538,355.6389606791837,847.489586385672,171.9859752513141,2637.0586661911557,552.4705081051217,0.1513092815876007,0.19685117900371552,-0.25631970167160034,12.282078742980957,0.013409123755991459,2.978773832321167,0.0933142900466919,3.354013204574585,0.0035791790578514338,2.611205816268921,0.0403517410159111,1.8134915828704834,0.013357723131775856,1.8958512544631958,0.06513572484254837,1.8376901149749756,-0.0030737542547285557,1.7983324527740479,0.006541414186358452,1.7681868076324463,0.04225069284439087,1.7582155466079712,-0.03265471011400223,2.082977771759033,-0.05949512869119644,2.555727243423462,-0.022058475762605667,2.386909246444702,0.29410675168037415,0.34742215275764465,0.2817181348800659,0.2988082468509674,0.3547315001487732,0.3122577667236328,0.4193561375141144,0.36252617835998535,0.3172011971473694,0.29824399948120117,0.28761327266693115,0.2998133599758148,0.2917013466358185,0.29025211930274963,0.308610737323761,0.29761338233947754,0.32940101623535156,0.3091890215873718,0.29387879371643066,0.31074243783950806,0.2658025026321411,0.31391799449920654,0.26053059101104736,0.3183479905128479
7b23d26e-6f97-4e8b-b520-a9fdde21ee91-1432275312750-1.7-m-48-hu.wav,..\dataset\hungry\7b23d26e-6f97-4e8b-b520-a9fdde21ee91-1432275312750-1.7-m-48-hu.wav,hungry,hlad,chlapec,4–8 týdnů,False,0,-316.1391906738281,117.39360046386719,35.1130256652832,64.2457504272461,-54.76484298706055,36.149417877197266,4.077084541320801,18.441259384155273,-33.558799743652344,21.319042205810547,-8.734748840332031,17.406694412231445,-12.513348579406738,18.46479034423828,-3.664144277572632,18.352127075195312,-18.04998779296875,15.996819496154785,2.562211513519287,16.629825592041016,-2.466691255569458,18.957168579101562,2.210158348083496,17.35110855102539,6.46847677230835,24.776853561401367,0.26428762482168333,0.12745199580121536,0.196147620677948,0.125096395611763,1252.0661698963643,487.41083587667134,668.1459790585488,208.71470210599352,1965.785485021398,747.0738372222875,0.06449880450963974,0.21392852067947388,-0.23686473071575165,9.746729850769043,-0.03305605426430702,3.537349224090576,0.03295748308300972,3.390526056289673,0.007588797248899937,2.212986707687378,0.037470493465662,2.157606363296509,-0.0005035291542299092,2.0131046772003174,0.010124394670128822,2.1000025272369385,-0.01509041991084814,1.789646863937378,-0.007505874149501324,2.1352264881134033,-0.01041360106319189,1.723921537399292,0.0025651552714407444,1.807746410369873,0.01033958699554205,2.2371437549591064,-0.004172108601778746,2.7058005332946777,0.1756548285484314,0.27332577109336853,0.13525687158107758,0.2022777944803238,0.15288521349430084,0.2375929057598114,0.14461883902549744,0.23751293122768402,0.16077850759029388,0.24701784551143646,0.21472890675067902,0.2883528470993042,0.3597318232059479,0.3712694048881531,0.41474974155426025,0.3987959921360016,0.28698083758354187,0.3422485888004303,0.2667943239212036,0.34788021445274353,0.3048085868358612,0.34545040130615234,0.27354055643081665,0.3282531499862671
7d1c2cd2-6fa1-499f-8ca8-a298198be4e7-1436850081753-1.7-m-04-hu.wav,..\dataset\hungry\7d1c2cd2-6fa1-499f-8ca8-a298198be4e7-1436850081753-1.7-m-04-hu.wav,hungry,hlad,chlapec,0–4 týdny,False,0,-384.2187194824219,118.90491485595703,57.36915969848633,43.18867874145508,-40.962547302246094,28.287303924560547,-20.69084358215332,16.802440643310547,-6.455784320831299,16.302528381347656,-11.182816505432129,16.239713668823242,-17.61443519592285,13.624653816223145,-6.860522747039795,16.214569091796875,-10.72160530090332,13.999068260192871,-7.489372253417969,11.41150188446045,-11.720856666564941,13.098179817199707,-0.3682893216609955,11.150993347167969,-9.521230697631836,13.589125633239746,0.22190954885877318,0.09225328572391478,0.061944495886564255,0.0856676697731018,1122.437568002106,380.45521102435924,768.9606065923613,231.38349536417172,1873.2837018544935,753.7271566358634,0.11927977949380875,0.2132522463798523,0.009596798568964005,12.873872756958008,-0.001818397082388401,5.731235980987549,-0.011363896541297436,4.228066444396973,0.004385868087410927,2.3335635662078857,0.006500105373561382,2.5282251834869385,-0.00554184103384614,2.3222413063049316,-0.0008045528666116297,1.9749900102615356,0.0045716725289821625,2.3729755878448486,-0.0029086440335959196,1.98317551612854,-0.0024105622433125973,1.8684362173080444,0.0038070420268923044,2.032242774963379,-0.00011593740782700479,1.8503392934799194,-0.0024792866315692663,2.211939573287964,0.3638675808906555,0.31293514370918274,0.435284286737442,0.3447815775871277,0.4360732138156891,0.3585258722305298,0.4050276279449463,0.3304154872894287,0.40423280000686646,0.3208732008934021,0.40449705719947815,0.3195788860321045,0.3766861855983734,0.3083975315093994,0.32706892490386963,0.30390146374702454,0.28979161381721497,0.2788998484611511,0.3276215195655823,0.33336472511291504,0.29979756474494934,0.2868443727493286,0.3131403923034668,0.29921576380729675
10A40438-09AA-4A21-83B4-8119F03F7A11-1430925142-1.0-f-26-dc.wav,..\dataset\discomfort\10A40438-09AA-4A21-83B4-8119F03F7A11-1430925142-1.0-f-26-dc.wav,discomfort,nepohodlí,dívka,2–6 měsíců,False,0,-326.4963073730469,124.88838195800781,26.577930450439453,34.05928421020508,-31.878259658813477,24.257238388061523,-27.789329528808594,22.123117446899414,-18.89766502380371,21.903730392456055,-7.12718391418457,14.73095417022705,-13.717682838439941,15.099495887756348,-11.689695358276367,15.397215843200684,-15.815802574157715,20.109272003173828,-0.8251059055328369,26.317646026611328,6.450989246368408,27.71649932861328,7.881333827972412,27.673049926757812,-4.911098003387451,24.803802490234375,0.21284883202567761,0.07154909508634098,0.1467466503381729,0.1296510249376297,1285.020831317316,311.8559495460981,886.4161417518092,165.53018556082034,2332.070256776034,648.9134787069144,0.05443084239959717,0.12815751135349274,0.7012472748756409,15.008649826049805,-0.005934123415499926,4.637571334838867,-0.041070736944675446,3.7411563396453857,-0.025348015129566193,2.7290396690368652,0.022313326597213745,2.7236502170562744,0.004638974089175463,1.8272039890289307,-0.0015991553664207458,2.1980338096618652,-0.021494755521416664,2.410522222518921,-0.033017683774232864,3.1059961318969727,0.02402164414525032,3.4308650493621826,0.052752796560525894,4.160254001617432,0.030677275732159615,4.354969024658203,-0.03360207378864288,4.121517181396484,0.25634852051734924,0.3290500342845917,0.2487202137708664,0.33245226740837097,0.24213440716266632,0.3198077380657196,0.2304510921239853,0.30934563279151917,0.22963590919971466,0.30550459027290344,0.2557486593723297,0.31565842032432556,0.28327202796936035,0.33342137932777405,0.2758924961090088,0.31759950518608093,0.3317051827907562,0.358706533908844,0.33511319756507874,0.3570757508277893,0.3269393742084503,0.34273865818977356,0.30483224987983704,0.3517104983329773
7B924575-21FC-462A-969E-BABB46D1CBF5-1430055220-1.0-f-72-hu.wav,..\dataset\hungry\7B924575-21FC-462A-969E-BABB46D1CBF5-1430055220-1.0-f-72-hu.wav,hungry,hlad,dívka,7 měsíců–2 roky,False,0,-607.9730224609375,101.8233642578125,51.70457458496094,30.405858993530273,-2.8405487537384033,18.288389205932617,-2.269516706466675,10.295095443725586,-13.35483169555664,11.123544692993164,-10.304781913757324,9.25180435180664,-21.59562873840332,9.515212059020996,-12.431838035583496,9.114242553710938,-10.917078018188477,10.614858627319336,-6.004409313201904,8.914326667785645,-11.180262565612793,10.33450984954834,-11.318880081176758,10.264885902404785,-13.575433731079102,9.356217384338379,0.19594775320970043,0.10072030462638513,0.004852198529988527,0.01581151783466339,1188.6985383052443,337.8354373318086,991.0584019035157,152.39755198861926,2381.5085592011415,505.2861613641446,0.1574471890926361,0.1566309630870819,0.16393843293190002,9.994290351867676,-0.04199239984154701,3.1800377368927,-0.009548992849886417,2.254518985748291,0.014177681878209114,1.6956151723861694,0.0016116361366584897,1.3464361429214478,0.0010008818935602903,1.2990713119506836,-0.039537280797958374,1.3371049165725708,0.009370035491883755,1.3694630861282349,-0.014684225432574749,1.4958864450454712,-0.005018675234168768,1.3723493814468384,-0.025174811482429504,1.4963260889053345,-0.014894455671310425,1.410037636756897,0.0008607529453001916,1.1542847156524658,0.4436947703361511,0.24909920990467072,0.4640151560306549,0.26192817091941833,0.46433788537979126,0.25966355204582214,0.4747416377067566,0.25807973742485046,0.4395090639591217,0.2458537518978119,0.4301215410232544,0.2592947781085968,0.436733216047287,0.26123160123825073,0.45361101627349854,0.24124960601329803,0.6329146027565002,0.22733521461486816,0.8297183513641357,0.2587013840675354,0.6333426833152771,0.2219603955745697,0.44144299626350403,0.22708356380462646
7b23d26e-6f97-4e8b-b520-a9fdde21ee91-1432261716253-1.7-m-48-hu.wav,..\dataset\hungry\7b23d26e-6f97-4e8b-b520-a9fdde21ee91-1432261716253-1.7-m-48-hu.wav,hungry,hlad,chlapec,4–8 týdnů,False,0,-316.3486633300781,117.28437805175781,28.400171279907227,55.00178909301758,-33.825218200683594,29.584131240844727,-7.021599769592285,28.40056800842285,-36.35038375854492,22.05026626586914,-12.429116249084473,16.390445709228516,-16.783445358276367,16.509193420410156,-17.748271942138672,16.291257858276367,-1.6200045347213745,20.462278366088867,17.84992790222168,19.095815658569336,13.860611915588379,22.839744567871094,9.14106559753418,22.75916862487793,-18.686634063720703,17.641820907592773,0.2562689461483595,0.14510651263119026,0.19460205733776093,0.10812105238437653,1279.527261446031,520.1553832537479,764.6307791915593,240.45284007220917,2117.220934379458,834.4709329530464,0.061911698430776596,0.2079039365053177,0.05364014953374863,11.247430801391602,0.012389233335852623,5.175573348999023,0.009052668698132038,3.8977720737457275,0.010147933848202229,2.8048527240753174,0.005179074592888355,2.745176315307617,-0.0009196379105560482,2.07513689994812,0.005842598155140877,1.976893663406372,0.010597163811326027,2.285529136657715,0.00334554654546082,2.28698468208313,-0.0020599092822521925,2.265388250350952,0.001805081032216549,2.520935535430908,-0.015608946792781353,2.952145576477051,-0.011794394813477993,2.3328394889831543,0.42466652393341064,0.3585875928401947,0.2917451858520508,0.3647204041481018,0.14807747304439545,0.22695887088775635,0.10912920534610748,0.22421416640281677,0.08242525905370712,0.2083446979522705,0.0916927307844162,0.1952282190322876,0.10189240425825119,0.196811243891716,0.1032077819108963,0.19272874295711517,0.15852506458759308,0.26185116171836853,0.20634819567203522,0.28522783517837524,0.3779231607913971,0.36911919713020325,0.5164681077003479,0.3876163065433502
08E9485B-2772-444B-A636-77E14DD14A8C-1431493441-1.0-m-04-hu.wav,..\dataset\hungry\08E9485B-2772-444B-A636-77E14DD14A8C-1431493441-1.0-m-04-hu.wav,hungry,hlad,chlapec,0–4 týdny,False,0,-485.3599853515625,169.14108276367188,23.69158935546875,22.83108139038086,-25.769798278808594,20.332355499267578,-5.012048244476318,15.536704063415527,-11.194781303405762,20.32599449157715,1.9863560199737549,18.83027458190918,-12.659306526184082,13.865544319152832,-10.569683074951172,13.076165199279785,-13.317322731018066,9.60942554473877,-8.116273880004883,11.003816604614258,-0.7984163761138916,10.836942672729492,-6.097043514251709,12.647368431091309,0.34076911211013794,14.7316312789917,0.2820747146932953,0.10159129590748676,0.0766318142414093,0.1266639083623886,1379.551509827291,250.04035350924374,906.136466832897,109.91901777919904,2386.144793152639,416.82230712007606,0.12425081431865692,0.12235691398382187,0.4034528434276581,10.776390075683594,0.08271683007478714,2.395983934402466,-0.0553864985704422,2.6959190368652344,-0.007164317183196545,1.916107177734375,-0.055712196975946426,2.0541205406188965,0.020179176703095436,1.805759072303772,-0.009458523243665695,1.6350841522216797,-0.029659930616617203,1.5658352375030518,-0.028683513402938843,1.2269870042800903,-0.04532506689429283,1.4738521575927734,0.0026474979240447283,1.2668458223342896,-0.02356329746544361,1.4166505336761475,-0.026841070502996445,1.536638617515564,0.32797756791114807,0.29298317432403564,0.36320531368255615,0.3147341012954712,0.32410943508148193,0.2538374662399292,0.3897750675678253,0.313703328371048,0.3613295555114746,0.2529791593551636,0.3971288502216339,0.32702550292015076,0.4162619709968567,0.3414277732372284,0.41765713691711426,0.3629482090473175,0.38123852014541626,0.326763391494751,0.3889223635196686,0.32127076387405396,0.3938383162021637,0.3050893545150757,0.3421289622783661,0.29874902963638306
F1AF5794-AD3B-4181-B010-AB835E5BDA64-1430441342-1.0-m-72-hu.wav,..\dataset\hungry\F1AF5794-AD3B-4181-B010-AB835E5BDA64-1430441342-1.0-m-72-hu.wav,hungry,hlad,chlapec,7 měsíců–2 roky,False,0,-486.6499328613281,69.33882141113281,23.238618850708008,21.265501022338867,-17.560583114624023,20.677581787109375,-6.6068596839904785,19.826156616210938,-14.519536972045898,16.643083572387695,-6.051639556884766,15.127562522888184,-7.118127822875977,11.284210205078125,-8.446017265319824,9.858804702758789,-14.804548263549805,10.514925956726074,-9.328618049621582,12.949761390686035,-10.678276062011719,14.259448051452637,-5.333866119384766,13.758811950683594,-7.860021591186523,13.0320405960083,0.3068551622681883,0.07454798416623283,0.011955413967370987,0.02157275751233101,1511.9194637633236,242.90493616998094,1037.851384663263,103.1738836747106,2789.0067760342367,393.42534087118236,0.2690947651863098,0.14032019674777985,0.04351235181093216,7.65054178237915,-0.027511797845363617,3.2226662635803223,-0.04516572132706642,2.639224052429199,-0.0004929550923407078,2.1657867431640625,-0.037451788783073425,2.167079210281372,-0.018806874752044678,1.7490181922912598,0.035604480654001236,1.4630311727523804,0.014844506978988647,1.3168450593948364,-0.0274373646825552,1.5063217878341675,0.02056713029742241,1.7481091022491455,0.00532143609598279,1.6739506721496582,-0.005095674656331539,2.0844027996063232,-0.00607422087341547,2.074275016784668,0.46249985694885254,0.25842049717903137,0.49671852588653564,0.2856461703777313,0.501323401927948,0.28013214468955994,0.5242590308189392,0.2934342622756958,0.5261121392250061,0.28580522537231445,0.5589615106582642,0.2890082597732544,0.573606550693512,0.2772117555141449,0.5984969139099121,0.2609846293926239,0.6273956894874573,0.278093546628952,0.6228281855583191,0.2772175669670105,0.5877270102500916,0.2885725796222687,0.5188195109367371,0.28531667590141296
F950E7E3-A1A5-4A01-99F4-9B155C3C6606-1430305696-1.0-m-72-hu.wav,..\dataset\hungry\F950E7E3-A1A5-4A01-99F4-9B155C3C6606-1430305696-1.0-m-72-hu.wav,hungry,hlad,chlapec,7 měsíců–2 roky,False,0,-427.7006530761719,90.95481872558594,59.84835433959961,29.710102081298828,-16.591537475585938,17.579713821411133,-2.1620984077453613,13.299920082092285,-13.146133422851562,23.201622009277344,1.0873281955718994,11.851991653442383,-11.549479484558105,15.737404823303223,-7.556707382202148,16.226299285888672,-12.346071243286133,12.574721336364746,-14.757216453552246,12.425459861755371,-18.088624954223633,10.913516998291016,-17.70972442626953,11.822118759155273,-15.241435050964355,16.873538970947266,0.18254613944365192,0.07793329454462371,0.03041038103401661,0.036024436354637146,1096.7344728351359,282.15301553456425,888.0897312071862,146.6177237087702,2074.826141226819,519.3413149470834,0.06281504780054092,0.1129736676812172,0.3972650468349457,8.554584503173828,0.08070961385965347,2.8538923263549805,0.0112311327829957,2.3756580352783203,0.011606850661337376,2.023836612701416,0.002382966922596097,2.9689505100250244,0.0279165580868721,1.6934322118759155,-0.030483823269605637,1.8629200458526611,-0.0025726405438035727,1.816567301750183,-0.016520386561751366,1.7186862230300903,-0.010843153111636639,1.521356225013733,-0.026082834228873253,1.4728164672851562,-0.030402859672904015,1.5993309020996094,-0.01578039675951004,2.168519973754883,0.32747697830200195,0.2879888713359833,0.3777410387992859,0.3139195740222931,0.41786617040634155,0.33564886450767517,0.4388410449028015,0.33815816044807434,0.49015262722969055,0.3452748656272888,0.5222379565238953,0.34684088826179504,0.4798794686794281,0.3387993276119232,0.41441452503204346,0.31879475712776184,0.4011176526546478,0.3321824371814728,0.4120924770832062,0.34041908383369446,0.3804325759410858,0.3246157169342041,0.35258665680885315,0.30604228377342224
10A40438-09AA-4A21-83B4-8119F03F7A11-1430848060-1.0-f-26-hu.wav,..\dataset\hungry\10A40438-09AA-4A21-83B4-8119F03F7A11-1430848060-1.0-f-26-hu.wav,hungry,hlad,dívka,2–6 měsíců,False,0,-309.3059387207031,124.19295501708984,-1.4730494022369385,35.0859260559082,-9.933853149414062,23.59952163696289,-25.769601821899414,20.770740509033203,-19.408727645874023,17.342365264892578,2.695070505142212,14.946867942810059,-16.012697219848633,15.593132972717285,-5.507325649261475,13.88062858581543,-9.405853271484375,20.95380401611328,6.433834075927734,21.3125057220459,4.032114028930664,20.071882247924805,-0.20105433464050293,20.9377498626709,-5.951236724853516,17.00709342956543,0.39408545827389446,0.17075795904332614,0.10607301443815231,0.0834757536649704,1797.5865940546196,461.09352833775637,1005.193605374303,115.99816707572745,2964.581847360913,508.07506021898286,0.11151610314846039,0.0942406952381134,0.42136260867118835,19.59015655517578,-0.04031023755669594,5.208891868591309,-0.027677882462739944,3.319378137588501,0.01958274655044079,2.5999667644500732,0.005688268691301346,2.496058940887451,0.025973811745643616,2.145502805709839,0.01303376629948616,2.3040730953216553,-0.017432108521461487,2.270078659057617,-0.00568523770198226,2.6650943756103516,-0.01152973435819149,3.1411592960357666,0.025161100551486015,3.102417230606079,0.021286170929670334,3.2268824577331543,-0.028918279334902763,3.032881498336792,0.2766702175140381,0.30664435029029846,0.37985000014305115,0.3548808693885803,0.3622698485851288,0.33873847126960754,0.28882476687431335,0.31261491775512695,0.2699182629585266,0.2965664267539978,0.27675896883010864,0.28353017568588257,0.2978620231151581,0.30643096566200256,0.34660807251930237,0.31578925251960754,0.40734586119651794,0.3359261453151703,0.37456271052360535,0.3114131987094879,0.3050444424152374,0.28943467140197754,0.27047494053840637,0.31429433822631836
643D64AD-B711-469A-AF69-55C0D5D3E30F-1430138647-1.0-m-72-bp.wav,..\dataset\belly_pain\643D64AD-B711-469A-AF69-55C0D5D3E30F-1430138647-1.0-m-72-bp.wav,belly_pain,bolest břicha,chlapec,7 měsíců–2 roky,False,0,-474.0152587890625,83.9233169555664,25.335119247436523,20.970603942871094,2.693234443664551,15.391312599182129,-33.987552642822266,16.477083206176758,-22.45859146118164,10.679166793823242,-26.570749282836914,13.817486763000488,-21.556249618530273,11.116085052490234,-17.533620834350586,12.730382919311523,-16.557552337646484,10.434891700744629,-9.042598724365234,16.503738403320312,-2.355786085128784,18.918474197387695,9.959343910217285,22.418298721313477,11.306482315063477,23.319833755493164,0.18776747503566335,0.10535576726831836,0.025394532829523087,0.028582336381077766,1367.8381498895274,349.84306345213014,1133.2242775042985,194.0823444392839,2907.453637660485,621.3196966326138,0.09984228014945984,0.16389837861061096,0.3982878625392914,7.6971755027771,0.060912057757377625,2.64145827293396,0.020256448537111282,1.979303240776062,-0.058849744498729706,2.0670254230499268,-0.032496146857738495,1.5926061868667603,-0.019191719591617584,1.6611928939819336,-0.0029633177910000086,1.5923926830291748,-0.01819254644215107,1.6493918895721436,-0.0035096846986562014,1.5594699382781982,-0.02551492117345333,1.7915420532226562,-0.02365044318139553,2.2867114543914795,0.0015411213971674442,2.6214969158172607,0.027155501767992973,2.5658392906188965,0.19320236146450043,0.2789510190486908,0.22733518481254578,0.3164669871330261,0.2649489939212799,0.3428008556365967,0.2788970172405243,0.3450421988964081,0.2770414352416992,0.3291035592556,0.32015907764434814,0.3302534222602844,0.39299702644348145,0.3348831832408905,0.4557326138019562,0.3580072522163391,0.4350357949733734,0.3367297649383545,0.3628270924091339,0.3529534339904785,0.24633997678756714,0.26713302731513977,0.18995250761508942,0.26938939094543457
42ec6f14-6ba6-457f-8a80-101ee201195c-1431345009828-1.7-m-22-hu.wav,..\dataset\hungry\42ec6f14-6ba6-457f-8a80-101ee201195c-1431345009828-1.7-m-22-hu.wav,hungry,hlad,chlapec,více než 2 roky,False,0,-700.090576171875,152.14273071289062,16.921537399291992,20.637691497802734,-27.31789779663086,24.08709716796875,15.517894744873047,18.596179962158203,-23.17629623413086,18.49281120300293,1.0215383768081665,13.132339477539062,-10.716612815856934,11.493183135986328,-1.403296947479248,12.023807525634766,-8.774794578552246,10.503336906433105,1.4465347528457642,9.27751350402832,-10.791200637817383,10.31230640411377,1.2138640880584717,10.026039123535156,-7.986323833465576,9.548545837402344,0.333496790299572,0.14416929342079474,0.0011500861728563905,0.0010485065868124366,1474.7974046376003,442.1951242931238,856.1853420659722,253.63012515557662,2417.773716119829,709.7677926573701,0.26639237999916077,0.23744626343250275,0.5105233788490295,10.055389404296875,0.05550408363342285,3.1433327198028564,-0.07795438915491104,3.250394582748413,0.0598614364862442,2.47302508354187,-0.025153588503599167,2.492671251296997,-0.0382370762526989,2.057305335998535,-0.013196262530982494,1.7217344045639038,0.02036220394074917,1.8656258583068848,-0.0061335135251283646,1.5603044033050537,-0.011364295147359371,1.4362865686416626,0.004928804002702236,1.4045168161392212,-0.005134637001901865,1.3320016860961914,-0.02205721288919449,1.40744149684906,0.4172660708427429,0.2981720566749573,0.42027780413627625,0.30255088210105896,0.42209798097610474,0.3227115273475647,0.41996654868125916,0.3242185413837433,0.4059251844882965,0.3210758864879608,0.394858717918396,0.3124741315841675,0.40181201696395874,0.3107233941555023,0.4031424820423126,0.3021092414855957,0.4248993694782257,0.308855265378952,0.4495663344860077,0.32033199071884155,0.4603084325790405,0.3146504759788513,0.4479966461658478,0.31699231266975403
04c3386b-e6bc-4bd0-8456-d46ae21a73fc-1435305829013-1.7-f-26-hu.wav,..\dataset\hungry\04c3386b-e6bc-4bd0-8456-d46ae21a73fc-1435305829013-1.7-f-26-hu.wav,hungry,hlad,dívka,2–6 měsíců,False,0,-696.31640625,103.64535522460938,41.42493438720703,23.21082305908203,-30.667322158813477,42.17228317260742,-12.034076690673828,15.952852249145508,-15.21692180633545,18.026573181152344,-3.686481237411499,16.071081161499023,-0.9406609535217285,12.01003646850586,-7.078185081481934,14.832779884338379,-6.9234771728515625,13.146406173706055,-2.101111888885498,11.451580047607422,5.583585739135742,19.219755172729492,12.095648765563965,21.348119735717773,-5.074494361877441,13.858499526977539,0.23278686697574894,0.057558943955160306,0.0043894038535654545,0.006099328864365816,1311.9339381495663,255.3600109696408,901.7745327927792,255.55120983209466,2352.977888730385,665.2326551095288,0.16650572419166565,0.17002037167549133,-0.4777536988258362,8.452508926391602,-0.03925319388508797,3.4685745239257812,0.054818712174892426,3.3536007404327393,-0.05351778492331505,2.6405861377716064,-0.025589413940906525,2.440145254135132,-0.001117956591770053,2.1198408603668213,-0.007745577488094568,1.8453012704849243,0.023562846705317497,1.8419219255447388,0.00538573507219553,1.5395179986953735,-0.002796423388645053,1.8131685256958008,-0.01105059590190649,1.5926569700241089,-0.01245755236595869,2.2085771560668945,0.02509491704404354,1.8876652717590332,0.28680339455604553,0.28434881567955017,0.28248313069343567,0.2855009138584137,0.2973141670227051,0.30051252245903015,0.3490294814109802,0.3229859471321106,0.43436160683631897,0.3056356608867645,0.49364858865737915,0.3220478892326355,0.41411057114601135,0.3448714017868042,0.36210697889328003,0.336853563785553,0.3980211317539215,0.32099291682243347,0.5415676236152649,0.33444666862487793,0.5410809516906738,0.3238070011138916,0.3630219101905823,0.2857270836830139
D1CB71F9-EF76-49B3-A703-41D557444D21-1436863375-1.1-m-04-hu.wav,..\dataset\hungry\D1CB71F9-EF76-49B3-A703-41D557444D21-1436863375-1.1-m-04-hu.wav,hungry,hlad,chlapec,0–4 týdny,False,0,-353.46954345703125,91.76297760009766,-8.528380393981934,41.77145004272461,-17.221569061279297,17.48194694519043,3.9143195152282715,20.92792510986328,-2.680393695831299,12.062721252441406,-5.292638778686523,15.58388614654541,-7.758779525756836,14.534589767456055,-9.860466957092285,13.465947151184082,-25.749292373657227,11.064733505249023,-5.295619964599609,13.142722129821777,-9.186851501464844,18.67560577392578,10.065305709838867,25.41439437866211,6.636264801025391,22.47975730895996,0.34660863944365194,0.12914754370512138,0.09490052610635757,0.07426027953624725,1714.8843022212536,416.8015087615219,916.8736997183676,124.64815534727278,2843.3710770328103,541.6757856592451,0.052864935249090195,0.06663697212934494,0.029337219893932343,6.994685173034668,-0.025992607697844505,3.3662195205688477,0.008133630268275738,2.314178466796875,0.07896009832620621,1.8481626510620117,-0.00618838332593441,1.4497077465057373,-0.0055150664411485195,1.4016239643096924,0.0030937297269701958,1.4659696817398071,0.06538122147321701,1.5229464769363403,0.018295656889677048,1.683526635169983,-0.020134948194026947,1.5174227952957153,-0.07055867463350296,1.7547105550765991,-0.04322211816906929,2.0364437103271484,0.045206468552351,2.2308833599090576,0.16820231080055237,0.24721546471118927,0.16144265234470367,0.22960776090621948,0.1537887006998062,0.20910564064979553,0.1863177865743637,0.27553072571754456,0.19632501900196075,0.2807227373123169,0.20146094262599945,0.2597197890281677,0.2741444408893585,0.3187556564807892,0.36841973662376404,0.3557738661766052,0.4231227934360504,0.35992276668548584,0.4978346824645996,0.3720502257347107,0.42971271276474,0.3822861909866333,0.25740891695022583,0.3081783354282379
7B924575-21FC-462A-969E-BABB46D1CBF5-1430055234-1.0-f-72-hu.wav,..\dataset\hungry\7B924575-21FC-462A-969E-BABB46D1CBF5-1430055234-1.0-f-72-hu.wav,hungry,hlad,dívka,7 měsíců–2 roky,False,0,-485.77789306640625,118.42354583740234,20.880887985229492,28.960609436035156,-23.00690460205078,23.237329483032227,-0.06556499004364014,15.769989013671875,-15.535531044006348,14.811777114868164,-8.55041790008545,9.02236557006836,-21.73818016052246,12.51456356048584,-18.46778106689453,11.326126098632812,-1.0386497974395752,13.554678916931152,1.3923423290252686,14.626583099365234,-12.263043403625488,14.669605255126953,-6.80839729309082,12.940742492675781,-4.112860679626465,19.020219802856445,0.2768255171184023,0.10189038441245031,0.02325388602912426,0.03372780233621597,1414.5658427910885,317.975020030285,915.2985084140979,164.5970956265387,2447.775499286733,459.75296068334063,0.13638082146644592,0.15962634980678558,0.13556750118732452,10.392471313476562,0.007512042298913002,3.105030059814453,-0.05124272033572197,2.64351749420166,-0.026815462857484818,1.7802075147628784,-0.00058710016310215,1.729168176651001,0.008532571606338024,1.4241951704025269,-0.015628479421138763,1.4819977283477783,0.003082993673160672,1.3000171184539795,-0.01429342944175005,1.846211552619934,0.024928009137511253,2.003918170928955,-0.016188817098736763,2.0006234645843506,-0.03769852593541145,1.9182003736495972,-0.017077766358852386,1.920021653175354,0.4741048514842987,0.31367987394332886,0.5970070362091064,0.3209419548511505,0.5028157234191895,0.333105206489563,0.30203306674957275,0.2675600051879883,0.2532210648059845,0.2574867308139801,0.24896104633808136,0.2633633017539978,0.2390134334564209,0.23825329542160034,0.25164464116096497,0.2476983517408371,0.3351231813430786,0.3248569667339325,0.4475870728492737,0.38516390323638916,0.435102641582489,0.30914536118507385,0.4250269830226898,0.3096645176410675
4cefc13c-e7c0-4b5a-bddb-c40c103e640a-1431583459308-1.7-f-26-hu.wav,..\dataset\hungry\4cefc13c-e7c0-4b5a-bddb-c40c103e640a-1431583459308-1.7-f-26-hu.wav,hungry,hlad,dívka,2–6 měsíců,False,0,-510.13818359375,113.03746032714844,43.61695861816406,27.857891082763672,-37.00176239013672,37.485374450683594,-10.689096450805664,19.68840980529785,-19.24240493774414,17.229764938354492,-4.042849540710449,11.509833335876465,-16.034889221191406,17.42034149169922,-8.860235214233398,11.972164154052734,-14.195457458496094,15.923907279968262,0.839855432510376,19.681528091430664,-2.0218183994293213,16.02724266052246,-3.165444850921631,20.71959686279297,-2.2559306621551514,22.752119064331055,0.22774942047075605,0.07885606034483264,0.04933023825287819,0.09552673995494843,1196.9201212594965,303.7780502736929,799.6051997409797,238.18541669182193,2069.699536376605,651.226273774901,0.12080901116132736,0.20067572593688965,0.02756642736494541,7.577366352081299,-0.0037339411210268736,3.2029762268066406,-0.01074292790144682,3.660012722015381,-0.006264391355216503,2.325644016265869,-0.000918678124435246,2.2903659343719482,-0.0005340371862985194,1.7434462308883667,-0.008062120527029037,1.9722652435302734,0.002329438691958785,1.5784343481063843,0.006855343002825975,1.5531232357025146,0.014106320217251778,1.8488118648529053,-0.0032970099709928036,1.9709054231643677,-0.008839687332510948,1.9237291812896729,0.00044723923201672733,2.0678982734680176,0.36088964343070984,0.33443599939346313,0.3409082591533661,0.33863741159439087,0.2902243733406067,0.28499019145965576,0.3165712356567383,0.3233843445777893,0.25332754850387573,0.29226866364479065,0.2281235307455063,0.27866220474243164,0.2700231671333313,0.32648882269859314,0.34261757135391235,0.32177844643592834,0.44906532764434814,0.3607856035232544,0.40924763679504395,0.3395954668521881,0.37838056683540344,0.3660421669483185,0.3761437237262726,0.3621900677680969
643D64AD-B711-469A-AF69-55C0D5D3E30F-1430138506-1.0-m-72-bp.wav,..\dataset\belly_pain\643D64AD-B711-469A-AF69-55C0D5D3E30F-1430138506-1.0-m-72-bp.wav,belly_pain,bolest břicha,chlapec,7 měsíců–2 roky,False,0,-496.36553955078125,87.8917236328125,45.811729431152344,21.2933292388916,-24.127897262573242,14.166583061218262,-17.050594329833984,13.221242904663086,-26.594301223754883,14.0379638671875,-15.458980560302734,13.369050979614258,-18.938962936401367,11.475652694702148,-15.065717697143555,11.204188346862793,-17.3057804107666,11.179282188415527,-9.878446578979492,10.541661262512207,-11.135235786437988,12.22688102722168,-6.243432998657227,11.89240837097168,-9.288387298583984,11.837845802307129,0.21599723609129814,0.06948944985591363,0.011423132382333279,0.017117103561758995,1243.5610218135216,217.77259613525732,955.0505704112044,85.35867011926523,2363.7660485021397,410.9709532142292,0.1322900354862213,0.08709471672773361,0.027164464816451073,8.903108596801758,-0.0062043736688792706,2.4393396377563477,0.06320268660783768,1.7766810655593872,0.025044338777661324,1.643498420715332,-0.02413116581737995,1.5889687538146973,-0.02392708510160446,1.506095290184021,-0.019825700670480728,1.41269850730896,0.014205747283995152,1.422295093536377,0.018355054780840874,1.3986260890960693,0.0020514996722340584,1.4386250972747803,-0.013812555931508541,1.5481758117675781,-0.01639975979924202,1.5032871961593628,-0.02336067333817482,1.5579625368118286,0.3752160966396332,0.28686901926994324,0.3970367908477783,0.27333977818489075,0.5083017349243164,0.3220316767692566,0.5239224433898926,0.33315178751945496,0.46513476967811584,0.31767213344573975,0.3984423279762268,0.27467119693756104,0.3919430077075958,0.270952969789505,0.48282209038734436,0.3430531322956085,0.4132998287677765,0.29710984230041504,0.3986119329929352,0.2899896800518036,0.37158194184303284,0.27110496163368225,0.40194058418273926,0.31026554107666016
19aae3d1-51c6-4ffb-aeb8-efb6ae7ba83e-1436861395462-1.7-m-48-hu.wav,..\dataset\hungry\19aae3d1-51c6-4ffb-aeb8-efb6ae7ba83e-1436861395462-1.7-m-48-hu.wav,hungry,hlad,chlapec,4–8 týdnů,False,0,-500.43072509765625,121.98224639892578,50.50695037841797,26.728731155395508,-26.8333740234375,20.53380584716797,-16.34267807006836,23.574254989624023,-14.520523071289062,18.450340270996094,5.300164699554443,12.681883811950684,-12.699760437011719,12.902381896972656,-4.939908027648926,12.82361888885498,-14.760384559631348,13.841472625732422,-2.485562562942505,12.912649154663086,-4.802380561828613,13.501992225646973,-0.09458847343921661,15.877307891845703,-4.438395023345947,11.829150199890137,0.17776502318116977,0.08606395189441769,0.024249399080872536,0.051945269107818604,993.609161937404,446.3576753185897,743.070160179607,333.3523360489732,1844.5747146932954,891.6704419938196,0.24198049306869507,0.33042195439338684,-4.353434945869594e-08,11.590616226196289,-5.441793682336993e-09,2.9445269107818604,0.0,2.9551119804382324,0.0,3.5075836181640625,-6.802241880876636e-09,2.8024003505706787,-5.441793682336993e-09,2.1710023880004883,-5.441793682336993e-09,1.8797755241394043,4.08134503970814e-09,2.3253986835479736,2.7208968411684964e-09,1.7633289098739624,-1.3604483761753272e-08,2.1057653427124023,-5.441793682336993e-09,1.8806636333465576,-1.632538015883256e-08,2.455522060394287,5.441793682336993e-09,1.9464036226272583,0.354268342256546,0.3412397503852844,0.3237217962741852,0.3279344141483307,0.29846808314323425,0.30327194929122925,0.3181281089782715,0.3276166617870331,0.333392471075058,0.3308205306529999,0.3437299132347107,0.3250484764575958,0.36742228269577026,0.344968318939209,0.36046263575553894,0.31933659315109253,0.38612547516822815,0.3215445578098297,0.4271543323993683,0.3452152609825134,0.41458240151405334,0.3466779887676239,0.3741455078125,0.32950806617736816
8c920fd0-fa9f-4926-bcac-074767dcbfcd-1436856363348-1.7-f-04-hu.wav,..\dataset\hungry\8c920fd0-fa9f-4926-bcac-074767dcbfcd-1436856363348-1.7-f-04-hu.wav,hungry,hlad,dívka,0–4 týdny,False,0,-531.1559448242188,169.93955993652344,50.614601135253906,42.30428695678711,-12.017254829406738,25.082393646240234,-17.45094108581543,19.278850555419922,-15.417645454406738,19.31826400756836,-8.169576644897461,13.920976638793945,-15.054316520690918,15.751440048217773,-2.907832384109497,13.317230224609375,-18.945470809936523,17.99026107788086,0.7845168113708496,10.322708129882812,-2.103830575942993,12.039552688598633,0.2478838860988617,15.135202407836914,-2.5281054973602295,16.57988166809082,0.2175185003566334,0.12162093096746882,0.02193138748407364,0.025617748498916626,1178.6995683214795,474.40559234598163,880.1451460808237,268.87092276258477,2181.325784593438,889.1163485817599,0.14183148741722107,0.23598244786262512,-3.4827479566956754e-07,11.308670043945312,-3.265076031766512e-08,4.6941237449646,-5.441793682336993e-09,2.7731218338012695,0.0,2.6919589042663574,2.7208968411684964e-09,2.5951547622680664,-1.3604484205842482e-09,1.921932339668274,0.0,2.008669853210449,2.7208968411684964e-09,1.8647695779800415,2.7208968411684964e-09,1.8838868141174316,6.802241880876636e-09,1.613383173942566,-2.04067251985407e-09,1.745926022529602,-1.3604484205842482e-09,1.9296029806137085,0.0,2.10272479057312,0.2939021587371826,0.2777360677719116,0.24228458106517792,0.2703547179698944,0.24045522511005402,0.25007328391075134,0.292720764875412,0.2809004485607147,0.3612074553966522,0.30388143658638,0.43671098351478577,0.34460487961769104,0.4222491681575775,0.32326334714889526,0.41615715622901917,0.33305397629737854,0.42243266105651855,0.344816654920578,0.4578951597213745,0.3340916633605957,0.4909859597682953,0.347865492105484,0.41354671120643616,0.3348529040813446
22b43570-d440-475b-b2f1-e528c81081f7-1430663490095-1.7-m-04-hu.wav,..\dataset\hungry\22b43570-d440-475b-b2f1-e528c81081f7-1430663490095-1.7-m-04-hu.wav,hungry,hlad,chlapec,0–4 týdny,False,0,-444.2947692871094,109.33378601074219,84.23693084716797,34.23179626464844,23.23274803161621,47.640262603759766,39.31839370727539,21.851533889770508,-4.485091686248779,19.61741065979004,-7.355989933013916,11.786574363708496,-4.495462894439697,11.743287086486816,-9.683692932128906,11.462034225463867,-15.04607105255127,9.751349449157715,-8.60705852508545,12.431456565856934,-12.522911071777344,10.43903923034668,-2.0522780418395996,15.296919822692871,2.704447031021118,22.017986297607422,0.12992599857346648,0.1160214539949218,0.054396770894527435,0.06150896102190018,758.199149271413,376.22765004876493,761.9101571108927,207.16634877639572,1389.5996790299573,688.4676448811671,0.0611979216337204,0.2081276923418045,-0.005625160411000252,6.413485050201416,0.011231034994125366,3.057568073272705,0.00060302420752123,2.5613038539886475,-0.011906420812010765,2.054826259613037,-0.014766701497137547,1.8832149505615234,0.007546888664364815,1.5500813722610474,-0.007099352311342955,1.585891604423523,-0.008063875138759613,1.400528073310852,0.004857290536165237,1.3707807064056396,-0.004821366630494595,1.3721033334732056,0.0036034495569765568,1.3474971055984497,0.0007644753786735237,1.7529526948928833,-0.001415134291164577,1.7200719118118286,0.5052064657211304,0.3300473690032959,0.4117773771286011,0.30913203954696655,0.37161824107170105,0.2651945948600769,0.3449845612049103,0.26629573106765747,0.35043469071388245,0.3018951117992401,0.3850915729999542,0.3122415542602539,0.4501299262046814,0.2938424050807953,0.5920332074165344,0.3054075539112091,0.5975553393363953,0.2865091860294342,0.6164849400520325,0.3789966106414795,0.5579490661621094,0.3618209660053253,0.5758346319198608,0.3291587829589844
719bb382-a592-46b7-82d2-8b4a625263b7-1430376483385-1.7-m-48-hu.wav,..\dataset\hungry\719bb382-a592-46b7-82d2-8b4a625263b7-1430376483385-1.7-m-48-hu.wav,hungry,hlad,chlapec,4–8 týdnů,False,0,-684.6738891601562,120.20446014404297,36.13611602783203,31.005306243896484,-20.586427688598633,40.36288833618164,4.7098612785339355,10.819272994995117,-13.351943016052246,20.381153106689453,1.277462124824524,14.3541259765625,-6.475314140319824,9.032720565795898,-7.973139762878418,9.518774032592773,-6.685941219329834,7.897724628448486,-6.288016319274902,7.3062424659729,-4.298161506652832,8.879850387573242,-3.9116671085357666,8.05284309387207,-7.809938907623291,8.148260116577148,0.22694699536376606,0.11590986245090967,0.004243732430040836,0.01326813641935587,1258.9061853089017,357.09460994107087,904.2311161092475,245.13436160898843,2318.295292439372,575.7183076132484,0.21582719683647156,0.20031414926052094,-0.08073026686906815,10.158219337463379,-0.020276568830013275,2.7721481323242188,0.02115534245967865,3.7311906814575195,-0.011279519647359848,1.9699431657791138,0.010350454598665237,2.310551404953003,0.007321372628211975,1.5921334028244019,-0.0019612822216004133,1.4878629446029663,0.005373694933950901,1.2037551403045654,0.0042629241943359375,1.1305426359176636,0.0034322193823754787,1.0701966285705566,0.002668346744030714,1.1982097625732422,0.008635684847831726,1.178971529006958,0.01075675617903471,1.103758692741394,0.5682573318481445,0.2642930746078491,0.5721694231033325,0.2811316251754761,0.5684148669242859,0.28186166286468506,0.532778799533844,0.29589226841926575,0.4432348608970642,0.2683221101760864,0.43233734369277954,0.2845599055290222,0.4630754590034485,0.2910948395729065,0.5066196322441101,0.28637391328811646,0.5573593974113464,0.29094362258911133,0.6010158658027649,0.2989671528339386,0.5916047692298889,0.28794053196907043,0.5858787894248962,0.27238163352012634
0776b33b-c41a-4a2e-8b9c-f1c184be00c8-1437123838264-1.7-f-26-hu.wav,..\dataset\hungry\0776b33b-c41a-4a2e-8b9c-f1c184be00c8-1437123838264-1.7-f-26-hu.wav,hungry,hlad,dívka,2–6 měsíců,False,0,-249.95199584960938,115.3980484008789,33.168617248535156,48.06460952758789,-42.107872009277344,33.68098449707031,10.006294250488281,21.328271865844727,-12.639433860778809,18.85930633544922,-24.490093231201172,15.251595497131348,-25.084304809570312,13.638212203979492,-3.395702600479126,14.742110252380371,-27.781055450439453,12.567581176757812,-3.6969752311706543,15.272154808044434,-3.489360809326172,15.35310173034668,-3.072392463684082,15.740349769592285,-6.933708667755127,17.70212745666504,0.26059312589158345,0.13514244970032518,0.22243936359882355,0.1098422035574913,1234.4037060310843,445.03248924061313,707.8686539521319,183.29630302855108,1856.6556704707561,611.5685102643132,0.0695238783955574,0.2054835557937622,0.0027001744601875544,9.133522987365723,0.0009571352857165039,3.4707915782928467,-0.012185930274426937,3.035033702850342,-0.004611283540725708,2.208357810974121,0.005058011040091515,1.933694839477539,0.008612100966274738,1.7444411516189575,0.0046669067814946175,1.7951308488845825,-0.0022835684940218925,1.6000038385391235,0.004774161614477634,1.7717188596725464,0.006174053065478802,1.637579083442688,0.0017553239595144987,1.4755885601043701,-0.001536419615149498,1.835631012916565,-0.013500154949724674,2.1456642150878906,0.23273199796676636,0.32249805331230164,0.20219504833221436,0.2797376811504364,0.2026054412126541,0.28460901975631714,0.22990833222866058,0.3103511333465576,0.2543991804122925,0.300395131111145,0.3453170955181122,0.34068477153778076,0.45217517018318176,0.3667873740196228,0.36580219864845276,0.34211820363998413,0.2687807083129883,0.325141042470932,0.24421702325344086,0.3240167498588562,0.22932590544223785,0.3092458248138428,0.23787091672420502,0.3148786723613739
3030d0e9-0c9b-4616-9b83-f10dc2dedbfd-1430053594259-1.7-m-26-hu.wav,..\dataset\hungry\3030d0e9-0c9b-4616-9b83-f10dc2dedbfd-1430053594259-1.7-m-26-hu.wav,hungry,hlad,chlapec,2–6 měsíců,False,0,-433.7218322753906,156.51438903808594,53.67436599731445,33.41812515258789,-31.140552520751953,26.880062103271484,-22.614105224609375,18.57126808166504,-16.07659339904785,12.584725379943848,21.04001808166504,12.121977806091309,-25.556421279907227,13.864123344421387,-0.362859308719635,10.702095031738281,-24.033222198486328,12.692803382873535,-10.094388008117676,13.02196216583252,-5.321613311767578,17.308563232421875,2.478992462158203,15.589877128601074,-1.3135395050048828,16.18045425415039,0.19193562767475036,0.0820725185446193,0.034056100994348526,0.028212128207087517,1082.2111317724778,412.9663156256691,773.5718170488153,266.8270505806038,2065.308487874465,825.3831214512019,0.1332501769065857,0.27850037813186646,0.0,11.170862197875977,0.0,3.7304277420043945,-5.441793682336993e-09,3.169498920440674,-1.0883587364673986e-08,2.128217935562134,0.0,1.734808325767517,0.0,1.5029935836791992,0.0,1.3914989233016968,-6.802242102921241e-10,1.398383617401123,5.441793682336993e-09,1.4327436685562134,0.0,1.6631052494049072,-5.441793682336993e-09,2.043532609939575,0.0,2.13659405708313,-1.3604484205842482e-09,2.227227210998535,0.1941586583852768,0.2495359480381012,0.15824946761131287,0.23107288777828217,0.15443240106105804,0.2105271816253662,0.15205907821655273,0.19712947309017181,0.17338523268699646,0.21982598304748535,0.23317253589630127,0.27935123443603516,0.3055296242237091,0.3495247960090637,0.37914568185806274,0.3860046863555908,0.3930097818374634,0.36867570877075195,0.3848470449447632,0.34726443886756897,0.3876029849052429,0.3650852143764496,0.3175732493400574,0.3536022901535034
e1e640e2-78cb-4cb7-9ccc-93813bfc251c-1430738652322-1.7-m-72-hu.wav,..\dataset\hungry\e1e640e2-78cb-4cb7-9ccc-93813bfc251c-1430738652322-1.7-m-72-hu.wav,hungry,hlad,chlapec,7 měsíců–2 roky,False,0,-502.2602844238281,84.83668518066406,55.953399658203125,26.77803611755371,-19.815662384033203,26.336301803588867,-7.643181324005127,16.576143264770508,-26.709430694580078,26.96794319152832,-14.252939224243164,13.684663772583008,-10.599624633789062,12.172205924987793,-8.962632179260254,9.990296363830566,-5.686000823974609,11.169418334960938,-3.7492916584014893,14.270907402038574,-1.041394591331482,19.654882431030273,-5.101798057556152,15.03076171875,-6.475341320037842,15.160322189331055,0.19630438659058488,0.06954188709675661,0.03811228275299072,0.09795922785997391,1147.186584620604,307.6814709729829,869.088894881752,233.8626021583884,2163.8730385164054,720.6240364370088,0.13963033258914948,0.14937354624271393,-0.04934677109122276,9.34292984008789,-0.015825584530830383,3.761430501937866,-0.01004151813685894,3.143545150756836,0.009098602458834648,2.1746344566345215,0.006184946745634079,2.3581347465515137,0.005766781512647867,1.754260540008545,-0.008663215674459934,1.6588958501815796,-0.0010763867758214474,1.7228022813796997,0.008982374332845211,1.4407740831375122,0.006871053483337164,1.8395054340362549,-0.017925014719367027,1.9694377183914185,-0.01829093135893345,2.215075969696045,0.0024631761480122805,2.2776083946228027,0.4737873077392578,0.3136245608329773,0.4733338952064514,0.33915409445762634,0.4278080463409424,0.32918620109558105,0.3833577334880829,0.3136278986930847,0.4058836102485657,0.33847400546073914,0.42368099093437195,0.3246288597583771,0.4343569874763489,0.335462749004364,0.409714013338089,0.32322612404823303,0.39312979578971863,0.3149896562099457,0.4123692810535431,0.3114970028400421,0.4563634395599365,0.3229840099811554,0.4798131585121155,0.3286620080471039
9CFD61B9-BF13-406D-8B2F-F73CFAAF25CB-1430927728-1.0-f-04-hu.wav,..\dataset\hungry\9CFD61B9-BF13-406D-8B2F-F73CFAAF25CB-1430927728-1.0-f-04-hu.wav,hungry,hlad,dívka,0–4 týdny,False,0,-379.5005798339844,94.27985382080078,98.03809356689453,40.00019073486328,8.3530855178833,35.13121795654297,15.653223991394043,22.213951110839844,-12.880904197692871,23.964784622192383,-6.401123523712158,14.817424774169922,-12.267045974731445,13.306787490844727,-11.339048385620117,12.949395179748535,-14.764789581298828,11.898092269897461,-10.980566024780273,9.782781600952148,-14.67514705657959,10.679559707641602,-9.6627836227417,10.451153755187988,-12.232211112976074,9.639530181884766,0.13627295827389443,0.07873155096535253,0.06454604119062424,0.054308582097291946,823.7569377640173,319.65539631480345,778.1955137896497,201.60789163870214,1537.9145863052781,720.0347347533993,0.03599492833018303,0.0553385354578495,0.1797967255115509,11.211986541748047,0.03558630868792534,6.435478210449219,-0.02502458356320858,4.497738361358643,0.05174105614423752,3.2162160873413086,0.09241024404764175,3.091609239578247,-0.004049082286655903,2.1915793418884277,-0.04303768649697304,1.9762988090515137,0.030980773270130157,1.6761250495910645,-0.011277511715888977,1.776422142982483,-0.03132737800478935,1.4870365858078003,0.01668916642665863,1.7083364725112915,-0.0069853379391133785,1.733522891998291,-0.059919022023677826,1.8488372564315796,0.4702198803424835,0.2776641547679901,0.45477259159088135,0.2851109802722931,0.4547257721424103,0.2890320122241974,0.5182376503944397,0.30821746587753296,0.5733909606933594,0.2914127707481384,0.5913256406784058,0.29832783341407776,0.5577327013015747,0.30477985739707947,0.5432875752449036,0.2974523901939392,0.5378329157829285,0.3039761781692505,0.49941688776016235,0.3093274235725403,0.5001450777053833,0.3133499026298523,0.5103098750114441,0.3055509030818939
2439388A-9CF2-4D3B-9534-E6951FC9EAD4-1436877933-1.1-m-26-hu.wav,..\dataset\hungry\2439388A-9CF2-4D3B-9534-E6951FC9EAD4-1436877933-1.1-m-26-hu.wav,hungry,hlad,chlapec,2–6 měsíců,False,0,-483.18768310546875,71.89364624023438,52.223228454589844,18.557653427124023,-14.849288940429688,13.038172721862793,0.4708613157272339,18.5992431640625,-17.081806182861328,14.788427352905273,-6.694864749908447,12.337057113647461,-11.358567237854004,8.6430025100708,-6.230106353759766,8.242876052856445,-9.61181354522705,8.554205894470215,-9.903342247009277,8.97982120513916,-9.17746639251709,11.59821605682373,-7.491008758544922,11.001723289489746,-9.044492721557617,10.017205238342285,0.21762994828815976,0.06120908612042695,0.02908623218536377,0.1012507900595665,1191.8189867392755,240.48221513353283,924.0228404361534,160.31240436751858,2268.8792796005705,497.1140831094658,0.1802532970905304,0.13022635877132416,0.2256409227848053,7.427032470703125,0.05630240589380264,2.7180774211883545,-0.03433068469166756,1.8502507209777832,-0.010530463419854641,1.7838306427001953,-0.0221240296959877,1.6166468858718872,0.021025538444519043,1.312134861946106,-0.014998545870184898,1.27462899684906,-0.0028770414646714926,1.2479984760284424,-0.0027217320166528225,1.2543835639953613,-0.010179191827774048,1.5579990148544312,-0.0078287273645401,1.6855213642120361,-0.012263312935829163,1.8496025800704956,-0.007307547610253096,1.8740007877349854,0.48426032066345215,0.24033543467521667,0.4840581715106964,0.24919617176055908,0.4939783215522766,0.2439480423927307,0.5343292951583862,0.253805935382843,0.589410126209259,0.26757198572158813,0.6354515552520752,0.2637362778186798,0.6772364974021912,0.2742258906364441,0.637992799282074,0.2622601389884949,0.608485758304596,0.2627032697200775,0.5970451831817627,0.26218506693840027,0.5714401006698608,0.25885677337646484,0.5310112237930298,0.249956876039505
F95D4BCE-2FB0-4A0C-A058-BFB0674539AF-1430055800-1.0-m-26-hu.wav,..\dataset\hungry\F95D4BCE-2FB0-4A0C-A058-BFB0674539AF-1430055800-1.0-m-26-hu.wav,hungry,hlad,chlapec,2–6 měsíců,False,0,-343.5893249511719,85.89484405517578,35.38167190551758,46.706275939941406,-0.7428145408630371,21.110620498657227,17.0081787109375,20.210405349731445,-1.5856763124465942,14.035682678222656,-3.4851362705230713,11.88941764831543,-10.798154830932617,13.356522560119629,-8.937871932983398,13.84323501586914,-20.959087371826172,10.806166648864746,-9.600151062011719,10.971611022949219,-13.60660457611084,9.888663291931152,-4.936878204345703,15.14341926574707,1.077423334121704,20.65634536743164,0.23616373930099857,0.13173726470166977,0.09816652536392212,0.12856832146644592,1320.9993981340735,457.3866719231881,939.1652380948881,127.18404771926267,2432.284236804565,579.9585401069309,0.08203890174627304,0.08828315883874893,0.06452813744544983,6.327396869659424,-0.010597881861031055,3.8563101291656494,-0.0015915721887722611,2.223832607269287,-0.008963820524513721,1.906247615814209,-0.04229015111923218,1.8777128458023071,-0.04114867001771927,1.6547603607177734,-0.02142716757953167,1.546399474143982,-0.00884790625423193,1.5269687175750732,-0.019906675443053246,1.3295625448226929,-0.00759161775931716,1.3610966205596924,0.014842878095805645,1.3543596267700195,-0.001848794985562563,1.7106549739837646,-0.025575701147317886,1.6501859426498413,0.3542000949382782,0.30072200298309326,0.3862409293651581,0.32019490003585815,0.43172839283943176,0.3345988988876343,0.42352303862571716,0.33878234028816223,0.4090636372566223,0.3254356384277344,0.4789310395717621,0.3398665189743042,0.5521930456161499,0.3304744362831116,0.5509376525878906,0.333137184381485,0.4980335235595703,0.3458878695964813,0.4461809992790222,0.32995501160621643,0.4424058794975281,0.3377295732498169,0.38960251212120056,0.3284088373184204
92d08bbe-553f-4844-85b1-15d572f06ea2-1436873183951-1.7-m-04-hu.wav,..\dataset\hungry\92d08bbe-553f-4844-85b1-15d572f06ea2-1436873183951-1.7-m-04-hu.wav,hungry,hlad,chlapec,0–4 týdny,False,0,-354.2067565917969,133.99783325195312,43.116634368896484,48.5801887512207,-34.614471435546875,42.53530502319336,10.437806129455566,22.58860206604004,-22.30396842956543,23.51910400390625,3.8657875061035156,16.43851661682129,-12.049714088439941,14.510870933532715,-3.9901254177093506,13.16086196899414,-1.0373871326446533,16.563907623291016,0.07104605436325073,15.148962020874023,0.8944035172462463,18.94418716430664,2.7341647148132324,20.381935119628906,-5.786269187927246,20.219343185424805,0.2147545916547789,0.13760796987378615,0.13110332190990448,0.13745218515396118,1165.2712250748502,438.9421494028094,769.2086067270079,197.09841915374548,1977.3537803138374,589.3270665206065,0.08985453844070435,0.18376219272613525,0.07269237190485,14.678832054138184,-0.013538584113121033,6.080408096313477,-0.012144573032855988,5.311517238616943,-0.006696866825222969,2.9404993057250977,-0.01574483886361122,2.881267786026001,0.014316379092633724,2.2134296894073486,-0.009454844519495964,2.2366414070129395,0.007622773293405771,1.8542205095291138,-0.004418014083057642,2.612687110900879,-0.002381290774792433,2.2300784587860107,-0.00015359054668806493,2.7868282794952393,0.00905715674161911,3.1295437812805176,-0.0031936035957187414,2.7850306034088135,0.4042772948741913,0.36113786697387695,0.43488869071006775,0.36177679896354675,0.4650822877883911,0.3543674051761627,0.43076300621032715,0.35846787691116333,0.37746700644493103,0.3438210189342499,0.3482799530029297,0.33454281091690063,0.33172860741615295,0.3330863118171692,0.340424507856369,0.3329353928565979,0.37459418177604675,0.3311048746109009,0.415558397769928,0.3339359760284424,0.45410922169685364,0.3419193923473358,0.4281306564807892,0.3510648310184479
3bb2445a-9ae9-4dc8-9a2e-86c696ffa405-1430122005544-1.7-m-26-hu.wav,..\dataset\hungry\3bb2445a-9ae9-4dc8-9a2e-86c696ffa405-1430122005544-1.7-m-26-hu.wav,hungry,hlad,chlapec,2–6 měsíců,False,0,-314.11712646484375,117.36164093017578,38.823883056640625,37.2288932800293,-12.667736053466797,26.30484390258789,-3.53680419921875,20.476442337036133,-36.434932708740234,19.400251388549805,-9.984369277954102,18.73788070678711,-18.58792495727539,15.38035774230957,-2.5838816165924072,14.33027458190918,-20.721527099609375,12.264202117919922,1.47226881980896,11.181320190429688,-12.152250289916992,12.052397727966309,2.120192289352417,18.45341682434082,-3.512056827545166,18.613052368164062,0.25548881062767476,0.14919465703189005,0.1057368591427803,0.12869803607463837,1333.159540603428,456.2878360403342,904.219373737637,172.7300561647914,2380.349500713267,643.4080972282858,0.11439599841833115,0.1491730660200119,0.033255454152822495,12.24620246887207,-0.01234346255660057,4.497297763824463,-0.0010052298894152045,3.2995283603668213,0.009447043761610985,2.5391194820404053,0.0001916926121339202,3.0872385501861572,0.005678756628185511,2.436068534851074,-0.005932874511927366,2.1760334968566895,0.012998425401747227,2.0371651649475098,0.004734019748866558,1.8263185024261475,0.0007545141852460802,1.6443064212799072,-0.026735011488199234,1.6686103343963623,-0.026391375809907913,1.751184105873108,0.0010361039312556386,1.696010947227478,0.3608405590057373,0.3235992193222046,0.3055594861507416,0.2912309467792511,0.26736146211624146,0.2653609812259674,0.2812492251396179,0.28447359800338745,0.2808017134666443,0.27371445298194885,0.26992106437683105,0.24107851088047028,0.3224430978298187,0.2735081911087036,0.4481767416000366,0.31764861941337585,0.5443241596221924,0.3277607560157776,0.5243432521820068,0.3288005590438843,0.4369077682495117,0.3184197247028351,0.39687156677246094,0.3248040974140167
6639C63C-F634-489C-91B3-E3DB5930EFD5-1431370257-1.1-m-04-hu.wav,..\dataset\hungry\6639C63C-F634-489C-91B3-E3DB5930EFD5-1431370257-1.1-m-04-hu.wav,hungry,hlad,chlapec,0–4 týdny,False,0,-415.98760986328125,131.72203063964844,48.5947151184082,24.14623260498047,-20.805360794067383,23.271827697753906,-8.866225242614746,17.40538215637207,-51.571983337402344,19.29994010925293,-29.261674880981445,15.904947280883789,-19.66867446899414,12.764341354370117,-14.465237617492676,10.944908142089844,-35.497474670410156,13.896709442138672,-1.048767328262329,15.077798843383789,-4.965959072113037,15.16219425201416,11.023079872131348,26.051868438720703,18.44026756286621,22.763378143310547,0.14098163338088446,0.06307102732038108,0.10947935283184052,0.09575729817152023,975.9877295414611,234.1481068118848,813.7129050276384,150.52817186687193,1826.7430456490727,556.5551948264741,0.028439564630389214,0.04970477521419525,-0.13606120645999908,12.229747772216797,-0.08679483085870743,3.549926280975342,0.043341126292943954,2.8855652809143066,0.044226910918951035,2.1525559425354004,0.008807140402495861,2.2486419677734375,-0.027028977870941162,1.8642446994781494,-0.0015369720058515668,2.013420581817627,0.002856002887710929,1.518214464187622,0.011422558687627316,1.6298891305923462,0.03712742030620575,1.6075444221496582,0.02790709026157856,1.459526777267456,0.002447588136419654,1.7616626024246216,-0.006614347454160452,2.0581588745117188,0.1756487339735031,0.30015939474105835,0.1842728853225708,0.29198360443115234,0.18459852039813995,0.29287615418434143,0.1506793200969696,0.24714602530002594,0.16741465032100677,0.26525115966796875,0.24119582772254944,0.279301255941391,0.4181997776031494,0.351899117231369,0.569441020488739,0.35763663053512573,0.5353825688362122,0.3456401228904724,0.3575552701950073,0.3352888822555542,0.19889917969703674,0.2490580976009369,0.1648339033126831,0.2639167904853821
fa8620d3-e7db-4101-aff0-28dbf0d96a5f-1434296505682-1.7-f-04-hu.wav,..\dataset\hungry\fa8620d3-e7db-4101-aff0-28dbf0d96a5f-1434296505682-1.7-f-04-hu.wav,hungry,hlad,dívka,0–4 týdny,False,0,-477.07574462890625,133.47874450683594,29.612314224243164,28.013071060180664,-66.6710205078125,44.0480842590332,-26.24181365966797,22.756582260131836,-13.6585111618042,18.543832778930664,2.0288612842559814,16.704763412475586,-9.636445999145508,16.64381217956543,-13.084993362426758,20.26122283935547,-3.7893452644348145,20.963525772094727,8.803768157958984,17.358795166015625,10.373083114624023,25.470741271972656,6.745511531829834,23.712400436401367,-8.75956916809082,18.89431381225586,0.2212018544935806,0.08929218532606654,0.09799635410308838,0.12145503610372543,1091.0125122643935,419.96755462082683,602.1338907929653,296.3836781604778,1623.3282810271041,820.7916340998795,0.14914533495903015,0.2981703579425812,-4.78877836940228e-07,13.048379898071289,2.7208968411684964e-09,4.394062042236328,1.0883587364673986e-08,4.999372959136963,5.441793682336993e-09,3.55056095123291,0.0,2.3701086044311523,-5.441793682336993e-09,2.403115749359131,5.441793682336993e-09,2.0309712886810303,-5.441793682336993e-09,3.0005078315734863,2.7208968411684964e-09,2.7497024536132812,-1.0883587364673986e-08,2.5711376667022705,-2.04067251985407e-09,3.053959608078003,0.0,3.02380108833313,-2.7208968411684964e-09,2.9345691204071045,0.230203315615654,0.3097257614135742,0.19857943058013916,0.30301856994628906,0.18561919033527374,0.30215921998023987,0.1558913141489029,0.2716861367225647,0.13205783069133759,0.2357492297887802,0.14148758351802826,0.24242089688777924,0.1488727629184723,0.2516730725765228,0.16513963043689728,0.2777295708656311,0.20457883179187775,0.29519933462142944,0.3432677388191223,0.36264488101005554,0.48139411211013794,0.4023984372615814,0.39008525013923645,0.3824506402015686
999bf14b-e417-4b44-b746-9253f81efe38-1430844958178-1.7-m-04-ch.wav,..\dataset\discomfort\999bf14b-e417-4b44-b746-9253f81efe38-1430844958178-1.7-m-04-ch.wav,discomfort,nepohodlí,chlapec,0–4 týdny,False,0,-537.4048461914062,110.1417465209961,122.29084777832031,36.65599822998047,-49.417293548583984,31.852815628051758,6.369626045227051,19.79550552368164,-14.136013984680176,22.92401885986328,-18.5013370513916,15.481742858886719,-8.036749839782715,13.79227352142334,-2.726041078567505,12.632299423217773,-10.070605278015137,11.948155403137207,-13.062909126281738,10.915672302246094,-11.388175010681152,14.281469345092773,5.923366546630859,23.027132034301758,14.219968795776367,25.321269989013672,0.12258157988587731,0.0495468136692534,0.0313752107322216,0.025358717888593674,709.5969181502246,209.3315315659514,519.839402694279,173.7028171574326,1173.7027460770328,380.9041023672468,0.06134926900267601,0.22330395877361298,-3.0474043910544424e-07,10.491684913635254,0.0,3.6615371704101562,-1.632538015883256e-08,3.0468623638153076,-5.441793682336993e-09,2.5451955795288086,0.0,2.3117856979370117,2.7208968411684964e-09,1.8938761949539185,0.0,1.6988213062286377,-2.7208968411684964e-09,1.6254463195800781,-6.802242102921241e-10,1.5934394598007202,2.7208968411684964e-09,1.5467514991760254,-5.441793682336993e-09,1.604780912399292,4.08134503970814e-09,1.7767748832702637,-2.176717472934797e-08,2.109236478805542,0.16369380056858063,0.26792946457862854,0.18599018454551697,0.2837284207344055,0.23872846364974976,0.3102841377258301,0.3072410821914673,0.3313530683517456,0.3357711434364319,0.3479154109954834,0.41365036368370056,0.37085098028182983,0.49208709597587585,0.3819984197616577,0.5121766328811646,0.34296977519989014,0.49822798371315,0.3931884765625,0.3473014533519745,0.36016348004341125,0.20990552008152008,0.2780466377735138,0.1694234013557434,0.27828413248062134
86c2b87a-ae7c-46a3-b6fb-7ebe748812cf-1430036562389-1.7-m-04-hu.wav,..\dataset\hungry\86c2b87a-ae7c-46a3-b6fb-7ebe748812cf-1430036562389-1.7-m-04-hu.wav,hungry,hlad,chlapec,0–4 týdny,False,0,-321.2086181640625,92.3943099975586,63.64936828613281,27.358707427978516,-23.93660545349121,30.76830291748047,9.138236999511719,14.663978576660156,-29.140766143798828,18.4216365814209,-10.33255386352539,16.20546531677246,-4.3633317947387695,11.993570327758789,-5.226156711578369,10.55273151397705,-9.58632755279541,9.129206657409668,-6.027501106262207,10.06075668334961,-6.430510997772217,9.953064918518066,-1.2276268005371094,11.273222923278809,-0.13806654512882233,14.765409469604492,0.18899340228245365,0.07588475417686089,0.06851942837238312,0.0831293985247612,1095.4355922565073,296.6339162824145,837.5550007365191,215.0344919981931,2029.9794935805992,515.4146802533644,0.1414414346218109,0.19293680787086487,0.8363811373710632,8.6559419631958,0.04373733699321747,3.3578789234161377,-0.1182456687092781,3.9122138023376465,-0.030134432017803192,2.335080862045288,-0.07896458357572556,2.2794365882873535,0.00305551802739501,2.2531578540802,0.002060959581285715,1.7796608209609985,-0.011315838433802128,1.538887619972229,0.013692379929125309,1.4264193773269653,-0.017668496817350388,1.491694450378418,-0.03605762869119644,1.6853300333023071,-0.029519852250814438,1.8024331331253052,-0.02275649830698967,2.1774768829345703,0.3926064372062683,0.28594332933425903,0.39599260687828064,0.2842913568019867,0.42395254969596863,0.29513999819755554,0.47263166308403015,0.32160717248916626,0.5078210830688477,0.3147081434726715,0.5382646322250366,0.2980833053588867,0.5646080374717712,0.31022965908050537,0.5759610533714294,0.3113540709018707,0.5467727780342102,0.30961668491363525,0.5198054313659668,0.3082536458969116,0.46976879239082336,0.3070596754550934,0.4130972921848297,0.2851020395755768
ca7d8d54-13cb-4060-8db4-90651b60c078-1434674792223-1.7-f-26-ti.wav,..\dataset\tired\ca7d8d54-13cb-4060-8db4-90651b60c078-1434674792223-1.7-f-26-ti.wav,tired,únava,dívka,2–6 měsíců,False,0,-535.277587890625,113.76351928710938,35.81919860839844,36.885711669921875,-19.968942642211914,28.462072372436523,-8.98149299621582,18.39893913269043,-39.550262451171875,31.28143882751465,1.9581185579299927,20.68644905090332,-13.241872787475586,14.0111722946167,-16.073596954345703,18.68877410888672,-0.8003041744232178,16.326459884643555,5.942526340484619,18.754411697387695,11.660201072692871,22.039539337158203,9.869636535644531,20.845964431762695,-8.691064834594727,18.63190460205078,0.22632288694721825,0.16495974723809895,0.04337385296821594,0.05767139047384262,1138.782123654015,558.4533875111895,737.9020423656982,298.0880715127927,1916.9267118402283,932.8984817048336,0.16422683000564575,0.2656099796295166,-1.7413739783478377e-07,10.333178520202637,0.0,4.137718677520752,1.0883587364673986e-08,3.119199275970459,-2.7208968411684964e-09,2.410128116607666,0.0,2.8017866611480713,0.0,2.3392996788024902,0.0,1.8847074508666992,-2.7208968411684964e-09,1.8496445417404175,0.0,2.2849881649017334,0.0,2.2493648529052734,2.7208968411684964e-09,2.5189437866210938,5.441793682336993e-09,2.3202297687530518,1.0883587364673986e-08,2.741589069366455,0.4264041483402252,0.36237573623657227,0.3938307464122772,0.3835383355617523,0.3124281167984009,0.35363873839378357,0.28883984684944153,0.3501478135585785,0.2554227113723755,0.3326418101787567,0.19837620854377747,0.2848089635372162,0.1964874416589737,0.2927961051464081,0.22322478890419006,0.30374395847320557,0.2724938988685608,0.3238348066806793,0.3413781523704529,0.3327213227748871,0.4230968654155731,0.37627604603767395,0.4367494583129883,0.3513634502887726
69374818-7b73-48ac-8200-e6a225e293fb-1430746080630-1.7-m-04-hu.wav,..\dataset\hungry\69374818-7b73-48ac-8200-e6a225e293fb-1430746080630-1.7-m-04-hu.wav,hungry,hlad,chlapec,0–4 týdny,False,0,-311.8801574707031,132.30490112304688,30.3190975189209,27.2373046875,-47.71115493774414,30.21309471130371,1.8928947448730469,18.01795196533203,-29.556119918823242,21.341339111328125,-8.972396850585938,11.44837474822998,-20.712322235107422,14.053409576416016,-18.940954208374023,12.112703323364258,-9.145410537719727,10.067073822021484,-13.218276023864746,11.544389724731445,-10.034302711486816,11.438329696655273,-1.9186599254608154,21.43577003479004,4.730069637298584,24.46108055114746,0.2263953281027104,0.10858912722980803,0.17855499684810638,0.14020681381225586,1187.258470139528,408.620126614993,743.3556451849707,241.85924552786844,1985.4449001426533,672.8875613179225,0.1297239512205124,0.26549455523490906,-4.353434945869594e-08,7.898510456085205,5.441793682336993e-09,2.7954397201538086,0.0,2.7292444705963135,-8.16269007941628e-09,2.0283308029174805,0.0,2.0878918170928955,2.04067251985407e-09,1.624506950378418,-8.16269007941628e-09,1.3282893896102905,2.7208968411684964e-09,1.2988144159317017,-1.3604484205842482e-09,1.2294543981552124,-2.7208968411684964e-09,1.2708637714385986,1.3604484205842482e-09,1.5263572931289673,5.441793682336993e-09,2.0273964405059814,2.7208968411684964e-09,2.3616206645965576,0.3571625053882599,0.32407084107398987,0.35918816924095154,0.3403620421886444,0.32308119535446167,0.32283419370651245,0.30212414264678955,0.31583371758461,0.30568376183509827,0.3146611452102661,0.3624587953090668,0.3517875373363495,0.326578289270401,0.3176189064979553,0.28732821345329285,0.3061383366584778,0.29801395535469055,0.3155341148376465,0.25610604882240295,0.2882968485355377,0.21689458191394806,0.2582564055919647,0.25430867075920105,0.27146467566490173
3941D08C-5A97-48A4-8830-091D878137F6-1430099826-1.0-m-72-hu.wav,..\dataset\hungry\3941D08C-5A97-48A4-8830-091D878137F6-1430099826-1.0-m-72-hu.wav,hungry,hlad,chlapec,7 měsíců–2 roky,False,0,-265.1772155761719,105.83668518066406,1.6723557710647583,22.330116271972656,-32.59185028076172,18.710304260253906,-17.752443313598633,25.90485954284668,-5.894467353820801,12.190478324890137,4.804823398590088,12.125316619873047,-10.981464385986328,12.155510902404785,0.8495690822601318,13.654651641845703,-17.191423416137695,14.381142616271973,1.910684585571289,18.328962326049805,9.479859352111816,18.696889877319336,19.748151779174805,23.27042579650879,7.89302396774292,21.873451232910156,0.30019057596291016,0.0763469501738146,0.1999252289533615,0.1114199161529541,1555.7056647990146,269.28986727891316,893.6231461566215,96.05600953761926,2647.289586305278,362.1103119555962,0.06147792190313339,0.08586322516202927,-0.08829020708799362,16.6795654296875,-0.01848823018372059,2.5631918907165527,-0.039658073335886,2.6443934440612793,0.005803700070828199,2.2205233573913574,0.007829786278307438,1.8587671518325806,-0.008782238699495792,1.6345382928848267,-0.013314335606992245,1.7077081203460693,-0.003392003243789077,1.7411388158798218,0.012391217984259129,1.8719079494476318,-0.008827690035104752,2.035799503326416,-0.07467852532863617,2.138671636581421,-0.045493900775909424,2.4984874725341797,0.06718900799751282,2.6260204315185547,0.1519848108291626,0.251933217048645,0.12268373370170593,0.23851627111434937,0.1522165685892105,0.27257853746414185,0.2664799988269806,0.3465355336666107,0.37829598784446716,0.4065537452697754,0.22351479530334473,0.2914769649505615,0.1557062566280365,0.2593576908111572,0.21594099700450897,0.290694922208786,0.3240067660808563,0.3624815046787262,0.2933725416660309,0.3085683286190033,0.22082069516181946,0.2934147119522095,0.2230408787727356,0.3450896143913269
1309B82C-F146-46F0-A723-45345AFA6EA8-1432801703-1.1-f-26-dc.wav,..\dataset\discomfort\1309B82C-F146-46F0-A723-45345AFA6EA8-1432801703-1.1-f-26-dc.wav,discomfort,nepohodlí,dívka,2–6 měsíců,False,0,-265.16552734375,141.58946228027344,6.71802282333374,29.707914352416992,-34.86491775512695,23.172283172607422,-20.97130012512207,20.290027618408203,-25.486835479736328,25.386943817138672,8.645599365234375,13.646943092346191,-21.344301223754883,13.576176643371582,-1.858008861541748,17.13266372680664,-12.3785400390625,12.614095687866211,-0.09705234318971634,13.407817840576172,-2.8011558055877686,14.200644493103027,6.844815731048584,19.98084831237793,14.735716819763184,22.56928825378418,0.2972149161911555,0.08110507575858512,0.15957514941692352,0.09594495594501495,1541.406761671575,278.99418526434016,923.5587360203009,83.92969663343214,2670.671362339515,333.23351223984974,0.09661225229501724,0.08413296937942505,-0.0868646502494812,13.943509101867676,0.084369957447052,4.002173900604248,0.007540608756244183,2.6275293827056885,-0.014381561428308487,2.239363431930542,-0.0031831825617700815,2.6698286533355713,0.011929899454116821,2.2394864559173584,0.04069814458489418,1.864638328552246,-0.01525100413709879,1.9340150356292725,0.01120689045637846,1.9480128288269043,-0.055146872997283936,1.7662020921707153,0.001891725230962038,1.9977684020996094,0.03197672963142395,2.414731740951538,0.08346977829933167,2.48494291305542,0.27166125178337097,0.28416869044303894,0.28662219643592834,0.2778531014919281,0.42890453338623047,0.3655354380607605,0.45134541392326355,0.35942867398262024,0.3655168116092682,0.31127166748046875,0.3676537871360779,0.3026997148990631,0.357394814491272,0.30390509963035583,0.37978628277778625,0.30382734537124634,0.34943026304244995,0.28873810172080994,0.2948854863643646,0.29034650325775146,0.2717737555503845,0.308962345123291,0.2693963944911957,0.3033611476421356
743E7CCA-D32B-40B6-9541-9808122D3F6B-1436860028-1.1-f-26-hu.wav,..\dataset\hungry\743E7CCA-D32B-40B6-9541-9808122D3F6B-1436860028-1.1-f-26-hu.wav,hungry,hlad,dívka,2–6 měsíců,False,0,-355.9786376953125,126.83715057373047,12.918306350708008,35.75204849243164,0.41020867228507996,15.110496520996094,-10.896388053894043,20.729223251342773,-17.79175567626953,21.29269790649414,-14.181215286254883,11.466625213623047,-4.452729225158691,13.109949111938477,-4.390003681182861,10.479229927062988,-18.03911018371582,10.666722297668457,-13.799162864685059,12.35422134399414,-4.011999607086182,12.1214017868042,2.937056303024292,18.88231658935547,6.476463794708252,22.032785415649414,0.3486759985734665,0.21237170738356406,0.1115582287311554,0.11748450249433517,1642.131126614787,609.3377283834569,1018.6736655964952,147.8118721715862,2828.3478958630526,702.3307591535773,0.09874515235424042,0.13869622349739075,0.5173243880271912,8.214950561523438,0.08724815398454666,2.396850347518921,-0.001232690061442554,1.9174766540527344,-0.09511870890855789,2.137484073638916,-0.07090631127357483,2.104238271713257,-0.014443913474678993,1.6463297605514526,-0.01007124874740839,1.3770568370819092,0.0241401307284832,1.4192631244659424,-0.05062016099691391,1.462011456489563,0.002192971995100379,1.4889214038848877,0.0055833798833191395,1.4867212772369385,-0.0004931244184263051,2.0731143951416016,-0.014884290285408497,2.3563437461853027,0.17189182341098785,0.24602021276950836,0.17808561027050018,0.2535644769668579,0.20315077900886536,0.2677038609981537,0.2387494444847107,0.27285075187683105,0.3186182677745819,0.33252522349357605,0.4276634156703949,0.35959091782569885,0.41808363795280457,0.34235450625419617,0.43181899189949036,0.34330928325653076,0.49054116010665894,0.3929438591003418,0.37749791145324707,0.345659077167511,0.27739137411117554,0.3003495931625366,0.18983714282512665,0.26080137491226196
8C13A1F9-62CC-46AA-9192-BECE5CDD5CB0-1430249362-1.0-f-72-hu.wav,..\dataset\hungry\8C13A1F9-62CC-46AA-9192-BECE5CDD5CB0-1430249362-1.0-f-72-hu.wav,hungry,hlad,dívka,7 měsíců–2 roky,False,0,-616.3740234375,109.43115234375,40.28138732910156,24.130517959594727,-12.05817985534668,24.816471099853516,-6.689425468444824,15.329572677612305,-14.31771469116211,14.850330352783203,-11.39051628112793,10.429147720336914,-11.558527946472168,9.435271263122559,-17.69800567626953,10.150272369384766,-13.545849800109863,8.815513610839844,-8.414758682250977,8.447602272033691,-14.86567211151123,13.002764701843262,-9.024384498596191,11.220100402832031,-4.7335381507873535,13.10699462890625,0.21648203459343796,0.099462356950154,0.010916990227997303,0.036335382610559464,1225.7938303214048,356.2143911009559,943.5789218084774,220.84133705278154,2329.0834522111268,734.3141427200691,0.17504508793354034,0.1880345642566681,0.1049630343914032,11.091911315917969,0.08623921871185303,3.53167724609375,0.014512305147945881,2.6254515647888184,0.003532515838742256,1.8786762952804565,-0.007299440912902355,1.6315703392028809,-0.020138218998908997,1.1654181480407715,-0.02818772941827774,1.1640512943267822,-0.036325015127658844,1.130092978477478,-0.026514437049627304,1.1584745645523071,-0.003878046525642276,1.1190835237503052,-0.008475027047097683,1.232508897781372,-0.031471606343984604,1.5665689706802368,-0.019835636019706726,1.7886344194412231,0.5577977895736694,0.3730716407299042,0.48077958822250366,0.35312020778656006,0.3723667860031128,0.2920706272125244,0.36339205503463745,0.29585474729537964,0.4354904592037201,0.323752224445343,0.4848577082157135,0.31019818782806396,0.4878610670566559,0.32901453971862793,0.4076468050479889,0.3207564055919647,0.36404523253440857,0.3231104016304016,0.3662589192390442,0.3311076760292053,0.4100998342037201,0.3148994743824005,0.510841429233551,0.34697243571281433
F2F97740-D638-4B6F-9E09-3AC65F06B448-1436849313-1.1-f-48-hu.wav,..\dataset\hungry\F2F97740-D638-4B6F-9E09-3AC65F06B448-1436849313-1.1-f-48-hu.wav,hungry,hlad,dívka,4–8 týdnů,False,0,-372.836669921875,86.21549987792969,66.16883087158203,34.78501510620117,-23.97171974182129,14.423754692077637,1.270171880722046,14.138031959533691,-18.26738929748535,13.079611778259277,-4.18423318862915,9.290494918823242,-12.177734375,11.028879165649414,-12.620720863342285,9.986773490905762,-20.084009170532227,9.551347732543945,-7.56626558303833,11.261200904846191,-8.06816577911377,12.49990463256836,1.6072146892547607,19.881223678588867,2.965179920196533,17.81869125366211,0.20370452924393723,0.06413476628617322,0.04104815423488617,0.043623972684144974,1129.2619348967894,305.05870974359476,843.2649628671118,141.07384463656865,2082.203994293866,549.7410083751473,0.07009686529636383,0.11306523531675339,-0.01021283958107233,9.109258651733398,-0.0028014476411044598,3.420646905899048,-0.07289917767047882,1.8099464178085327,0.033772874623537064,1.675693154335022,0.004571727477014065,1.7465358972549438,-0.01686788909137249,1.535645842552185,0.05605662241578102,1.694563388824463,0.004733341280370951,1.5221495628356934,-0.0002954404044430703,1.3548513650894165,-0.022954769432544708,1.6885709762573242,-0.059987470507621765,1.7878119945526123,-0.02654854580760002,1.9770376682281494,-0.002336125122383237,2.038752794265747,0.36838749051094055,0.34517693519592285,0.3052537143230438,0.2748463451862335,0.2759682834148407,0.2551286816596985,0.27322471141815186,0.2640523612499237,0.2505370080471039,0.24852199852466583,0.32394939661026,0.28400832414627075,0.4293525516986847,0.33013585209846497,0.4503309726715088,0.29869544506073,0.44960686564445496,0.31092217564582825,0.4230271875858307,0.2929675579071045,0.420943021774292,0.34606558084487915,0.37912508845329285,0.3105821907520294
adb53808-8b13-4c08-b055-6653c75298be-1430133982281-1.7-m-72-hu.wav,..\dataset\hungry\adb53808-8b13-4c08-b055-6653c75298be-1430133982281-1.7-m-72-hu.wav,hungry,hlad,chlapec,7 měsíců–2 roky,False,0,-402.3396911621094,107.14921569824219,44.43551254272461,35.767356872558594,-23.181476593017578,27.948993682861328,17.38956642150879,23.45235252380371,-18.77886199951172,27.123733520507812,21.4153995513916,17.137659072875977,-11.94429874420166,14.679142951965332,-2.9118738174438477,13.119251251220703,1.9528052806854248,14.25779914855957,-0.06331461668014526,17.057287216186523,2.800865650177002,15.307950973510742,1.4211536645889282,17.078718185424805,-4.127738952636719,16.65576171875,0.2593504814550642,0.15088150337975315,0.044351402670145035,0.04024556279182434,1235.226121330369,420.5540678641653,824.1122627162066,215.56599520506327,2145.038338088445,570.1851066423231,0.11230055242776871,0.20978966355323792,-0.26456159353256226,11.222250938415527,0.02496260590851307,3.602553606033325,0.04081564024090767,3.3717143535614014,0.014882929623126984,2.8001105785369873,0.009892472997307777,3.03629207611084,-0.017671195790171623,2.559831380844116,0.008474783040583134,2.2878756523132324,0.010935042053461075,2.0478010177612305,-0.005587478633970022,2.0356390476226807,-0.005350112449377775,2.545271873474121,-0.0034341798163950443,2.4201102256774902,-0.0012118411250412464,2.6542468070983887,0.0014106230810284615,2.9252467155456543,0.4524536430835724,0.35815364122390747,0.48788100481033325,0.3626087009906769,0.5120199918746948,0.38136646151542664,0.43224069476127625,0.359493613243103,0.38692811131477356,0.35370203852653503,0.33475348353385925,0.3305929899215698,0.32549718022346497,0.33420276641845703,0.33017924427986145,0.32487332820892334,0.37145185470581055,0.331807941198349,0.4051602780818939,0.3363490104675293,0.3825657069683075,0.3293093144893646,0.4100717604160309,0.3387349545955658
03ADDCFB-354E-416D-BF32-260CF47F7060-1433658024-1.1-f-04-ti.wav,..\dataset\tired\03ADDCFB-354E-416D-BF32-260CF47F7060-1433658024-1.1-f-04-ti.wav,tired,únava,dívka,0–4 týdny,False,0,-331.4538879394531,135.50338745117188,-2.1654300689697266,34.993003845214844,-40.967376708984375,15.664737701416016,-14.982769012451172,21.229236602783203,-32.937660217285156,22.794448852539062,-7.884528160095215,13.905879020690918,-16.032001495361328,14.48558521270752,0.9031132459640503,13.869636535644531,-15.90062141418457,14.397555351257324,0.8691002130508423,17.507444381713867,12.743196487426758,22.0373477935791,16.912742614746094,27.068607330322266,-3.317775011062622,24.526752471923828,0.3028987606990014,0.09960465021232336,0.0928240492939949,0.06554381549358368,1565.1535611978377,303.24215890490126,891.1800301475251,78.3483431909875,2657.899429386591,342.3022763454223,0.09050093591213226,0.08356033265590668,0.03475888445973396,10.599591255187988,-0.036928702145814896,3.177462577819824,0.01820569485425949,2.1929023265838623,0.018434660509228706,2.0858497619628906,0.05272020399570465,2.7100212574005127,-0.025428123772144318,1.6146955490112305,-0.00679554371163249,1.7977585792541504,0.011580345220863819,1.934683918952942,-0.02932562865316868,1.7918421030044556,-0.0679270476102829,2.36308217048645,-0.017146285623311996,2.9521734714508057,0.09252554178237915,3.25237774848938,0.07887531816959381,3.5329248905181885,0.2892211675643921,0.3087708353996277,0.2929966449737549,0.32280170917510986,0.24893715977668762,0.2625102996826172,0.22068163752555847,0.23037564754486084,0.2572440207004547,0.27148327231407166,0.31356462836265564,0.30335649847984314,0.32169511914253235,0.31054815649986267,0.3706507384777069,0.335560142993927,0.4491506516933441,0.3426709473133087,0.4376614987850189,0.3411697745323181,0.37066650390625,0.32795554399490356,0.29644113779067993,0.2904314696788788
B327333E-2DE2-4833-A75A-4C576208BED3-1430087429-1.0-f-48-hu.wav,..\dataset\hungry\B327333E-2DE2-4833-A75A-4C576208BED3-1430087429-1.0-f-48-hu.wav,hungry,hlad,dívka,4–8 týdnů,False,0,-457.65228271484375,84.22994995117188,55.03769302368164,31.869102478027344,-11.426495552062988,15.383707046508789,8.654580116271973,14.772356986999512,-7.701777935028076,12.43528938293457,-0.38339751958847046,13.343464851379395,-16.198089599609375,9.656259536743164,-8.758286476135254,9.06525993347168,-16.21758460998535,11.893563270568848,-9.450942993164062,9.094094276428223,-12.210941314697266,9.919763565063477,-3.261953592300415,10.554003715515137,-13.847695350646973,9.810335159301758,0.19199692403708987,0.10264802816673899,0.01418446097522974,0.01658071018755436,1165.7356829291539,333.8879631665161,920.5551880895415,132.62502710284954,2244.405313837375,451.34453273738364,0.10906687378883362,0.12466409057378769,0.6246921420097351,7.266250133514404,0.06743821501731873,2.869994640350342,-0.0463416613638401,2.028414487838745,-0.042438946664333344,1.6472829580307007,0.018722116947174072,1.604536771774292,-0.006637257523834705,1.5355192422866821,-0.01760898530483246,1.3151317834854126,-0.023157117888331413,1.2938767671585083,-0.018192119896411896,1.4660921096801758,0.009720684960484505,1.3586698770523071,-0.01996234804391861,1.6725945472717285,-0.02485966868698597,1.6062865257263184,-0.04306717962026596,1.6646568775177002,0.4651869237422943,0.2727949321269989,0.4799184203147888,0.2767048478126526,0.5154488682746887,0.28474631905555725,0.5727628469467163,0.3307380676269531,0.5860378742218018,0.33855581283569336,0.5905280709266663,0.34326428174972534,0.5223058462142944,0.33907732367515564,0.4618891179561615,0.31756797432899475,0.45379796624183655,0.3070269823074341,0.48027363419532776,0.3044075071811676,0.4954942464828491,0.3070777356624603,0.47478219866752625,0.2723759710788727
89964233-cbdb-4f34-a819-5f4b5ce3f5f5-1430049868816-1.7-f-04-hu.wav,..\dataset\hungry\89964233-cbdb-4f34-a819-5f4b5ce3f5f5-1430049868816-1.7-f-04-hu.wav,hungry,hlad,dívka,0–4 týdny,False,0,-320.75665283203125,97.06207275390625,32.0897331237793,37.88308334350586,-31.585163116455078,29.04511070251465,-13.135953903198242,20.49749755859375,-22.878904342651367,19.043540954589844,14.080510139465332,15.438921928405762,-37.282135009765625,20.600210189819336,2.6698501110076904,16.1146183013916,-21.170726776123047,13.94394302368164,-3.6120643615722656,12.87165355682373,-18.28765869140625,11.10278034210205,-7.508233070373535,10.541533470153809,-11.109716415405273,14.068788528442383,0.33957070256776034,0.15312236551974417,0.08977794647216797,0.07641357183456421,1476.3154862891288,438.8582090541475,878.2387460559945,171.43601473663455,2440.4199358059914,625.430185643573,0.07788102328777313,0.11297155171632767,-0.2269415557384491,13.526359558105469,-0.02803051471710205,4.394649028778076,0.04177851974964142,4.307385444641113,-0.005861071404069662,2.503476858139038,0.02862028032541275,2.6785523891448975,0.007413284387439489,2.3561851978302,0.022893380373716354,2.399250030517578,0.01038533914834261,2.665909767150879,-0.0033678035251796246,2.2365481853485107,-0.003201619256287813,1.9713823795318604,0.005439244210720062,1.5738846063613892,0.002762638032436371,1.6934245824813843,0.00035148681490682065,2.373656749725342,0.3048732280731201,0.31557613611221313,0.3087477684020996,0.3006333112716675,0.3273967504501343,0.30353957414627075,0.4168940484523773,0.3560886085033417,0.4866994619369507,0.35069453716278076,0.47500887513160706,0.32756954431533813,0.37980061769485474,0.32709023356437683,0.2655903398990631,0.2806960344314575,0.21965694427490234,0.2854304611682892,0.180064395070076,0.25440868735313416,0.19662004709243774,0.25165602564811707,0.2674295902252197,0.3120279908180237
2a0e6a88-b049-4f46-a3d6-d73ffae470d5-1430770144865-1.7-m-04-hu.wav,..\dataset\hungry\2a0e6a88-b049-4f46-a3d6-d73ffae470d5-1430770144865-1.7-m-04-hu.wav,hungry,hlad,chlapec,0–4 týdny,False,0,-484.3817443847656,116.8747329711914,69.31192779541016,39.85123062133789,-7.509350299835205,30.898134231567383,-1.954885721206665,17.892562866210938,2.853006362915039,20.537696838378906,-11.024569511413574,23.20732879638672,-16.3677921295166,12.814932823181152,-19.069072723388672,13.212963104248047,-10.470619201660156,12.054637908935547,-9.279147148132324,12.392315864562988,-7.2947211265563965,11.625984191894531,-6.430941104888916,11.551647186279297,-11.259089469909668,9.3209228515625,0.15852353780313838,0.09206813252800926,0.0163253266364336,0.018076404929161072,992.603007886169,370.5705150805645,878.2070169180892,235.71991830160314,1863.6768901569187,738.8305135968975,0.10724528133869171,0.20626838505268097,-0.04579900577664375,9.987674713134766,-0.020826175808906555,4.337967872619629,-0.005874514114111662,3.370868682861328,-0.0070317466743290424,2.734924793243408,-0.00026236247504130006,2.6741695404052734,0.0020215664990246296,2.331861734390259,-0.0015584031352773309,1.8464423418045044,-0.0022740059066563845,1.9129996299743652,0.007278447970747948,1.9722092151641846,0.0048947641626000404,1.7639778852462769,0.0028937363531440496,1.7294955253601074,-0.002273803111165762,1.5806981325149536,0.0030381642282009125,1.4746369123458862,0.5090721845626831,0.33431577682495117,0.48934206366539,0.30974066257476807,0.4790698289871216,0.31880998611450195,0.4762747883796692,0.3321773409843445,0.4318888485431671,0.3154132664203644,0.4135635197162628,0.3249575197696686,0.35915493965148926,0.2946927547454834,0.3181705176830292,0.2687819004058838,0.34281545877456665,0.2876281142234802,0.39390066266059875,0.297800749540329,0.4432145655155182,0.29996055364608765,0.501788318157196,0.32008349895477295
B327333E-2DE2-4833-A75A-4C576208BED3-1430087443-1.0-f-48-hu.wav,..\dataset\hungry\B327333E-2DE2-4833-A75A-4C576208BED3-1430087443-1.0-f-48-hu.wav,hungry,hlad,dívka,4–8 týdnů,False,0,-465.7601623535156,20.20711898803711,55.60853958129883,11.81532096862793,-7.664812088012695,8.369169235229492,8.421359062194824,8.355124473571777,-19.315826416015625,9.340548515319824,-8.482266426086426,8.172327995300293,-17.428930282592773,7.473175525665283,-13.916915893554688,7.890427112579346,-19.91623306274414,7.189042568206787,-12.067957878112793,7.212808609008789,-13.167769432067871,7.149117469787598,-2.8969855308532715,7.69970178604126,-10.835315704345703,8.110114097595215,0.20115794400855921,0.044904425426744,0.00631959643214941,0.0018909004284068942,1202.5199283670254,128.9307486063424,994.6991008221661,41.485691660427015,2405.469864479315,193.4131096366856,0.14829450845718384,0.04930935055017471,-0.022329550236463547,2.2376036643981934,0.0396551750600338,1.464572548866272,0.0016738463891670108,1.211792230606079,0.01887809857726097,1.2171064615249634,-0.02762109600007534,1.3606020212173462,0.013032319955527782,1.157880187034607,-0.005530531983822584,1.1786636114120483,0.013263925909996033,1.1606073379516602,-0.015868837013840675,1.049505352973938,-0.00447453698143363,1.0948328971862793,0.003453504992648959,1.0637524127960205,-0.013466957025229931,1.1122429370880127,-0.0006803398136980832,1.2042014598846436,0.5184094905853271,0.22794926166534424,0.5831565260887146,0.24287132918834686,0.613370954990387,0.24642954766750336,0.6270975470542908,0.2536757290363312,0.5936659574508667,0.2538168132305145,0.5258848071098328,0.23642662167549133,0.5017770528793335,0.23601719737052917,0.5805219411849976,0.2572917938232422,0.6064519286155701,0.25301393866539,0.621971607208252,0.25233083963394165,0.605492115020752,0.2528265714645386,0.5360205769538879,0.226715549826622
C421C6FE-DFEE-4080-8AEA-848E7CE4756B-1430548384-1.0-m-26-ti.wav,..\dataset\tired\C421C6FE-DFEE-4080-8AEA-848E7CE4756B-1430548384-1.0-m-26-ti.wav,tired,únava,chlapec,2–6 měsíců,False,0,-384.28582763671875,96.55992126464844,47.93613052368164,29.987022399902344,-23.269441604614258,25.734272003173828,-17.711833953857422,18.588088989257812,-14.754674911499023,18.523571014404297,-20.32990074157715,14.262871742248535,-24.428678512573242,14.522664070129395,-13.271819114685059,11.913102149963379,-22.334583282470703,12.700242042541504,-8.622583389282227,11.486210823059082,-9.789310455322266,11.821885108947754,-9.76965045928955,11.764653205871582,-7.27923059463501,12.276265144348145,0.22529199358059915,0.09444350194896728,0.03834512084722519,0.037695638835430145,1247.63555733332,332.16784098126897,945.7577381055661,147.32309373936593,2295.827389443652,681.4444664678355,0.11844993382692337,0.115469790995121,0.2904064357280731,9.683157920837402,0.03693968057632446,4.30810022354126,0.08125092089176178,3.482732057571411,0.062060803174972534,2.5136101245880127,-0.08509006351232529,2.6684696674346924,-0.014623845927417278,2.0161991119384766,-0.014412641525268555,2.036864995956421,-0.007718903012573719,1.8765668869018555,0.011863213032484055,1.8862091302871704,0.020896324887871742,1.89424467086792,0.00034682455589063466,1.756646990776062,0.019494855776429176,2.053210496902466,-0.02415652386844158,2.0677220821380615,0.4131323993206024,0.30632054805755615,0.36559832096099854,0.28713712096214294,0.32911306619644165,0.2797110080718994,0.34471964836120605,0.2888537645339966,0.4019217789173126,0.30451661348342896,0.42613092064857483,0.3085085451602936,0.3999037444591522,0.2887665331363678,0.3968159258365631,0.29409870505332947,0.43823760747909546,0.313551127910614,0.47841838002204895,0.3275349736213684,0.4990723729133606,0.3162173628807068,0.4582686722278595,0.3096883296966553
5E01DC60-1DE3-4AF9-A661-7F649EAE457D-1430141106-1.0-m-26-hu.wav,..\dataset\hungry\5E01DC60-1DE3-4AF9-A661-7F649EAE457D-1430141106-1.0-m-26-hu.wav,hungry,hlad,chlapec,2–6 měsíců,False,0,-492.9205627441406,118.69791412353516,25.765945434570312,26.3800048828125,-23.06018829345703,22.258642196655273,-14.320696830749512,20.750137329101562,-13.21621322631836,17.95928955078125,1.9216639995574951,13.487606048583984,-15.988190650939941,12.579675674438477,-8.724894523620605,13.525345802307129,-12.370529174804688,14.094520568847656,4.331897735595703,21.74852180480957,4.5075788497924805,24.38808822631836,-0.3115716874599457,20.9111270904541,-9.079509735107422,15.966626167297363,0.28160106098430815,0.07708599088763586,0.035824310034513474,0.07021113485097885,1439.0384959213097,234.44159746938433,964.179762816603,125.60663003786394,2620.4975035663338,408.938909210977,0.15078358352184296,0.1164790689945221,0.2763906717300415,13.952280044555664,-0.044568296521902084,3.446518898010254,0.011173422448337078,2.771899700164795,-0.010056227445602417,2.6853721141815186,-0.005930556450039148,2.4688639640808105,0.0059127542190253735,1.9010173082351685,-0.05085846781730652,1.845870018005371,0.020331885665655136,1.720077395439148,0.037109699100255966,2.1074626445770264,0.09254439175128937,2.8928213119506836,0.04394836351275444,2.8542909622192383,-0.05644935742020607,2.743410110473633,-0.021379876881837845,2.962153434753418,0.4493677318096161,0.3037065267562866,0.4274575710296631,0.3289768099784851,0.35373347997665405,0.294062077999115,0.366973340511322,0.3247319161891937,0.39363235235214233,0.33064529299736023,0.39173659682273865,0.31920456886291504,0.3828408420085907,0.31094837188720703,0.3820064961910248,0.31421899795532227,0.36068224906921387,0.3064585328102112,0.3929780423641205,0.31302133202552795,0.45116183161735535,0.3264096975326538,0.46404412388801575,0.3231808543205261
7E4B9C14-F955-4BED-9B03-7F3096A6CBFF-1430232208-1.0-f-26-bu.wav,..\dataset\burping\7E4B9C14-F955-4BED-9B03-7F3096A6CBFF-1430232208-1.0-f-26-bu.wav,burping,říhání,dívka,2–6 měsíců,False,0,-400.7120056152344,181.10313415527344,11.200238227844238,39.3224983215332,-19.136581420898438,21.55123519897461,-9.999856948852539,23.629894256591797,-21.60636329650879,20.694379806518555,0.4012729823589325,13.041282653808594,-13.657883644104004,15.986519813537598,-3.3229382038116455,14.023917198181152,-6.403061866760254,11.091814994812012,0.3488349914550781,15.733884811401367,-1.8994669914245605,16.573884963989258,-0.8585947155952454,16.356372833251953,-5.500702381134033,13.713519096374512,0.3220455153352354,0.10852940626345732,0.10706168413162231,0.16230018436908722,1569.8111422310874,369.24382079095716,918.446639868185,126.22284987090781,2617.1763552068473,485.92425494715974,0.13549302518367767,0.11135069280862808,-0.004677243530750275,18.87570571899414,0.0044479453936219215,4.2887701988220215,0.012596718035638332,2.9975500106811523,0.009174319915473461,2.577763319015503,0.004398840945214033,2.3912718296051025,-0.003760389517992735,1.8581950664520264,-0.004818659275770187,1.9948267936706543,-0.005108015611767769,1.7504022121429443,-0.00527594517916441,1.8270376920700073,0.0016516904579475522,2.199846029281616,0.004152707289904356,2.2940878868103027,0.0054385364055633545,2.263047456741333,0.004132269416004419,2.3095083236694336,0.3269195258617401,0.2802889049053192,0.3387797176837921,0.2866397202014923,0.40297797322273254,0.32712826132774353,0.4200889468193054,0.30599039793014526,0.4368925988674164,0.307996928691864,0.48017629981040955,0.3234054744243622,0.43474358320236206,0.30259618163108826,0.3694493770599365,0.30517300963401794,0.36549654603004456,0.2912208139896393,0.43370676040649414,0.32208529114723206,0.43029141426086426,0.3264836370944977,0.3716084957122803,0.30335548520088196
815af07e-4c31-4032-8bd1-dab6e60c879e-1433156423585-1.7-m-04-hu.wav,..\dataset\hungry\815af07e-4c31-4032-8bd1-dab6e60c879e-1433156423585-1.7-m-04-hu.wav,hungry,hlad,chlapec,0–4 týdny,False,0,-344.7835693359375,147.88720703125,-29.102142333984375,34.67319869995117,-17.75935173034668,16.471511840820312,-16.71012306213379,19.764482498168945,-33.77943420410156,17.157291412353516,3.116114377975464,11.467470169067383,-19.476303100585938,14.97498893737793,-4.805009841918945,11.60631275177002,-8.31804370880127,13.242600440979004,4.785544395446777,12.726040840148926,-6.868950366973877,19.509138107299805,5.979755401611328,19.2020320892334,-5.6309814453125,18.53650665283203,0.4086126961483595,0.1444048778228756,0.12684153020381927,0.11642332375049591,1869.1998107349882,464.2921079444225,903.4407062391533,221.0501334630163,2900.967368045649,624.1487585990999,0.13585394620895386,0.21228457987308502,0.05665851756930351,16.087987899780273,-0.0032310213427990675,3.5947165489196777,-0.010455355979502201,2.3663089275360107,0.016888055950403214,2.5461618900299072,0.02486104518175125,2.135082960128784,0.006677725352346897,1.5713865756988525,0.009562292136251926,1.7651846408843994,0.0018641476053744555,1.581886649131775,0.0015615172451362014,1.8053736686706543,0.0006200665375217795,1.913457989692688,0.010150018148124218,2.186250925064087,0.006084621883928776,2.7569222450256348,0.008832172490656376,2.5913002490997314,0.41050708293914795,0.3655301332473755,0.3067898452281952,0.31269675493240356,0.29083380103111267,0.2939399480819702,0.3026684820652008,0.2964417040348053,0.3495265245437622,0.3442012071609497,0.3354134261608124,0.317290723323822,0.30368736386299133,0.29479628801345825,0.26460719108581543,0.2785124182701111,0.23693053424358368,0.2611008882522583,0.24465565383434296,0.27442100644111633,0.34374019503593445,0.34574320912361145,0.4366218149662018,0.36233580112457275
a7b13b65-da2c-48ec-8aed-46adcaba705f-1430823489236-1.7-f-26-hu.wav,..\dataset\hungry\a7b13b65-da2c-48ec-8aed-46adcaba705f-1430823489236-1.7-f-26-hu.wav,hungry,hlad,dívka,2–6 měsíců,False,0,-289.2481384277344,134.0866241455078,45.48570251464844,46.874454498291016,-22.152158737182617,25.928672790527344,0.03833208233118057,19.561145782470703,-21.68890953063965,18.13875389099121,-13.822491645812988,18.94789695739746,-10.191109657287598,13.397980690002441,-4.451740741729736,14.213167190551758,-17.895835876464844,13.271150588989258,-10.729362487792969,13.386274337768555,-14.03398323059082,14.618544578552246,7.63408088684082,20.041540145874023,3.6341958045959473,20.348033905029297,0.23920626783166904,0.1410721465189731,0.17689460515975952,0.1227225735783577,1156.339627972185,489.3946451459834,746.7802039855247,254.60111921809803,1895.506419400856,771.185298877558,0.11334990710020065,0.2598411738872528,-0.27314403653144836,11.75240707397461,-0.03966856747865677,3.8667047023773193,0.027604933828115463,3.066154956817627,-0.013625679537653923,2.400883913040161,0.023273799568414688,2.2170729637145996,0.00632560346275568,2.1079514026641846,0.0037997132167220116,1.6851091384887695,0.0093882717192173,1.904757022857666,0.015251880511641502,1.5970265865325928,0.014187411405146122,1.7039203643798828,0.008264527656137943,1.858752965927124,0.0023072143085300922,2.1934969425201416,-0.0028451955877244473,2.137242317199707,0.14428392052650452,0.23208682239055634,0.13693368434906006,0.2266758531332016,0.1575024127960205,0.2406177967786789,0.2262425720691681,0.2893787622451782,0.3012125790119171,0.3810466229915619,0.2270815670490265,0.29677674174308777,0.24128547310829163,0.29678812623023987,0.3972293436527252,0.36569100618362427,0.4463541805744171,0.4015228748321533,0.2887318432331085,0.2747775614261627,0.24496683478355408,0.31453657150268555,0.18753929436206818,0.27466312050819397
5afc6a14-a9d8-45f8-b31d-c79dd87cc8c6-1430757081034-1.7-m-48-hu.wav,..\dataset\hungry\5afc6a14-a9d8-45f8-b31d-c79dd87cc8c6-1430757081034-1.7-m-48-hu.wav,hungry,hlad,chlapec,4–8 týdnů,False,0,-327.5476989746094,153.90806579589844,-7.607019424438477,44.7415657043457,-22.03856086730957,30.28445816040039,-20.080551147460938,21.960588455200195,-18.18410301208496,18.33142852783203,-3.359239101409912,14.310691833496094,-17.807954788208008,18.637327194213867,2.2571089267730713,20.77442741394043,3.930645227432251,17.159576416015625,-5.217493534088135,19.150096893310547,-9.585988998413086,17.270584106445312,-2.8674495220184326,18.239707946777344,-4.979839324951172,19.053388595581055,0.31830086483594866,0.15746542511778172,0.13371868431568146,0.09090757369995117,1590.981794594653,573.397309544642,911.6629767240703,269.2483188869806,2624.7771041369474,907.7083827375628,0.11796484887599945,0.2366172969341278,-4.353434945869594e-08,11.705721855163574,-5.441793682336993e-09,4.389350891113281,0.0,2.7877728939056396,5.441793682336993e-09,2.3513498306274414,-6.802241880876636e-09,1.8828545808792114,2.7208968411684964e-09,1.7115031480789185,4.08134503970814e-09,1.8453209400177002,-1.3604484205842482e-09,1.9538853168487549,4.08134503970814e-09,1.8533673286437988,-1.3604484205842482e-09,2.0743019580841064,-9.523138722045132e-09,1.941346526145935,-5.441793682336993e-09,1.7557225227355957,5.441793682336993e-09,1.5999488830566406,0.29186272621154785,0.31921103596687317,0.2924114167690277,0.3182027339935303,0.38598474860191345,0.350803405046463,0.4187038242816925,0.3640285134315491,0.3612464666366577,0.34987935423851013,0.3041265904903412,0.35394489765167236,0.2083340585231781,0.29024842381477356,0.1985653191804886,0.27288830280303955,0.2459665834903717,0.3081309199333191,0.28241273760795593,0.3249187469482422,0.237557053565979,0.2945830225944519,0.2552229166030884,0.329598993062973
090C15A8-5406-4EA5-97A3-81F6527227C0-1430147515-1.0-m-72-hu.wav,..\dataset\hungry\090C15A8-5406-4EA5-97A3-81F6527227C0-1430147515-1.0-m-72-hu.wav,hungry,hlad,chlapec,7 měsíců–2 roky,False,0,-429.3417053222656,123.50839233398438,10.072694778442383,33.25563049316406,-23.828754425048828,20.711551666259766,7.453505992889404,17.380338668823242,-17.832326889038086,19.78542137145996,-20.144838333129883,14.613567352294922,-7.126652240753174,11.252190589904785,-10.111319541931152,15.264842987060547,-9.58517837524414,11.478790283203125,-2.5997843742370605,14.376326560974121,-10.04708480834961,18.179588317871094,1.8757425546646118,16.07771110534668,-4.7806501388549805,17.640663146972656,0.32061340941512123,0.08720172665425811,0.045628923922777176,0.06451383978128433,1564.0218162806634,255.78218940173542,947.6346645863151,131.87016402864012,2647.222717546362,367.0023847230923,0.15747205913066864,0.1140366941690445,-0.01792534440755844,11.682029724121094,-0.10248029232025146,2.7358617782592773,0.0156540647149086,2.4424920082092285,-0.003225285792723298,1.7864735126495361,0.020533422008156776,1.848793387413025,0.0029963767156004906,1.5796138048171997,-0.030487895011901855,1.4766849279403687,0.042231861501932144,1.6040635108947754,-0.010682479478418827,1.6483917236328125,-0.026922425255179405,2.2854225635528564,0.04155106842517853,2.208935260772705,-0.001988493837416172,2.2793142795562744,-0.010683134198188782,2.1195578575134277,0.4155074954032898,0.31110286712646484,0.3815469443798065,0.3089923560619354,0.3496726155281067,0.3171176314353943,0.38726866245269775,0.3164779543876648,0.42024970054626465,0.32274386286735535,0.3948403298854828,0.30914801359176636,0.41064924001693726,0.3107752203941345,0.4419795572757721,0.32328441739082336,0.4718112349510193,0.3180637061595917,0.4877551794052124,0.32805654406547546,0.44796401262283325,0.3528943955898285,0.4316159784793854,0.33666494488716125
edb5924c-07ba-4eaa-838b-aaf9511a219b-1431899400326-1.7-m-48-hu.wav,..\dataset\hungry\edb5924c-07ba-4eaa-838b-aaf9511a219b-1431899400326-1.7-m-48-hu.wav,hungry,hlad,chlapec,4–8 týdnů,False,0,-409.85943603515625,143.93527221679688,57.97179412841797,33.55837631225586,-48.569129943847656,41.72471237182617,-3.3639721870422363,21.085914611816406,-1.2790182828903198,17.39219093322754,0.5260675549507141,15.123717308044434,-7.950990676879883,13.975082397460938,-6.233564376831055,9.646469116210938,-16.65326690673828,10.214215278625488,-2.936877965927124,8.690508842468262,-11.304744720458984,11.060199737548828,-6.081384181976318,10.7076416015625,-0.8425766825675964,20.666662216186523,0.19624866262482168,0.07666869671680555,0.09379395097494125,0.11800871044397354,1066.1968418986523,315.87238327784803,739.5821012158365,229.41297474371197,1800.5304921540655,559.9661685462268,0.11081497371196747,0.20703847706317902,-0.005047677084803581,15.91480541229248,0.005399445537477732,4.70889139175415,-0.0012100725434720516,5.319513320922852,0.010019942186772823,2.774038076400757,-0.016849495470523834,2.5099661350250244,0.0028020991012454033,2.156054973602295,0.009458880871534348,1.987069010734558,0.005465499125421047,1.6622095108032227,0.0029117458034306765,1.4134039878845215,0.0038462772499769926,1.3832567930221558,0.01025830302387476,1.5177096128463745,0.015185176394879818,1.5176711082458496,0.009847511537373066,2.0994272232055664,0.4329175651073456,0.3344632387161255,0.4620020091533661,0.3344953954219818,0.450778067111969,0.3433482050895691,0.3789929151535034,0.32146239280700684,0.3634839653968811,0.30377936363220215,0.4241265058517456,0.3333841860294342,0.46780118346214294,0.33094778656959534,0.4009097218513489,0.3155849277973175,0.38519635796546936,0.33104440569877625,0.45608896017074585,0.35417792201042175,0.44638335704803467,0.3274271488189697,0.4500156044960022,0.36374175548553467
A123AD65-38D3-4A65-AB37-330034765840-1430093726-1.0-m-04-hu.wav,..\dataset\hungry\A123AD65-38D3-4A65-AB37-330034765840-1430093726-1.0-m-04-hu.wav,hungry,hlad,chlapec,0–4 týdny,False,0,-432.7429504394531,56.63062286376953,77.16529083251953,26.861923217773438,-1.078744888305664,17.362096786499023,9.930179595947266,16.0449161529541,-3.2306718826293945,13.170585632324219,-7.410099029541016,12.291027069091797,-17.906768798828125,12.935318946838379,-11.99865436553955,10.795177459716797,-13.864152908325195,9.01945686340332,-11.491589546203613,9.01534366607666,-16.77064323425293,9.051828384399414,-14.12907600402832,10.532280921936035,-10.002091407775879,9.744928359985352,0.14645372681883023,0.09623115482101641,0.02418883703649044,0.02194087952375412,960.1806336438277,310.24914228805153,881.5697596894025,118.10825853688769,1858.1490727532098,557.7829029947482,0.05025937035679817,0.05147162452340126,0.021260324865579605,5.672863483428955,0.0758771151304245,3.2682409286499023,-0.05232197046279907,2.5056228637695312,0.05576223134994507,1.9607083797454834,0.05311121791601181,1.9291613101959229,0.011339099146425724,1.623391032218933,0.013968615792691708,1.8159215450286865,-0.017781715840101242,1.4622007608413696,0.025677967816591263,1.3702116012573242,-0.007409615442156792,1.3201086521148682,-0.003142652800306678,1.4891307353973389,0.004927512723952532,1.5403085947036743,0.014495838433504105,1.59526526927948,0.4437303841114044,0.3059643507003784,0.40344882011413574,0.3155886232852936,0.406845360994339,0.32217028737068176,0.4123070240020752,0.30302664637565613,0.40376296639442444,0.2804589569568634,0.3931637406349182,0.2555884122848511,0.45182329416275024,0.30695196986198425,0.4827066659927368,0.3233067989349365,0.4899109899997711,0.3180801272392273,0.5019318461418152,0.3359411656856537,0.5056135654449463,0.33976033329963684,0.48920905590057373,0.3256407082080841
9090c7a3-bebc-4485-aafc-64e4298da3ac-1430109146143-1.7-f-26-hu.wav,..\dataset\hungry\9090c7a3-bebc-4485-aafc-64e4298da3ac-1430109146143-1.7-f-26-hu.wav,hungry,hlad,dívka,2–6 měsíců,False,0,-260.8829345703125,85.6760482788086,41.4388542175293,40.65061950683594,-50.711605072021484,23.62148666381836,-31.711193084716797,16.060136795043945,-36.61294174194336,16.50019073486328,9.227445602416992,18.173917770385742,-19.523345947265625,18.509740829467773,-6.668319225311279,22.2575626373291,-6.8686933517456055,24.44711685180664,7.864384651184082,23.45708465576172,-9.925052642822266,22.70594024658203,1.1291199922561646,18.92451286315918,-7.534672737121582,24.4140567779541,0.22353111626248218,0.07858834123457724,0.2577151954174042,0.13545124232769012,1198.3089225625865,305.5353261288571,756.9449433372216,145.8881390697426,1996.2107703281026,612.1781189538457,0.02150050178170204,0.044981926679611206,0.39047905802726746,8.190085411071777,0.014341259375214577,3.6562938690185547,-0.08410921692848206,3.009553909301758,-0.023749560117721558,2.3343796730041504,-0.08559911698102951,2.1488633155822754,0.004913210403174162,2.3369691371917725,0.05587635934352875,2.146583318710327,0.006790234707295895,2.335920572280884,0.011209414340555668,2.1812539100646973,-0.028925124555826187,2.4162380695343018,-0.040036313235759735,2.5079829692840576,0.019961409270763397,2.533212184906006,-0.008842365816235542,2.4435949325561523,0.2137271761894226,0.31419941782951355,0.16125795245170593,0.25739768147468567,0.18082810938358307,0.2924744784832001,0.24109365046024323,0.3361535668373108,0.2626049220561981,0.3449764549732208,0.17272169888019562,0.2684406638145447,0.17232751846313477,0.28552907705307007,0.1996786743402481,0.3339056968688965,0.1453043818473816,0.24097907543182373,0.20396755635738373,0.3086695075035095,0.32484006881713867,0.364719033241272,0.3196404278278351,0.345966637134552
9090c7a3-bebc-4485-aafc-64e4298da3ac-1430088396663-1.7-f-26-hu.wav,..\dataset\hungry\9090c7a3-bebc-4485-aafc-64e4298da3ac-1430088396663-1.7-f-26-hu.wav,hungry,hlad,dívka,2–6 měsíců,False,0,-427.88818359375,115.61051177978516,38.51028060913086,35.889007568359375,-24.59203338623047,42.83238220214844,6.306437015533447,16.81397247314453,-10.49096393585205,20.895111083984375,8.134194374084473,12.89816665649414,-7.152425765991211,14.51689624786377,-4.901414394378662,11.593158721923828,-8.91626262664795,12.417500495910645,-1.6292012929916382,11.582686424255371,-4.589784145355225,12.91923713684082,6.825380802154541,19.147579193115234,4.403335094451904,18.22190284729004,0.25425731098430815,0.10714960592833411,0.06042039021849632,0.09861454367637634,1331.5143985480506,288.9880229134283,925.2516544769035,191.0060381500528,2427.4251069900142,411.65465969975446,0.12808963656425476,0.1233053132891655,-0.4708022475242615,11.988861083984375,-0.03960329294204712,3.363360643386841,-0.0157880000770092,3.5081892013549805,-0.025989213958382607,2.3194549083709717,-0.007197375874966383,2.2298343181610107,-0.01808503083884716,1.7636971473693848,0.0010503573575988412,1.949306845664978,-0.00024148434749804437,1.793761134147644,0.0063809300772845745,1.632606029510498,-0.006222320720553398,1.492249608039856,-0.021968385204672813,1.5404473543167114,-0.025220530107617378,2.068294048309326,0.005383813288062811,1.8186793327331543,0.5112117528915405,0.33893975615501404,0.49030303955078125,0.31918632984161377,0.4765603244304657,0.3108735978603363,0.463656485080719,0.3230022192001343,0.4130222797393799,0.2873412072658539,0.40666306018829346,0.3106169104576111,0.4259243905544281,0.3260408937931061,0.5047273635864258,0.3111806809902191,0.5339123010635376,0.3124609589576721,0.5245488286018372,0.3195604085922241,0.5193641781806946,0.33593618869781494,0.494317889213562,0.33391454815864563
999bf14b-e417-4b44-b746-9253f81efe38-1430974001343-1.7-m-26-bp.wav,..\dataset\belly_pain\999bf14b-e417-4b44-b746-9253f81efe38-1430974001343-1.7-m-26-bp.wav,belly_pain,bolest břicha,chlapec,2–6 měsíců,False,0,-504.24285888671875,160.51199340820312,32.50069808959961,40.88697814941406,-37.86216735839844,42.58378601074219,8.361924171447754,17.826772689819336,-49.8697395324707,32.305179595947266,20.82244300842285,14.234163284301758,-9.585081100463867,13.582282066345215,-6.756677150726318,12.080374717712402,-5.434944152832031,10.8691987991333,-9.631855010986328,10.346287727355957,-12.336533546447754,13.174015045166016,-0.5125345587730408,18.70985221862793,6.188473701477051,20.540090560913086,0.2963121879457917,0.15800233612592365,0.0361776202917099,0.03319047763943672,1320.076145768315,482.4814254375745,753.9442717978682,224.55674991699712,2150.9450784593437,680.1239143627039,0.09950985759496689,0.22619923949241638,-2.6120608254132094e-07,11.820137023925781,8.16269007941628e-09,3.5203890800476074,-1.0883587364673986e-08,3.2254297733306885,-2.7208968411684964e-09,2.143662452697754,1.0883587364673986e-08,2.88478946685791,5.441793682336993e-09,1.6715048551559448,-5.441793682336993e-09,1.9062268733978271,2.7208968411684964e-09,1.6036086082458496,-5.441793682336993e-09,1.4759634733200073,0.0,1.3918946981430054,-1.3604484205842482e-09,1.5911909341812134,5.441793682336993e-09,1.9859565496444702,5.441793682336993e-09,2.125798225402832,0.4425286650657654,0.3618863821029663,0.3944365084171295,0.32147908210754395,0.34692442417144775,0.32715725898742676,0.3269833028316498,0.32371723651885986,0.3305084705352783,0.3303270936012268,0.37001097202301025,0.351985901594162,0.3833546042442322,0.36050117015838623,0.3144276440143585,0.33532848954200745,0.29505133628845215,0.329880952835083,0.31341761350631714,0.3438737094402313,0.33258068561553955,0.3343259394168854,0.38352760672569275,0.3417932391166687
10A40438-09AA-4A21-83B4-8119F03F7A11-1430848034-1.0-f-26-hu.wav,..\dataset\hungry\10A40438-09AA-4A21-83B4-8119F03F7A11-1430848034-1.0-f-26-hu.wav,hungry,hlad,dívka,2–6 měsíců,False,0,-359.36260986328125,111.3004150390625,22.706819534301758,37.872535705566406,-32.040103912353516,24.047805786132812,-19.358659744262695,17.858509063720703,-17.199907302856445,23.3947696685791,-8.480035781860352,11.83870792388916,-21.475942611694336,14.202614784240723,-14.057994842529297,14.134299278259277,-5.003060817718506,23.638505935668945,8.247886657714844,27.463598251342773,7.2706427574157715,24.568986892700195,1.714978575706482,26.910324096679688,-13.066123008728027,22.746732711791992,0.25283634985734665,0.10005310349361665,0.10178526490926743,0.09024612605571747,1367.459365102574,346.71869374820733,888.325917926189,124.08856101082152,2405.3361269614834,599.3867351539182,0.04403577744960785,0.058896273374557495,-0.07122672349214554,13.170467376708984,-0.05906182527542114,4.201984882354736,0.04596814513206482,4.0030622482299805,0.015900012105703354,2.139622211456299,0.025803575292229652,2.528153657913208,0.026662329211831093,1.8087759017944336,0.05116921663284302,1.8100028038024902,-0.02363504283130169,1.9396471977233887,-0.07524033635854721,2.687993288040161,-0.016501687467098236,3.212397813796997,0.06704364717006683,3.695803642272949,0.05296019837260246,4.103118896484375,-0.028087720274925232,3.698779582977295,0.36559295654296875,0.36139702796936035,0.31234902143478394,0.3356873393058777,0.2335682362318039,0.3033691644668579,0.1652081310749054,0.22973515093326569,0.16784162819385529,0.2448749840259552,0.19067500531673431,0.26213350892066956,0.2633650302886963,0.3202531337738037,0.30896106362342834,0.3469962775707245,0.3246881663799286,0.3559558093547821,0.30410608649253845,0.34833571314811707,0.2957012355327606,0.3358038067817688,0.3420937657356262,0.35571685433387756
1309B82C-F146-46F0-A723-45345AFA6EA8-1431172241-1.0-f-48-ti.wav,..\dataset\tired\1309B82C-F146-46F0-A723-45345AFA6EA8-1431172241-1.0-f-48-ti.wav,tired,únava,dívka,4–8 týdnů,False,0,-541.5432739257812,139.78201293945312,59.280582427978516,29.621267318725586,-11.725290298461914,21.64490509033203,-8.271506309509277,14.428177833557129,-7.465144634246826,10.109894752502441,-1.8531464338302612,16.856382369995117,-14.346458435058594,10.045782089233398,-18.029743194580078,10.711112022399902,-19.311176300048828,8.793322563171387,-14.336275100708008,8.979412078857422,-14.40262508392334,7.819139003753662,-6.987356185913086,8.840370178222656,-6.644036769866943,13.967626571655273,0.1602398359486448,0.06447598955845853,0.030378837138414383,0.06859145313501358,1068.2645760094078,262.6022348540371,903.5697116740563,123.27793436632643,2076.0966476462195,485.15242176671484,0.07492542266845703,0.08926664292812347,0.1677052527666092,12.834426879882812,0.10761669278144836,2.6508848667144775,-0.015705160796642303,2.6664352416992188,-0.017189009115099907,1.856412410736084,-0.0008245677454397082,1.5245685577392578,0.004370091948658228,1.7516992092132568,-0.0010732917580753565,1.4304920434951782,-0.014084311202168465,1.3618738651275635,-0.01769624836742878,1.2189213037490845,-0.012067830190062523,1.193640947341919,-0.01584802009165287,1.1258125305175781,-0.007136996369808912,1.540299415588379,-0.008444850333034992,1.8768173456192017,0.5265894532203674,0.28825047612190247,0.4881259500980377,0.28789523243904114,0.4400393068790436,0.2951129674911499,0.3775976002216339,0.27005866169929504,0.3349359631538391,0.23634187877178192,0.3653741180896759,0.26551976799964905,0.43100959062576294,0.27919548749923706,0.4949120581150055,0.27592939138412476,0.5903277397155762,0.29265666007995605,0.6572871804237366,0.3202342092990875,0.6674298048019409,0.32993149757385254,0.6055827140808105,0.3059467077255249
d6cda191-4962-4308-9a36-46d5648a95ed-1431086262776-1.7-m-04-ch.wav,..\dataset\discomfort\d6cda191-4962-4308-9a36-46d5648a95ed-1431086262776-1.7-m-04-ch.wav,discomfort,nepohodlí,chlapec,0–4 týdny,False,0,-426.97039794921875,164.14157104492188,-24.7473201751709,34.25834274291992,-47.712303161621094,25.842994689941406,-6.330831050872803,20.605342864990234,-17.308496475219727,20.316091537475586,13.512446403503418,16.263141632080078,-22.93100357055664,15.720492362976074,11.95887279510498,12.70076847076416,-13.595953941345215,12.773356437683105,-9.97546100616455,14.184000015258789,-2.9804553985595703,12.164085388183594,3.3073818683624268,13.711599349975586,4.511995792388916,18.88881492614746,0.4194565798858773,0.13407904093201173,0.05509227141737938,0.05108065530657768,1782.7455452875022,390.3379941330153,827.0327195924891,158.3502314521999,2689.3723252496434,489.43026252103783,0.1325734704732895,0.17402958869934082,-0.24997396767139435,14.29922866821289,0.07481993734836578,3.42568302154541,0.040768299251794815,3.696873426437378,-0.033038362860679626,3.0649588108062744,0.031470708549022675,2.5379433631896973,-0.00321404030546546,2.4014248847961426,0.033943817019462585,1.9565186500549316,-0.004226480610668659,1.6790720224380493,0.0057244813069701195,1.7947821617126465,0.013356439769268036,1.8999748229980469,-0.011053838767111301,1.4857138395309448,-0.04360666871070862,1.9430691003799438,-0.04615965858101845,2.2646775245666504,0.2723337411880493,0.2864799499511719,0.3575742542743683,0.3174293041229248,0.3902736008167267,0.3225150406360626,0.3736799955368042,0.3312055766582489,0.3557892143726349,0.3030397295951843,0.4236845374107361,0.3483269512653351,0.49676600098609924,0.35236692428588867,0.36863967776298523,0.31758663058280945,0.2178683578968048,0.2334822565317154,0.14956244826316833,0.21097639203071594,0.16529637575149536,0.24837760627269745,0.21604356169700623,0.2761189043521881
70d30513-0ec3-49e4-9976-e85785e85c2d-1431033405793-1.7-m-04-hu.wav,..\dataset\hungry\70d30513-0ec3-49e4-9976-e85785e85c2d-1431033405793-1.7-m-04-hu.wav,hungry,hlad,chlapec,0–4 týdny,False,0,-399.9921875,172.27293395996094,-2.367218255996704,39.58911895751953,-17.555891036987305,29.083650588989258,-18.803367614746094,19.05160903930664,-28.3529052734375,19.26388168334961,-2.147533655166626,12.190114974975586,-24.10291290283203,19.020402908325195,2.280764579772949,12.692877769470215,-2.3686094284057617,18.239038467407227,3.7457656860351562,15.47612476348877,-1.7405117750167847,16.176544189453125,4.854359149932861,19.90945053100586,0.9940490126609802,18.761455535888672,0.3161777817403709,0.17810870011625576,0.09834646433591843,0.10141602158546448,1554.4389954988696,555.8856688163282,897.0933621470091,226.78551314800745,2600.325427960057,678.2439604688284,0.1378128081560135,0.21143703162670135,-0.01819474622607231,13.355476379394531,-0.007164550945162773,3.2732088565826416,-0.002138755517080426,2.8952269554138184,-0.0008699509780853987,2.374683141708374,0.0043854000978171825,2.661637544631958,-0.0030353860929608345,1.815933346748352,0.008044290356338024,2.2096614837646484,0.00467136362567544,1.6666641235351562,-0.0018437884282320738,1.8764413595199585,0.0006907350034452975,2.1304941177368164,-0.0007205179426819086,2.048442840576172,0.00019936826720368117,2.3781425952911377,-0.002411146415397525,2.6166512966156006,0.2821374535560608,0.3202072083950043,0.2979605495929718,0.3211008608341217,0.37353843450546265,0.3290386199951172,0.41338300704956055,0.3519408404827118,0.37356728315353394,0.33602526783943176,0.37582603096961975,0.3542269170284271,0.35729360580444336,0.33957260847091675,0.33373549580574036,0.3260282576084137,0.3027755916118622,0.2979477643966675,0.29429033398628235,0.29891282320022583,0.31347379088401794,0.3388756215572357,0.29973748326301575,0.31674620509147644
80f5ab0a-16c1-4738-9209-fbdae52ff769-1430140636917-1.7-f-04-hu.wav,..\dataset\hungry\80f5ab0a-16c1-4738-9209-fbdae52ff769-1430140636917-1.7-f-04-hu.wav,hungry,hlad,dívka,0–4 týdny,False,0,-488.81268310546875,162.50001525878906,35.658653259277344,50.000823974609375,-34.23350143432617,43.73145294189453,8.382509231567383,21.336454391479492,-38.67166519165039,18.224328994750977,-2.6530468463897705,16.222726821899414,-29.144140243530273,16.034605026245117,-6.201755523681641,11.765771865844727,-13.265585899353027,10.51059341430664,-1.2794820070266724,12.273149490356445,-2.9747931957244873,11.944111824035645,3.499584197998047,12.323033332824707,-6.465291500091553,16.24764633178711,0.25377808487874465,0.1566732246692456,0.0371541790664196,0.052387066185474396,1253.5737558540857,512.4991763572087,762.575348252581,228.46590420389916,2099.0549215406563,722.3883356399422,0.11677194386720657,0.22924117743968964,-1.7413739783478377e-07,14.206866264343262,-1.0883587364673986e-08,4.98129415512085,5.441793682336993e-09,4.575965404510498,4.08134503970814e-09,2.7224044799804688,1.0883587364673986e-08,2.200599193572998,-8.16269007941628e-09,2.3143937587738037,0.0,1.903335690498352,-2.7208968411684964e-09,1.5891193151474,5.441793682336993e-09,1.6191548109054565,-2.7208968411684964e-09,1.639893651008606,6.802242102921241e-10,1.8792463541030884,1.3604484205842482e-09,2.1088223457336426,8.16269007941628e-09,2.6267175674438477,0.3582537770271301,0.29047003388404846,0.36416420340538025,0.3280267119407654,0.3595525622367859,0.3182302415370941,0.33567771315574646,0.3061637580394745,0.30666181445121765,0.3013589680194855,0.3173467516899109,0.3143412172794342,0.36447077989578247,0.3460426926612854,0.33754444122314453,0.31709086894989014,0.3280460238456726,0.3155131936073303,0.33015647530555725,0.30841749906539917,0.38524067401885986,0.30490046739578247,0.4281650185585022,0.3424969017505646
0D1AD73E-4C5E-45F3-85C4-9A3CB71E8856-1430742197-1.0-m-04-hu.wav,..\dataset\hungry\0D1AD73E-4C5E-45F3-85C4-9A3CB71E8856-1430742197-1.0-m-04-hu.wav,hungry,hlad,chlapec,0–4 týdny,False,0,-382.08917236328125,97.77978515625,35.28669357299805,26.81531524658203,-36.658851623535156,20.777687072753906,-8.445123672485352,15.389906883239746,-37.53437423706055,21.67947769165039,-20.713699340820312,17.726346969604492,6.241371154785156,16.65364646911621,-10.988852500915527,15.383112907409668,-10.586746215820312,17.25520133972168,0.07627949118614197,21.339645385742188,-9.147327423095703,20.979652404785156,3.4100210666656494,24.820098876953125,-5.576952934265137,18.65346336364746,0.21776368580599145,0.07516259405797933,0.07157446444034576,0.06171490252017975,1231.6795646695919,271.0174445495932,826.2206417036736,148.3890857120412,2095.8229315263907,469.5838777007852,0.058821335434913635,0.12800809741020203,0.34531113505363464,9.025749206542969,0.09647761285305023,2.1627211570739746,-0.014316738583147526,2.4182217121124268,0.015619481913745403,1.8529918193817139,-0.015743646770715714,2.111372470855713,-0.014964605681598186,1.5863898992538452,-0.01665670983493328,1.6514008045196533,-0.019058044999837875,1.5800080299377441,-0.013595161959528923,1.6838685274124146,-0.005180818494409323,1.9326345920562744,-0.02112511545419693,2.040656805038452,-0.013008128851652145,2.293578624725342,-0.026598714292049408,1.9617418050765991,0.2857097387313843,0.35792267322540283,0.25107789039611816,0.29167360067367554,0.2597293257713318,0.298549085855484,0.28439995646476746,0.33021190762519836,0.25327757000923157,0.2990833520889282,0.23375175893306732,0.28338339924812317,0.2552923858165741,0.3151742219924927,0.24579083919525146,0.30839934945106506,0.28684571385383606,0.30368825793266296,0.4256957173347473,0.37731093168258667,0.36153510212898254,0.31480300426483154,0.2949705123901367,0.3227236270904541
218e6fd7-f9c5-4490-afd7-c4fba174e7d2-1430209174300-1.7-m-72-hu.wav,..\dataset\hungry\218e6fd7-f9c5-4490-afd7-c4fba174e7d2-1430209174300-1.7-m-72-hu.wav,hungry,hlad,chlapec,7 měsíců–2 roky,False,0,-463.2557373046875,139.82347106933594,54.51699447631836,34.054019927978516,-1.680091381072998,28.725830078125,-5.688276290893555,21.88888931274414,-25.915868759155273,29.141529083251953,4.354100704193115,15.481959342956543,-9.921430587768555,15.740779876708984,-5.5858049392700195,11.482649803161621,-8.508722305297852,10.642465591430664,-13.635116577148438,14.957528114318848,-4.67734432220459,17.05280303955078,1.0916730165481567,16.27359962463379,1.6245321035385132,20.466819763183594,0.17515714158345222,0.10013320752847497,0.05351767688989639,0.07178431004285812,1071.8623493063512,352.91964550216767,882.797433104184,223.19063879836307,2079.7521398002855,660.6821764307458,0.0919540524482727,0.19914640486240387,0.7019930481910706,10.354344367980957,0.037384361028671265,3.3155055046081543,-0.03213086724281311,2.8489320278167725,-0.025655340403318405,2.5580010414123535,-0.0310865119099617,3.044191360473633,-0.00041114381747320294,1.9561989307403564,-0.06491190195083618,1.9518306255340576,-0.02207213267683983,1.7148076295852661,-0.012765903025865555,1.670685887336731,-0.010613320395350456,1.7124147415161133,0.048250336199998856,1.6344516277313232,0.028597727417945862,1.663541555404663,-0.023012083023786545,1.933881402015686,0.25953879952430725,0.29316985607147217,0.27984389662742615,0.29262447357177734,0.3412688076496124,0.3053364157676697,0.3550809323787689,0.32103973627090454,0.3744257092475891,0.3605579733848572,0.4033106863498688,0.3371143043041229,0.5021651983261108,0.35996973514556885,0.5156139135360718,0.3686559200286865,0.43678393959999084,0.3600209951400757,0.31722575426101685,0.30739474296569824,0.2733529508113861,0.3038289248943329,0.2726590633392334,0.30733218789100647
7A22229D-06C2-4AAA-9674-DE5DF1906B3A-1436891957-1.1-m-72-ti.wav,..\dataset\tired\7A22229D-06C2-4AAA-9674-DE5DF1906B3A-1436891957-1.1-m-72-ti.wav,tired,únava,chlapec,7 měsíců–2 roky,False,0,-414.6399841308594,97.01338958740234,23.460514068603516,27.70794105529785,-8.399134635925293,20.57105827331543,-13.66782283782959,17.553878784179688,-20.579614639282227,16.131534576416016,-19.054790496826172,17.785776138305664,-15.52610969543457,13.04880428314209,-10.26442813873291,13.394502639770508,-14.149401664733887,10.206918716430664,-2.5878288745880127,14.73388385772705,-5.286777019500732,22.480140686035156,6.411396026611328,22.08344268798828,0.2719857096672058,21.327930450439453,0.26081602175463625,0.11030783760257619,0.049189966171979904,0.06568591296672821,1457.3690335343692,333.95771268473464,1028.0647587625863,165.60563792070184,2762.2369828815977,578.5971179477334,0.14337310194969177,0.15390464663505554,-0.025275345891714096,10.97816276550293,-0.04008667171001434,3.3460285663604736,0.03285690397024155,2.5418317317962646,-0.04604941979050636,2.265216827392578,0.006287007592618465,2.1417417526245117,-0.012957854196429253,2.0135912895202637,0.020256638526916504,1.5941100120544434,0.00785154476761818,1.6633505821228027,-0.02455940656363964,1.6380250453948975,0.025638705119490623,2.1032066345214844,-0.012648322619497776,2.556143283843994,-0.004723894409835339,2.4522335529327393,0.004021232482045889,2.455878734588623,0.3290668725967407,0.34598755836486816,0.3129447102546692,0.3451935946941376,0.22373779118061066,0.23376405239105225,0.24212132394313812,0.24113033711910248,0.3355785310268402,0.31446999311447144,0.4111756980419159,0.3453091084957123,0.3991391956806183,0.31700438261032104,0.4246484935283661,0.33289292454719543,0.437796026468277,0.3372017741203308,0.39005565643310547,0.32417482137680054,0.34521108865737915,0.3215145766735077,0.30926066637039185,0.31179964542388916
1309B82C-F146-46F0-A723-45345AFA6EA8-1430703937-1.0-f-48-dc.wav,..\dataset\discomfort\1309B82C-F146-46F0-A723-45345AFA6EA8-1430703937-1.0-f-48-dc.wav,discomfort,nepohodlí,dívka,4–8 týdnů,False,0,-356.63751220703125,160.76698303222656,-1.3635334968566895,30.39363670349121,-15.263006210327148,16.75628089904785,-6.717615127563477,14.771049499511719,-8.385642051696777,13.381060600280762,1.605076551437378,10.832014083862305,-10.580009460449219,10.32628345489502,-5.186332702636719,7.7288031578063965,-8.785316467285156,11.056326866149902,-0.6475510597229004,10.597715377807617,-12.57729721069336,10.809612274169922,5.655823230743408,17.910667419433594,12.531923294067383,23.59691047668457,0.3236503655492154,0.10694930016164919,0.10292962938547134,0.09528753906488419,1701.5418142503806,364.22502240633696,983.38394554434,123.62018639087346,2923.6804564907275,463.7458913207088,0.11876887083053589,0.14003218710422516,0.664671778678894,11.560467720031738,-0.052990056574344635,2.6261446475982666,-0.04109176620841026,2.411176919937134,-0.0051910532638430595,2.1765522956848145,-0.01770724169909954,1.8990429639816284,0.010781814344227314,1.5033040046691895,-0.03011454828083515,1.291459321975708,0.011599697172641754,1.1352131366729736,-0.01392214186489582,1.2336952686309814,0.006503220647573471,1.565820574760437,-0.008631069213151932,1.3731999397277832,0.006033838726580143,1.8970483541488647,-0.02810516580939293,2.437044620513916,0.2842322289943695,0.30198413133621216,0.36768296360969543,0.33595576882362366,0.4448424279689789,0.3682679235935211,0.3456684648990631,0.3191535174846649,0.2781789004802704,0.2870424687862396,0.2956353724002838,0.2914365828037262,0.331306129693985,0.29278165102005005,0.383868545293808,0.2917386293411255,0.3694290816783905,0.3090708255767822,0.3524905741214752,0.3137188255786896,0.29149389266967773,0.2817149758338928,0.2904379367828369,0.287972629070282
101c6709-39fb-44dc-b905-7cbeed5714a2-1434361963544-1.7-f-04-hu.wav,..\dataset\hungry\101c6709-39fb-44dc-b905-7cbeed5714a2-1434361963544-1.7-f-04-hu.wav,hungry,hlad,dívka,0–4 týdny,False,0,-617.23291015625,138.39395141601562,13.879998207092285,45.77436447143555,-6.866373062133789,41.54641342163086,-16.372119903564453,28.05155372619629,8.77669620513916,24.786962509155273,-4.231329441070557,22.34864616394043,-0.4420967102050781,15.328496932983398,0.43252289295196533,15.330280303955078,-2.586188316345215,14.441973686218262,3.4913151264190674,12.808829307556152,-8.14618968963623,13.646864891052246,4.0945634841918945,13.610150337219238,-4.446390151977539,12.715744972229004,0.3432986358773181,0.18913277975647336,0.007951890118420124,0.014467799104750156,1619.8478952061535,632.0945013980984,1011.774216089308,294.1543221361814,2832.850392296719,965.2654586405032,0.16760416328907013,0.21765127778053284,-0.02591847814619541,9.04197883605957,-0.01309200283139944,4.380168437957764,-0.008141249418258667,3.694481372833252,-0.005534390918910503,3.393035888671875,0.001473871641792357,2.8477859497070312,0.00017392652807757258,2.2575483322143555,-0.005153471138328314,2.2153897285461426,-0.0052185929380357265,2.3052825927734375,-0.0051117814145982265,2.2891929149627686,-0.00010566058335825801,2.1200461387634277,-0.0036654192954301834,2.2424514293670654,-0.005506806541234255,2.0521204471588135,-0.0011216271668672562,1.8790414333343506,0.29009222984313965,0.3019942045211792,0.33260855078697205,0.3218855857849121,0.3757186532020569,0.3431713283061981,0.36781221628189087,0.3339942693710327,0.33431288599967957,0.3251471519470215,0.2968513071537018,0.2907700538635254,0.3506130278110504,0.3252331614494324,0.430856317281723,0.3427956700325012,0.502652108669281,0.33962005376815796,0.5111943483352661,0.35323235392570496,0.3791791796684265,0.3192666471004486,0.2881510555744171,0.28186291456222534
F95D4BCE-2FB0-4A0C-A058-BFB0674539AF-1430055950-1.0-m-26-hu.wav,..\dataset\hungry\F95D4BCE-2FB0-4A0C-A058-BFB0674539AF-1430055950-1.0-m-26-hu.wav,hungry,hlad,chlapec,2–6 měsíců,False,0,-275.406982421875,99.27294921875,-7.792075157165527,35.66617965698242,-15.839258193969727,15.776129722595215,-1.1666806936264038,22.09738540649414,-3.8605780601501465,13.096036911010742,-7.128044605255127,11.57483196258545,-0.36831381916999817,13.514504432678223,-6.226698398590088,11.410104751586914,-15.463446617126465,12.230175971984863,-6.590713024139404,14.080268859863281,-9.187065124511719,14.055742263793945,18.070114135742188,24.86255645751953,14.584907531738281,24.02264404296875,0.3490660663338088,0.12315725084909208,0.2071758508682251,0.14760199189186096,1757.006709212353,369.9456383370638,967.2038313177393,112.28666957936244,3011.5682952924394,354.09709925444275,0.09198375791311264,0.11667147278785706,0.29168951511383057,10.810155868530273,-0.07707738131284714,3.340320348739624,-0.07487430423498154,2.125488758087158,-0.10235606878995895,2.1843464374542236,0.022712919861078262,1.9341531991958618,-0.018322929739952087,1.609140157699585,-0.014041467569768429,1.4480217695236206,-0.04161052033305168,1.2373861074447632,0.026595737785100937,1.4676504135131836,0.037552863359451294,1.563298225402832,0.06339846551418304,1.75446617603302,0.06039083003997803,1.9251153469085693,-0.03832314535975456,1.816676139831543,0.20024533569812775,0.25840267539024353,0.17422246932983398,0.26537638902664185,0.21890968084335327,0.28116369247436523,0.25399598479270935,0.27395352721214294,0.19956359267234802,0.268806129693985,0.20412684977054596,0.2873260974884033,0.2738723158836365,0.3120575249195099,0.4603850841522217,0.3421444892883301,0.6268249750137329,0.34745585918426514,0.474899023771286,0.3441574275493622,0.3139737546443939,0.34645479917526245,0.2625919282436371,0.33897116780281067
7E4B9C14-F955-4BED-9B03-7F3096A6CBFF-1430232157-1.0-f-26-hu.wav,..\dataset\hungry\7E4B9C14-F955-4BED-9B03-7F3096A6CBFF-1430232157-1.0-f-26-hu.wav,hungry,hlad,dívka,2–6 měsíců,False,0,-506.84808349609375,128.37643432617188,22.16665267944336,30.2628173828125,-30.663711547851562,20.156068801879883,-4.438379287719727,17.896713256835938,-14.501320838928223,12.650435447692871,-14.112675666809082,16.377164840698242,-13.922767639160156,13.98127555847168,-3.3202972412109375,14.658769607543945,-14.851771354675293,14.049459457397461,-4.67688512802124,11.56356143951416,0.07555020600557327,13.954190254211426,5.54255485534668,15.181501388549805,-1.2221176624298096,14.25633430480957,0.281127407275321,0.08160242242346398,0.03597387298941612,0.08356744796037674,1458.1451954478857,252.08677800072593,914.1418852994492,107.33985608547411,2516.984664764622,347.70577411808796,0.11953720450401306,0.08332613855600357,-0.14234134554862976,12.591436386108398,-0.054745886474847794,3.4038503170013428,-0.11850984394550323,2.762576103210449,0.029339227825403214,2.2192795276641846,0.05123833939433098,1.8708806037902832,-0.021527618169784546,1.9250472784042358,0.006676351651549339,1.767048716545105,0.04844163730740547,1.7397874593734741,-0.033261314034461975,1.863816261291504,0.0028114018496125937,1.8864092826843262,0.02813149057328701,1.913849115371704,0.006205473095178604,2.063185930252075,0.04162251204252243,2.3980607986450195,0.22555306553840637,0.24105821549892426,0.20709507167339325,0.2249995470046997,0.26023465394973755,0.26146605610847473,0.3565112352371216,0.29417893290519714,0.481754332780838,0.3624054193496704,0.4225122928619385,0.32350435853004456,0.33858102560043335,0.2961887717247009,0.27636027336120605,0.2600988447666168,0.36334681510925293,0.3080277442932129,0.46595779061317444,0.367684930562973,0.3712831735610962,0.3179641366004944,0.30804961919784546,0.33225974440574646
FAE74A94-9968-43ED-958C-50D7C4C1F13C-1430770858-1.0-f-22-hu.wav,..\dataset\hungry\FAE74A94-9968-43ED-958C-50D7C4C1F13C-1430770858-1.0-f-22-hu.wav,hungry,hlad,dívka,více než 2 roky,False,0,-487.97076416015625,116.77802276611328,33.753963470458984,21.823877334594727,-13.75687313079834,18.002817153930664,-4.196879863739014,12.966902732849121,-23.444292068481445,20.691789627075195,-36.24663162231445,25.120161056518555,-15.979954719543457,15.913936614990234,-10.604647636413574,14.538307189941406,-0.4630212187767029,18.01114273071289,7.204277038574219,27.414979934692383,4.681574821472168,17.22677230834961,-6.351907253265381,14.497028350830078,-7.6874680519104,23.585813522338867,0.20505862161198288,0.12225196407853965,0.05341249704360962,0.06591098755598068,1137.7997234011452,380.59304720036897,862.268544627501,196.89470275110335,1923.4352710413696,846.1869860275954,0.09731940180063248,0.1294730305671692,0.27172645926475525,8.472673416137695,0.12167249619960785,2.871796131134033,-0.01754038967192173,2.39935564994812,0.0014256600989028811,1.9163129329681396,-0.04958280548453331,1.9402512311935425,-0.056420013308525085,2.1769580841064453,-0.024877939373254776,1.7145423889160156,-0.05000036209821701,1.6199805736541748,-0.02657964825630188,1.9117039442062378,0.03837843984365463,2.019115686416626,-0.010738825425505638,2.3214144706726074,-0.015165134333074093,2.1574602127075195,-0.007996538653969765,2.0731723308563232,0.4102335572242737,0.3703310191631317,0.4056353271007538,0.31903621554374695,0.37751567363739014,0.352536141872406,0.3336987793445587,0.3501327633857727,0.29585444927215576,0.325295090675354,0.30447083711624146,0.3397558033466339,0.32820650935173035,0.3406510651111603,0.35053518414497375,0.37075281143188477,0.32194411754608154,0.35446324944496155,0.2763717472553253,0.33084025979042053,0.2660941779613495,0.3037187159061432,0.31162625551223755,0.2962394058704376
8c920fd0-fa9f-4926-bcac-074767dcbfcd-1436856382717-1.7-m-04-hu.wav,..\dataset\hungry\8c920fd0-fa9f-4926-bcac-074767dcbfcd-1436856382717-1.7-m-04-hu.wav,hungry,hlad,chlapec,0–4 týdny,False,0,-547.1782836914062,120.69945526123047,83.93795776367188,35.084049224853516,-57.15520095825195,42.8922004699707,-4.171614646911621,21.66373062133789,-26.894006729125977,19.38370132446289,-6.098091125488281,14.386067390441895,-21.268613815307617,17.40766143798828,-13.88889217376709,12.18441390991211,-12.856772422790527,11.506199836730957,-8.227840423583984,17.544652938842773,7.124990940093994,20.966543197631836,12.680652618408203,24.97649574279785,6.86196756362915,24.736024856567383,0.18067381419400855,0.07580737660819803,0.02530151605606079,0.022694256156682968,937.9191265789401,310.7641803088779,626.3066596416512,242.4007542628272,1525.6330242510699,631.5537189379903,0.09587657451629639,0.2364518791437149,0.00021196874149609357,13.944790840148926,0.00023128710745368153,3.5860934257507324,6.152491550892591e-05,4.388213634490967,-0.00011980652925558388,2.912290096282959,-0.00021867846953682601,2.6427724361419678,-0.00018735279445536435,2.4872615337371826,-4.9503996706334874e-05,2.163864850997925,0.00011342602374497801,1.9010238647460938,0.00020738675084430724,1.7457154989242554,0.00017731812840793282,2.4235270023345947,3.691440724651329e-05,2.600421190261841,-0.00013926638348493725,2.919921398162842,-0.00025696150260046124,3.0318803787231445,0.21228741109371185,0.25951001048088074,0.15163742005825043,0.21385197341442108,0.17626067996025085,0.23083671927452087,0.28297165036201477,0.31975895166397095,0.354793518781662,0.34677115082740784,0.3374675512313843,0.34740760922431946,0.3196443021297455,0.34935861825942993,0.36138227581977844,0.3418979346752167,0.4243985414505005,0.368263304233551,0.45109525322914124,0.3622996509075165,0.42601320147514343,0.35170280933380127,0.33786264061927795,0.3514117896556854
A123AD65-38D3-4A65-AB37-330034765840-1430093687-1.0-m-04-hu.wav,..\dataset\hungry\A123AD65-38D3-4A65-AB37-330034765840-1430093687-1.0-m-04-hu.wav,hungry,hlad,chlapec,0–4 týdny,False,0,-463.8751220703125,38.81216812133789,54.30070877075195,20.840213775634766,5.630953788757324,14.757349967956543,8.165156364440918,13.433557510375977,-14.977133750915527,10.117714881896973,-9.707448959350586,10.799195289611816,-18.63903045654297,10.470535278320312,-14.582049369812012,9.422890663146973,-17.07666015625,7.594363212585449,-11.063005447387695,8.952054977416992,-12.470612525939941,8.912454605102539,-10.003056526184082,8.487994194030762,-13.719629287719727,8.947134017944336,0.18419556883024252,0.08044643039131504,0.010797307826578617,0.009166932664811611,1175.3477549486565,258.5327563883059,1023.6857267686989,108.12793421119264,2401.613766048502,500.4296848283771,0.1322694569826126,0.09084401279687881,-0.07533565908670425,5.2919721603393555,-0.0054563721641898155,2.245839834213257,-0.005071781575679779,2.1631696224212646,-0.007752207573503256,1.890688419342041,-0.018595803529024124,1.6064707040786743,-0.008633001707494259,1.3868036270141602,0.004194790031760931,1.4208738803863525,-0.009013937786221504,1.3076035976409912,0.00647188164293766,1.1707936525344849,0.010701755061745644,1.3042370080947876,-0.02869502268731594,1.308027982711792,-0.026555968448519707,1.3582261800765991,0.005979455541819334,1.326973795890808,0.5932228565216064,0.3076421916484833,0.47728970646858215,0.25115302205085754,0.4074379801750183,0.249795600771904,0.45923739671707153,0.277258038520813,0.5147744417190552,0.3045820891857147,0.5472356081008911,0.2958899140357971,0.5356864333152771,0.28689390420913696,0.5142432451248169,0.26336967945098877,0.5050228238105774,0.2629275321960449,0.537064790725708,0.30679962038993835,0.5156580805778503,0.30435630679130554,0.5237526893615723,0.28007349371910095
F4A0C710-AC2D-42E0-8EA9-3E4CAC31EE20-1430318400-1.0-m-04-hu.wav,..\dataset\hungry\F4A0C710-AC2D-42E0-8EA9-3E4CAC31EE20-1430318400-1.0-m-04-hu.wav,hungry,hlad,chlapec,0–4 týdny,False,0,-408.59820556640625,106.2717056274414,30.30877113342285,25.199504852294922,-44.38272476196289,22.336071014404297,-26.111541748046875,17.056262969970703,-21.143571853637695,15.41382884979248,2.1327037811279297,12.338541030883789,-7.7289719581604,11.534607887268066,-15.192061424255371,12.718975067138672,-18.891925811767578,12.948987007141113,-12.494906425476074,12.4990816116333,-8.485142707824707,13.981063842773438,-7.379474639892578,20.8461856842041,12.376554489135742,25.64895248413086,0.2398248038516405,0.06607246757840164,0.06586349010467529,0.0717158392071724,1286.972882128577,236.20978548082115,858.2809956500173,137.575688590115,2235.578637660485,489.61734203188223,0.09762611240148544,0.11238622665405273,0.4134822189807892,16.848302841186523,0.012035032734274864,3.6125388145446777,-0.07271556556224823,3.757859468460083,-0.054574720561504364,3.176797389984131,-0.0010409716051071882,2.4422342777252197,0.011767968535423279,1.976271629333496,0.020315300673246384,1.6668319702148438,0.003477248828858137,2.160346269607544,0.009417577646672726,2.10380482673645,0.006991814821958542,1.9404314756393433,0.01909206248819828,2.315891981124878,0.0009451687801629305,3.070939540863037,0.007018722128123045,3.6541318893432617,0.32565048336982727,0.32122135162353516,0.2745656371116638,0.30621522665023804,0.2045355588197708,0.25355908274650574,0.21019449830055237,0.24255305528640747,0.2851177752017975,0.2934380769729614,0.3639838397502899,0.3284706771373749,0.4139626622200012,0.3472192585468292,0.43155068159103394,0.3453901708126068,0.41175127029418945,0.35726213455200195,0.36947017908096313,0.34749260544776917,0.3387843072414398,0.33057352900505066,0.337167352437973,0.3361148238182068
2e25d0a5-0b2b-44ef-8491-e445b16ea75c-1430056332640-1.7-f-26-hu.wav,..\dataset\hungry\2e25d0a5-0b2b-44ef-8491-e445b16ea75c-1430056332640-1.7-f-26-hu.wav,hungry,hlad,dívka,2–6 měsíců,False,0,-668.4695434570312,102.90921020507812,33.83759307861328,22.792984008789062,-25.336503982543945,17.94647979736328,-11.600954055786133,19.36897087097168,-16.005552291870117,18.79051399230957,-7.264461994171143,14.965083122253418,-10.938436508178711,15.623390197753906,-6.708441257476807,12.294380187988281,-17.61201286315918,12.117965698242188,-4.573780536651611,15.872980117797852,-10.013888359069824,17.078765869140625,7.147633075714111,12.993975639343262,1.6716352701187134,17.5195255279541,0.27530425285306703,0.10815932326057692,0.002865163842216134,0.004185111727565527,1331.9524957038666,416.07204954975685,906.4722909838614,268.2605710600183,2448.6225035663338,814.1584083923502,0.2160782366991043,0.23384730517864227,-4.353434945869594e-08,6.223409175872803,0.0,3.0955469608306885,1.0883587364673986e-08,2.303068161010742,0.0,2.1916680335998535,-2.7208968411684964e-09,2.1562132835388184,2.7208968411684964e-09,1.9657257795333862,-6.1220175595622095e-09,1.9089040756225586,-3.401120940438318e-09,1.8316539525985718,2.7208968411684964e-09,1.5615509748458862,-6.802242102921241e-10,1.725968837738037,-8.16269007941628e-09,1.9348938465118408,-2.7208968411684964e-09,1.7747946977615356,-1.3604484205842482e-09,1.7249747514724731,0.2773064970970154,0.27790117263793945,0.222849041223526,0.2441101223230362,0.22264297306537628,0.2302262932062149,0.2493237853050232,0.26490694284439087,0.25247105956077576,0.2557268738746643,0.34238487482070923,0.3143821656703949,0.49611547589302063,0.39223989844322205,0.4915282726287842,0.3417089581489563,0.408356636762619,0.320886492729187,0.35516875982284546,0.2820344567298889,0.44068676233291626,0.3508635461330414,0.41977545619010925,0.33941948413848877
D1CB71F9-EF76-49B3-A703-41D557444D21-1436863366-1.1-m-04-hu.wav,..\dataset\hungry\D1CB71F9-EF76-49B3-A703-41D557444D21-1436863366-1.1-m-04-hu.wav,hungry,hlad,chlapec,0–4 týdny,False,0,-513.7579345703125,73.20001983642578,74.23062896728516,28.01881217956543,1.0909079313278198,14.20308780670166,-1.6966599225997925,20.902395248413086,-9.539311408996582,9.700575828552246,1.7405537366867065,10.042095184326172,-13.833516120910645,9.033171653747559,-18.95395851135254,9.921021461486816,-26.4752197265625,8.044086456298828,-15.529664993286133,9.874245643615723,-16.50421905517578,11.193066596984863,-1.3361581563949585,18.329212188720703,-2.0678112506866455,19.3203182220459,0.1377440709700428,0.06273216468367018,0.01740257814526558,0.03457106277346611,977.7087598890415,259.3433417910999,920.5074028080305,117.67637186233777,2025.6553138373752,532.7410237327368,0.055236250162124634,0.05444130674004555,-0.4280628561973572,7.63535213470459,0.09310518205165863,2.9381189346313477,0.07587544620037079,2.1256442070007324,0.1049325242638588,2.4566454887390137,0.013581622391939163,1.5127160549163818,-0.02584828808903694,1.3047075271606445,-0.016360238194465637,1.4153841733932495,0.01758289523422718,1.4278563261032104,0.011887524276971817,1.3413052558898926,-0.00742307910695672,1.6005102396011353,0.0013652644120156765,1.899951457977295,-0.05393906682729721,1.8407256603240967,-0.05554927885532379,2.32902455329895,0.44319668412208557,0.27592283487319946,0.332796573638916,0.23480524122714996,0.3360994756221771,0.24432289600372314,0.39796170592308044,0.2854679524898529,0.43478894233703613,0.29840806126594543,0.5039980411529541,0.31538599729537964,0.5561276078224182,0.3166695535182953,0.5580670833587646,0.26763713359832764,0.5703253149986267,0.251475065946579,0.574817419052124,0.27040156722068787,0.620216965675354,0.342549592256546,0.5817191004753113,0.336713045835495
218e6fd7-f9c5-4490-afd7-c4fba174e7d2-1430209252819-1.7-m-72-hu.wav,..\dataset\hungry\218e6fd7-f9c5-4490-afd7-c4fba174e7d2-1430209252819-1.7-m-72-hu.wav,hungry,hlad,chlapec,7 měsíců–2 roky,False,0,-610.3848266601562,130.0113067626953,64.30054473876953,25.146329879760742,15.367694854736328,20.26024055480957,10.702550888061523,18.871429443359375,-10.403900146484375,25.245609283447266,-4.962346076965332,15.083272933959961,-9.713582038879395,14.437747955322266,-3.6005947589874268,10.421175003051758,-9.317611694335938,10.183616638183594,-5.444639682769775,8.631878852844238,-3.6857306957244873,16.24594497680664,-6.670633792877197,13.338586807250977,-10.11041259765625,11.507275581359863,0.1264599679029957,0.0709854094136256,0.010998480021953583,0.018287429586052895,972.8609430176929,296.50118196340753,945.0192427673667,246.25790108236242,2113.8106276747503,682.6058483047926,0.10103047639131546,0.20026543736457825,0.21556375920772552,5.915234565734863,0.09747859835624695,2.9203994274139404,0.004072374198585749,2.223132848739624,0.009845001623034477,2.2395739555358887,0.028313886374235153,2.0735249519348145,0.021574515849351883,1.6894683837890625,-0.0071247536689043045,1.7894469499588013,-0.020618174225091934,1.683530569076538,-0.01164067629724741,1.7868067026138306,-0.010617721825838089,1.4512660503387451,-0.01057263370603323,1.5901890993118286,-0.013272262178361416,1.8069756031036377,-0.014601116068661213,1.47649347782135,0.4297611117362976,0.2853286564350128,0.400870144367218,0.30736494064331055,0.39705345034599304,0.32076627016067505,0.44385993480682373,0.37268397212028503,0.4483455419540405,0.37158265709877014,0.44672414660453796,0.36449283361434937,0.43662112951278687,0.3261212408542633,0.45392656326293945,0.3331446647644043,0.46723973751068115,0.35493189096450806,0.4897710382938385,0.34820789098739624,0.5117843151092529,0.31834208965301514,0.5044341087341309,0.29641228914260864
52dfc27a-fbc4-4d9f-bbcf-6406c919324a-1430041644396-1.7-m-26-hu.wav,..\dataset\hungry\52dfc27a-fbc4-4d9f-bbcf-6406c919324a-1430041644396-1.7-m-26-hu.wav,hungry,hlad,chlapec,2–6 měsíců,False,0,-580.5906372070312,105.67899322509766,52.48918914794922,32.7815055847168,-32.8182487487793,31.853469848632812,-3.2274506092071533,15.475589752197266,-30.264020919799805,18.73380470275879,-8.892560005187988,12.249921798706055,-14.767436027526855,12.998645782470703,-8.4933443069458,10.772261619567871,-13.493759155273438,11.212027549743652,-3.519904851913452,9.5062255859375,-14.552797317504883,10.690801620483398,-3.9435126781463623,9.935503005981445,-0.3724067509174347,18.1294002532959,0.225080242510699,0.0925664121387944,0.012315165251493454,0.01982787251472473,1235.7298035957479,333.0572630536847,852.1258652192021,222.68398066362755,2237.406383737518,656.3650505733872,0.16452887654304504,0.1557481437921524,0.05973861739039421,9.261301040649414,0.02109873667359352,3.6270477771759033,-0.035416554659605026,3.6575241088867188,-0.01655043661594391,2.429579973220825,-0.009886634536087513,2.312962770462036,-0.0018788587767630816,1.6032053232192993,0.007620031014084816,1.9102096557617188,-0.0061449711211025715,1.582082748413086,-0.008666484616696835,1.6536941528320312,-0.00721551151946187,1.5287628173828125,-0.009248875081539154,1.2395823001861572,0.00939189177006483,1.3278789520263672,0.020904554054141045,1.7219487428665161,0.39218640327453613,0.3175699710845947,0.4069706201553345,0.291044682264328,0.4383167028427124,0.31817370653152466,0.4586722254753113,0.32763880491256714,0.483420193195343,0.3138231337070465,0.5112902522087097,0.296128511428833,0.5391905903816223,0.32016417384147644,0.4986497461795807,0.30867987871170044,0.43456169962882996,0.3215048611164093,0.41661980748176575,0.3394685387611389,0.39548927545547485,0.31561633944511414,0.38927948474884033,0.31989020109176636
7fd72d70-07c4-40a0-85e9-c91df9bdefb2-1430994916704-1.7-f-04-hu.wav,..\dataset\hungry\7fd72d70-07c4-40a0-85e9-c91df9bdefb2-1430994916704-1.7-f-04-hu.wav,hungry,hlad,dívka,0–4 týdny,False,0,-626.9689331054688,185.21165466308594,12.559610366821289,26.710411071777344,-18.343111038208008,37.92647171020508,6.283017158508301,14.997419357299805,-6.790920257568359,16.547832489013672,-6.288242816925049,12.345891952514648,-3.0997111797332764,8.055130958557129,-5.510937213897705,11.379350662231445,-4.314925193786621,8.517581939697266,-4.094939231872559,8.065393447875977,-4.091331958770752,7.686425685882568,-4.895772457122803,9.111366271972656,-0.2351440191268921,8.130276679992676,0.3045091833095578,0.10399157938921806,0.034115780144929886,0.06760767102241516,1565.268514572624,443.6849912102117,986.5532288677914,306.1414028065627,2736.158166904422,849.4863464448243,0.35842132568359375,0.24571436643600464,0.00025820222799666226,13.496356964111328,-0.00033231943962164223,3.6167917251586914,-0.00019567600975278765,3.357776403427124,0.0001226695894729346,1.8843157291412354,-0.0002532950893510133,1.5205144882202148,0.0003252723254263401,1.1703938245773315,0.00012774950300808996,1.1693575382232666,0.00011210639058845118,1.0715432167053223,0.00046712899347767234,1.0871502161026,0.00010417497105663642,0.9813642501831055,0.0005100715789012611,1.0313632488250732,0.0002593939716462046,0.9651705622673035,-0.00013591967581305653,1.0888326168060303,0.5227193236351013,0.28585800528526306,0.4979456961154938,0.2920025587081909,0.49612709879875183,0.30771127343177795,0.5103399753570557,0.31570979952812195,0.544700562953949,0.2818067669868469,0.5940543413162231,0.28653615713119507,0.5279046893119812,0.2956770658493042,0.5158945322036743,0.3251250088214874,0.5560187101364136,0.32415464520454407,0.5787930488586426,0.3286350667476654,0.5215114951133728,0.3247814178466797,0.5024254322052002,0.2843612730503082
818A32F4-D5D8-426C-B88C-81A8154AC81A-1430093571-1.0-m-26-hu.wav,..\dataset\hungry\818A32F4-D5D8-426C-B88C-81A8154AC81A-1430093571-1.0-m-26-hu.wav,hungry,hlad,chlapec,2–6 měsíců,False,0,-314.32586669921875,94.92088317871094,24.834232330322266,33.914859771728516,-19.656024932861328,27.178403854370117,-13.020873069763184,26.392887115478516,-9.656291961669922,14.498473167419434,9.442314147949219,17.79252052307129,-18.705251693725586,12.420929908752441,-3.499758005142212,12.563262939453125,-15.728285789489746,17.378202438354492,-3.1176068782806396,22.915876388549805,5.8855366706848145,26.38490867614746,10.476938247680664,28.596954345703125,0.33538374304771423,27.15237808227539,0.26863409415121253,0.08257646476030976,0.14370405673980713,0.11807859688997269,1387.1392548075978,294.1254267852276,899.9600155320474,127.09231404998593,2420.0472539229672,499.18311869864675,0.05168386921286583,0.07459446042776108,-0.4625166654586792,10.12747573852539,0.03440442308783531,4.346294403076172,0.03415839374065399,3.0501978397369385,0.042519114911556244,3.140000581741333,-0.013730994425714016,2.1521973609924316,0.0009860203135758638,2.1285057067871094,0.018430102616548538,1.5364625453948975,0.007650424260646105,1.8793559074401855,-0.05394183099269867,2.0684478282928467,-0.06657837331295013,2.2049055099487305,-0.019656384363770485,2.7421939373016357,0.03427387401461601,2.7734012603759766,-0.004918262362480164,3.184473991394043,0.2573613226413727,0.310019314289093,0.2602851986885071,0.3114224076271057,0.26947641372680664,0.3143512010574341,0.3151843547821045,0.31947484612464905,0.32556959986686707,0.3296547830104828,0.29552093148231506,0.33473554253578186,0.31675416231155396,0.35085272789001465,0.3647727370262146,0.3709911108016968,0.41787078976631165,0.3771456480026245,0.4389483332633972,0.3825969696044922,0.36799344420433044,0.33503657579421997,0.303609162569046,0.33253535628318787
815af07e-4c31-4032-8bd1-dab6e60c879e-1433156413683-1.7-m-04-hu.wav,..\dataset\hungry\815af07e-4c31-4032-8bd1-dab6e60c879e-1433156413683-1.7-m-04-hu.wav,hungry,hlad,chlapec,0–4 týdny,False,0,-354.45721435546875,139.85997009277344,-41.02710723876953,46.85639190673828,-24.128326416015625,19.31233024597168,-4.299993991851807,23.163835525512695,-37.063323974609375,20.380796432495117,-1.0717377662658691,14.381207466125488,-16.82355499267578,16.120712280273438,-3.1089682579040527,13.449626922607422,-12.128432273864746,13.392424583435059,8.42682933807373,15.728826522827148,-11.948664665222168,21.83338165283203,13.59971809387207,18.84714126586914,-3.147306203842163,22.008756637573242,0.41394547967189727,0.14918323493964786,0.1369771957397461,0.1126709058880806,1875.4147649437166,521.321776073825,821.5108413349062,225.35397303077642,2842.9252853067046,655.1949199821297,0.11203517764806747,0.21969297528266907,-0.08473385870456696,11.216591835021973,0.014417536556720734,3.315812349319458,-0.002689971122890711,2.6416969299316406,-0.006669739726930857,2.1534042358398438,0.005824465770274401,2.193647623062134,0.00787771213799715,1.8911083936691284,0.007885321974754333,1.8733381032943726,0.0008006510906852782,1.663720726966858,0.0045461044646799564,1.6508347988128662,0.0017764837248250842,1.837889313697815,0.006373322568833828,2.160191297531128,-0.003734332975000143,2.5133895874023438,0.004891799762845039,2.537977457046509,0.28910601139068604,0.30985984206199646,0.2190481275320053,0.27042028307914734,0.25908759236335754,0.31694579124450684,0.23371441662311554,0.28383713960647583,0.21676494181156158,0.26718926429748535,0.3009450137615204,0.28745296597480774,0.29233840107917786,0.27907297015190125,0.28199782967567444,0.2919502258300781,0.2522720694541931,0.28083857893943787,0.3216606378555298,0.3301643133163452,0.464663028717041,0.39279577136039734,0.40383532643318176,0.3484014570713043
d5abedab-9ed5-48d0-a83b-fc00c33d6d6b-1430079192907-1.7-f-04-ti.wav,..\dataset\tired\d5abedab-9ed5-48d0-a83b-fc00c33d6d6b-1430079192907-1.7-f-04-ti.wav,tired,únava,dívka,0–4 týdny,False,0,-671.505126953125,85.07653045654297,3.7581496238708496,40.80998229980469,-16.565753936767578,23.726076126098633,17.12353515625,20.777944564819336,-21.9465389251709,17.24884033203125,1.7889933586120605,10.595046043395996,-11.433992385864258,11.066932678222656,0.940037727355957,9.023235321044922,-13.457541465759277,11.269003868103027,2.050081491470337,9.612848281860352,-6.553419589996338,9.197259902954102,-3.7704501152038574,8.986103057861328,-4.236388683319092,8.738110542297363,0.35917996611982883,0.13449027749583586,0.0032282511238008738,0.009524432010948658,1604.9102474586678,445.62997990785817,881.9638804826744,240.66278469678846,2622.615014265335,599.1752140135895,0.2713331878185272,0.18907463550567627,-0.2054816484451294,11.764267921447754,-0.10961932688951492,5.548194885253906,-0.0414862222969532,3.301356554031372,-0.031578220427036285,2.480282783508301,-0.003407974960282445,2.362732172012329,-0.007891543209552765,1.6885874271392822,-0.005105592776089907,1.7387295961380005,0.006383867468684912,1.4615424871444702,0.012611551210284233,1.540358304977417,0.006749187130481005,1.3942912817001343,0.0010355719132348895,1.4621368646621704,0.010119449347257614,1.2362030744552612,-0.0011080314870923758,1.2949190139770508,0.4374917149543762,0.29463493824005127,0.477653831243515,0.3034861087799072,0.5273467302322388,0.3151855766773224,0.49903449416160583,0.30383846163749695,0.4665716290473938,0.30763691663742065,0.48152288794517517,0.3100498616695404,0.5113921165466309,0.31520992517471313,0.527588963508606,0.28877171874046326,0.5359627604484558,0.2924163043498993,0.5211046934127808,0.2824852466583252,0.5038553476333618,0.2871047258377075,0.4636971354484558,0.29334786534309387
aaa57dbd-7b88-454a-963e-6faa2f4ed4e7-1436910225455-1.7-f-04-hu.wav,..\dataset\hungry\aaa57dbd-7b88-454a-963e-6faa2f4ed4e7-1436910225455-1.7-f-04-hu.wav,hungry,hlad,dívka,0–4 týdny,False,0,-644.6265869140625,118.08615112304688,19.19402503967285,28.161556243896484,4.267977237701416,24.474641799926758,7.834084510803223,11.190011024475098,1.167060136795044,18.109956741333008,-0.5090101361274719,11.998590469360352,-8.622611045837402,12.804139137268066,-3.8145861625671387,7.685554027557373,-3.818340539932251,7.8175835609436035,-1.0017668008804321,7.179229259490967,-3.3051750659942627,8.30839729309082,-1.6279032230377197,10.351322174072266,-4.228389739990234,8.972769737243652,0.19873952389443653,0.11434942377558284,0.012076073326170444,0.048451002687215805,1254.3764745145022,449.1279426637499,991.01351871254,289.8754921891142,2512.6827746077033,745.0921075362003,0.21509379148483276,0.2277955561876297,0.03273351863026619,11.44974136352539,0.03980197012424469,3.927842140197754,0.027032043784856796,2.951817750930786,0.014636114239692688,1.6063379049301147,0.010586411692202091,2.0830788612365723,0.0029503116384148598,1.6176987886428833,-0.009409092366695404,1.3768072128295898,-0.007379133719950914,1.1674250364303589,-0.009244619868695736,1.312723159790039,-0.009256417863070965,1.0299699306488037,-0.006658568978309631,1.381192684173584,-0.008128240704536438,1.7544835805892944,0.0014661028981208801,1.8156737089157104,0.5942976474761963,0.3455295264720917,0.5577929615974426,0.32397139072418213,0.5233421921730042,0.30331647396087646,0.529435396194458,0.3015575408935547,0.5453320741653442,0.2960442304611206,0.5598287582397461,0.29122093319892883,0.5398232340812683,0.29583707451820374,0.5211493968963623,0.2962966859340668,0.5479581952095032,0.31437984108924866,0.5621123909950256,0.32499441504478455,0.5317391157150269,0.30212754011154175,0.5655516386032104,0.33300521969795227
A123AD65-38D3-4A65-AB37-330034765840-1430093710-1.0-m-04-hu.wav,..\dataset\hungry\A123AD65-38D3-4A65-AB37-330034765840-1430093710-1.0-m-04-hu.wav,hungry,hlad,chlapec,0–4 týdny,False,0,-457.6208190917969,47.2305793762207,62.56137466430664,28.044010162353516,8.29416275024414,15.985762596130371,11.126667976379395,13.826550483703613,-14.514110565185547,13.634129524230957,-9.79736614227295,12.069418907165527,-18.755821228027344,10.626136779785156,-8.260919570922852,11.733677864074707,-15.815258026123047,10.296707153320312,-7.014970302581787,10.191128730773926,-12.57621955871582,8.51651382446289,-9.237210273742676,11.019547462463379,-9.592780113220215,10.576738357543945,0.18037847717546363,0.10937938475341374,0.01321167591959238,0.012340834364295006,1126.0766444175756,343.56229143043424,978.8195698054424,116.34195158230058,2282.230741797432,524.3960686259194,0.08646678924560547,0.06406847387552261,0.012886983342468739,5.84622859954834,-0.03349978104233742,2.828066349029541,0.012423541396856308,2.1778507232666016,-0.0033209226094186306,2.048549175262451,0.0008496340014971793,1.9383745193481445,-0.0036034605000168085,1.4810748100280762,-0.011035799048841,1.5332955121994019,-0.03563474491238594,1.5043489933013916,0.026630885899066925,1.6512044668197632,-0.029410339891910553,1.219901204109192,-0.012768753804266453,1.3377618789672852,-0.019401637837290764,1.8098005056381226,0.005115503445267677,1.4536492824554443,0.505833625793457,0.32171398401260376,0.41082999110221863,0.28612080216407776,0.3673041760921478,0.26483166217803955,0.38407665491104126,0.2764514088630676,0.42264842987060547,0.2947525382041931,0.47698548436164856,0.28989869356155396,0.5304103493690491,0.30863791704177856,0.5221463441848755,0.29446184635162354,0.5402746796607971,0.29506197571754456,0.527617871761322,0.29710450768470764,0.5184570550918579,0.3118547797203064,0.5421106815338135,0.33319106698036194
cda99fcf-d010-47b4-8987-f54be313ddbd-1429973787766-1.7-f-26-hu.wav,..\dataset\hungry\cda99fcf-d010-47b4-8987-f54be313ddbd-1429973787766-1.7-f-26-hu.wav,hungry,hlad,dívka,2–6 měsíců,False,0,-464.2878112792969,70.74504852294922,75.8935317993164,35.248104095458984,-62.30665588378906,41.378841400146484,-10.107471466064453,24.746641159057617,-2.781707763671875,16.00180435180664,1.6241625547409058,15.203160285949707,-7.583080768585205,14.291669845581055,-15.521134376525879,13.751819610595703,-12.670096397399902,12.44433879852295,0.04222100228071213,10.38598346710205,-16.966459274291992,10.686606407165527,-6.107183456420898,13.640125274658203,-7.049676418304443,20.40479278564453,0.21164519436519258,0.06118643334933049,0.03155071288347244,0.018392030149698257,1015.1786330786063,208.37629429784266,616.0062631660745,183.74353831371494,1527.393901569187,432.4711880099157,0.023488884791731834,0.0885845199227333,-0.7311486601829529,9.58828067779541,-0.08821048587560654,3.562481641769409,0.2106516808271408,3.937786340713501,0.0340263694524765,2.5534956455230713,-0.00622013071551919,2.1083896160125732,-0.008633303456008434,2.2618613243103027,0.05481422320008278,2.00543475151062,0.03038652054965496,1.981369972229004,0.0011285191867500544,1.8405169248580933,0.018654977902770042,1.5719600915908813,0.02809656225144863,1.7674983739852905,0.02168768271803856,2.263461112976074,-0.01267904695123434,2.6612253189086914,0.2666131258010864,0.32815855741500854,0.2605757415294647,0.31866195797920227,0.356515109539032,0.3923514485359192,0.3265628516674042,0.3514952063560486,0.21440427005290985,0.26288309693336487,0.1896483600139618,0.29474592208862305,0.1813264638185501,0.29284027218818665,0.1932191699743271,0.29338449239730835,0.22063706815242767,0.2963206470012665,0.28722432255744934,0.3356177508831024,0.3266405165195465,0.340399831533432,0.31995710730552673,0.362697035074234
9fe37482-6a64-401d-b8b9-3e47d6ed9ac0-1430047399844-1.7-f-26-hu.wav,..\dataset\hungry\9fe37482-6a64-401d-b8b9-3e47d6ed9ac0-1430047399844-1.7-f-26-hu.wav,hungry,hlad,dívka,2–6 měsíců,False,0,-558.316162109375,142.01092529296875,26.91840934753418,24.750333786010742,-21.6332950592041,36.9969367980957,-4.909422874450684,14.384300231933594,-15.222908020019531,20.911853790283203,6.9564433097839355,11.862360000610352,-9.272358894348145,12.144841194152832,-11.474150657653809,12.951709747314453,-9.924105644226074,11.469542503356934,-2.4485347270965576,13.338197708129883,-1.3255261182785034,13.419360160827637,1.308010458946228,14.655515670776367,-2.751133441925049,14.18002986907959,0.2389945167617689,0.10036168964893517,0.022362327203154564,0.05117310211062431,1309.434818914491,392.8332682339807,903.0156669174606,267.395566012333,2372.6373038516404,715.9510767368652,0.2098865956068039,0.23133625090122223,-0.004023226909339428,11.467398643493652,-0.0008769885753281415,3.905221700668335,-0.0005418257787823677,3.6754353046417236,-0.0007486316026188433,2.1930129528045654,0.0015006622998043895,2.1999027729034424,0.0005880034877918661,1.5585936307907104,0.0009213459561578929,1.660698413848877,-0.0008346092072315514,1.910508632659912,-0.0007630680338479578,1.6328041553497314,0.00047946826089173555,1.7049317359924316,0.0018856991082429886,1.6939626932144165,0.0019118217751383781,2.1897711753845215,0.0019477144815027714,2.1448071002960205,0.4257827401161194,0.3170771598815918,0.3982815742492676,0.33026134967803955,0.3732442259788513,0.32250335812568665,0.3591913878917694,0.3192026913166046,0.3600682020187378,0.32526203989982605,0.3591018319129944,0.3261396288871765,0.35622331500053406,0.29225799441337585,0.41114482283592224,0.309791624546051,0.4911660850048065,0.3438784182071686,0.5216732025146484,0.3350708484649658,0.5278729796409607,0.3251590430736542,0.4954282343387604,0.3230303227901459
1309B82C-F146-46F0-A723-45345AFA6EA8-1432801693-1.1-f-26-dc.wav,..\dataset\discomfort\1309B82C-F146-46F0-A723-45345AFA6EA8-1432801693-1.1-f-26-dc.wav,discomfort,nepohodlí,dívka,2–6 měsíců,False,0,-347.6527404785156,165.81272888183594,25.371076583862305,36.41630554199219,-23.824859619140625,24.70697021484375,-26.741455078125,20.79286766052246,-28.13581085205078,25.656185150146484,5.72970724105835,15.063700675964355,-19.649999618530273,14.257692337036133,-4.192169666290283,15.369773864746094,-13.030815124511719,12.760185241699219,-4.9383039474487305,15.7052583694458,-3.941596508026123,16.1737060546875,6.095205783843994,20.27642250061035,11.504520416259766,25.150684356689453,0.25589002318116977,0.10391982888055544,0.11190207302570343,0.10100998729467392,1367.4893410019438,377.23359327941307,913.2426602227476,139.01727795642933,2415.9682596291013,620.4808369965377,0.0984204113483429,0.10802529752254486,0.7474536895751953,15.223849296569824,0.07225152850151062,3.8739800453186035,-0.05360901355743408,2.9560279846191406,-0.07616215944290161,2.477790117263794,-0.04664576053619385,2.6497185230255127,0.01982136256992817,2.128882646560669,-0.008315016515552998,2.007344961166382,-0.008231431245803833,1.9075826406478882,-0.04403438791632652,1.9569039344787598,-0.012435763143002987,2.3115181922912598,-0.002216499065980315,2.3556294441223145,0.006499525625258684,2.599240303039551,0.025771446526050568,2.979196310043335,0.2987196445465088,0.30616724491119385,0.33435729146003723,0.311058908700943,0.4138042628765106,0.3603985607624054,0.4063799977302551,0.35395434498786926,0.36898282170295715,0.3320498466491699,0.3690679669380188,0.298828661441803,0.410076767206192,0.3155147135257721,0.4427557587623596,0.3187165856361389,0.3887798488140106,0.3018670678138733,0.3405863046646118,0.3078235983848572,0.3194076716899872,0.32426202297210693,0.3123575448989868,0.3358818292617798
9aa8bac5-eeb9-4f19-a4bf-7c439e87364b-1430745312460-1.7-m-04-hu.wav,..\dataset\hungry\9aa8bac5-eeb9-4f19-a4bf-7c439e87364b-1430745312460-1.7-m-04-hu.wav,hungry,hlad,chlapec,0–4 týdny,False,0,-647.7149658203125,133.21681213378906,39.150447845458984,39.20341873168945,9.785279273986816,23.38187599182129,-8.373296737670898,26.80626106262207,4.053990364074707,17.811826705932617,-3.4669954776763916,14.69133186340332,-3.2897539138793945,14.332184791564941,-1.6057595014572144,12.808161735534668,-1.5282273292541504,14.935744285583496,1.0061675310134888,15.341265678405762,-4.713769435882568,12.10546588897705,-8.700162887573242,10.264477729797363,-5.973818778991699,9.7955904006958,0.24934802960057062,0.2086129453020695,0.004395784344524145,0.006113674491643906,1303.1037826237389,705.2521344715954,972.5817857667956,394.8624203701155,2466.7216476462195,1141.0631027007396,0.19452011585235596,0.2991653382778168,0.0,9.726072311401367,1.0883587364673986e-08,4.240267276763916,-1.9046277444090265e-08,2.9041669368743896,0.0,2.818892240524292,2.7208968411684964e-09,1.9738895893096924,1.0883587364673986e-08,1.937446117401123,-4.08134503970814e-09,1.9788291454315186,-5.441793682336993e-09,1.981842041015625,2.7208968411684964e-09,2.071082592010498,2.7208968411684964e-09,1.7189867496490479,4.08134503970814e-09,1.5062835216522217,-8.16269007941628e-09,1.4036345481872559,-2.7208968411684964e-09,1.4422672986984253,0.3925440013408661,0.34486493468284607,0.40032243728637695,0.3510279059410095,0.31483712792396545,0.31096845865249634,0.2784843146800995,0.30997923016548157,0.26164549589157104,0.2725679278373718,0.25944381952285767,0.2852920889854431,0.2880215048789978,0.31754833459854126,0.3487057685852051,0.3241712152957916,0.4033151865005493,0.37184032797813416,0.43043285608291626,0.377698689699173,0.44103047251701355,0.38720062375068665,0.3377310633659363,0.30940622091293335
63CA92F7-973A-4DCA-A410-7B19811A2478-1430041902-1.0-f-26-hu.wav,..\dataset\hungry\63CA92F7-973A-4DCA-A410-7B19811A2478-1430041902-1.0-f-26-hu.wav,hungry,hlad,dívka,2–6 měsíců,False,0,-639.2863159179688,118.24510955810547,39.69723892211914,28.848703384399414,-5.045348644256592,20.613365173339844,-0.12230609357357025,13.14881420135498,-19.857891082763672,13.788491249084473,-11.438752174377441,17.531543731689453,-24.930328369140625,10.259400367736816,-16.77722930908203,10.909875869750977,-16.46845245361328,10.478448867797852,-8.996245384216309,10.23633098602295,-8.158879280090332,10.296120643615723,-5.40071439743042,9.500332832336426,-5.037936210632324,9.615949630737305,0.2185772557061341,0.09662646114419804,0.0066343992948532104,0.016617286950349808,1295.3826696641738,348.1649430801088,989.7889271932524,164.70096352961826,2490.437767475036,579.5580285085134,0.16775913536548615,0.1386062502861023,-0.006441712379455566,14.244266510009766,-0.025274895131587982,3.7777445316314697,0.04048004373908043,2.52498459815979,-0.0021431525237858295,1.9307485818862915,-0.05913328379392624,2.093370199203491,-0.030612347647547722,2.0382463932037354,-0.013467824086546898,1.4694904088974,-0.008719945326447487,1.6269253492355347,-0.026152154430747032,1.4704574346542358,-0.020374054089188576,1.518328070640564,-0.002391926711425185,1.4599487781524658,0.028405021876096725,1.468111515045166,0.017111314460635185,1.44021737575531,0.39825016260147095,0.2934814989566803,0.4058386981487274,0.29990723729133606,0.40920135378837585,0.28232234716415405,0.42536476254463196,0.27790507674217224,0.48589661717414856,0.2964588701725006,0.5339056849479675,0.33494141697883606,0.5151968598365784,0.30996614694595337,0.45736318826675415,0.3101387321949005,0.40272051095962524,0.2618749439716339,0.4219478368759155,0.2851692736148834,0.4687788188457489,0.29746124148368835,0.44607844948768616,0.30193448066711426
c6fd9d60-0fa7-44c0-b3ce-0192527d7b81-1430038968282-1.7-m-04-hu.wav,..\dataset\hungry\c6fd9d60-0fa7-44c0-b3ce-0192527d7b81-1430038968282-1.7-m-04-hu.wav,hungry,hlad,chlapec,0–4 týdny,False,0,-403.88031005859375,157.70480346679688,17.10784149169922,49.3078727722168,-44.755470275878906,32.765907287597656,-5.594183444976807,17.481199264526367,-31.093778610229492,19.922019958496094,5.043957233428955,18.943510055541992,-24.520980834960938,17.009647369384766,-7.110442161560059,13.75414752960205,-13.430699348449707,13.965433120727539,-12.443122863769531,10.73094654083252,-0.19000457227230072,14.505468368530273,12.800204277038574,18.166616439819336,9.922243118286133,27.079296112060547,0.26655001783166904,0.15106787878699868,0.11046479642391205,0.12387402355670929,1240.0780866426962,576.796529153031,701.4927155673909,284.7470498252925,1997.2806704707561,887.8908700285227,0.1723341941833496,0.32685166597366333,-2.176717472934797e-08,10.606377601623535,0.0,3.5975399017333984,-1.0883587364673986e-08,3.502448558807373,2.7208968411684964e-09,2.2663679122924805,5.441793682336993e-09,2.3004109859466553,1.0883587364673986e-08,1.9606523513793945,1.0883587364673986e-08,1.9539008140563965,1.3604484205842482e-09,1.578507661819458,8.16269007941628e-09,1.7580945491790771,0.0,1.50124192237854,-1.3604484205842482e-09,1.6704683303833008,1.3604484205842482e-09,1.7983200550079346,-9.523138722045132e-09,2.058234691619873,0.22281819581985474,0.25628766417503357,0.23265954852104187,0.27408698201179504,0.3936336934566498,0.34418007731437683,0.4144003689289093,0.3712906241416931,0.23360642790794373,0.268519788980484,0.2650018036365509,0.30640462040901184,0.2755342423915863,0.2853855490684509,0.3531509041786194,0.3385036587715149,0.42237481474876404,0.36655858159065247,0.29364776611328125,0.3021121621131897,0.2279142439365387,0.2932492792606354,0.21232789754867554,0.24055850505828857
0c8f14a9-6999-485b-97a2-913c1cbf099c-1430760394426-1.7-m-26-hu.wav,..\dataset\hungry\0c8f14a9-6999-485b-97a2-913c1cbf099c-1430760394426-1.7-m-26-hu.wav,hungry,hlad,chlapec,2–6 měsíců,False,0,-463.8849792480469,164.12142944335938,20.020479202270508,48.20636749267578,-3.613055467605591,32.99665832519531,4.78478479385376,23.5445556640625,-16.72987174987793,22.3096981048584,0.38824141025543213,16.925312042236328,-9.433627128601074,13.889293670654297,-13.091660499572754,13.876751899719238,-13.375450134277344,9.83023452758789,-4.318434715270996,10.941569328308105,-11.214500427246094,11.018550872802734,-4.216133117675781,11.474919319152832,-1.4843429327011108,16.997661590576172,0.28515067760342366,0.1765633604260782,0.06233760714530945,0.09096357226371765,1418.4712031936583,585.1942554731891,912.3415955299592,253.95936268930723,2499.0415477888732,845.7356392116045,0.15984679758548737,0.22246038913726807,-0.04981539770960808,11.418817520141602,0.002942116465419531,4.830567836761475,0.004618842154741287,3.1747303009033203,0.008770674467086792,2.339462995529175,-0.0025608453433960676,2.6022121906280518,-0.010257684625685215,2.165303945541382,0.002560139400884509,1.9172602891921997,-0.01291722059249878,1.9108964204788208,0.013497710227966309,1.5455586910247803,0.00925992988049984,1.535142183303833,0.010725494474172592,1.5055021047592163,0.011323479935526848,1.6838247776031494,0.00229269010014832,1.8255466222763062,0.3761964440345764,0.3086768388748169,0.3304339051246643,0.29380419850349426,0.36491894721984863,0.3161347508430481,0.3498304486274719,0.32596510648727417,0.3183402419090271,0.3159905970096588,0.338482528924942,0.31781500577926636,0.36029714345932007,0.3116244971752167,0.46076565980911255,0.3406254053115845,0.4722212255001068,0.3390793204307556,0.4558533728122711,0.355658620595932,0.43999141454696655,0.3268197178840637,0.46163561940193176,0.32641109824180603
643D64AD-B711-469A-AF69-55C0D5D3E30F-1430138591-1.0-m-72-bp.wav,..\dataset\belly_pain\643D64AD-B711-469A-AF69-55C0D5D3E30F-1430138591-1.0-m-72-bp.wav,belly_pain,bolest břicha,chlapec,7 měsíců–2 roky,False,0,-561.2457885742188,81.70706939697266,63.84555435180664,23.389404296875,-11.923190116882324,15.094677925109863,-15.494802474975586,14.638450622558594,-24.62925148010254,16.2613582611084,-19.96767807006836,16.139583587646484,-24.07483673095703,12.647411346435547,-17.82108497619629,10.185650825500488,-9.871048927307129,10.562223434448242,-9.083088874816895,8.563916206359863,-9.173165321350098,9.72903060913086,-1.357129693031311,15.322067260742188,0.25241634249687195,23.388303756713867,0.15932039051355207,0.07105434391844892,0.02597898617386818,0.05350755155086517,996.7425750479593,316.4319924539372,835.2819040277133,201.0767802525754,1842.6578102710414,704.0275390320813,0.1016453206539154,0.1449284851551056,-0.013733802363276482,6.783226013183594,-0.03615685552358627,2.484186887741089,-0.052210938185453415,1.7457183599472046,-0.004569254815578461,1.6613390445709229,-0.012822871096432209,1.612645149230957,0.010729284025728703,1.5562185049057007,0.0030313702300190926,1.421869158744812,0.03131800517439842,1.3240567445755005,0.004082655068486929,1.3663207292556763,0.020589234307408333,1.3384486436843872,-0.006718647666275501,1.4475607872009277,-0.02495657652616501,1.8264840841293335,-0.0328066423535347,2.223076581954956,0.33861416578292847,0.3158645033836365,0.40024399757385254,0.3639412820339203,0.42166465520858765,0.3575040102005005,0.3919726610183716,0.33747604489326477,0.36759689450263977,0.2966654598712921,0.42293208837509155,0.27604737877845764,0.49904730916023254,0.3381817936897278,0.44382601976394653,0.29022935032844543,0.3737453818321228,0.28604528307914734,0.3518991768360138,0.327043741941452,0.3155009150505066,0.2905173897743225,0.32660534977912903,0.3158154785633087
F95D4BCE-2FB0-4A0C-A058-BFB0674539AF-1430055809-1.0-m-26-hu.wav,..\dataset\hungry\F95D4BCE-2FB0-4A0C-A058-BFB0674539AF-1430055809-1.0-m-26-hu.wav,hungry,hlad,chlapec,2–6 měsíců,False,0,-383.48712158203125,85.67755126953125,41.66293716430664,46.09872055053711,-24.31707191467285,31.47242546081543,-0.6598217487335205,16.772640228271484,-10.364625930786133,19.08437156677246,-1.2835596799850464,15.008408546447754,-16.548078536987305,12.013494491577148,-8.736273765563965,9.712691307067871,-18.490591049194336,8.989203453063965,-12.717528343200684,9.947985649108887,-12.116909980773926,9.164938926696777,-7.12204647064209,10.610543251037598,-7.627607822418213,11.623699188232422,0.25953994293865906,0.13117750151702692,0.052860189229249954,0.09289240092039108,1288.6417272418712,416.91258816912926,885.8707452599247,117.03469455007108,2266.895506419401,644.248327027007,0.12921389937400818,0.10420364886522293,-0.3553808331489563,8.826213836669922,0.13386237621307373,2.8952832221984863,0.1346018761396408,2.4795384407043457,-0.032309528440237045,1.857395052909851,-0.02447286620736122,1.8760731220245361,0.02148355543613434,1.817291259765625,-0.059145547449588776,1.464511513710022,-0.024369223043322563,1.3601996898651123,0.011632208712399006,1.3633955717086792,0.01694190502166748,1.3874179124832153,-0.0030821843538433313,1.3794559240341187,0.0013550474541261792,1.333234190940857,0.0019448677776381373,1.6558818817138672,0.43303024768829346,0.2901148498058319,0.44357243180274963,0.2965255379676819,0.44175297021865845,0.30565813183784485,0.47027966380119324,0.30751538276672363,0.4594731032848358,0.2862715721130371,0.514437735080719,0.3093780279159546,0.5441632270812988,0.29905182123184204,0.49732568860054016,0.2820661664009094,0.5351282954216003,0.31317856907844543,0.46661725640296936,0.3005980849266052,0.42622458934783936,0.2973262071609497,0.43209347128868103,0.3071993291378021
69374818-7b73-48ac-8200-e6a225e293fb-1430746091424-1.7-m-04-hu.wav,..\dataset\hungry\69374818-7b73-48ac-8200-e6a225e293fb-1430746091424-1.7-m-04-hu.wav,hungry,hlad,chlapec,0–4 týdny,False,0,-421.0423583984375,127.04155731201172,41.8725471496582,32.176551818847656,-43.54499816894531,30.56639289855957,-14.501934051513672,23.2763671875,-24.502037048339844,21.167049407958984,-9.797186851501465,14.538683891296387,-12.201553344726562,15.701364517211914,-12.664076805114746,12.726638793945312,-10.193584442138672,13.255741119384766,-4.002865314483643,11.800259590148926,-7.410987377166748,13.37341022491455,2.365705966949463,14.291948318481445,-2.2870030403137207,18.05693817138672,0.21685538516405137,0.10890502261924023,0.0706871747970581,0.1109103411436081,1140.4044302646473,428.67170998170286,748.1974173932128,262.89523751973934,1903.352353780314,766.7465936900265,0.14076106250286102,0.26102539896965027,4.353434945869594e-08,7.411887168884277,1.3604483761753272e-08,4.0114922523498535,0.0,3.857935667037964,-1.3604484205842482e-09,2.7258853912353516,-2.7208968411684964e-09,2.591545820236206,0.0,2.0198192596435547,-4.08134503970814e-09,2.0804455280303955,0.0,1.7607026100158691,1.020336259927035e-09,1.7733062505722046,1.3604484205842482e-09,1.5395349264144897,-8.16269007941628e-09,1.5651898384094238,-1.3604484205842482e-09,1.6396973133087158,-2.7208968411684964e-09,1.8867353200912476,0.3289189040660858,0.3394278585910797,0.3109261393547058,0.31586357951164246,0.264775812625885,0.29068541526794434,0.27212825417518616,0.30959945917129517,0.28345420956611633,0.32952067255973816,0.26961076259613037,0.30006468296051025,0.2947554290294647,0.3272610306739807,0.2775239646434784,0.3121986389160156,0.2834092676639557,0.29242458939552307,0.3232760429382324,0.32232028245925903,0.33615386486053467,0.32006481289863586,0.31486374139785767,0.32775744795799255
36f1b3ec-3d2a-470e-af6f-0a8cc11b2723-1430237012976-1.7-m-04-hu.wav,..\dataset\hungry\36f1b3ec-3d2a-470e-af6f-0a8cc11b2723-1430237012976-1.7-m-04-hu.wav,hungry,hlad,chlapec,0–4 týdny,False,0,-522.980224609375,111.932373046875,0.5790604948997498,44.610504150390625,-23.26127052307129,34.51959991455078,27.426109313964844,26.931640625,-14.753113746643066,28.141260147094727,-9.171914100646973,20.371747970581055,-1.983879804611206,22.3151798248291,-4.0997772216796875,20.017658233642578,-7.655400276184082,20.50625228881836,4.317253112792969,14.166131019592285,-0.15254217386245728,14.207505226135254,-1.5105328559875488,13.025169372558594,-0.5355531573295593,12.48868465423584,0.28025811340941514,0.13791617291706204,0.07331519573926926,0.12340310961008072,1367.0271641521615,429.63102814164756,743.4553876443135,286.1730707747821,2093.103601997147,592.7578124054211,0.11396554112434387,0.2119753062725067,-0.028507662937045097,8.075711250305176,-0.018319102004170418,3.952303409576416,-0.008148427121341228,3.3775672912597656,-0.017790110781788826,3.1260461807250977,4.2363000829936936e-05,3.0991923809051514,0.006553933024406433,2.923773765563965,-0.0043153041042387486,2.8545656204223633,0.002373174298554659,3.038743734359741,0.003992496989667416,2.635549306869507,-0.003712617326527834,1.9829473495483398,0.0020995079539716244,1.5334193706512451,0.0015964005142450333,1.978105902671814,-0.003645811229944229,2.0389628410339355,0.3128553330898285,0.31134793162345886,0.2614842355251312,0.3087358772754669,0.2498432695865631,0.29622703790664673,0.2372187077999115,0.284995436668396,0.21179160475730896,0.25665804743766785,0.22206522524356842,0.2654562294483185,0.25394406914711,0.29370635747909546,0.301486998796463,0.3223913908004761,0.4001529812812805,0.3640783727169037,0.46344125270843506,0.3849849998950958,0.4765157401561737,0.3830968141555786,0.47443336248397827,0.3993989825248718
7E4B9C14-F955-4BED-9B03-7F3096A6CBFF-1430232180-1.0-f-26-hu.wav,..\dataset\hungry\7E4B9C14-F955-4BED-9B03-7F3096A6CBFF-1430232180-1.0-f-26-hu.wav,hungry,hlad,dívka,2–6 měsíců,False,0,-438.15008544921875,166.86514282226562,24.701595306396484,28.055892944335938,-31.806318283081055,27.857763290405273,-19.235116958618164,15.864022254943848,-14.56839656829834,12.646428108215332,-2.735332489013672,18.303985595703125,-11.42808723449707,15.836705207824707,-3.366368293762207,16.83942985534668,-9.426440238952637,10.726128578186035,-6.029159069061279,15.146276473999023,4.911250591278076,23.283405303955078,4.8959245681762695,20.481733322143555,-2.9244117736816406,18.39786148071289,0.26308955955777463,0.07548760055991606,0.1032726913690567,0.1565016508102417,1368.2632612164887,248.79200538936146,893.0770873847945,132.84561373612405,2394.904600570613,452.38130572720667,0.08845755457878113,0.08687228709459305,-0.5889220237731934,12.201650619506836,0.0047645894810557365,2.5177223682403564,0.09855575859546661,3.022028684616089,-0.03986746072769165,1.8537936210632324,-0.016052354127168655,1.5281797647476196,0.005747938062995672,1.8796416521072388,0.02398199774324894,1.7922754287719727,-0.027518069371581078,1.9271076917648315,-0.03884630277752876,1.48341703414917,0.02748919278383255,1.882120132446289,0.0022752683144062757,2.08789324760437,-0.05725506693124771,2.4386322498321533,-0.04236473888158798,2.709446430206299,0.23537304997444153,0.25411728024482727,0.2472364604473114,0.27749812602996826,0.3093757629394531,0.2961311340332031,0.34308359026908875,0.2966107726097107,0.4014202654361725,0.3611164689064026,0.4484714865684509,0.36381450295448303,0.3673834800720215,0.3256806433200836,0.2811715006828308,0.28714442253112793,0.30127856135368347,0.29566898941993713,0.36170774698257446,0.3297959566116333,0.3894363343715668,0.33131784200668335,0.34455540776252747,0.3230057954788208
D833237F-1F7C-4338-BEDE-84C0CF5F4145-1430083995-1.0-f-26-hu.wav,..\dataset\hungry\D833237F-1F7C-4338-BEDE-84C0CF5F4145-1430083995-1.0-f-26-hu.wav,hungry,hlad,dívka,2–6 měsíců,False,0,-426.28582763671875,63.03007507324219,70.30448913574219,28.61427116394043,-44.88138198852539,20.291709899902344,-33.68197250366211,18.397811889648438,-51.32730484008789,18.460142135620117,-0.985485315322876,21.441452026367188,-12.883294105529785,16.603763580322266,-19.987220764160156,13.586003303527832,-13.791974067687988,22.233543395996094,-0.21476921439170837,18.244577407836914,-1.9561491012573242,17.459714889526367,-7.313047409057617,19.605682373046875,-18.265892028808594,15.874277114868164,0.19840518009985736,0.07165586336920068,0.04608714208006859,0.037727903574705124,999.5443740134461,217.80476947615065,677.7148035598582,121.15863288926754,1589.425820256776,487.44958541602915,0.013943972997367382,0.029538441449403763,0.08278217166662216,6.534456253051758,-0.02467329055070877,3.21246075630188,-0.02507711760699749,2.8261568546295166,0.062194813042879105,1.9329710006713867,0.016209676861763,2.112339735031128,-0.008876563981175423,2.125499725341797,-0.007658649701625109,1.8592063188552856,-0.029131069779396057,1.89337158203125,-0.05465087294578552,2.139761447906494,0.03148309513926506,2.1028785705566406,0.032120753079652786,2.16727614402771,0.022058717906475067,2.3729748725891113,0.010521713644266129,2.279874801635742,0.27720120549201965,0.31961753964424133,0.3073450028896332,0.3449863791465759,0.3153808116912842,0.3589264750480652,0.26516348123550415,0.33147379755973816,0.1834987998008728,0.256862610578537,0.19767539203166962,0.2892480194568634,0.23690716922283173,0.36661064624786377,0.1691240817308426,0.2511630654335022,0.18673183023929596,0.28105536103248596,0.24310845136642456,0.3183775544166565,0.272537499666214,0.3209955394268036,0.2839074730873108,0.3415498733520508
B400D2D0-9FCE-472E-A152-1FF349B9B407-1436845915-1.1-m-04-hu.wav,..\dataset\hungry\B400D2D0-9FCE-472E-A152-1FF349B9B407-1436845915-1.1-m-04-hu.wav,hungry,hlad,chlapec,0–4 týdny,False,0,-513.2854614257812,60.37156677246094,55.73397445678711,27.732269287109375,2.0535342693328857,15.942267417907715,7.8167901039123535,14.26656723022461,-15.30270767211914,13.433222770690918,-2.90740704536438,11.006138801574707,-7.650842189788818,12.127943992614746,-8.024961471557617,10.351983070373535,-10.472749710083008,11.153656005859375,-5.533412933349609,11.113264083862305,-9.355764389038086,10.03807258605957,-5.7955427169799805,9.705155372619629,-9.03683090209961,8.339022636413574,0.20317515156918686,0.10413280839112403,0.005894957575947046,0.004205668345093727,1209.7392703503178,310.80333213428645,1009.5094530646458,121.3803869051747,2406.985556348074,479.0299626801434,0.1285359114408493,0.10632619261741638,0.05453988537192345,6.198789596557617,0.003920082934200764,3.0853214263916016,0.007342369761317968,2.4859509468078613,-0.006037909537553787,2.113252639770508,0.054427389055490494,1.6834161281585693,0.026331817731261253,1.6530632972717285,-0.05204175040125847,1.666579008102417,0.024103524163365364,1.4006856679916382,-0.026014776900410652,1.4549323320388794,-0.033828265964984894,1.5113202333450317,-0.022391662001609802,1.4916274547576904,-0.036624208092689514,1.2638999223709106,-0.021029414609074593,1.3577178716659546,0.6010643839836121,0.29124918580055237,0.5648373365402222,0.2863912880420685,0.5230718851089478,0.27073293924331665,0.47843116521835327,0.25062787532806396,0.4683060348033905,0.2423490732908249,0.5108234882354736,0.2784239947795868,0.5543389916419983,0.2726902663707733,0.5590929388999939,0.26208651065826416,0.5801321864128113,0.28903883695602417,0.5990208983421326,0.2937431335449219,0.5867267847061157,0.28317221999168396,0.6069948077201843,0.2883482277393341
d6cda191-4962-4308-9a36-46d5648a95ed-1431882043380-1.7-m-04-hu.wav,..\dataset\hungry\d6cda191-4962-4308-9a36-46d5648a95ed-1431882043380-1.7-m-04-hu.wav,hungry,hlad,chlapec,0–4 týdny,False,0,-486.07586669921875,200.59323120117188,-41.66887283325195,34.41242599487305,-28.498729705810547,31.89655303955078,16.96137809753418,23.186208724975586,-24.171613693237305,19.506580352783203,10.606080055236816,12.953295707702637,-16.255496978759766,13.430047988891602,2.11495304107666,10.661579132080078,-6.627429485321045,11.203420639038086,-0.6478279232978821,12.87147331237793,-2.8875155448913574,10.049436569213867,2.7807233333587646,10.538982391357422,-8.698664665222168,11.428082466125488,0.5252931080599144,0.1294733711522193,0.05067535117268562,0.0736108273267746,2029.3396419311134,383.24197917023525,745.6810784622854,177.55012245179208,2731.945435092725,469.90023645704366,0.10913664847612381,0.16368651390075684,-0.2937241494655609,15.423285484313965,0.10573720186948776,2.364445447921753,0.08469407260417938,2.944998264312744,-0.04956803470849991,2.2837774753570557,0.04877621680498123,1.789799690246582,-0.046287309378385544,1.6653143167495728,0.036881495267152786,1.6294841766357422,-0.015841158106923103,1.4640734195709229,0.01128077507019043,1.6665029525756836,0.0335700586438179,1.603789210319519,-0.015182429924607277,1.3415100574493408,-0.011963008902966976,1.5557421445846558,0.012448030523955822,1.5799487829208374,0.35474517941474915,0.33329159021377563,0.4894220530986786,0.3852801024913788,0.44844236969947815,0.37408336997032166,0.2967870235443115,0.29722511768341064,0.1936665028333664,0.2152644395828247,0.24360816180706024,0.28332048654556274,0.30577343702316284,0.34742704033851624,0.16799674928188324,0.18100209534168243,0.1813843846321106,0.2636484205722809,0.17670617997646332,0.24329569935798645,0.1770814061164856,0.21783801913261414,0.2609434127807617,0.2790260910987854
9CFD61B9-BF13-406D-8B2F-F73CFAAF25CB-1430927716-1.0-f-04-hu.wav,..\dataset\hungry\9CFD61B9-BF13-406D-8B2F-F73CFAAF25CB-1430927716-1.0-f-04-hu.wav,hungry,hlad,dívka,0–4 týdny,False,0,-428.82373046875,91.82329559326172,53.40101623535156,28.260454177856445,-4.839544773101807,20.499971389770508,0.775201141834259,20.413555145263672,-14.577985763549805,17.895549774169922,2.3414063453674316,17.060701370239258,-9.17706298828125,12.477540016174316,-10.493756294250488,12.77391242980957,-11.9058198928833,9.736828804016113,-12.750988006591797,11.179827690124512,-11.588041305541992,13.882142066955566,-0.9497836232185364,21.300365447998047,5.7932562828063965,25.963041305541992,0.18188859664764623,0.07487593842939544,0.04455363005399704,0.0480269193649292,1121.6792106654896,276.20453761822,929.4903211815866,113.64518790331776,2159.7271754636236,488.90316897684613,0.08119586855173111,0.09642402827739716,0.10845170170068741,8.554688453674316,0.10346885025501251,3.9471864700317383,0.07467266917228699,3.3071658611297607,-0.013223174959421158,2.8655054569244385,0.04616464301943779,2.1831893920898438,-0.039147600531578064,1.730198860168457,-0.005001621786504984,1.5202844142913818,0.043282318860292435,1.7584309577941895,-0.0090537890791893,1.416515588760376,-0.03800680860877037,1.5268006324768066,-0.057561419904232025,2.1731600761413574,-0.031097937375307083,2.532902240753174,0.04175247624516487,2.7346065044403076,0.35474613308906555,0.3212359547615051,0.36897024512290955,0.337705135345459,0.3801040053367615,0.34785908460617065,0.37778106331825256,0.3492855131626129,0.4073621332645416,0.3503175675868988,0.4751724600791931,0.3579968214035034,0.5410612225532532,0.3397829234600067,0.6000203490257263,0.3137950301170349,0.5375394225120544,0.3336655795574188,0.41860103607177734,0.32872894406318665,0.3781639337539673,0.34125250577926636,0.3739462196826935,0.3376193940639496
c10e2b0f-0cb8-4485-b82f-d453edf97db7-1430739179429-1.7-f-26-hu.wav,..\dataset\hungry\c10e2b0f-0cb8-4485-b82f-d453edf97db7-1430739179429-1.7-f-26-hu.wav,hungry,hlad,dívka,2–6 měsíců,False,0,-409.9048767089844,193.7610321044922,-11.93313980102539,25.5700740814209,-3.746900796890259,22.302997589111328,-11.301687240600586,23.721681594848633,-49.09360122680664,25.317230224609375,27.603389739990234,21.079992294311523,-32.940921783447266,19.51242446899414,-3.174039840698242,10.210707664489746,-17.661945343017578,12.309922218322754,-2.660808801651001,12.46850872039795,1.6542719602584839,15.993870735168457,17.095117568969727,17.404956817626953,4.330684661865234,18.533246994018555,0.42319008559201143,0.15225724954829375,0.0962502658367157,0.08079752326011658,1819.9156946170233,525.4549006012373,856.2588914616571,236.69550262821386,2648.2926176890155,673.8626210582139,0.12623804807662964,0.2343956083059311,4.353434945869594e-08,11.940423965454102,0.0,3.024524688720703,0.0,2.097454071044922,5.441793682336993e-09,2.1505067348480225,-5.441793682336993e-09,2.1467370986938477,5.441793682336993e-09,2.0293126106262207,1.0883587364673986e-08,1.8200117349624634,-2.7208968411684964e-09,1.4515146017074585,4.08134503970814e-09,1.3405632972717285,-2.7208968411684964e-09,1.4385590553283691,5.441793682336993e-09,1.5901083946228027,0.0,1.7795729637145996,0.0,1.8464738130569458,0.23945172131061554,0.25976476073265076,0.4234628677368164,0.357023686170578,0.452897310256958,0.3495253622531891,0.3755837380886078,0.309414803981781,0.43383485078811646,0.33670783042907715,0.36598360538482666,0.3088816702365875,0.29012683033943176,0.30129310488700867,0.2883269786834717,0.2825918197631836,0.287685364484787,0.31253761053085327,0.26037508249282837,0.2886350750923157,0.2620255947113037,0.28425851464271545,0.24076348543167114,0.2861773669719696
FF2CD2F6-404D-4626-8718-6E6C751F63B8-1431104396-1.0-m-04-hu.wav,..\dataset\hungry\FF2CD2F6-404D-4626-8718-6E6C751F63B8-1431104396-1.0-m-04-hu.wav,hungry,hlad,chlapec,0–4 týdny,False,0,-427.1059265136719,89.99791717529297,57.87848663330078,17.606361389160156,-23.496328353881836,15.70732307434082,-13.313213348388672,20.51905632019043,-38.67925262451172,18.819496154785156,-21.04391860961914,11.89394760131836,-8.865470886230469,11.5275239944458,-21.693500518798828,11.671867370605469,-19.85602569580078,10.476752281188965,-14.771385192871094,10.9273681640625,-14.240117073059082,16.568132400512695,12.928136825561523,22.56631851196289,10.365767478942871,24.85828399658203,0.19751916904422254,0.06569131395597336,0.04753248393535614,0.04432893171906471,1057.3099545289078,256.2360085400472,804.8265835007078,170.3159670197099,1835.4805634807417,576.0427917083731,0.0740692988038063,0.12477883696556091,0.2844003736972809,8.115246772766113,0.044429853558540344,2.1868019104003906,-0.040423788130283356,2.4472570419311523,0.01565420627593994,1.9577515125274658,0.0012876861728727818,2.039565086364746,-0.019710971042513847,1.6512163877487183,0.015595829114317894,1.4473707675933838,0.008389322087168694,1.497524380683899,-0.0558030791580677,1.2763381004333496,-0.022456146776676178,1.3774909973144531,0.00389923551119864,2.107424020767212,-0.015811538323760033,2.090843439102173,-0.03042629174888134,2.250096321105957,0.1878596544265747,0.2541435658931732,0.16355422139167786,0.22242863476276398,0.15953655540943146,0.22179457545280457,0.1498177945613861,0.20029446482658386,0.20957563817501068,0.26654043793678284,0.32333987951278687,0.31654298305511475,0.5252613425254822,0.3570540249347687,0.6044363975524902,0.3270060122013092,0.4945296347141266,0.34223437309265137,0.3696550130844116,0.34442201256752014,0.2614366412162781,0.2973049581050873,0.238989919424057,0.3217766284942627
2294E2B2-8E36-4DA6-A898-B947CB9446AB-1436462707-1.1-m-26-dc.wav,..\dataset\discomfort\2294E2B2-8E36-4DA6-A898-B947CB9446AB-1436462707-1.1-m-26-dc.wav,discomfort,nepohodlí,chlapec,2–6 měsíců,False,0,-390.3059387207031,110.4340591430664,39.57081985473633,53.867279052734375,-1.2336153984069824,16.122480392456055,9.09144401550293,13.818944931030273,-6.573526382446289,16.912830352783203,-0.060531724244356155,12.279476165771484,-5.817984104156494,11.643617630004883,-21.010635375976562,12.881941795349121,-13.516023635864258,13.212613105773926,-7.487159729003906,17.4532413482666,-7.41758918762207,18.536821365356445,2.419227361679077,20.521629333496094,-9.117000579833984,16.03447914123535,0.2987640424393723,0.20474030873156882,0.051744457334280014,0.05213628336787224,1389.8696951831937,625.0076493531978,898.9434698590834,187.08445010282105,2330.10877318117,842.5338665160745,0.08608092367649078,0.15648218989372253,0.2560950219631195,9.827713966369629,0.1704646199941635,3.967796802520752,0.008338408544659615,2.497241973876953,0.019734513014554977,1.8684498071670532,0.020212393254041672,2.3060295581817627,0.0017892468022182584,1.6350170373916626,-0.03264749422669411,1.6232813596725464,-0.02586830034852028,1.7281925678253174,-0.010990790091454983,1.6725804805755615,-0.013226594775915146,2.124314069747925,-0.017789550125598907,2.1993820667266846,-0.010421274229884148,2.4797005653381348,0.001290160813368857,2.5580105781555176,0.4326988458633423,0.3522703945636749,0.36026185750961304,0.3261418342590332,0.3260917067527771,0.31801316142082214,0.3478935658931732,0.33054670691490173,0.36270734667778015,0.3469022512435913,0.3575448989868164,0.32324549555778503,0.38477781414985657,0.3305584490299225,0.3760443925857544,0.3158162236213684,0.43100637197494507,0.31647589802742004,0.44208037853240967,0.3126678466796875,0.42523080110549927,0.33160385489463806,0.4586130380630493,0.36343908309936523
edb5924c-07ba-4eaa-838b-aaf9511a219b-1431894189631-1.7-m-48-hu.wav,..\dataset\hungry\edb5924c-07ba-4eaa-838b-aaf9511a219b-1431894189631-1.7-m-48-hu.wav,hungry,hlad,chlapec,4–8 týdnů,False,0,-420.6885681152344,128.69186401367188,32.999420166015625,44.35768127441406,-19.38343048095703,28.97530174255371,-10.526734352111816,17.045011520385742,-19.454896926879883,20.139080047607422,7.661657810211182,19.14735984802246,-16.529218673706055,16.40583610534668,-11.953757286071777,15.45966625213623,-9.997479438781738,12.390424728393555,-2.621502161026001,13.22613525390625,-7.175531387329102,12.528274536132812,-0.29224130511283875,11.637909889221191,-6.61458158493042,10.576356887817383,0.2913137482168331,0.1814471008408654,0.059511665254831314,0.10459908097982407,1394.7082839279121,590.9361260169585,871.2532070383251,248.29231914399082,2373.6626248216835,726.369684947793,0.17414052784442902,0.20797395706176758,-0.19538241624832153,18.501182556152344,0.044805970042943954,6.530180931091309,0.002343181986361742,4.142904281616211,0.0031131317373365164,2.760308027267456,0.02210661955177784,2.943244218826294,-0.03936000540852547,3.0551958084106445,0.024379577487707138,2.539591073989868,-0.0030732909217476845,2.1056058406829834,-0.0004123505495954305,1.8477187156677246,0.006558666005730629,2.1621639728546143,-0.01027731690555811,1.759769320487976,0.006631696596741676,1.6842122077941895,-0.002671134192496538,1.6396567821502686,0.4775311350822449,0.315385103225708,0.4268839359283447,0.3105696141719818,0.39698711037635803,0.3001440763473511,0.39918211102485657,0.3053857088088989,0.4097330868244171,0.3152857720851898,0.4130001664161682,0.31811413168907166,0.4123065769672394,0.31414690613746643,0.4482821524143219,0.3222002387046814,0.4994472861289978,0.3553040027618408,0.5013197660446167,0.32978248596191406,0.4966881573200226,0.3189352750778198,0.4925990700721741,0.3227381408214569
C249BCDD-0F65-4D6A-82BE-43C4006E3DDB-1436891742-1.1-m-72-hu.wav,..\dataset\hungry\C249BCDD-0F65-4D6A-82BE-43C4006E3DDB-1436891742-1.1-m-72-hu.wav,hungry,hlad,chlapec,7 měsíců–2 roky,False,0,-455.181884765625,128.7548828125,23.9857177734375,35.04311752319336,-12.703804969787598,16.911771774291992,-3.605081081390381,15.275845527648926,-34.22331619262695,18.097864151000977,-12.543439865112305,20.288827896118164,-15.216527938842773,9.84057331085205,-8.407915115356445,9.817617416381836,-6.973054885864258,11.837570190429688,-9.414676666259766,11.475619316101074,-12.513252258300781,15.847274780273438,5.020856857299805,19.43794822692871,-4.980252265930176,19.073402404785156,0.2893522646219686,0.13329332583038225,0.034718044102191925,0.04816640913486481,1469.6876801477267,342.8073281540014,962.3123833361877,100.3800164775483,2584.2769258202566,378.0041805265888,0.12780478596687317,0.09164923429489136,-0.09767431765794754,12.969566345214844,-0.05506185069680214,3.0966858863830566,-0.009901817888021469,2.4779417514801025,-0.023767579346895218,1.7582577466964722,-0.014006983488798141,2.1966617107391357,-0.005992851220071316,2.0329794883728027,0.018456166610121727,1.379229187965393,-2.017681072175037e-05,1.3865981101989746,0.006900142412632704,1.6831786632537842,0.007746254093945026,1.5393635034561157,-0.020165016874670982,2.002135992050171,-0.006660515908151865,2.239588499069214,-0.01256785448640585,2.409992218017578,0.4858263432979584,0.3134310245513916,0.4631494879722595,0.2976643741130829,0.4831334948539734,0.3172484040260315,0.463211327791214,0.302534818649292,0.4156111180782318,0.28370237350463867,0.40398043394088745,0.29586854577064514,0.4101814925670624,0.31988516449928284,0.4226086437702179,0.32443684339523315,0.41795316338539124,0.31906363368034363,0.4206276535987854,0.30991774797439575,0.42263537645339966,0.29829907417297363,0.45735788345336914,0.32435986399650574
2439388A-9CF2-4D3B-9534-E6951FC9EAD4-1436877953-1.1-m-26-hu.wav,..\dataset\hungry\2439388A-9CF2-4D3B-9534-E6951FC9EAD4-1436877953-1.1-m-26-hu.wav,hungry,hlad,chlapec,2–6 měsíců,False,0,-470.1657409667969,66.43401336669922,58.8133430480957,18.778047561645508,-18.834516525268555,16.972421646118164,-8.796730041503906,21.394968032836914,-19.999252319335938,16.695114135742188,-11.776754379272461,13.946037292480469,-10.450196266174316,9.940205574035645,-8.879817008972168,9.315824508666992,-8.669240951538086,9.449989318847656,-9.175614356994629,12.88443660736084,-5.853565692901611,15.35740852355957,-5.987700939178467,14.318229675292969,-7.593458652496338,13.790135383605957,0.21263708095577746,0.053042853595898186,0.048449546098709106,0.13735423982143402,1141.5803022987127,225.954373002595,883.3218953396721,152.85552333451068,2072.8200784593437,605.469866760478,0.14062534272670746,0.08726685494184494,0.11336857825517654,7.581468105316162,-0.008929152972996235,2.654634475708008,-0.019359009340405464,2.0397520065307617,-0.003707950934767723,2.400322198867798,-0.0007393928244709969,1.8617548942565918,0.0010923719964921474,1.4993458986282349,0.01535886898636818,1.3935331106185913,0.04437609761953354,1.3848624229431152,-0.012161053717136383,1.3839752674102783,0.03210273012518883,1.8642878532409668,0.0021328837610781193,1.8499326705932617,-0.028401503339409828,2.2606441974639893,-0.04000794142484665,2.368316173553467,0.4485439658164978,0.26565608382225037,0.44201162457466125,0.2785526514053345,0.4615786671638489,0.29210105538368225,0.5079612135887146,0.298126757144928,0.5778741836547852,0.3192780911922455,0.5795280337333679,0.31187090277671814,0.5841541886329651,0.30665022134780884,0.5797365307807922,0.302152544260025,0.5309389233589172,0.29579633474349976,0.5013254284858704,0.29067590832710266,0.5147078037261963,0.30360597372055054,0.5040765404701233,0.29357048869132996
40a4c760-facf-4911-b0a6-22eccc3ab18d-1430466393384-1.7-f-26-hu.wav,..\dataset\hungry\40a4c760-facf-4911-b0a6-22eccc3ab18d-1430466393384-1.7-f-26-hu.wav,hungry,hlad,dívka,2–6 měsíců,False,0,-296.03466796875,99.338623046875,39.40617370605469,32.662288665771484,1.582801103591919,13.42516040802002,-48.71269226074219,22.886667251586914,-26.67537498474121,16.207889556884766,-13.181281089782715,12.395380973815918,-14.759675025939941,16.0042724609375,-10.845715522766113,17.246732711791992,-5.511692047119141,22.358680725097656,3.5945026874542236,17.43646240234375,-3.8287553787231445,20.01268196105957,-0.6568993330001831,20.400854110717773,-7.03656530380249,17.92767906188965,0.18361046718972895,0.08200497421876962,0.20201140642166138,0.15596282482147217,1267.7380918851597,401.6336761715033,1018.2201101136824,270.12835938757485,2575.1381954350927,874.7799393159341,0.08753149211406708,0.2042550891637802,0.6198406219482422,6.497584819793701,0.060287218540906906,3.39406156539917,-0.05012140050530434,1.9747765064239502,-0.07475154101848602,2.2416412830352783,-0.08562258630990982,1.9578132629394531,-0.025451719760894775,1.470632791519165,-0.004999334923923016,1.9144841432571411,0.043379686772823334,1.9171100854873657,0.009448869153857231,2.040398359298706,-0.004379886668175459,1.9393466711044312,-0.04902691766619682,2.1368815898895264,-0.022012799978256226,2.4268887042999268,-0.012584438547492027,2.256242275238037,0.2583151161670685,0.3185286521911621,0.27123695611953735,0.35008594393730164,0.2796609699726105,0.33105042576789856,0.2969473898410797,0.37534162402153015,0.21916213631629944,0.29286205768585205,0.1781456470489502,0.2806782126426697,0.2006184458732605,0.28583070635795593,0.2474292516708374,0.3197738230228424,0.280245304107666,0.3401392698287964,0.28586143255233765,0.33980315923690796,0.2602086067199707,0.32244130969047546,0.25414204597473145,0.32752981781959534
c6fd9d60-0fa7-44c0-b3ce-0192527d7b81-1429978271017-1.7-m-04-hu.wav,..\dataset\hungry\c6fd9d60-0fa7-44c0-b3ce-0192527d7b81-1429978271017-1.7-m-04-hu.wav,hungry,hlad,chlapec,0–4 týdny,False,0,-417.93121337890625,142.08631896972656,57.25212478637695,34.52783203125,-13.492668151855469,30.180768966674805,-6.0834126472473145,13.858027458190918,-19.59845542907715,15.26216983795166,-16.99236488342285,14.544109344482422,-13.319212913513184,17.105724334716797,-10.291125297546387,13.261861801147461,-11.804916381835938,11.281753540039062,-2.8928613662719727,11.850231170654297,-1.5115396976470947,15.878802299499512,-0.016427425667643547,15.509679794311523,-4.840986728668213,16.27419662475586,0.15285083808844507,0.08992489915750342,0.053547050803899765,0.07443369179964066,958.682065451117,418.78899508262725,770.3286525902116,323.5412653276942,1803.0937945791727,808.8521698549365,0.18013125658035278,0.32056960463523865,-2.1767174018805235e-07,8.515509605407715,0.0,2.9651849269866943,5.441793682336993e-09,2.5508615970611572,0.0,2.1072113513946533,8.16269007941628e-09,1.864240050315857,1.0883587364673986e-08,1.5537160634994507,-5.441793682336993e-09,1.980315089225769,-4.08134503970814e-09,1.450161337852478,0.0,1.4879127740859985,5.441793682336993e-09,1.6565006971359253,2.04067251985407e-09,1.4864236116409302,-1.632538015883256e-08,1.7298521995544434,-2.7208968411684964e-09,1.9685858488082886,0.2716972231864929,0.3139413595199585,0.25281789898872375,0.2930552661418915,0.2787211537361145,0.3079165518283844,0.34210482239723206,0.34979090094566345,0.35227635502815247,0.3382919430732727,0.33923521637916565,0.3182699978351593,0.3357820510864258,0.3184894919395447,0.34375113248825073,0.3384123742580414,0.3531982898712158,0.3497524857521057,0.3262355625629425,0.32561343908309937,0.2991270422935486,0.2934960424900055,0.2994675040245056,0.3281736671924591
af30880e-5f98-4dc0-b37a-be6b21fa0ba3-1431240037389-1.7-m-26-hu.wav,..\dataset\hungry\af30880e-5f98-4dc0-b37a-be6b21fa0ba3-1431240037389-1.7-m-26-hu.wav,hungry,hlad,chlapec,2–6 měsíců,False,0,-313.265380859375,160.89247131347656,23.652706146240234,45.88227081298828,-19.55692481994629,25.092294692993164,-5.865004539489746,19.893701553344727,-51.14990234375,25.385393142700195,-15.423192977905273,15.203659057617188,-17.029138565063477,12.477802276611328,1.1796133518218994,12.044072151184082,-6.322592258453369,15.198042869567871,-0.49798744916915894,11.122570037841797,-7.083198547363281,12.612907409667969,5.162610054016113,17.26752281188965,-5.330516815185547,14.874841690063477,0.2392787089871612,0.1724075604439786,0.18082888424396515,0.13989269733428955,1220.7740374537796,624.3091293135361,740.586768539068,301.1437483264105,2028.84272467903,949.526360365387,0.16202613711357117,0.31495749950408936,-3.0474043910544424e-07,14.465559005737305,-5.441793682336993e-09,3.9034080505371094,-5.441793682336993e-09,3.651362895965576,0.0,2.2095305919647217,0.0,2.89762544631958,-8.16269007941628e-09,1.9668234586715698,1.3604484205842482e-09,1.6074798107147217,1.3604484205842482e-09,1.840321660041809,1.3604484205842482e-09,2.0721523761749268,2.7208968411684964e-09,1.6878937482833862,0.0,1.7223329544067383,-2.7208968411684964e-09,2.20243501663208,0.0,1.9095455408096313,0.292743444442749,0.34390780329704285,0.30629128217697144,0.31316134333610535,0.2914235293865204,0.3315947651863098,0.25486281514167786,0.3132929801940918,0.30363962054252625,0.3130854666233063,0.3703186511993408,0.35798415541648865,0.27913618087768555,0.3182136118412018,0.19369924068450928,0.25841084122657776,0.18850229680538177,0.2885780930519104,0.19888216257095337,0.2857523560523987,0.21782894432544708,0.3007533550262451,0.2104869782924652,0.2714017331600189
3DF341FA-E90B-4335-A51A-A9B0769150CE-1436859328-1.1-m-04-hu.wav,..\dataset\hungry\3DF341FA-E90B-4335-A51A-A9B0769150CE-1436859328-1.1-m-04-hu.wav,hungry,hlad,chlapec,0–4 týdny,False,0,-395.9101257324219,65.46015167236328,36.03998947143555,39.444210052490234,2.980081081390381,13.27114486694336,12.009526252746582,12.168859481811523,-9.533957481384277,14.377893447875977,-16.93189239501953,11.640491485595703,-14.821393966674805,11.924241065979004,-16.64156723022461,12.897871017456055,-28.1771183013916,9.842690467834473,-9.840956687927246,11.572221755981445,-6.078563690185547,8.690650939941406,2.150259256362915,11.177424430847168,-6.30199670791626,9.7349271774292,0.2899708006419401,0.20449936314826975,0.04333922639489174,0.056473229080438614,1452.8807195869153,566.2137192918859,974.8208957304389,87.91493506565276,2573.0429743223967,568.9100715343837,0.0674935057759285,0.04749307036399841,-0.09416429698467255,4.6377763748168945,0.022856229916214943,2.6578049659729004,0.07547688484191895,1.9262473583221436,-0.031231362372636795,1.7092416286468506,0.00400773948058486,1.51493501663208,0.009614353068172932,1.525399088859558,-0.026105277240276337,1.613472819328308,0.048191022127866745,1.5066301822662354,-0.016191041097044945,1.310137391090393,-0.044503435492515564,1.3930954933166504,-0.01103106141090393,1.2812236547470093,0.06378276646137238,1.3678152561187744,-0.03128292039036751,1.4975824356079102,0.28994911909103394,0.2511290907859802,0.42853522300720215,0.33186912536621094,0.4734553098678589,0.39668241143226624,0.4149462580680847,0.3275516927242279,0.3749254643917084,0.29800382256507874,0.3767353594303131,0.28372231125831604,0.4894636571407318,0.3247280716896057,0.475369930267334,0.3056590259075165,0.39947739243507385,0.2910151183605194,0.3820329010486603,0.2918584644794464,0.2510238289833069,0.24236199259757996,0.22410795092582703,0.23050126433372498
63CA92F7-973A-4DCA-A410-7B19811A2478-1430041884-1.0-f-26-hu.wav,..\dataset\hungry\63CA92F7-973A-4DCA-A410-7B19811A2478-1430041884-1.0-f-26-hu.wav,hungry,hlad,dívka,2–6 měsíců,False,0,-589.0153198242188,122.91291809082031,36.853759765625,29.519458770751953,-16.247268676757812,25.708209991455078,-7.9739603996276855,15.279813766479492,-17.53370475769043,16.506860733032227,-9.009387016296387,17.21639060974121,-22.386619567871094,10.929656028747559,-20.241680145263672,12.58041000366211,-16.078393936157227,10.411048889160156,-7.521923065185547,9.953579902648926,-4.815316677093506,9.44832706451416,-0.006375409197062254,10.877755165100098,-6.547554016113281,10.852560997009277,0.2199982168330956,0.10007714165356389,0.0053935907781124115,0.00969049334526062,1321.8750308989045,350.6803766163937,977.439027183452,147.75529230127623,2494.3384450784592,549.1599927957734,0.18298618495464325,0.16429030895233154,0.4946010112762451,12.905881881713867,0.0022100131027400494,3.777191638946533,-0.020317448303103447,3.0397331714630127,0.009027973748743534,2.094381093978882,-0.030315205454826355,2.237190008163452,0.019733844324946404,2.165325403213501,-0.029063381254673004,1.495180368423462,-0.026335064321756363,1.8084608316421509,-0.0053713517263531685,1.6344050168991089,-0.0074690766632556915,1.6200777292251587,0.02111731469631195,1.5611869096755981,0.015054360032081604,1.8066205978393555,-0.011037219315767288,1.9350895881652832,0.47738921642303467,0.3109517991542816,0.45942041277885437,0.30861687660217285,0.4705734848976135,0.3126347064971924,0.4341811239719391,0.28223419189453125,0.40389740467071533,0.2630259394645691,0.4461683928966522,0.30841368436813354,0.4597100019454956,0.29824793338775635,0.4651152789592743,0.3014482259750366,0.5053400993347168,0.31078699231147766,0.5354495644569397,0.30032944679260254,0.5402450561523438,0.30512362718582153,0.503952145576477,0.2900061011314392
96986c8b-9988-4c37-a0f8-e7c4269cc3ac-1431719845836-1.7-m-26-hu.wav,..\dataset\hungry\96986c8b-9988-4c37-a0f8-e7c4269cc3ac-1431719845836-1.7-m-26-hu.wav,hungry,hlad,chlapec,2–6 měsíců,False,0,-419.4615173339844,107.09728240966797,60.128746032714844,35.01997756958008,-56.19523620605469,35.57528305053711,-21.243022918701172,21.070209503173828,-8.789655685424805,18.073863983154297,-6.018979549407959,16.85628890991211,-3.772481918334961,15.36685848236084,-2.6701037883758545,13.210206031799316,-11.883540153503418,17.367212295532227,-1.1135004758834839,22.222537994384766,2.2186405658721924,21.595699310302734,11.575040817260742,29.88367462158203,2.764920473098755,27.534862518310547,0.19636011055634808,0.07383569755742926,0.07799026370048523,0.07395711541175842,1020.7493618716888,342.53009625191527,624.4211474888655,271.7657562697659,1604.8279243937232,677.4732231236738,0.11234477907419205,0.26795274019241333,-2.176717472934797e-08,9.843642234802246,-3.809255488818053e-08,3.4471168518066406,1.0883587364673986e-08,3.8878719806671143,-5.441793682336993e-09,2.760146379470825,-4.08134503970814e-09,1.8618031740188599,-5.441793682336993e-09,1.9978357553482056,1.3604483761753272e-08,2.1250152587890625,4.761569361022566e-09,1.97657310962677,0.0,2.275120496749878,2.7208968411684964e-09,2.5015101432800293,-2.7208968411684964e-09,2.6281027793884277,-1.3604484205842482e-09,3.381566286087036,8.16269007941628e-09,3.3284616470336914,0.21442094445228577,0.32126832008361816,0.18298450112342834,0.28761759400367737,0.20919497311115265,0.31660187244415283,0.21960246562957764,0.2916222810745239,0.24847756326198578,0.2946740686893463,0.22763031721115112,0.30285096168518066,0.21512676775455475,0.3028066158294678,0.2608177959918976,0.32561033964157104,0.35108330845832825,0.3596401810646057,0.4154936373233795,0.3945806920528412,0.3055844306945801,0.3392914831638336,0.24535688757896423,0.33384934067726135
5afc6a14-a9d8-45f8-b31d-c79dd87cc8c6-1430757039803-1.7-m-48-bu.wav,..\dataset\burping\5afc6a14-a9d8-45f8-b31d-c79dd87cc8c6-1430757039803-1.7-m-48-bu.wav,burping,říhání,chlapec,4–8 týdnů,False,0,-296.03533935546875,162.6562042236328,-54.1641960144043,44.58681869506836,-27.711191177368164,19.2225341796875,-16.1393985748291,16.188749313354492,-7.255712985992432,17.240827560424805,9.049761772155762,13.687753677368164,-27.40740394592285,16.0400390625,3.6140666007995605,15.835773468017578,-3.7673847675323486,12.201189994812012,-0.9272957444190979,12.288820266723633,-4.5897440910339355,15.292167663574219,0.6358423829078674,12.225136756896973,-3.8934268951416016,13.085073471069336,0.47962731811697573,0.1949365851033907,0.16329266130924225,0.09793922305107117,2028.0571463379717,640.0903190870497,842.193560566497,227.1510364775566,2884.1164407988585,808.0578805716748,0.14065416157245636,0.22280216217041016,-5.224121650826419e-07,11.018935203552246,1.0883587364673986e-08,4.181474685668945,0.0,2.128056049346924,5.441793682336993e-09,2.0358729362487793,0.0,1.7048629522323608,0.0,1.7045918703079224,-5.441793682336993e-09,1.7638471126556396,-1.3604484205842482e-09,1.752777099609375,1.3604484205842482e-09,1.5869327783584595,0.0,1.5940437316894531,0.0,1.5693365335464478,-1.3604484205842482e-09,1.6476353406906128,0.0,1.593062162399292,0.19327372312545776,0.2797463536262512,0.21545031666755676,0.2512361705303192,0.33872902393341064,0.3314022123813629,0.4243858754634857,0.35477933287620544,0.4688171446323395,0.37825077772140503,0.4939615726470947,0.36374571919441223,0.36984845995903015,0.32690614461898804,0.22006312012672424,0.24277976155281067,0.19147039949893951,0.19003698229789734,0.16150341928005219,0.1899946928024292,0.16932880878448486,0.2417505830526352,0.2235548049211502,0.31059813499450684
d6cda191-4962-4308-9a36-46d5648a95ed-1431159272600-1.7-m-04-bp.wav,..\dataset\belly_pain\d6cda191-4962-4308-9a36-46d5648a95ed-1431159272600-1.7-m-04-bp.wav,belly_pain,bolest břicha,chlapec,0–4 týdny,False,0,-428.76409912109375,128.54989624023438,-25.94186019897461,32.38478469848633,-49.70478439331055,29.12221336364746,-13.84768009185791,19.79429054260254,-14.448628425598145,18.01751708984375,14.407825469970703,17.026046752929688,-25.15899085998535,13.96155071258545,4.498093605041504,13.079839706420898,-14.125604629516602,15.051765441894531,-8.074636459350586,13.804707527160645,0.9885337352752686,14.25271224975586,12.033227920532227,20.718976974487305,6.956218242645264,21.91325569152832,0.4194231455064194,0.1406754384110157,0.03991400822997093,0.029634244740009308,1784.9954224119472,437.489861850877,820.7061018213545,162.1849536517504,2691.7127318116977,556.9660250060559,0.11225475370883942,0.1598627120256424,-0.35207128524780273,16.97740936279297,0.0699804499745369,3.461270570755005,0.017718909308314323,4.376867294311523,-0.02087211050093174,2.6639626026153564,0.07168727368116379,2.581472635269165,-0.04765958711504936,2.104905366897583,-0.002124435268342495,2.304514169692993,0.027263108640909195,2.0504846572875977,0.010405715554952621,1.9768314361572266,0.012691221199929714,1.939133644104004,0.01833377033472061,2.190199375152588,-0.012022597715258598,2.6022629737854004,0.007974131964147091,2.796968460083008,0.201305091381073,0.27771830558776855,0.24664489924907684,0.2848604619503021,0.3606504797935486,0.3467317819595337,0.4420846104621887,0.34293559193611145,0.42411792278289795,0.3523761034011841,0.32046613097190857,0.31677955389022827,0.21361151337623596,0.24967791140079498,0.2464112490415573,0.28034475445747375,0.33490243554115295,0.35203877091407776,0.25367748737335205,0.2808702290058136,0.18449893593788147,0.23611831665039062,0.18048284947872162,0.24819593131542206
eea17285-4ab9-4d34-a2f5-55fc8c866ac6-1431887695278-1.7-f-26-ti.wav,..\dataset\tired\eea17285-4ab9-4d34-a2f5-55fc8c866ac6-1431887695278-1.7-f-26-ti.wav,tired,únava,dívka,2–6 měsíců,False,0,-704.0802001953125,92.15078735351562,59.37943649291992,22.475202560424805,25.463768005371094,17.48183250427246,19.808757781982422,13.680436134338379,6.614957332611084,13.587934494018555,3.3841323852539062,11.66834545135498,-0.8793249726295471,11.374868392944336,5.057170391082764,9.823699951171875,-8.747735977172852,9.891880989074707,3.3910701274871826,9.080756187438965,-8.176217079162598,9.016141891479492,-0.12102270126342773,8.316398620605469,-8.998106956481934,8.613722801208496,0.1286777817403709,0.09607171181537644,0.0013399149756878614,0.001184154418297112,1033.9314714897773,374.50031343859996,1039.686948819923,264.59273223202393,2357.859308131241,758.1566819059716,0.1223413348197937,0.2090267837047577,-0.1837344914674759,7.529663562774658,-0.06867185235023499,2.9484899044036865,-0.00572558306157589,2.1080501079559326,-0.005843789782375097,2.000023126602173,0.006358007900416851,1.8469061851501465,0.00921710953116417,1.8634954690933228,-0.011911936104297638,1.6838607788085938,-0.012766632251441479,1.3864411115646362,0.00033752317540347576,1.3596001863479614,0.002775992266833782,1.3861279487609863,-0.001115160877816379,1.2416952848434448,-0.002719333628192544,1.3147971630096436,0.008158337324857712,1.2433397769927979,0.5872129201889038,0.278766930103302,0.5609410405158997,0.28156986832618713,0.48810747265815735,0.2611473798751831,0.43271270394325256,0.2575680613517761,0.3929530382156372,0.24205921590328217,0.4206934869289398,0.23880226910114288,0.5240920782089233,0.25914281606674194,0.6463927030563354,0.26207679510116577,0.734868586063385,0.2718653380870819,0.7345789074897766,0.27775779366493225,0.7254486083984375,0.2931324243545532,0.6717162132263184,0.29377782344818115
40a4c760-facf-4911-b0a6-22eccc3ab18d-1430477717469-1.7-f-26-hu.wav,..\dataset\hungry\40a4c760-facf-4911-b0a6-22eccc3ab18d-1430477717469-1.7-f-26-hu.wav,hungry,hlad,dívka,2–6 měsíců,False,0,-237.8936767578125,114.85427856445312,-17.910442352294922,62.00614547729492,10.632219314575195,31.447586059570312,-8.993361473083496,20.048534393310547,-9.786579132080078,14.704909324645996,-4.20362663269043,18.266109466552734,-8.326385498046875,19.542875289916992,-14.420076370239258,14.762380599975586,-12.282719612121582,14.602042198181152,-5.4416680335998535,12.118659973144531,-13.790260314941406,10.697113037109375,-4.725907325744629,13.291407585144043,-3.1260409355163574,15.56324577331543,0.47318562767475036,0.25665184738894803,0.2366614192724228,0.1632593274116516,1979.0000408632861,788.8069773641541,926.8832135394648,231.77279508521025,2969.1957917261057,897.1500185880152,0.11666528135538101,0.19891497492790222,0.5929456353187561,11.016437530517578,-0.15291622281074524,5.307853698730469,0.03615832328796387,3.6641173362731934,-0.0004343653272371739,2.6028077602386475,-0.04488777741789818,2.078413963317871,0.01902547851204872,2.2970516681671143,0.021031402051448822,2.049928903579712,-0.0210861936211586,1.8577762842178345,-0.0018614035798236728,2.0525963306427,0.003333084983751178,1.7320556640625,-0.0259457565844059,1.60153067111969,0.01558507326990366,1.610182523727417,0.006597989704459906,1.9978176355361938,0.337048202753067,0.33292272686958313,0.29358819127082825,0.33445724844932556,0.24800534546375275,0.2980043590068817,0.2088492512702942,0.24586845934391022,0.2277185171842575,0.26277822256088257,0.26684924960136414,0.28804317116737366,0.2899138331413269,0.2880759835243225,0.2917585074901581,0.2907182574272156,0.3830012083053589,0.32666879892349243,0.4404121935367584,0.3476245701313019,0.43299323320388794,0.34243765473365784,0.3519911468029022,0.3346935212612152
6bd76f21-f279-4c46-9453-58c95e7b2475-1430767927715-1.7-m-72-hu.wav,..\dataset\hungry\6bd76f21-f279-4c46-9453-58c95e7b2475-1430767927715-1.7-m-72-hu.wav,hungry,hlad,chlapec,7 měsíců–2 roky,False,0,-572.2679443359375,154.5211181640625,91.91828155517578,47.62174606323242,-34.05318069458008,40.7159423828125,-29.585397720336914,30.417585372924805,-26.550079345703125,17.449739456176758,-12.771878242492676,12.173084259033203,-24.58893585205078,14.576305389404297,-11.711149215698242,13.066067695617676,-19.078500747680664,12.82373332977295,-5.881054401397705,14.412517547607422,1.7051042318344116,21.711585998535156,5.884701728820801,16.02132225036621,-9.514183044433594,16.2321834564209,0.11713734843081312,0.05673578202319785,0.03547269478440285,0.03038032166659832,755.3905664709799,320.4711533143028,569.0730076348201,310.2281452676159,1249.3981811697574,710.7510047930103,0.1261526197195053,0.2997349202632904,-4.353434945869594e-08,7.957052707672119,-1.0883587364673986e-08,3.6532726287841797,-8.16269007941628e-09,2.4617576599121094,0.0,2.2224504947662354,-5.441793682336993e-09,1.6916521787643433,1.3604484205842482e-09,1.3527061939239502,-5.441793682336993e-09,1.4180264472961426,-2.7208968411684964e-09,1.2274249792099,0.0,1.29213285446167,1.3604484205842482e-09,1.287656307220459,0.0,1.431075096130371,-2.7208968411684964e-09,1.5110118389129639,0.0,1.3549470901489258,0.21091978251934052,0.31238994002342224,0.22455763816833496,0.32591232657432556,0.23353010416030884,0.313924103975296,0.2598147392272949,0.34142833948135376,0.2911474108695984,0.3560895323753357,0.23140233755111694,0.29780349135398865,0.18485794961452484,0.2820342779159546,0.17384611070156097,0.2520206570625305,0.2383231669664383,0.3005630373954773,0.3543650507926941,0.35312172770500183,0.40626245737075806,0.382896363735199,0.27448755502700806,0.3028832972049713
8FDA58A7-FDC6-4421-855F-738E6E853E43-1429895780-1.0-m-26-hu.wav,..\dataset\hungry\8FDA58A7-FDC6-4421-855F-738E6E853E43-1429895780-1.0-m-26-hu.wav,hungry,hlad,chlapec,2–6 měsíců,False,0,-326.9175720214844,135.5814666748047,-18.61517906188965,22.95199203491211,-24.904617309570312,17.236608505249023,6.241231918334961,13.934944152832031,1.0550868511199951,12.946281433105469,-18.894054412841797,16.06966781616211,3.457315683364868,13.172547340393066,3.844649314880371,12.956984519958496,-20.19235610961914,11.3510103225708,0.26838019490242004,9.898927688598633,1.2248808145523071,16.78404426574707,8.036420822143555,15.33535099029541,6.232825756072998,20.051698684692383,0.3837876694008559,0.08161869272859047,0.20938554406166077,0.16697177290916443,1786.0168463407153,287.11217880079425,863.2565909779725,146.09646232551464,2935.404778887304,464.85295893557196,0.0717812031507492,0.14869704842567444,0.3507632613182068,12.092772483825684,-0.007016882766038179,2.515355348587036,-0.1103854775428772,2.646031379699707,0.01146403606981039,1.7528431415557861,0.035198282450437546,1.5958853960037231,-0.06159224733710289,1.6569294929504395,-0.05853051692247391,1.3863780498504639,0.040111709386110306,1.5886348485946655,-0.022502752020955086,1.4404633045196533,-0.02818450890481472,1.389139175415039,-0.04298241809010506,1.5930451154708862,0.022619642317295074,1.8597760200500488,-0.026725763455033302,2.3322532176971436,0.10860060155391693,0.23714490234851837,0.08722195774316788,0.18581019341945648,0.10160890966653824,0.21240168809890747,0.11495084315538406,0.220128133893013,0.16947947442531586,0.26320579648017883,0.28254494071006775,0.34414586424827576,0.33900874853134155,0.3555789291858673,0.3822869062423706,0.38261666893959045,0.3829587399959564,0.38846004009246826,0.3402438163757324,0.3698755204677582,0.2651609182357788,0.3472613990306854,0.14432626962661743,0.2707620859146118
539FDD32-6326-422E-A707-FCF063D3426C-1437073544-1.1-f-26-hu.wav,..\dataset\hungry\539FDD32-6326-422E-A707-FCF063D3426C-1437073544-1.1-f-26-hu.wav,hungry,hlad,dívka,2–6 měsíců,False,0,-351.83563232421875,78.88291931152344,42.791168212890625,24.639528274536133,-4.372710227966309,18.0662841796875,-13.413485527038574,13.520609855651855,-32.35068893432617,14.990449905395508,-11.440064430236816,11.422316551208496,-19.334030151367188,15.13866901397705,-7.0198564529418945,16.763259887695312,11.620101928710938,24.681211471557617,10.00140380859375,25.858707427978516,-3.835472583770752,21.25188636779785,-12.474416732788086,21.000581741333008,-17.238140106201172,15.802454948425293,0.14842635520684735,0.03446308118578769,0.15883302688598633,0.11862166225910187,1059.6114520940534,179.24891657881074,882.8133906069927,136.75304107618675,2076.3195435092725,468.78329964993,0.030583715066313744,0.048424769192934036,0.14764751493930817,7.375654220581055,-0.023234281688928604,2.5789928436279297,-0.015649162232875824,1.4021462202072144,-0.030579205602407455,1.5713900327682495,-0.05392122641205788,2.0111708641052246,0.013452189974486828,1.4202373027801514,-0.01570143550634384,1.6012606620788574,0.0015929408837109804,1.7189862728118896,0.016524529084563255,1.7810407876968384,0.002343977801501751,2.021868944168091,-0.006222384981811047,2.1344974040985107,0.0034095693845301867,2.2480783462524414,-0.0484338253736496,1.796584129333496,0.4053405821323395,0.3862234652042389,0.4342362880706787,0.3529420495033264,0.3609839379787445,0.3472742736339569,0.27707639336586,0.32048624753952026,0.21199481189250946,0.28974103927612305,0.18375152349472046,0.28246957063674927,0.204545259475708,0.33689430356025696,0.2038792371749878,0.3178974688053131,0.23380792140960693,0.3309382498264313,0.26759764552116394,0.35824015736579895,0.2525363862514496,0.32392311096191406,0.27487921714782715,0.32513687014579773
CC8771B1-C84E-4223-A010-029A7629A975-1434107299-1.1-f-04-hu.wav,..\dataset\hungry\CC8771B1-C84E-4223-A010-029A7629A975-1434107299-1.1-f-04-hu.wav,hungry,hlad,dívka,0–4 týdny,False,0,-488.0162658691406,97.39710998535156,18.099544525146484,23.81531524658203,-32.347450256347656,20.707656860351562,-8.622353553771973,17.149717330932617,-25.820772171020508,16.696853637695312,-12.262014389038086,12.453351974487305,-5.62794303894043,10.627802848815918,-11.736116409301758,10.12847900390625,-15.758588790893555,12.6400785446167,-12.530842781066895,12.86669635772705,-14.079548835754395,15.537369728088379,-0.20301459729671478,21.32607650756836,2.765523672103882,20.501890182495117,0.3063146398002853,0.10638599908494184,0.015876324847340584,0.017049824818968773,1484.0976457643778,273.9685452988442,938.7178470380495,127.79721830547732,2526.702924393723,463.66064190988203,0.15327756106853485,0.13734965026378632,-0.18934306502342224,9.915034294128418,-0.023947471752762794,3.3817543983459473,0.04174041748046875,2.2429535388946533,-0.015898322686553,2.5669710636138916,-0.010620852932333946,2.0974953174591064,-0.014213242568075657,1.660879135131836,-0.03741581737995148,1.5846441984176636,-0.014717997051775455,1.302973747253418,-0.03756211698055267,1.5365450382232666,0.008938911370933056,1.7070317268371582,0.03735537454485893,1.8129851818084717,0.009082628414034843,2.174774646759033,-0.03877034783363342,2.202185869216919,0.2762526869773865,0.24998824298381805,0.28128862380981445,0.2411748468875885,0.3074135482311249,0.2829781770706177,0.3023001253604889,0.2932153344154358,0.3214447498321533,0.26921868324279785,0.4454735815525055,0.33683153986930847,0.516653299331665,0.34320878982543945,0.49634259939193726,0.3368222713470459,0.46738359332084656,0.33919039368629456,0.4968521296977997,0.35521966218948364,0.41045621037483215,0.32332226634025574,0.2917048931121826,0.2522450387477875
E2C4BCE0-99FD-49EC-8AB1-5EA5DF7DD8C5-1430042952-1.0-m-04-hu.wav,..\dataset\hungry\E2C4BCE0-99FD-49EC-8AB1-5EA5DF7DD8C5-1430042952-1.0-m-04-hu.wav,hungry,hlad,chlapec,0–4 týdny,False,0,-455.8963928222656,72.75021362304688,41.05747985839844,30.832929611206055,-4.7208404541015625,14.526567459106445,-15.877331733703613,13.023950576782227,-22.901042938232422,13.961834907531738,-4.265207290649414,15.680251121520996,-24.930049896240234,11.368759155273438,-15.450288772583008,9.417379379272461,-17.706802368164062,8.368223190307617,-11.32690143585205,9.311503410339355,-13.847759246826172,9.827193260192871,-2.7155652046203613,13.869429588317871,-8.737817764282227,12.947546005249023,0.24777104136947217,0.11351051951107566,0.014016792178153992,0.023019475862383842,1364.3340266419561,343.30087151908157,1022.5563310204097,92.42931581263173,2587.887838801712,433.1004943119479,0.17521421611309052,0.1151544600725174,0.0193773340433836,9.484889030456543,0.0016476553864777088,5.1737236976623535,0.02130398154258728,2.1415257453918457,-0.006236504763364792,2.1087889671325684,-0.02764410525560379,2.0836434364318848,0.04021938145160675,2.0921735763549805,-0.008773479610681534,1.5132453441619873,-0.0003609051927924156,1.3736448287963867,-0.002243155613541603,1.256486415863037,-0.01178921852260828,1.3552992343902588,-0.013647577725350857,1.5219147205352783,-0.02198605425655842,2.022768020629883,-0.023745056241750717,1.6369054317474365,0.5520122051239014,0.30737069249153137,0.5033639669418335,0.29300710558891296,0.4514505863189697,0.2714140713214874,0.4254593253135681,0.26397547125816345,0.4359358847141266,0.2803735136985779,0.4554377496242523,0.29015836119651794,0.4692840874195099,0.2551703155040741,0.5224509835243225,0.28488168120384216,0.5555992722511292,0.27479296922683716,0.602294385433197,0.2850048243999481,0.5927197337150574,0.28415778279304504,0.5720941424369812,0.3002704679965973
a40b9b8d-e4bc-457a-badf-f38bdbc0c358-1430016779981-1.7-m-26-hu.wav,..\dataset\hungry\a40b9b8d-e4bc-457a-badf-f38bdbc0c358-1430016779981-1.7-m-26-hu.wav,hungry,hlad,chlapec,2–6 měsíců,False,0,-377.2700500488281,94.90264129638672,59.68919372558594,52.59286880493164,-28.956501007080078,40.39723587036133,4.322420120239258,17.739606857299805,-8.999138832092285,15.642465591430664,13.161707878112793,15.417736053466797,-16.869831085205078,11.496031761169434,-7.490314960479736,12.096308708190918,-17.098756790161133,10.454876899719238,-8.131482124328613,10.256915092468262,-7.988306999206543,13.547983169555664,7.473335266113281,20.807649612426758,-5.105339050292969,19.592330932617188,0.20636813480741797,0.09843924233796675,0.08546027541160583,0.10936916619539261,1102.3883147380805,386.4737631354583,791.8643491662207,148.3986673407348,1922.7442938659058,594.637058343179,0.0631294921040535,0.10216011852025986,-0.15385983884334564,13.231571197509766,0.026720969006419182,5.375527381896973,0.04920018091797829,5.013407230377197,0.012981376610696316,2.9289727210998535,-0.001583042205311358,2.5103442668914795,-0.0032555421348661184,2.0182604789733887,0.005140043329447508,1.6632145643234253,-0.0013443651841953397,1.740712285041809,0.009664875455200672,1.6141605377197266,0.006831950042396784,1.5487059354782104,0.00663007190451026,2.1182947158813477,-0.026457181200385094,2.3871448040008545,-0.01632760651409626,2.0719103813171387,0.44436144828796387,0.33991727232933044,0.4312252998352051,0.31315097212791443,0.4391621947288513,0.3187102973461151,0.46372029185295105,0.3196650743484497,0.45655447244644165,0.3213054835796356,0.43072405457496643,0.32773298025131226,0.43421950936317444,0.33197811245918274,0.4648817181587219,0.32464009523391724,0.5267898440361023,0.32950854301452637,0.5191608667373657,0.3256726562976837,0.4751943051815033,0.3351738154888153,0.4494222402572632,0.34525832533836365
cde108d0-62c3-47f8-82c4-233c9fba5cdd-1436884444242-1.7-m-48-hu.wav,..\dataset\hungry\cde108d0-62c3-47f8-82c4-233c9fba5cdd-1436884444242-1.7-m-48-hu.wav,hungry,hlad,chlapec,4–8 týdnů,False,0,-275.1932373046875,98.57546997070312,-11.0654935836792,36.46355056762695,-21.048778533935547,22.59198760986328,-6.41921854019165,22.77031707763672,-32.188690185546875,16.508831024169922,9.91975212097168,15.566404342651367,-33.612667083740234,17.152713775634766,0.49805331230163574,10.993181228637695,-17.640522003173828,10.449246406555176,-4.58988094329834,10.033937454223633,-15.510412216186523,12.804512023925781,0.5540717244148254,17.70630645751953,10.623982429504395,22.03329086303711,0.41606856276747506,0.15468967837346603,0.20736163854599,0.1526518315076828,1792.6392705297044,414.17701577132317,902.8317448895713,158.4832024766193,2796.5852353780315,452.8258206837816,0.093611940741539,0.15965954959392548,0.08300010859966278,10.528507232666016,0.007369467057287693,2.941107988357544,-0.0004665304149966687,2.804111957550049,-0.0032166277524083853,2.764442205429077,-0.005194017663598061,1.9080941677093506,0.0008828167337924242,1.8384724855422974,-0.004317404702305794,1.937997817993164,-0.0014602916780859232,1.398794174194336,-0.011609048582613468,1.4388542175292969,0.013903148472309113,1.3403936624526978,-0.004494839813560247,1.6896976232528687,0.004659372381865978,1.9509295225143433,-0.0032707354985177517,2.650451421737671,0.3402569890022278,0.3568364381790161,0.45919716358184814,0.33895039558410645,0.32744842767715454,0.27367791533470154,0.4130992591381073,0.32248854637145996,0.5076682567596436,0.3428564965724945,0.362178772687912,0.28513649106025696,0.3325498402118683,0.25374898314476013,0.29574692249298096,0.2641860544681549,0.2669669985771179,0.312136709690094,0.2233642041683197,0.28798922896385193,0.1880350559949875,0.27434173226356506,0.201113760471344,0.30174434185028076
789d2553-cbf2-4911-91e4-fb228d231238-1430818517787-1.7-m-26-hu.wav,..\dataset\hungry\789d2553-cbf2-4911-91e4-fb228d231238-1430818517787-1.7-m-26-hu.wav,hungry,hlad,chlapec,2–6 měsíců,False,0,-418.1771545410156,129.61831665039062,41.300872802734375,45.082862854003906,-17.68492317199707,27.334514617919922,16.458593368530273,18.661907196044922,-9.559473991394043,22.423614501953125,-14.92757511138916,15.111417770385742,-16.115427017211914,13.929389953613281,7.38727331161499,10.945796966552734,-34.50498580932617,16.373437881469727,11.48140811920166,11.897608757019043,-22.605152130126953,12.673580169677734,-5.232423305511475,9.392226219177246,-6.461994647979736,11.816283226013184,0.274117332382311,0.13272616268273438,0.036428023129701614,0.022859562188386917,1269.7045545123242,498.08110673588027,846.2409670089941,230.40735193482396,2249.531918687589,908.5928297441064,0.08191127330064774,0.2123560607433319,-0.546675980091095,10.45155143737793,-0.10429488867521286,3.908477306365967,0.03711158037185669,3.3314850330352783,-0.005819160025566816,2.0764474868774414,0.016711721196770668,2.1486239433288574,-0.0219111368060112,1.9980369806289673,0.009982616640627384,1.9652843475341797,-0.004830420482903719,1.4755833148956299,0.028954874724149704,1.832115888595581,-0.013687092810869217,1.4022902250289917,0.008230992592871189,1.5146461725234985,-0.0007842277409508824,1.3285133838653564,0.006872962228953838,1.452138066291809,0.20466528832912445,0.24645408987998962,0.2303953915834427,0.27313798666000366,0.2824111878871918,0.35055845975875854,0.3621571362018585,0.3715459108352661,0.39417412877082825,0.3260937035083771,0.4007625877857208,0.2788088321685791,0.41972485184669495,0.3514247536659241,0.35457637906074524,0.26988059282302856,0.4011417627334595,0.3342253267765045,0.4110668897628784,0.36101478338241577,0.268561452627182,0.26256048679351807,0.17989738285541534,0.23039400577545166
035c6b30-a145-42b9-8d0f-445cd9003d2c-1435948197257-1.7-m-04-hu.wav,..\dataset\hungry\035c6b30-a145-42b9-8d0f-445cd9003d2c-1435948197257-1.7-m-04-hu.wav,hungry,hlad,chlapec,0–4 týdny,False,0,-320.138427734375,106.63671875,-17.96819305419922,42.886085510253906,-41.32743835449219,19.995969772338867,-0.7247922420501709,17.917394638061523,-25.8696346282959,17.84040641784668,-1.068808913230896,17.101591110229492,-27.825756072998047,14.30864429473877,5.590921401977539,11.852526664733887,-15.238707542419434,12.98445987701416,12.25117015838623,16.265289306640625,-0.9897959232330322,14.853188514709473,-0.9943214654922485,22.851573944091797,-13.472321510314941,17.371061325073242,0.38339760164051356,0.13809649075617653,0.10350435227155685,0.06959821283817291,1724.444266956354,404.74672589793215,836.1785664416839,139.30511811735641,2738.0304921540655,484.6059771932153,0.08001286536455154,0.142340749502182,-0.05708467587828636,13.395301818847656,0.00840529054403305,3.9088873863220215,-0.030524149537086487,2.727306604385376,-0.02574608102440834,2.2428860664367676,0.012493626214563847,2.8221967220306396,0.0061020627617836,2.090717077255249,0.005382004659622908,2.0009734630584717,-0.008987127803266048,1.7744860649108887,-0.010159460827708244,1.5699212551116943,0.0055410354398190975,1.8083473443984985,0.000555009872186929,1.8198060989379883,-0.0007318994612433016,2.4471700191497803,0.0007588689913973212,2.41074275970459,0.2905043661594391,0.31957581639289856,0.2929765284061432,0.3248988687992096,0.21646176278591156,0.27524125576019287,0.2046516239643097,0.2578207552433014,0.2952485680580139,0.3121514618396759,0.37756338715553284,0.35511893033981323,0.35679110884666443,0.33322417736053467,0.35770508646965027,0.333877295255661,0.3362172245979309,0.3380739092826843,0.2668607532978058,0.32921332120895386,0.19812417030334473,0.27565857768058777,0.20945928990840912,0.2606629431247711
