trida,cesta,soubor,format,casove_razitko,verze_aplikace,kod_pohlavi,pohlavi,kod_veku,vekova_kategorie,kod_tridy,mfcc_1_mean,mfcc_1_std,mfcc_2_mean,mfcc_2_std,mfcc_3_mean,mfcc_3_std,mfcc_4_mean,mfcc_4_std,mfcc_5_mean,mfcc_5_std,mfcc_6_mean,mfcc_6_std,mfcc_7_mean,mfcc_7_std,mfcc_8_mean,mfcc_8_std,mfcc_9_mean,mfcc_9_std,mfcc_10_mean,mfcc_10_std,mfcc_11_mean,mfcc_11_std,mfcc_12_mean,mfcc_12_std,mfcc_13_mean,mfcc_13_std,delka_signalu_s,vzorkovaci_frekvence_hz,trida_cz
belly_pain,..\dataset\belly_pain\549a46d8-9c84-430e-ade8-97eae2bef787-1430130772174-1.7-m-48-bp.wav,549a46d8-9c84-430e-ade8-97eae2bef787-1430130772174-1.7-m-48-bp.wav,.wav,1430130772174,1.7,m,chlapec,48,4–8 týdnů,bp,-405.8760070800781,167.99851989746094,27.12164306640625,53.74767303466797,-42.24820327758789,37.8980712890625,-0.3469376266002655,12.560102462768555,-33.40462875366211,20.846036911010742,4.665828227996826,10.834102630615234,-17.678110122680664,18.738201141357422,2.7751901149749756,11.39401912689209,-8.659680366516113,8.996586799621582,-9.639955520629883,6.247529029846191,-9.528885841369629,8.201891899108887,2.9254961013793945,13.255345344543457,12.073722839355469,19.60221290588379,6.86,8000,bolest břicha
belly_pain,..\dataset\belly_pain\643D64AD-B711-469A-AF69-55C0D5D3E30F-1430138495-1.0-m-72-bp.wav,643D64AD-B711-469A-AF69-55C0D5D3E30F-1430138495-1.0-m-72-bp.wav,.wav,1430138495,1.0,m,chlapec,72,7 měsíců–2 roky,bp,-383.83685302734375,62.96184539794922,38.42684555053711,14.573431015014648,-19.573413848876953,13.134126663208008,-8.295806884765625,9.547904014587402,-19.087879180908203,7.512861251831055,-19.339635848999023,11.04007625579834,-16.694019317626953,6.688328266143799,-14.295869827270508,5.747434616088867,-14.658415794372559,6.07813024520874,-14.466268539428711,5.700342655181885,-15.466560363769531,6.321782112121582,-7.020198822021484,7.385770320892334,-10.439179420471191,10.349352836608887,7.0,8000,bolest břicha
belly_pain,..\dataset\belly_pain\643D64AD-B711-469A-AF69-55C0D5D3E30F-1430138506-1.0-m-72-bp.wav,643D64AD-B711-469A-AF69-55C0D5D3E30F-1430138506-1.0-m-72-bp.wav,.wav,1430138506,1.0,m,chlapec,72,7 měsíců–2 roky,bp,-304.175048828125,90.4518051147461,41.77836608886719,18.961071014404297,-26.645769119262695,12.024654388427734,-17.83406639099121,12.677461624145508,-29.084251403808594,13.117467880249023,-16.714412689208984,11.133842468261719,-19.668498992919922,8.196817398071289,-15.114858627319336,6.59967565536499,-17.23432731628418,8.949138641357422,-9.661561012268066,8.05707836151123,-10.691088676452637,10.224451065063477,-6.565114974975586,9.808588027954102,-10.446558952331543,9.109766006469727,7.0,8000,bolest břicha
belly_pain,..\dataset\belly_pain\643D64AD-B711-469A-AF69-55C0D5D3E30F-1430138514-1.0-m-72-bp.wav,643D64AD-B711-469A-AF69-55C0D5D3E30F-1430138514-1.0-m-72-bp.wav,.wav,1430138514,1.0,m,chlapec,72,7 měsíců–2 roky,bp,-252.5374755859375,69.466064453125,35.87653732299805,24.237730026245117,-35.229087829589844,23.26162338256836,-20.08746910095215,11.34511661529541,-29.121030807495117,17.09807586669922,-21.32464027404785,10.436059951782227,-22.387121200561523,6.314330101013184,-8.064094543457031,8.309406280517578,-21.7066650390625,6.498291015625,-13.885672569274902,11.125185012817383,-8.505555152893066,11.139975547790527,-0.13246844708919525,16.584367752075195,-0.6432788968086243,17.46711540222168,7.0,8000,bolest břicha
belly_pain,..\dataset\belly_pain\643D64AD-B711-469A-AF69-55C0D5D3E30F-1430138524-1.0-m-72-bp.wav,643D64AD-B711-469A-AF69-55C0D5D3E30F-1430138524-1.0-m-72-bp.wav,.wav,1430138524,1.0,m,chlapec,72,7 měsíců–2 roky,bp,-171.50912475585938,44.75914001464844,41.75074005126953,13.609106063842773,-15.1365966796875,10.888376235961914,-21.78959083557129,10.678194046020508,-37.22489929199219,9.62252140045166,-26.083993911743164,9.975550651550293,-20.842267990112305,7.209820747375488,-14.546899795532227,6.265142917633057,-14.981940269470215,6.9359235763549805,-10.887065887451172,8.2161283493042,-10.158533096313477,10.21048641204834,-4.346590042114258,10.568473815917969,-6.5287556648254395,9.394225120544434,7.0,8000,bolest břicha
belly_pain,..\dataset\belly_pain\643D64AD-B711-469A-AF69-55C0D5D3E30F-1430138536-1.0-m-72-bp.wav,643D64AD-B711-469A-AF69-55C0D5D3E30F-1430138536-1.0-m-72-bp.wav,.wav,1430138536,1.0,m,chlapec,72,7 měsíců–2 roky,bp,-253.0128173828125,101.8070068359375,12.286332130432129,27.72184181213379,-23.774856567382812,18.0163631439209,-21.095436096191406,19.292028427124023,-25.712905883789062,11.379497528076172,-8.218640327453613,13.810163497924805,-15.8965482711792,8.288568496704102,-3.5401499271392822,14.561829566955566,-15.873190879821777,12.14089584350586,-9.256997108459473,11.156269073486328,-9.103107452392578,10.655691146850586,-4.828219413757324,13.06647777557373,-2.4533193111419678,15.026145935058594,7.0,8000,bolest břicha
belly_pain,..\dataset\belly_pain\643D64AD-B711-469A-AF69-55C0D5D3E30F-1430138545-1.0-m-72-bp.wav,643D64AD-B711-469A-AF69-55C0D5D3E30F-1430138545-1.0-m-72-bp.wav,.wav,1430138545,1.0,m,chlapec,72,7 měsíců–2 roky,bp,-286.06768798828125,49.60326385498047,35.96877670288086,21.706045150756836,-8.508418083190918,12.585615158081055,-21.856731414794922,10.70775032043457,-26.968074798583984,9.661355972290039,-26.799402236938477,11.613080978393555,-24.480300903320312,5.894862174987793,-19.031469345092773,7.596425533294678,-16.214439392089844,6.901598930358887,-14.59510612487793,9.736759185791016,-7.191837787628174,13.235213279724121,7.34165096282959,18.725051879882812,5.705967426300049,18.561809539794922,7.0,8000,bolest břicha
belly_pain,..\dataset\belly_pain\643D64AD-B711-469A-AF69-55C0D5D3E30F-1430138591-1.0-m-72-bp.wav,643D64AD-B711-469A-AF69-55C0D5D3E30F-1430138591-1.0-m-72-bp.wav,.wav,1430138591,1.0,m,chlapec,72,7 měsíců–2 roky,bp,-374.42974853515625,76.52466583251953,62.808082580566406,20.726055145263672,-15.663871765136719,13.449623107910156,-15.97738265991211,12.984807968139648,-25.642393112182617,13.887228012084961,-19.057483673095703,13.640141487121582,-22.40447425842285,8.91708755493164,-15.582700729370117,6.634170055389404,-8.043989181518555,7.264069557189941,-8.955859184265137,5.517892360687256,-9.61336898803711,7.252553939819336,-3.2104413509368896,11.259087562561035,-2.4101345539093018,18.713573455810547,7.0,8000,bolest břicha
belly_pain,..\dataset\belly_pain\643D64AD-B711-469A-AF69-55C0D5D3E30F-1430138647-1.0-m-72-bp.wav,643D64AD-B711-469A-AF69-55C0D5D3E30F-1430138647-1.0-m-72-bp.wav,.wav,1430138647,1.0,m,chlapec,72,7 měsíců–2 roky,bp,-283.2803649902344,83.08940887451172,18.541217803955078,18.360841751098633,0.6882137060165405,14.08630084991455,-34.2052001953125,14.604195594787598,-21.659469604492188,9.599925994873047,-24.454397201538086,11.173002243041992,-19.10822296142578,8.827125549316406,-14.698356628417969,9.490008354187012,-15.293091773986816,7.381424427032471,-8.801238059997559,13.985063552856445,-2.7222607135772705,15.461064338684082,9.429682731628418,18.28953742980957,11.1241455078125,19.99240493774414,7.0,8000,bolest břicha
belly_pain,..\dataset\belly_pain\69BDA5D6-0276-4462-9BF7-951799563728-1436936185-1.1-m-26-bp.wav,69BDA5D6-0276-4462-9BF7-951799563728-1436936185-1.1-m-26-bp.wav,.wav,1436936185,1.1,m,chlapec,26,2–6 měsíců,bp,-119.30599212646484,101.90079498291016,28.296003341674805,41.92982864379883,-32.92665100097656,25.68344497680664,-32.281368255615234,22.066102981567383,-23.559890747070312,17.875886917114258,-12.247207641601562,15.845372200012207,-2.1667656898498535,11.012941360473633,-4.802994728088379,10.43044376373291,-10.814644813537598,9.715934753417969,-7.158371925354004,9.814611434936523,-10.734647750854492,12.526503562927246,-1.1721165180206299,14.912497520446777,3.5531933307647705,19.254329681396484,7.0,8000,bolest břicha
belly_pain,..\dataset\belly_pain\999bf14b-e417-4b44-b746-9253f81efe38-1430974001343-1.7-m-26-bp.wav,999bf14b-e417-4b44-b746-9253f81efe38-1430974001343-1.7-m-26-bp.wav,.wav,1430974001343,1.7,m,chlapec,26,2–6 měsíců,bp,-303.52203369140625,155.2831268310547,28.625192642211914,42.62574768066406,-41.92399215698242,39.35502624511719,11.03619384765625,15.093762397766113,-54.66635513305664,27.93665885925293,25.68219757080078,13.299345016479492,-11.044600486755371,9.847420692443848,-6.616596221923828,10.218536376953125,-5.2556915283203125,6.941780090332031,-9.441169738769531,7.853633880615234,-14.11290454864502,9.344656944274902,-2.9811766147613525,13.926520347595215,1.635009765625,16.14398193359375,6.9,8000,bolest břicha
belly_pain,..\dataset\belly_pain\ae5f103b-5fee-442f-bb1b-d9d0570c46ab-1431533857965-1.7-m-26-bp.wav,ae5f103b-5fee-442f-bb1b-d9d0570c46ab-1431533857965-1.7-m-26-bp.wav,.wav,1431533857965,1.7,m,chlapec,26,2–6 měsíců,bp,-303.2865295410156,130.689208984375,57.47052764892578,41.90065383911133,-3.897273302078247,37.97478103637695,-3.6200900077819824,24.020788192749023,-22.772476196289062,26.066072463989258,2.993504524230957,15.19350814819336,-11.351922035217285,14.173357963562012,-14.61264705657959,12.947628021240234,-28.03319549560547,10.875906944274902,-2.3755764961242676,12.249070167541504,-10.980384826660156,13.61994457244873,5.603648662567139,16.790210723876953,1.424868106842041,16.85732078552246,6.96,8000,bolest břicha
belly_pain,..\dataset\belly_pain\C421C6FE-DFEE-4080-8AEA-848E7CE4756B-1430548333-1.0-f-26-bp.wav,C421C6FE-DFEE-4080-8AEA-848E7CE4756B-1430548333-1.0-f-26-bp.wav,.wav,1430548333,1.0,f,dívka,26,2–6 měsíců,bp,-239.97352600097656,92.02811431884766,19.460599899291992,44.30158996582031,-25.533910751342773,19.064044952392578,-16.448623657226562,18.418556213378906,-19.37860679626465,14.756858825683594,-11.19351577758789,14.248862266540527,-21.968482971191406,16.428503036499023,-10.154884338378906,10.301894187927246,-16.29387664794922,13.017061233520508,-4.471653938293457,9.790369033813477,-2.4285237789154053,14.610180854797363,6.2981977462768555,18.212997436523438,-7.384390354156494,12.988730430603027,7.0,8000,bolest břicha
belly_pain,..\dataset\belly_pain\d6cda191-4962-4308-9a36-46d5648a95ed-1431159262344-1.7-m-04-bp.wav,d6cda191-4962-4308-9a36-46d5648a95ed-1431159262344-1.7-m-04-bp.wav,.wav,1431159262344,1.7,m,chlapec,04,0–4 týdny,bp,-251.53402709960938,119.29532623291016,-11.82138729095459,21.756269454956055,-54.3231086730957,20.63253402709961,-6.636455059051514,15.819662094116211,-14.840373039245605,13.156103134155273,9.444463729858398,8.951935768127441,-25.30353355407715,13.107154846191406,3.6042189598083496,11.58548355102539,-15.694830894470215,9.243903160095215,-6.615175247192383,10.556583404541016,-3.269646406173706,13.894722938537598,7.347609996795654,15.9363431930542,4.958764553070068,16.992095947265625,6.82,8000,bolest břicha
belly_pain,..\dataset\belly_pain\d6cda191-4962-4308-9a36-46d5648a95ed-1431159272600-1.7-m-04-bp.wav,d6cda191-4962-4308-9a36-46d5648a95ed-1431159272600-1.7-m-04-bp.wav,.wav,1431159272600,1.7,m,chlapec,04,0–4 týdny,bp,-197.4916229248047,82.78899383544922,-28.51447105407715,28.583166122436523,-62.22749328613281,24.70986557006836,-15.014230728149414,16.9974422454834,-14.980996131896973,14.88539981842041,16.254419326782227,15.067095756530762,-28.146575927734375,11.422332763671875,4.547148704528809,11.668828964233398,-16.773090362548828,12.64984130859375,-11.457951545715332,10.329776763916016,1.6232515573501587,11.179130554199219,11.589241027832031,15.373236656188965,4.917679309844971,17.019794464111328,6.84,8000,bolest břicha
belly_pain,..\dataset\belly_pain\d6cda191-4962-4308-9a36-46d5648a95ed-1431700390946-1.7-m-04-bp.wav,d6cda191-4962-4308-9a36-46d5648a95ed-1431700390946-1.7-m-04-bp.wav,.wav,1431700390946,1.7,m,chlapec,04,0–4 týdny,bp,-48.0241813659668,84.28401947021484,-67.31608581542969,25.687475204467773,-35.05551528930664,15.857144355773926,1.9062963724136353,21.610471725463867,-26.18219566345215,18.160409927368164,15.687546730041504,8.375046730041504,-39.6634521484375,11.51168155670166,10.161190032958984,11.80272102355957,-8.019354820251465,11.611167907714844,-13.51321029663086,11.716547012329102,-5.074636936187744,8.481943130493164,3.2686851024627686,9.639365196228027,-3.407992124557495,10.493000030517578,6.84,8000,bolest břicha
burping,..\dataset\burping\5afc6a14-a9d8-45f8-b31d-c79dd87cc8c6-1430757039803-1.7-m-48-bu.wav,5afc6a14-a9d8-45f8-b31d-c79dd87cc8c6-1430757039803-1.7-m-48-bu.wav,.wav,1430757039803,1.7,m,chlapec,48,4–8 týdnů,bu,-78.3475341796875,131.51939392089844,-62.096065521240234,37.385520935058594,-29.125001907348633,15.616233825683594,-16.69986343383789,13.009092330932617,-8.410231590270996,15.428096771240234,11.04984188079834,11.882730484008789,-29.987730026245117,12.5491943359375,4.127788066864014,12.84362506866455,-5.343027114868164,7.878215789794922,-3.182529926300049,10.506420135498047,-6.297068119049072,12.400981903076172,-0.08937744796276093,9.239602088928223,-5.571544647216797,10.08984375,6.66,8000,říhání
burping,..\dataset\burping\79FF400A-97E2-4701-987D-C7C850D5523C-1430089648-1.0-f-48-bu.wav,79FF400A-97E2-4701-987D-C7C850D5523C-1430089648-1.0-f-48-bu.wav,.wav,1430089648,1.0,f,dívka,48,4–8 týdnů,bu,-244.29286193847656,125.11441040039062,6.132692813873291,46.29913330078125,-17.209028244018555,17.77207374572754,12.804328918457031,12.272575378417969,-22.700593948364258,11.36001205444336,-5.888942718505859,18.978050231933594,-9.204924583435059,13.3181791305542,-19.1346378326416,10.703897476196289,-16.58855628967285,11.757058143615723,0.8215067982673645,16.435810089111328,10.024014472961426,20.807270050048828,3.861806631088257,21.361984252929688,-15.538313865661621,16.977523803710938,7.0,8000,říhání
burping,..\dataset\burping\7A864194-4B6B-4850-ABBF-0C2A8170107B-1436846915-1.1-f-26-bu.wav,7A864194-4B6B-4850-ABBF-0C2A8170107B-1436846915-1.1-f-26-bu.wav,.wav,1436846915,1.1,f,dívka,26,2–6 měsíců,bu,-256.44207763671875,72.58924102783203,39.80732345581055,11.198270797729492,-26.92972755432129,15.565752029418945,-1.7538068294525146,6.3382768630981445,-16.317903518676758,7.249115467071533,-4.146805763244629,6.849668979644775,-18.401935577392578,6.844745635986328,-11.762089729309082,4.2762837409973145,-14.321111679077148,6.256104946136475,-9.835013389587402,5.418574810028076,-15.583280563354492,4.8666791915893555,-13.639264106750488,6.182474136352539,-14.070639610290527,5.798429012298584,7.0,8000,říhání
burping,..\dataset\burping\7E4B9C14-F955-4BED-9B03-7F3096A6CBFF-1430232208-1.0-f-26-bu.wav,7E4B9C14-F955-4BED-9B03-7F3096A6CBFF-1430232208-1.0-f-26-bu.wav,.wav,1430232208,1.0,f,dívka,26,2–6 měsíců,bu,-170.4443359375,179.7725067138672,6.4425458908081055,39.3173713684082,-26.765911102294922,22.798442840576172,-11.608745574951172,26.091217041015625,-28.526161193847656,19.639812469482422,1.1349232196807861,11.641647338867188,-17.313753128051758,13.705344200134277,-4.890040874481201,13.269822120666504,-9.223733901977539,9.401399612426758,0.5205565094947815,13.724066734313965,-4.149720668792725,12.353411674499512,-1.406511664390564,13.805030822753906,-5.517352104187012,11.172337532043457,7.0,8000,říhání
burping,..\dataset\burping\7E4B9C14-F955-4BED-9B03-7F3096A6CBFF-1430540826-1.0-f-26-bu.wav,7E4B9C14-F955-4BED-9B03-7F3096A6CBFF-1430540826-1.0-f-26-bu.wav,.wav,1430540826,1.0,f,dívka,26,2–6 měsíců,bu,-97.71746826171875,156.04837036132812,-22.162702560424805,32.05184555053711,-46.88414001464844,26.303625106811523,1.996503233909607,24.740530014038086,-11.737103462219238,16.228378295898438,13.064220428466797,17.01103401184082,-21.046947479248047,16.013437271118164,-3.8994858264923096,15.3815336227417,-13.175087928771973,10.705653190612793,7.844784259796143,14.173083305358887,0.4623652994632721,14.181488037109375,-0.5986981391906738,13.204577445983887,-2.5645389556884766,14.214337348937988,7.0,8000,říhání
burping,..\dataset\burping\AEA8AE04-D00E-48A7-8A0B-6D87E2175121-1430563241-1.0-f-72-bu.wav,AEA8AE04-D00E-48A7-8A0B-6D87E2175121-1430563241-1.0-f-72-bu.wav,.wav,1430563241,1.0,f,dívka,72,7 měsíců–2 roky,bu,-201.3834991455078,111.38858795166016,5.318206787109375,36.941192626953125,12.172520637512207,20.95417022705078,-7.333105087280273,18.018056869506836,-26.83966827392578,12.796924591064453,-1.2787644863128662,11.313081741333008,-21.329456329345703,12.33321762084961,-4.102328300476074,15.079256057739258,-20.667282104492188,7.548537731170654,-9.508520126342773,10.491105079650879,-12.13640022277832,8.245808601379395,-4.9404616355896,9.126429557800293,-13.537626266479492,6.006865978240967,7.0,8000,říhání
burping,..\dataset\burping\af30880e-5f98-4dc0-b37a-be6b21fa0ba3-1431240072536-1.7-m-26-bu.wav,af30880e-5f98-4dc0-b37a-be6b21fa0ba3-1431240072536-1.7-m-26-bu.wav,.wav,1431240072536,1.7,m,chlapec,26,2–6 měsíců,bu,-58.63268280029297,122.6808090209961,-29.323928833007812,30.891382217407227,-24.942779541015625,23.272043228149414,8.811625480651855,23.176513671875,-51.68341827392578,18.841733932495117,-8.687796592712402,8.818645477294922,-18.074026107788086,13.73799991607666,2.801449775695801,10.476558685302734,-22.756248474121094,13.997929573059082,4.781372547149658,12.845897674560547,-10.288052558898926,11.1145658493042,10.932061195373535,18.51080322265625,1.3109873533248901,18.967241287231445,6.54,8000,říhání
burping,..\dataset\burping\F24DE44B-762C-4149-AC92-96A5E57ED118-1430816949-1.0-m-04-bu.wav,F24DE44B-762C-4149-AC92-96A5E57ED118-1430816949-1.0-m-04-bu.wav,.wav,1430816949,1.0,m,chlapec,04,0–4 týdny,bu,-281.94488525390625,98.60210418701172,62.381832122802734,27.40801239013672,-11.110167503356934,16.295835494995117,-23.756263732910156,16.442869186401367,-27.092388153076172,18.087783813476562,-25.375032424926758,13.438342094421387,-17.00786781311035,9.17749309539795,-16.801258087158203,9.859817504882812,-16.200719833374023,7.902575969696045,0.6485216021537781,9.9420747756958,-5.831745147705078,13.55135440826416,3.4149630069732666,18.536962509155273,3.6910693645477295,19.087692260742188,7.0,8000,říhání
discomfort,..\dataset\discomfort\10A40438-09AA-4A21-83B4-8119F03F7A11-1430925142-1.0-f-26-dc.wav,10A40438-09AA-4A21-83B4-8119F03F7A11-1430925142-1.0-f-26-dc.wav,.wav,1430925142,1.0,f,dívka,26,2–6 měsíců,dc,-92.71485137939453,109.84324645996094,19.822572708129883,33.447296142578125,-47.35085678100586,25.264183044433594,-30.24519920349121,24.176647186279297,-21.855501174926758,23.807567596435547,-8.129131317138672,13.764967918395996,-14.099006652832031,14.107287406921387,-8.989730834960938,11.8818941116333,-17.49272918701172,16.235929489135742,-0.15256090462207794,24.984468460083008,7.399752140045166,22.22958755493164,7.6918768882751465,22.43280792236328,-6.398167610168457,19.3427791595459,7.0,8000,nepohodlí
discomfort,..\dataset\discomfort\11417AC2-DCC9-48CD-8177-CA8665E51B2F-1436881512-1.1-m-48-dc.wav,11417AC2-DCC9-48CD-8177-CA8665E51B2F-1436881512-1.1-m-48-dc.wav,.wav,1436881512,1.1,m,chlapec,48,4–8 týdnů,dc,-222.32118225097656,48.6905517578125,47.69840621948242,27.47833251953125,-14.20470905303955,16.542720794677734,-16.141008377075195,11.415266036987305,-16.002704620361328,10.10777759552002,-6.5318074226379395,12.821094512939453,-27.306598663330078,9.424181938171387,-18.704126358032227,7.520055770874023,-25.89895248413086,7.300361633300781,-13.571667671203613,6.45476770401001,-17.019886016845703,11.277776718139648,-4.23991060256958,12.788435935974121,-11.713736534118652,8.455984115600586,7.0,8000,nepohodlí
discomfort,..\dataset\discomfort\1309B82C-F146-46F0-A723-45345AFA6EA8-1430703937-1.0-f-48-dc.wav,1309B82C-F146-46F0-A723-45345AFA6EA8-1430703937-1.0-f-48-dc.wav,.wav,1430703937,1.0,f,dívka,48,4–8 týdnů,dc,-149.15672302246094,148.68739318847656,-11.770669937133789,36.54448699951172,-21.44487762451172,17.427310943603516,-9.719736099243164,15.305634498596191,-10.356513977050781,15.812721252441406,3.545459270477295,11.034330368041992,-10.622264862060547,9.28724193572998,-3.8730292320251465,6.808313846588135,-8.362361907958984,9.834991455078125,1.6531790494918823,7.732326507568359,-14.820685386657715,7.006743907928467,3.046786308288574,13.617743492126465,8.083807945251465,17.416122436523438,7.0,8000,nepohodlí
discomfort,..\dataset\discomfort\1309B82C-F146-46F0-A723-45345AFA6EA8-1430704008-1.0-f-48-dc.wav,1309B82C-F146-46F0-A723-45345AFA6EA8-1430704008-1.0-f-48-dc.wav,.wav,1430704008,1.0,f,dívka,48,4–8 týdnů,dc,-260.47357177734375,118.39034271240234,21.546092987060547,41.85277557373047,-14.384734153747559,18.082672119140625,-13.504375457763672,13.887297630310059,-25.66872787475586,13.313745498657227,-4.72769832611084,17.65879249572754,-14.491759300231934,11.237242698669434,-12.138601303100586,7.975295543670654,-13.388697624206543,9.469964981079102,-6.726487159729004,8.784198760986328,-13.667649269104004,6.684258937835693,-2.6921322345733643,13.482447624206543,-3.685842275619507,14.226825714111328,7.0,8000,nepohodlí
discomfort,..\dataset\discomfort\1309B82C-F146-46F0-A723-45345AFA6EA8-1432801693-1.1-f-26-dc.wav,1309B82C-F146-46F0-A723-45345AFA6EA8-1432801693-1.1-f-26-dc.wav,.wav,1432801693,1.1,f,dívka,26,2–6 měsíců,dc,-131.2797088623047,148.23623657226562,21.205909729003906,34.836605072021484,-34.534603118896484,22.012388229370117,-33.751319885253906,21.362972259521484,-33.04423904418945,27.978450775146484,5.8399457931518555,11.478547096252441,-20.564889907836914,11.617548942565918,-2.1414170265197754,14.826741218566895,-11.258944511413574,9.332754135131836,-2.2738287448883057,12.443648338317871,-4.5686163902282715,11.647388458251953,3.843930244445801,14.391275405883789,8.31321907043457,17.568937301635742,7.0,8000,nepohodlí
discomfort,..\dataset\discomfort\1309B82C-F146-46F0-A723-45345AFA6EA8-1432801703-1.1-f-26-dc.wav,1309B82C-F146-46F0-A723-45345AFA6EA8-1432801703-1.1-f-26-dc.wav,.wav,1432801703,1.1,f,dívka,26,2–6 měsíců,dc,-54.086891174316406,112.35765838623047,2.185516119003296,29.398717880249023,-43.18614196777344,21.189870834350586,-25.630796432495117,21.879114151000977,-28.370182037353516,27.17546844482422,9.276161193847656,9.70444107055664,-20.421064376831055,11.340041160583496,1.985293984413147,15.341113090515137,-10.195063591003418,9.792619705200195,2.713641405105591,11.534777641296387,-3.836108684539795,9.796662330627441,3.431432008743286,12.886082649230957,10.172958374023438,15.588129043579102,7.0,8000,nepohodlí
discomfort,..\dataset\discomfort\2294E2B2-8E36-4DA6-A898-B947CB9446AB-1436462707-1.1-m-26-dc.wav,2294E2B2-8E36-4DA6-A898-B947CB9446AB-1436462707-1.1-m-26-dc.wav,.wav,1436462707,1.1,m,chlapec,26,2–6 měsíců,dc,-185.0183563232422,111.47221374511719,28.312467575073242,54.347930908203125,-7.688592910766602,17.44643211364746,7.803135395050049,13.46596622467041,-12.741518020629883,17.859350204467773,2.0329651832580566,11.111723899841309,-3.5759408473968506,11.108502388000488,-19.9948673248291,11.05312442779541,-14.438426971435547,12.269991874694824,-12.596196174621582,17.275724411010742,-11.326845169067383,17.094406127929688,2.7432620525360107,19.660579681396484,-8.864108085632324,14.592377662658691,7.0,8000,nepohodlí
discomfort,..\dataset\discomfort\64acb345-a61e-4ef3-a5a6-cf83c04b83f1-1430058990597-1.7-m-72-dc.wav,64acb345-a61e-4ef3-a5a6-cf83c04b83f1-1430058990597-1.7-m-72-dc.wav,.wav,1430058990597,1.7,m,chlapec,72,7 měsíců–2 roky,dc,-151.32699584960938,85.59380340576172,39.3098258972168,26.822341918945312,-45.877891540527344,32.93549728393555,-12.443055152893066,27.797094345092773,-37.64921569824219,22.66227912902832,-6.565715789794922,16.031051635742188,-3.2120378017425537,17.246084213256836,-7.274230480194092,10.970989227294922,-0.08523722738027573,16.12589454650879,2.608938694000244,15.749794006347656,-13.056901931762695,16.309202194213867,-4.674003601074219,10.812041282653809,-11.347643852233887,13.054729461669922,6.66,8000,nepohodlí
discomfort,..\dataset\discomfort\64acb345-a61e-4ef3-a5a6-cf83c04b83f1-1430059012473-1.7-m-72-dc.wav,64acb345-a61e-4ef3-a5a6-cf83c04b83f1-1430059012473-1.7-m-72-dc.wav,.wav,1430059012473,1.7,m,chlapec,72,7 měsíců–2 roky,dc,-78.56250762939453,87.46727752685547,-9.548763275146484,33.43302917480469,-70.9514389038086,33.40232849121094,-1.1109013557434082,22.411598205566406,-16.634151458740234,16.40279197692871,8.628813743591309,12.111790657043457,-21.436491012573242,11.488443374633789,-6.688371181488037,13.870709419250488,-0.06268571317195892,17.13888168334961,-0.7181362509727478,18.36649513244629,4.443070411682129,19.033710479736328,-5.997080326080322,22.00801658630371,-10.875304222106934,20.118982315063477,6.68,8000,nepohodlí
discomfort,..\dataset\discomfort\665BDF6D-2897-49F9-8AD0-978B3B2A0468-1430530218-1.0-m-26-dc.wav,665BDF6D-2897-49F9-8AD0-978B3B2A0468-1430530218-1.0-m-26-dc.wav,.wav,1430530218,1.0,m,chlapec,26,2–6 měsíců,dc,-345.51239013671875,103.12894439697266,43.545169830322266,23.498851776123047,-28.245403289794922,25.468257904052734,-12.453754425048828,13.015528678894043,-28.273027420043945,14.05744743347168,-2.3870344161987305,10.248645782470703,-13.47304916381836,11.240911483764648,-10.933883666992188,8.580218315124512,-14.185173034667969,10.475438117980957,-12.758370399475098,7.687394618988037,-13.955122947692871,7.492176532745361,-12.456149101257324,5.086086273193359,-14.469925880432129,7.029196739196777,7.0,8000,nepohodlí
discomfort,..\dataset\discomfort\79FF400A-97E2-4701-987D-C7C850D5523C-1430089621-1.0-f-48-dc.wav,79FF400A-97E2-4701-987D-C7C850D5523C-1430089621-1.0-f-48-dc.wav,.wav,1430089621,1.0,f,dívka,48,4–8 týdnů,dc,-314.3143005371094,100.58538055419922,36.1910285949707,46.14781188964844,-5.270711898803711,19.766002655029297,-0.38215041160583496,12.664885520935059,-13.485686302185059,11.310123443603516,-11.599169731140137,13.597494125366211,-18.936613082885742,10.189802169799805,-12.767104148864746,13.166261672973633,-15.649128913879395,8.186602592468262,-11.513749122619629,13.6653413772583,-8.81503677368164,11.374714851379395,-7.151432991027832,15.148567199707031,-15.776741981506348,8.005632400512695,7.0,8000,nepohodlí
discomfort,..\dataset\discomfort\79FF400A-97E2-4701-987D-C7C850D5523C-1430089688-1.0-f-48-dc.wav,79FF400A-97E2-4701-987D-C7C850D5523C-1430089688-1.0-f-48-dc.wav,.wav,1430089688,1.0,f,dívka,48,4–8 týdnů,dc,-150.86990356445312,96.95978546142578,-19.797176361083984,32.50818634033203,-5.597549915313721,26.37204933166504,0.049229856580495834,12.264524459838867,-9.170202255249023,13.372879981994629,1.0863080024719238,12.402595520019531,-15.89197063446045,15.05396556854248,-2.9505600929260254,15.283020973205566,1.9549282789230347,15.309626579284668,0.3212459087371826,15.255148887634277,-9.142361640930176,17.050186157226562,-3.4683239459991455,14.969291687011719,-12.408079147338867,11.188298225402832,7.0,8000,nepohodlí
discomfort,..\dataset\discomfort\7b0e160e-0505-459e-8ecb-304d7afae9d2-1437486974312-1.7-m-04-dc.wav,7b0e160e-0505-459e-8ecb-304d7afae9d2-1437486974312-1.7-m-04-dc.wav,.wav,1437486974312,1.7,m,chlapec,04,0–4 týdny,dc,-222.48097229003906,104.45648956298828,106.59268188476562,36.14227294921875,-2.4459941387176514,15.407767295837402,7.357970714569092,15.147392272949219,-19.8787841796875,10.478172302246094,2.573098659515381,10.130837440490723,-10.899930953979492,7.678578853607178,11.729693412780762,9.277719497680664,-12.498250007629395,9.592658042907715,3.451673746109009,10.52782154083252,-14.000091552734375,9.447172164916992,0.6060935258865356,8.404118537902832,-9.115724563598633,10.27456283569336,6.9,8000,nepohodlí
discomfort,..\dataset\discomfort\837fd072-8704-4196-9ff1-1d2c07886e55-1432429478471-1.7-m-22-dc.wav,837fd072-8704-4196-9ff1-1d2c07886e55-1432429478471-1.7-m-22-dc.wav,.wav,1432429478471,1.7,m,chlapec,22,více než 2 roky,dc,-415.9891357421875,72.92782592773438,82.61308288574219,17.126819610595703,7.484903812408447,12.009183883666992,3.9459760189056396,14.21981430053711,-27.08070945739746,9.578701972961426,10.00117015838623,7.82077169418335,-17.231170654296875,10.68913459777832,-1.5277987718582153,7.761250019073486,-12.131385803222656,7.703512191772461,-5.606011867523193,7.100945472717285,-5.523251056671143,7.887094974517822,-6.887434005737305,7.156332015991211,1.944961428642273,9.396173477172852,6.96,8000,nepohodlí
discomfort,..\dataset\discomfort\999bf14b-e417-4b44-b746-9253f81efe38-1430844958178-1.7-m-04-ch.wav,999bf14b-e417-4b44-b746-9253f81efe38-1430844958178-1.7-m-04-ch.wav,.wav,1430844958178,1.7,m,chlapec,04,0–4 týdny,ch,-337.9720764160156,102.11154174804688,121.29639434814453,32.107322692871094,-52.74235916137695,30.51963233947754,9.147029876708984,18.74714469909668,-16.707530975341797,20.158119201660156,-17.82726287841797,10.637153625488281,-6.323812007904053,9.17447566986084,-0.6057846546173096,8.128637313842773,-7.763031959533691,7.484706401824951,-12.792732238769531,6.520215034484863,-16.207895278930664,10.843679428100586,-0.7601608037948608,18.19232177734375,6.27374267578125,19.93799591064453,6.9,8000,nepohodlí
discomfort,..\dataset\discomfort\999bf14b-e417-4b44-b746-9253f81efe38-1430844979531-1.7-m-04-ch.wav,999bf14b-e417-4b44-b746-9253f81efe38-1430844979531-1.7-m-04-ch.wav,.wav,1430844979531,1.7,m,chlapec,04,0–4 týdny,ch,-422.9921875,120.82577514648438,106.55255126953125,31.532289505004883,-27.649381637573242,40.03774642944336,6.959762096405029,15.826699256896973,-11.01735782623291,22.439327239990234,-13.697442054748535,9.78200912475586,-10.69233226776123,11.194881439208984,9.14149284362793,10.35118579864502,0.7432523369789124,8.04151725769043,-10.615111351013184,8.017951965332031,-11.700103759765625,11.247843742370605,-9.825087547302246,13.993581771850586,-10.805084228515625,12.365753173828125,6.9,8000,nepohodlí
discomfort,..\dataset\discomfort\999bf14b-e417-4b44-b746-9253f81efe38-1430844994519-1.7-m-04-ch.wav,999bf14b-e417-4b44-b746-9253f81efe38-1430844994519-1.7-m-04-ch.wav,.wav,1430844994519,1.7,m,chlapec,04,0–4 týdny,ch,-293.5322570800781,113.86986541748047,100.38008117675781,34.312355041503906,-58.37348937988281,33.231773376464844,1.4561583995819092,16.058408737182617,-40.30678176879883,23.572969436645508,-22.655345916748047,12.181042671203613,-5.276891708374023,8.028356552124023,-6.994253158569336,8.3095703125,-1.9810155630111694,9.433128356933594,-6.6434149742126465,9.415523529052734,-18.037796020507812,11.210624694824219,-5.967915058135986,13.44275951385498,-0.43915030360221863,18.51289176940918,6.9,8000,nepohodlí
discomfort,..\dataset\discomfort\999bf14b-e417-4b44-b746-9253f81efe38-1430845018393-1.7-m-26-ch.wav,999bf14b-e417-4b44-b746-9253f81efe38-1430845018393-1.7-m-26-ch.wav,.wav,1430845018393,1.7,m,chlapec,26,2–6 měsíců,ch,-360.9740905761719,111.3010025024414,101.45480346679688,28.875797271728516,-54.192039489746094,30.306015014648438,11.089274406433105,14.0056734085083,-4.415248394012451,33.52275466918945,-16.562543869018555,10.506292343139648,-9.532224655151367,7.971104145050049,3.1050777435302734,8.407190322875977,-5.860726356506348,7.2256269454956055,-10.07142162322998,8.155031204223633,-11.183380126953125,7.352503299713135,-12.269046783447266,10.05408000946045,-9.43604850769043,12.621557235717773,6.9,8000,nepohodlí
discomfort,..\dataset\discomfort\999bf14b-e417-4b44-b746-9253f81efe38-1430845035663-1.7-m-26-ch.wav,999bf14b-e417-4b44-b746-9253f81efe38-1430845035663-1.7-m-26-ch.wav,.wav,1430845035663,1.7,m,chlapec,26,2–6 měsíců,ch,-256.9288330078125,97.48230743408203,120.10926818847656,33.16903305053711,-66.33599853515625,26.89008140563965,2.277684450149536,13.244344711303711,-42.99770736694336,18.238540649414062,-23.339311599731445,13.860662460327148,-2.322166919708252,9.66258430480957,-5.879479885101318,8.836006164550781,-1.8593751192092896,8.576252937316895,-2.375474691390991,9.576064109802246,-16.826765060424805,9.874040603637695,-4.750281810760498,9.510510444641113,-5.760447978973389,15.55395221710205,6.9,8000,nepohodlí
discomfort,..\dataset\discomfort\a40b9b8d-e4bc-457a-badf-f38bdbc0c358-1430016981469-1.7-m-26-dc.wav,a40b9b8d-e4bc-457a-badf-f38bdbc0c358-1430016981469-1.7-m-26-dc.wav,.wav,1430016981469,1.7,m,chlapec,26,2–6 měsíců,dc,-38.726741790771484,90.41720581054688,49.74856185913086,54.03059005737305,-44.01255798339844,30.02067756652832,14.895480155944824,24.996545791625977,-16.70421600341797,16.905410766601562,19.72047996520996,17.86781883239746,-22.02861213684082,12.856566429138184,-11.95649528503418,13.43607234954834,-23.92637062072754,13.824487686157227,-10.423434257507324,15.493102073669434,-2.8937888145446777,13.989201545715332,1.6167991161346436,15.618152618408203,-18.075084686279297,14.248513221740723,6.96,8000,nepohodlí
discomfort,..\dataset\discomfort\ae5a462b-5424-4b5b-82d5-07ccb61654ab-1431064345173-1.7-f-48-dc.wav,ae5a462b-5424-4b5b-82d5-07ccb61654ab-1431064345173-1.7-f-48-dc.wav,.wav,1431064345173,1.7,f,dívka,48,4–8 týdnů,dc,-366.2728271484375,150.6466522216797,-10.215075492858887,53.469879150390625,-20.344778060913086,29.811721801757812,-10.367254257202148,24.731565475463867,-15.470762252807617,16.040834426879883,15.453103065490723,17.019363403320312,-20.729942321777344,15.518455505371094,1.0543195009231567,8.97282886505127,-14.680024147033691,9.437651634216309,-3.993293285369873,7.586613655090332,-9.939947128295898,10.350627899169922,3.426013469696045,17.924924850463867,1.9442205429077148,14.924079895019531,6.9,8000,nepohodlí
discomfort,..\dataset\discomfort\D1CB71F9-EF76-49B3-A703-41D557444D21-1436863419-1.1-f-26-dc.wav,D1CB71F9-EF76-49B3-A703-41D557444D21-1436863419-1.1-f-26-dc.wav,.wav,1436863419,1.1,f,dívka,26,2–6 měsíců,dc,-173.24754333496094,90.80659484863281,36.70371627807617,39.56882095336914,-32.522823333740234,21.637434005737305,-27.859994888305664,23.619279861450195,-25.35438346862793,22.495052337646484,7.247931480407715,11.107696533203125,-13.135077476501465,10.470787048339844,-3.7510359287261963,9.682777404785156,-12.470634460449219,9.584565162658691,-8.514728546142578,13.509814262390137,-12.756597518920898,10.877874374389648,-5.494614601135254,17.70125961303711,7.749851703643799,16.33571434020996,7.0,8000,nepohodlí
discomfort,..\dataset\discomfort\d6cda191-4962-4308-9a36-46d5648a95ed-1426942891562-1.4-f-48-dc.wav,d6cda191-4962-4308-9a36-46d5648a95ed-1426942891562-1.4-f-48-dc.wav,.wav,1426942891562,1.4,f,dívka,48,4–8 týdnů,dc,-478.51837158203125,74.0239028930664,54.538360595703125,36.08066177368164,8.215466499328613,16.520750045776367,23.64882469177246,14.047593116760254,-4.451491355895996,18.035554885864258,12.255853652954102,18.15403175354004,-6.322890758514404,13.59268856048584,4.390192031860352,8.224809646606445,-6.46484899520874,8.867499351501465,-2.1826324462890625,7.265316963195801,-7.276689529418945,9.939863204956055,7.046670436859131,13.589709281921387,6.871450901031494,12.44679069519043,6.82,8000,nepohodlí
discomfort,..\dataset\discomfort\d6cda191-4962-4308-9a36-46d5648a95ed-1431086262776-1.7-m-04-ch.wav,d6cda191-4962-4308-9a36-46d5648a95ed-1431086262776-1.7-m-04-ch.wav,.wav,1431086262776,1.7,m,chlapec,04,0–4 týdny,ch,-208.6408233642578,145.19186401367188,-28.164581298828125,31.970901489257812,-59.12639236450195,21.8861141204834,-10.630727767944336,19.902021408081055,-19.886157989501953,16.952674865722656,18.04429054260254,14.687728881835938,-23.957347869873047,11.963288307189941,13.951138496398926,10.215216636657715,-15.480292320251465,9.598700523376465,-11.093402862548828,11.276952743530273,-3.498539686203003,9.641382217407227,1.6541508436203003,8.53049087524414,-0.07978612929582596,13.491661071777344,6.84,8000,nepohodlí
discomfort,..\dataset\discomfort\d6cda191-4962-4308-9a36-46d5648a95ed-1431161889263-1.7-m-04-dc.wav,d6cda191-4962-4308-9a36-46d5648a95ed-1431161889263-1.7-m-04-dc.wav,.wav,1431161889263,1.7,m,chlapec,04,0–4 týdny,dc,-365.0646667480469,94.95694732666016,50.19888687133789,38.40106964111328,-34.64231491088867,32.78984451293945,-12.219489097595215,24.15475082397461,-29.30877113342285,14.677335739135742,13.719561576843262,9.520588874816895,-14.261921882629395,13.818283081054688,-1.2303013801574707,8.277052879333496,-16.369550704956055,8.947001457214355,-10.587885856628418,9.77316665649414,-14.062531471252441,9.064339637756348,-1.6299184560775757,10.899924278259277,2.775880813598633,16.198911666870117,6.84,8000,nepohodlí
discomfort,..\dataset\discomfort\f258a8e2-92cd-4843-9da4-80ed26ec8e10-1436944996156-1.7-f-26-ch.wav,f258a8e2-92cd-4843-9da4-80ed26ec8e10-1436944996156-1.7-f-26-ch.wav,.wav,1436944996156,1.7,f,dívka,26,2–6 měsíců,ch,-113.41600036621094,106.1925048828125,-17.937686920166016,45.54899978637695,-52.24597930908203,21.808271408081055,-23.484397888183594,25.767349243164062,-14.858336448669434,15.20083236694336,5.494740009307861,18.15631103515625,-22.988176345825195,10.89765453338623,4.239465713500977,9.78453540802002,-28.165176391601562,9.835521697998047,5.4472808837890625,9.776093482971191,-12.297320365905762,13.182297706604004,7.033980369567871,18.3991641998291,6.878535270690918,18.6362247467041,6.66,8000,nepohodlí
discomfort,..\dataset\discomfort\f5b29377-7cd6-4688-942c-5a07add39dc5-1437480263225-1.7-f-26-dc.wav,f5b29377-7cd6-4688-942c-5a07add39dc5-1437480263225-1.7-f-26-dc.wav,.wav,1437480263225,1.7,f,dívka,26,2–6 měsíců,dc,-59.975833892822266,94.16696166992188,8.526774406433105,51.97465133666992,-77.17168426513672,32.61366271972656,-30.404644012451172,29.483386993408203,-20.899221420288086,17.56458854675293,-8.395575523376465,11.824295997619629,-14.545073509216309,14.680534362792969,1.7809168100357056,11.665726661682129,-21.480792999267578,12.960558891296387,5.280625343322754,16.300907135009766,-2.8726823329925537,16.835979461669922,15.810467720031738,20.746910095214844,-6.891157150268555,19.779815673828125,7.06,8000,nepohodlí
hungry,..\dataset\hungry\02c3b725-26e4-4a2c-9336-04ddc58836d9-1430726196216-1.7-m-04-hu.wav,02c3b725-26e4-4a2c-9336-04ddc58836d9-1430726196216-1.7-m-04-hu.wav,.wav,1430726196216,1.7,m,chlapec,04,0–4 týdny,hu,-568.0740356445312,73.69398498535156,44.375850677490234,30.656259536743164,-9.359508514404297,21.396739959716797,-16.585304260253906,17.317808151245117,-16.919513702392578,14.47080135345459,0.03589986264705658,12.895761489868164,-7.76230525970459,8.58613395690918,-7.191183567047119,11.07208251953125,-5.200637340545654,9.294103622436523,-0.6672559380531311,7.800544261932373,-6.506864547729492,8.280892372131348,-7.154636859893799,10.199423789978027,-12.922103881835938,9.028651237487793,6.94,8000,hlad
hungry,..\dataset\hungry\02ead89b-aa02-453e-8b83-6ebde9fe7551-1430233132879-1.7-m-26-hu.wav,02ead89b-aa02-453e-8b83-6ebde9fe7551-1430233132879-1.7-m-26-hu.wav,.wav,1430233132879,1.7,m,chlapec,26,2–6 měsíců,hu,-421.58905029296875,119.43758392333984,65.18500518798828,26.212783813476562,-10.15598201751709,25.328067779541016,1.1647471189498901,14.804899215698242,-24.64792823791504,20.03864288330078,6.561694622039795,9.540177345275879,-14.611347198486328,10.462873458862305,-5.137232303619385,8.181282043457031,-16.129526138305664,7.8090434074401855,-5.208024024963379,6.991274833679199,-13.79879093170166,6.2694597244262695,-7.940896034240723,7.750946521759033,-11.587053298950195,6.929562091827393,6.9,8000,hlad
hungry,..\dataset\hungry\035c6b30-a145-42b9-8d0f-445cd9003d2c-1435948197257-1.7-m-04-hu.wav,035c6b30-a145-42b9-8d0f-445cd9003d2c-1435948197257-1.7-m-04-hu.wav,.wav,1435948197257,1.7,m,chlapec,04,0–4 týdny,hu,-111.77381896972656,86.2100601196289,-28.867273330688477,37.74760818481445,-44.031097412109375,14.177186012268066,1.1935250759124756,16.386781692504883,-29.17186164855957,12.721038818359375,1.5890978574752808,13.092528343200684,-27.777252197265625,11.597658157348633,7.112661361694336,9.528470993041992,-18.914167404174805,10.997847557067871,11.573474884033203,11.996942520141602,-3.124802827835083,12.006943702697754,-0.5283376574516296,19.8930606842041,-14.791401863098145,13.639213562011719,6.96,8000,hlad
hungry,..\dataset\hungry\03abcb8f-400a-47d8-ad82-7e4586cc06be-1431864192133-1.7-f-48-hu.wav,03abcb8f-400a-47d8-ad82-7e4586cc06be-1431864192133-1.7-f-48-hu.wav,.wav,1431864192133,1.7,f,dívka,48,4–8 týdnů,hu,-85.87159729003906,125.26831817626953,46.98664474487305,48.83091354370117,-18.539175033569336,17.44504737854004,-15.455029487609863,16.965057373046875,-8.54825496673584,11.166762351989746,16.833778381347656,11.003650665283203,-12.207056999206543,14.017753601074219,-11.452159881591797,12.276813507080078,-13.758394241333008,12.802729606628418,-3.883610486984253,13.090472221374512,-7.535373687744141,15.192267417907715,3.8972885608673096,13.692852973937988,-5.791179656982422,15.847575187683105,6.98,8000,hlad
hungry,..\dataset\hungry\045C5483-69E1-4BEC-B1D8-9286D174B9B2-1430102996-1.0-m-04-hu.wav,045C5483-69E1-4BEC-B1D8-9286D174B9B2-1430102996-1.0-m-04-hu.wav,.wav,1430102996,1.0,m,chlapec,04,0–4 týdny,hu,-217.7383575439453,93.25284576416016,39.18606185913086,23.340768814086914,-20.611656188964844,11.32197380065918,-5.593524932861328,11.890953063964844,-31.538471221923828,21.475847244262695,-19.693431854248047,14.2513427734375,-7.865711688995361,7.2534942626953125,-19.034334182739258,8.598922729492188,-3.0740270614624023,11.444679260253906,-3.896275758743286,17.862531661987305,0.8642289638519287,22.370725631713867,9.15670394897461,19.6723575592041,3.8075923919677734,21.93672752380371,7.0,8000,hlad
hungry,..\dataset\hungry\04c3386b-e6bc-4bd0-8456-d46ae21a73fc-1435305829013-1.7-f-26-hu.wav,04c3386b-e6bc-4bd0-8456-d46ae21a73fc-1435305829013-1.7-f-26-hu.wav,.wav,1435305829013,1.7,f,dívka,26,2–6 měsíců,hu,-498.7070007324219,93.38587188720703,39.84233474731445,22.6347713470459,-34.655540466308594,37.61876678466797,-13.578630447387695,13.39442253112793,-18.17216682434082,17.281967163085938,-4.229055404663086,12.844722747802734,-0.0427684523165226,8.907124519348145,-5.985446929931641,9.23087215423584,-6.700186729431152,8.878669738769531,-5.311862945556641,7.507700443267822,0.2168104499578476,12.885153770446777,8.317623138427734,14.984416007995605,-6.338345527648926,9.963208198547363,6.9,8000,hlad
hungry,..\dataset\hungry\0776b33b-c41a-4a2e-8b9c-f1c184be00c8-1437123838264-1.7-f-26-hu.wav,0776b33b-c41a-4a2e-8b9c-f1c184be00c8-1437123838264-1.7-f-26-hu.wav,.wav,1437123838264,1.7,f,dívka,26,2–6 měsíců,hu,-54.60811233520508,113.96451568603516,24.69055938720703,49.254547119140625,-48.837154388427734,30.90135383605957,11.910404205322266,19.31212043762207,-12.630520820617676,17.14612579345703,-24.404390335083008,12.081379890441895,-24.099931716918945,11.69761848449707,-2.020157814025879,12.357460975646973,-29.752092361450195,10.212450981140137,-5.17534875869751,11.881574630737305,-4.9108076095581055,11.75255298614502,-3.161005735397339,14.672028541564941,-7.470054626464844,14.527213096618652,6.96,8000,hlad
hungry,..\dataset\hungry\08E9485B-2772-444B-A636-77E14DD14A8C-1431493441-1.0-m-04-hu.wav,08E9485B-2772-444B-A636-77E14DD14A8C-1431493441-1.0-m-04-hu.wav,.wav,1431493441,1.0,m,chlapec,04,0–4 týdny,hu,-290.2750549316406,166.44349670410156,17.561771392822266,23.74979019165039,-32.07175827026367,22.69175910949707,-6.6785454750061035,13.33154582977295,-12.532709121704102,20.0368595123291,3.881575345993042,20.01289176940918,-12.692340850830078,12.835394859313965,-10.515711784362793,12.529030799865723,-13.647737503051758,7.950617790222168,-8.567030906677246,8.818739891052246,0.6679525971412659,7.843438625335693,-6.858051776885986,10.203476905822754,-1.2348045110702515,9.969347953796387,7.0,8000,hlad
hungry,..\dataset\hungry\08E9485B-2772-444B-A636-77E14DD14A8C-1431493453-1.0-m-04-hu.wav,08E9485B-2772-444B-A636-77E14DD14A8C-1431493453-1.0-m-04-hu.wav,.wav,1431493453,1.0,m,chlapec,04,0–4 týdny,hu,-421.2562255859375,85.69043731689453,49.38433074951172,16.90105628967285,-23.930187225341797,19.912429809570312,-3.37504243850708,12.830161094665527,-13.618712425231934,12.425253868103027,-14.690061569213867,17.927061080932617,-21.173566818237305,10.693633079528809,-18.953577041625977,10.086930274963379,-19.318227767944336,8.838886260986328,-14.59278678894043,6.930745601654053,-3.414238214492798,6.785552978515625,3.547128915786743,6.172354698181152,-4.805267333984375,5.784249305725098,7.0,8000,hlad
hungry,..\dataset\hungry\090C15A8-5406-4EA5-97A3-81F6527227C0-1430147515-1.0-m-72-hu.wav,090C15A8-5406-4EA5-97A3-81F6527227C0-1430147515-1.0-m-72-hu.wav,.wav,1430147515,1.0,m,chlapec,72,7 měsíců–2 roky,hu,-224.51010131835938,128.12393188476562,6.573017597198486,31.55602264404297,-32.974365234375,23.56288719177246,4.975444793701172,17.681325912475586,-19.93408203125,21.215734481811523,-22.371959686279297,13.565696716308594,-7.9904398918151855,9.559621810913086,-11.202937126159668,15.690557479858398,-10.256088256835938,10.46293830871582,-1.9611420631408691,14.232732772827148,-9.9512939453125,18.20418357849121,0.5631660223007202,11.979379653930664,-7.450585842132568,13.610316276550293,7.0,8000,hlad
hungry,..\dataset\hungry\090C15A8-5406-4EA5-97A3-81F6527227C0-1430147525-1.0-m-72-hu.wav,090C15A8-5406-4EA5-97A3-81F6527227C0-1430147525-1.0-m-72-hu.wav,.wav,1430147525,1.0,m,chlapec,72,7 měsíců–2 roky,hu,-264.5911865234375,140.46212768554688,22.287002563476562,35.98019027709961,-35.82571792602539,23.45364761352539,8.184432029724121,14.628390312194824,-16.776893615722656,16.801969528198242,-23.72353744506836,14.021484375,-3.813814640045166,10.677994728088379,-9.401342391967773,13.91315746307373,-10.922335624694824,10.72304916381836,-0.3000878691673279,15.04891586303711,-14.02979850769043,16.36852264404297,-4.996004581451416,11.5950288772583,-9.16767692565918,9.259967803955078,7.0,8000,hlad
hungry,..\dataset\hungry\090C15A8-5406-4EA5-97A3-81F6527227C0-1430147533-1.0-m-72-hu.wav,090C15A8-5406-4EA5-97A3-81F6527227C0-1430147533-1.0-m-72-hu.wav,.wav,1430147533,1.0,m,chlapec,72,7 měsíců–2 roky,hu,-275.3030090332031,116.27233123779297,48.35050582885742,28.68599510192871,-36.80153274536133,28.262004852294922,-8.172365188598633,15.939165115356445,-19.943880081176758,23.85976219177246,-37.3909797668457,18.092554092407227,-15.117803573608398,16.458656311035156,-3.4526517391204834,9.167558670043945,-17.253870010375977,14.484891891479492,-5.23330545425415,17.14714813232422,-3.738939046859741,16.314186096191406,-6.748587131500244,15.971976280212402,-14.159424781799316,13.878538131713867,7.0,8000,hlad
hungry,..\dataset\hungry\090C15A8-5406-4EA5-97A3-81F6527227C0-1430147582-1.0-m-72-hu.wav,090C15A8-5406-4EA5-97A3-81F6527227C0-1430147582-1.0-m-72-hu.wav,.wav,1430147582,1.0,m,chlapec,72,7 měsíců–2 roky,hu,-303.3211669921875,84.72608947753906,40.76004409790039,18.749086380004883,-34.76042556762695,21.73832893371582,-11.180428504943848,13.90493392944336,-27.860599517822266,14.091451644897461,-32.31488800048828,9.993468284606934,-14.86246109008789,9.531407356262207,-5.505242347717285,13.99302864074707,-15.221961975097656,12.3233060836792,-2.4944982528686523,13.055455207824707,-24.39870834350586,8.316195487976074,-6.155569553375244,9.484687805175781,-7.622797012329102,14.096860885620117,7.0,8000,hlad
hungry,..\dataset\hungry\0a983cd2-0078-4698-a048-99ac01eb167a-1433917038889-1.7-f-04-hu.wav,0a983cd2-0078-4698-a048-99ac01eb167a-1433917038889-1.7-f-04-hu.wav,.wav,1433917038889,1.7,f,dívka,04,0–4 týdny,hu,-206.33892822265625,74.80497741699219,2.7729196548461914,32.417236328125,-35.8496208190918,12.184151649475098,-29.075469970703125,15.812678337097168,-41.66139602661133,16.26678466796875,8.216121673583984,16.732418060302734,-36.988685607910156,13.415483474731445,16.50127410888672,18.017534255981445,-3.225633382797241,10.445707321166992,7.997499465942383,16.01621437072754,-18.302080154418945,17.76264190673828,-10.450032234191895,9.769365310668945,-11.767007827758789,8.45752239227295,6.84,8000,hlad
hungry,..\dataset\hungry\0c8f14a9-6999-485b-97a2-913c1cbf099c-1430760379259-1.7-m-26-hu.wav,0c8f14a9-6999-485b-97a2-913c1cbf099c-1430760379259-1.7-m-26-hu.wav,.wav,1430760379259,1.7,m,chlapec,26,2–6 měsíců,hu,-301.1060791015625,157.44129943847656,4.509782314300537,52.479183197021484,-9.84415054321289,36.25806427001953,13.222092628479004,18.635494232177734,-11.945165634155273,13.724987983703613,-1.1432641744613647,13.004485130310059,-17.739612579345703,14.87157154083252,-2.803722620010376,12.108290672302246,-14.761800765991211,9.253734588623047,-3.4980854988098145,8.378461837768555,-12.705673217773438,8.934213638305664,-0.8847102522850037,13.937870979309082,-2.642958641052246,14.442898750305176,6.94,8000,hlad
hungry,..\dataset\hungry\0c8f14a9-6999-485b-97a2-913c1cbf099c-1430760394426-1.7-m-26-hu.wav,0c8f14a9-6999-485b-97a2-913c1cbf099c-1430760394426-1.7-m-26-hu.wav,.wav,1430760394426,1.7,m,chlapec,26,2–6 měsíců,hu,-257.6497497558594,161.7647247314453,14.235115051269531,46.28226852416992,-7.489189147949219,34.37906265258789,3.089426040649414,21.048845291137695,-18.932710647583008,21.761940002441406,2.0867629051208496,15.491887092590332,-9.908246040344238,11.993745803833008,-15.064179420471191,12.649020195007324,-13.424424171447754,7.921999454498291,-3.344008445739746,10.232311248779297,-11.69064712524414,8.091736793518066,-5.0793352127075195,9.542838096618652,-4.460681438446045,12.097309112548828,6.96,8000,hlad
hungry,..\dataset\hungry\0D1AD73E-4C5E-45F3-85C4-9A3CB71E8856-1430742197-1.0-m-04-hu.wav,0D1AD73E-4C5E-45F3-85C4-9A3CB71E8856-1430742197-1.0-m-04-hu.wav,.wav,1430742197,1.0,m,chlapec,04,0–4 týdny,hu,-192.19334411621094,92.43038940429688,29.917810440063477,25.348705291748047,-41.140472412109375,20.372581481933594,-9.511506080627441,14.838472366333008,-39.476104736328125,19.75442123413086,-21.477519989013672,15.392693519592285,8.396788597106934,15.525005340576172,-9.060335159301758,11.509917259216309,-8.732182502746582,13.290885925292969,0.8469473123550415,18.3497257232666,-11.027328491210938,17.41632652282715,1.5576059818267822,19.54300880432129,-5.513721466064453,15.148629188537598,7.0,8000,hlad
hungry,..\dataset\hungry\0f257dac-7d6f-4575-9192-e3b4dcd3d4ef-1430185441581-1.7-f-26-hu.wav,0f257dac-7d6f-4575-9192-e3b4dcd3d4ef-1430185441581-1.7-f-26-hu.wav,.wav,1430185441581,1.7,f,dívka,26,2–6 měsíců,hu,-171.4108123779297,109.78196716308594,53.338748931884766,28.535846710205078,-5.8167219161987305,33.98119354248047,23.653152465820312,24.671743392944336,-4.303110599517822,22.96744728088379,16.75359344482422,16.73828125,-6.568855285644531,14.11126708984375,-5.5826215744018555,11.090806007385254,-5.432919502258301,11.759198188781738,1.0529032945632935,13.01285171508789,-4.450196266174316,12.127799987792969,-4.275534152984619,11.88237476348877,-10.552289962768555,8.480392456054688,6.96,8000,hlad
hungry,..\dataset\hungry\0F4B1065-4012-47C8-88B7-ACE11B1A536E-1430038775-1.0-m-04-hu.wav,0F4B1065-4012-47C8-88B7-ACE11B1A536E-1430038775-1.0-m-04-hu.wav,.wav,1430038775,1.0,m,chlapec,04,0–4 týdny,hu,-91.08793640136719,108.7978515625,9.903332710266113,36.329410552978516,-20.64569854736328,16.802127838134766,-18.788604736328125,17.951457977294922,-13.075439453125,17.664751052856445,5.252213001251221,12.724892616271973,-14.052769660949707,11.586888313293457,-5.2094831466674805,10.807833671569824,-17.001569747924805,7.714156150817871,1.8825873136520386,12.37598991394043,-4.883769989013672,16.961029052734375,-0.10998807102441788,12.283700942993164,-2.085829257965088,19.49916648864746,7.0,8000,hlad
hungry,..\dataset\hungry\101c6709-39fb-44dc-b905-7cbeed5714a2-1434361963544-1.7-f-04-hu.wav,101c6709-39fb-44dc-b905-7cbeed5714a2-1434361963544-1.7-f-04-hu.wav,.wav,1434361963544,1.7,f,dívka,04,0–4 týdny,hu,-412.73431396484375,139.63214111328125,9.399618148803711,44.30441665649414,-14.175633430480957,39.912696838378906,-23.909029006958008,25.020009994506836,7.307353496551514,23.583372116088867,-6.627890586853027,20.79897689819336,-1.7724202871322632,13.227716445922852,0.07206480950117111,12.903592109680176,-3.9539694786071777,12.294587135314941,3.29050612449646,9.638626098632812,-12.427576065063477,10.751114845275879,4.135159969329834,11.332953453063965,-5.537065505981445,10.72170639038086,6.96,8000,hlad
hungry,..\dataset\hungry\10A40438-09AA-4A21-83B4-8119F03F7A11-1430848034-1.0-f-26-hu.wav,10A40438-09AA-4A21-83B4-8119F03F7A11-1430848034-1.0-f-26-hu.wav,.wav,1430848034,1.0,f,dívka,26,2–6 měsíců,hu,-135.1334228515625,89.64547729492188,17.896522521972656,40.9550895690918,-41.9409065246582,23.337665557861328,-21.359533309936523,19.23004722595215,-18.81788444519043,24.670087814331055,-7.000164031982422,11.070208549499512,-22.821325302124023,15.143959045410156,-13.876299858093262,11.695270538330078,-6.681240081787109,20.723251342773438,6.529382228851318,23.531320571899414,8.369386672973633,20.044864654541016,1.5767228603363037,20.991838455200195,-14.740667343139648,17.528709411621094,7.0,8000,hlad
hungry,..\dataset\hungry\10A40438-09AA-4A21-83B4-8119F03F7A11-1430848060-1.0-f-26-hu.wav,10A40438-09AA-4A21-83B4-8119F03F7A11-1430848060-1.0-f-26-hu.wav,.wav,1430848060,1.0,f,dívka,26,2–6 měsíců,hu,-66.18218231201172,76.73062896728516,-11.319096565246582,33.08505630493164,-17.5081844329834,22.467647552490234,-30.855262756347656,21.337509155273438,-23.461254119873047,17.515283584594727,5.265229225158691,14.35692310333252,-14.480108261108398,12.640580177307129,-4.300076007843018,10.596420288085938,-10.250406265258789,15.669766426086426,6.574911117553711,18.031545639038086,6.140374183654785,16.650413513183594,1.2444146871566772,16.580310821533203,-5.503608703613281,13.367738723754883,7.0,8000,hlad
hungry,..\dataset\hungry\10A40438-09AA-4A21-83B4-8119F03F7A11-1430848070-1.0-f-26-hu.wav,10A40438-09AA-4A21-83B4-8119F03F7A11-1430848070-1.0-f-26-hu.wav,.wav,1430848070,1.0,f,dívka,26,2–6 měsíců,hu,-72.38951110839844,93.99234771728516,-30.483623504638672,24.716665267944336,-7.6153669357299805,23.233238220214844,-15.688797950744629,19.289827346801758,-11.2761812210083,10.321742057800293,14.59919548034668,13.248062133789062,-15.990416526794434,14.664764404296875,-6.850979328155518,12.370448112487793,-11.525842666625977,14.559613227844238,2.445035934448242,12.91355037689209,-3.523451089859009,13.337221145629883,5.917862415313721,15.963425636291504,-5.4812397956848145,16.230836868286133,7.0,8000,hlad
hungry,..\dataset\hungry\10A40438-09AA-4A21-83B4-8119F03F7A11-1430848101-1.0-f-26-hu.wav,10A40438-09AA-4A21-83B4-8119F03F7A11-1430848101-1.0-f-26-hu.wav,.wav,1430848101,1.0,f,dívka,26,2–6 měsíců,hu,-68.61106872558594,90.19657897949219,-14.741002082824707,39.98359298706055,-13.60017204284668,22.108333587646484,-28.247068405151367,24.802762985229492,-27.48273277282715,19.171430587768555,2.4861557483673096,10.91414737701416,-6.551772594451904,15.413658142089844,-5.5868096351623535,10.769660949707031,-6.5335893630981445,15.717822074890137,3.908637762069702,17.913185119628906,-1.4962795972824097,15.88760757446289,-3.114753484725952,15.44095516204834,-3.9302821159362793,14.44491195678711,7.0,8000,hlad
hungry,..\dataset\hungry\10A40438-09AA-4A21-83B4-8119F03F7A11-1430925172-1.0-f-26-hu.wav,10A40438-09AA-4A21-83B4-8119F03F7A11-1430925172-1.0-f-26-hu.wav,.wav,1430925172,1.0,f,dívka,26,2–6 měsíců,hu,-131.26861572265625,164.7962646484375,14.80827522277832,38.322818756103516,-25.853059768676758,23.103416442871094,-35.836002349853516,26.565528869628906,-28.423229217529297,24.009714126586914,5.525880336761475,14.551115036010742,-10.205299377441406,17.07910919189453,-4.636955261230469,12.019816398620605,-15.752732276916504,13.851036071777344,-0.5507723689079285,20.112180709838867,-1.7425143718719482,13.217788696289062,-2.54378604888916,13.384798049926758,-4.978819370269775,12.229423522949219,7.0,8000,hlad
hungry,..\dataset\hungry\11417AC2-DCC9-48CD-8177-CA8665E51B2F-1436881489-1.1-m-48-hu.wav,11417AC2-DCC9-48CD-8177-CA8665E51B2F-1436881489-1.1-m-48-hu.wav,.wav,1436881489,1.1,m,chlapec,48,4–8 týdnů,hu,-168.73361206054688,56.8361930847168,15.788874626159668,29.62584686279297,-10.16642951965332,16.226564407348633,-16.660263061523438,9.514873504638672,-16.36797523498535,9.759085655212402,4.231780529022217,7.8698649406433105,-25.5435848236084,7.736994743347168,-11.638589859008789,8.132425308227539,-13.677718162536621,10.681583404541016,-14.051445960998535,8.218683242797852,-15.581618309020996,15.38588809967041,1.2314574718475342,16.85663604736328,-8.514439582824707,12.297240257263184,7.0,8000,hlad
hungry,..\dataset\hungry\1259bcad-2308-46fa-9a36-b5d8f359886a-1430143617162-1.7-m-04-hu.wav,1259bcad-2308-46fa-9a36-b5d8f359886a-1430143617162-1.7-m-04-hu.wav,.wav,1430143617162,1.7,m,chlapec,04,0–4 týdny,hu,-191.15724182128906,135.1493377685547,2.937997579574585,32.72723388671875,-41.851505279541016,28.883085250854492,-41.274539947509766,27.531129837036133,-34.09264373779297,17.695178985595703,29.85375213623047,27.679407119750977,-40.19982147216797,19.49338150024414,2.818901300430298,13.512898445129395,-14.256217956542969,17.583751678466797,23.24049186706543,17.023937225341797,1.1856095790863037,13.60859203338623,-2.577101230621338,11.76170539855957,-15.78977108001709,13.297121047973633,6.86,8000,hlad
hungry,..\dataset\hungry\1259bcad-2308-46fa-9a36-b5d8f359886a-1430143644843-1.7-f-04-hu.wav,1259bcad-2308-46fa-9a36-b5d8f359886a-1430143644843-1.7-f-04-hu.wav,.wav,1430143644843,1.7,f,dívka,04,0–4 týdny,hu,-194.6149139404297,111.2486343383789,51.809505462646484,23.95907974243164,-85.66098022460938,26.643428802490234,-39.015892028808594,33.07716751098633,-33.08113479614258,15.542723655700684,18.212215423583984,20.28080940246582,-23.104990005493164,22.288589477539062,-9.403900146484375,13.49338436126709,-5.614902973175049,20.420928955078125,22.373502731323242,18.431047439575195,2.3763699531555176,14.519645690917969,-8.655536651611328,15.081701278686523,-18.227144241333008,12.31218433380127,6.86,8000,hlad
hungry,..\dataset\hungry\1259bcad-2308-46fa-9a36-b5d8f359886a-1430143668806-1.7-f-04-hu.wav,1259bcad-2308-46fa-9a36-b5d8f359886a-1430143668806-1.7-f-04-hu.wav,.wav,1430143668806,1.7,f,dívka,04,0–4 týdny,hu,-238.92372131347656,116.04011535644531,74.55706024169922,35.084720611572266,-61.09348678588867,34.58035659790039,-26.04880714416504,28.497825622558594,-24.484460830688477,17.716947555541992,14.443920135498047,18.799089431762695,-24.376291275024414,13.0115966796875,-10.412309646606445,9.802712440490723,-23.239282608032227,12.188015937805176,7.201206207275391,11.442212104797363,3.063728094100952,16.424348831176758,2.4790143966674805,13.230104446411133,-16.71303939819336,8.98246955871582,6.86,8000,hlad
hungry,..\dataset\hungry\1309B82C-F146-46F0-A723-45345AFA6EA8-1430059849-1.0-f-04-hu.wav,1309B82C-F146-46F0-A723-45345AFA6EA8-1430059849-1.0-f-04-hu.wav,.wav,1430059849,1.0,f,dívka,04,0–4 týdny,hu,-247.47044372558594,91.32024383544922,26.53934669494629,34.27906799316406,-22.456424713134766,19.076759338378906,-3.1660311222076416,14.699316024780273,-8.536093711853027,9.56112289428711,-3.623669385910034,8.061766624450684,-1.9528017044067383,8.362771987915039,-8.475103378295898,7.8714599609375,-17.532838821411133,5.14505672454834,-1.816253900527954,7.508113384246826,-17.88558006286621,8.190417289733887,-5.071744441986084,11.93423080444336,-13.002413749694824,15.370033264160156,7.0,8000,hlad
hungry,..\dataset\hungry\1445575b-80ad-477b-8e48-36194cac728e-1430244987914-1.7-f-48-hu.wav,1445575b-80ad-477b-8e48-36194cac728e-1430244987914-1.7-f-48-hu.wav,.wav,1430244987914,1.7,f,dívka,48,4–8 týdnů,hu,-239.46434020996094,91.14219665527344,79.92719268798828,17.037944793701172,-33.10416793823242,23.655960083007812,-32.59568405151367,18.478782653808594,-28.143646240234375,15.113601684570312,-15.184041976928711,11.515936851501465,-13.79889965057373,8.592573165893555,-8.001900672912598,7.976927280426025,-17.77200698852539,10.226447105407715,-7.196208953857422,9.110177040100098,-13.92026424407959,7.2325005531311035,-9.529210090637207,5.387887477874756,-7.853165626525879,6.827445983886719,6.78,8000,hlad
hungry,..\dataset\hungry\177dc72e-d0f8-47ef-a5a7-3b46878e11a0-1430736358754-1.7-f-26-hu.wav,177dc72e-d0f8-47ef-a5a7-3b46878e11a0-1430736358754-1.7-f-26-hu.wav,.wav,1430736358754,1.7,f,dívka,26,2–6 měsíců,hu,-178.60765075683594,128.59793090820312,35.29050827026367,24.890424728393555,-69.04634094238281,41.662803649902344,-12.224836349487305,14.19301700592041,-39.06074523925781,17.546667098999023,2.97421932220459,12.773354530334473,-14.11301040649414,10.568460464477539,-9.131918907165527,9.462369918823242,-8.593372344970703,12.96161937713623,-2.852900743484497,11.306617736816406,-3.6113688945770264,15.155470848083496,9.751241683959961,18.894081115722656,-2.5458483695983887,15.521063804626465,6.92,8000,hlad
hungry,..\dataset\hungry\177dc72e-d0f8-47ef-a5a7-3b46878e11a0-1430736533767-1.7-f-26-hu.wav,177dc72e-d0f8-47ef-a5a7-3b46878e11a0-1430736533767-1.7-f-26-hu.wav,.wav,1430736533767,1.7,f,dívka,26,2–6 měsíců,hu,-201.47447204589844,162.8900909423828,21.422428131103516,22.859113693237305,-38.95195007324219,32.78444290161133,10.842171669006348,16.14448356628418,-41.97175979614258,20.86688804626465,-7.496642589569092,11.414535522460938,-23.374940872192383,11.327797889709473,-3.287043809890747,11.10672378540039,-18.933622360229492,8.254110336303711,-2.9184601306915283,11.677990913391113,-6.912241458892822,12.813422203063965,5.840132236480713,20.047313690185547,0.6383247971534729,21.32520866394043,6.92,8000,hlad
hungry,..\dataset\hungry\177dc72e-d0f8-47ef-a5a7-3b46878e11a0-1430736549614-1.7-f-26-hu.wav,177dc72e-d0f8-47ef-a5a7-3b46878e11a0-1430736549614-1.7-f-26-hu.wav,.wav,1430736549614,1.7,f,dívka,26,2–6 měsíců,hu,-93.22132873535156,104.3760986328125,40.60918045043945,37.778507232666016,-34.63584518432617,24.879838943481445,1.791146993637085,22.851810455322266,-41.34465789794922,14.475618362426758,-1.882710576057434,19.713420867919922,-25.698440551757812,13.878011703491211,-5.408251762390137,14.048030853271484,-24.789424896240234,13.759041786193848,-0.013821328058838844,9.44260311126709,-11.024872779846191,12.598437309265137,-3.0530002117156982,11.79979419708252,-8.266510963439941,8.739898681640625,6.88,8000,hlad
hungry,..\dataset\hungry\189b78c6-9e78-43f2-bcb8-6cc8a462f4dc-1430807938301-1.7-m-22-hu.wav,189b78c6-9e78-43f2-bcb8-6cc8a462f4dc-1430807938301-1.7-m-22-hu.wav,.wav,1430807938301,1.7,m,chlapec,22,více než 2 roky,hu,-239.28709411621094,131.5003662109375,49.4058837890625,19.432756423950195,-20.09314727783203,19.960208892822266,-13.879491806030273,14.90334415435791,-32.52602767944336,19.4032039642334,-7.183994293212891,9.003816604614258,-20.63395881652832,14.475645065307617,-12.251873016357422,7.946785926818848,-2.428605794906616,4.709950923919678,-0.09954355657100677,10.741371154785156,17.026620864868164,16.538476943969727,11.959794998168945,16.523115158081055,-10.104670524597168,14.349974632263184,6.86,8000,hlad
hungry,..\dataset\hungry\19aae3d1-51c6-4ffb-aeb8-efb6ae7ba83e-1436861395462-1.7-m-48-hu.wav,19aae3d1-51c6-4ffb-aeb8-efb6ae7ba83e-1436861395462-1.7-m-48-hu.wav,.wav,1436861395462,1.7,m,chlapec,48,4–8 týdnů,hu,-289.14532470703125,143.35987854003906,52.79549026489258,22.084449768066406,-37.85820770263672,19.019075393676758,-24.868797302246094,24.646015167236328,-24.112850189208984,17.57921600341797,8.027870178222656,10.815847396850586,-16.099878311157227,10.13011360168457,-2.795224666595459,8.754922866821289,-19.74778938293457,13.536870956420898,-2.311424732208252,11.475894927978516,-5.105324745178223,13.076981544494629,2.8215065002441406,16.8306884765625,-5.792457103729248,12.144429206848145,6.66,8000,hlad
hungry,..\dataset\hungry\1abb2260-a652-4ba7-bd98-7d463312730f-1430041727150-1.7-m-04-hu.wav,1abb2260-a652-4ba7-bd98-7d463312730f-1430041727150-1.7-m-04-hu.wav,.wav,1430041727150,1.7,m,chlapec,04,0–4 týdny,hu,-197.19224548339844,111.70659637451172,36.58000183105469,34.90780258178711,-5.468074321746826,21.35076332092285,-3.176083564758301,20.557050704956055,-54.87085723876953,23.436918258666992,11.1768798828125,12.60103988647461,-41.52004623413086,15.981175422668457,-2.798673629760742,9.23922061920166,-20.24420166015625,10.956398010253906,-2.0496487617492676,6.66925573348999,-14.625551223754883,8.43713665008545,-4.145892143249512,11.000067710876465,6.911251068115234,15.667337417602539,6.9,8000,hlad
hungry,..\dataset\hungry\1b381a1e-88a6-4a48-b889-a5ccdf0aacaf-1430299568333-1.7-f-72-hu.wav,1b381a1e-88a6-4a48-b889-a5ccdf0aacaf-1430299568333-1.7-f-72-hu.wav,.wav,1430299568333,1.7,f,dívka,72,7 měsíců–2 roky,hu,-138.52340698242188,149.2165985107422,-13.556656837463379,50.85091018676758,-33.936824798583984,22.53971290588379,-21.407629013061523,21.03866195678711,-37.77473068237305,24.18692970275879,1.9115707874298096,11.883244514465332,-2.472320079803467,12.657727241516113,-1.0958064794540405,11.09798526763916,-6.0151591300964355,12.410555839538574,-3.6277761459350586,10.632963180541992,-7.830196857452393,10.609811782836914,8.10554313659668,13.00200366973877,-1.6378439664840698,12.919621467590332,6.9,8000,hlad
hungry,..\dataset\hungry\1f40790f-68f2-4e7e-845e-715bd97c82d0-1429979568422-1.7-m-04-hu.wav,1f40790f-68f2-4e7e-845e-715bd97c82d0-1429979568422-1.7-m-04-hu.wav,.wav,1429979568422,1.7,m,chlapec,04,0–4 týdny,hu,-144.44546508789062,113.44003295898438,36.52597427368164,25.60012435913086,-31.63467025756836,30.52372932434082,-13.456294059753418,21.488182067871094,-36.77136993408203,15.30550765991211,-7.169779300689697,16.959632873535156,-4.466951847076416,15.118050575256348,-13.04786491394043,13.280051231384277,-0.22413146495819092,12.577235221862793,1.133387565612793,11.16514778137207,1.1920071840286255,14.357138633728027,-4.3491129875183105,13.776960372924805,-13.88316822052002,11.95640754699707,6.86,8000,hlad
hungry,..\dataset\hungry\1f40790f-68f2-4e7e-845e-715bd97c82d0-1429979603276-1.7-m-72-hu.wav,1f40790f-68f2-4e7e-845e-715bd97c82d0-1429979603276-1.7-m-72-hu.wav,.wav,1429979603276,1.7,m,chlapec,72,7 měsíců–2 roky,hu,-295.7080078125,105.40819549560547,33.18906784057617,28.435300827026367,4.910933971405029,19.132814407348633,-9.097917556762695,13.700225830078125,-5.501096725463867,10.330159187316895,-10.85343074798584,12.562644004821777,-11.984397888183594,8.827420234680176,-13.449386596679688,9.544477462768555,-8.672357559204102,7.970632076263428,-6.690667152404785,7.076910018920898,-12.647394180297852,7.334273338317871,-8.203829765319824,7.531987190246582,-10.076532363891602,8.042433738708496,6.72,8000,hlad
hungry,..\dataset\hungry\20E2B5A0-40A4-4FD8-8935-AFD1DB833510-1430127670-1.0-m-26-hu.wav,20E2B5A0-40A4-4FD8-8935-AFD1DB833510-1430127670-1.0-m-26-hu.wav,.wav,1430127670,1.0,m,chlapec,26,2–6 měsíců,hu,-205.38381958007812,72.005859375,57.824161529541016,29.48797035217285,-7.096588611602783,33.2174072265625,18.79591178894043,13.229884147644043,-7.265940189361572,7.101438522338867,4.809292793273926,8.544034004211426,-6.1145243644714355,13.01161003112793,-15.549325942993164,6.5504255294799805,-18.875947952270508,6.769719123840332,-20.048805236816406,8.538451194763184,-21.041950225830078,7.787312030792236,-6.257316589355469,15.61557674407959,-7.060656547546387,17.52056884765625,7.0,8000,hlad
hungry,..\dataset\hungry\218e6fd7-f9c5-4490-afd7-c4fba174e7d2-1430209174300-1.7-m-72-hu.wav,218e6fd7-f9c5-4490-afd7-c4fba174e7d2-1430209174300-1.7-m-72-hu.wav,.wav,1430209174300,1.7,m,chlapec,72,7 měsíců–2 roky,hu,-264.4129638671875,138.3915557861328,51.067840576171875,33.299495697021484,-7.052701473236084,22.813583374023438,-9.037246704101562,18.031597137451172,-31.09459114074707,24.93451690673828,4.863527774810791,13.7967529296875,-10.360302925109863,11.976487159729004,-4.9374260902404785,8.510427474975586,-9.20297908782959,6.441920757293701,-15.888888359069824,11.764276504516602,-7.048828601837158,14.101885795593262,-1.822830319404602,13.15577507019043,-0.34176158905029297,16.34748077392578,7.04,8000,hlad
hungry,..\dataset\hungry\218e6fd7-f9c5-4490-afd7-c4fba174e7d2-1430209252819-1.7-m-72-hu.wav,218e6fd7-f9c5-4490-afd7-c4fba174e7d2-1430209252819-1.7-m-72-hu.wav,.wav,1430209252819,1.7,m,chlapec,72,7 měsíců–2 roky,hu,-422.7216796875,129.42324829101562,60.23053741455078,21.20134162902832,10.297587394714355,17.696584701538086,8.276473999023438,15.04622745513916,-14.139594078063965,22.949909210205078,-6.5093913078308105,10.753511428833008,-10.994768142700195,9.375052452087402,-4.194035053253174,6.09074068069458,-11.19137954711914,6.733420372009277,-8.234505653381348,4.704876899719238,-6.260599613189697,12.964550971984863,-9.442657470703125,8.87430477142334,-11.519301414489746,9.585338592529297,7.06,8000,hlad
hungry,..\dataset\hungry\21c07aff-0a8d-4e74-ad5e-e3c7f7bcb11b-1430031235662-1.7-m-04-hu.wav,21c07aff-0a8d-4e74-ad5e-e3c7f7bcb11b-1430031235662-1.7-m-04-hu.wav,.wav,1430031235662,1.7,m,chlapec,04,0–4 týdny,hu,-200.0476837158203,87.68937683105469,20.91744613647461,48.571434020996094,-51.21190643310547,22.72772216796875,-11.727998733520508,14.411711692810059,-36.4022216796875,22.567996978759766,-10.327030181884766,11.901679992675781,-4.268610954284668,10.254558563232422,4.811724662780762,15.872238159179688,2.0719289779663086,14.154800415039062,-2.920133590698242,11.351958274841309,-24.896039962768555,16.45633316040039,-1.7068352699279785,8.40501880645752,-7.327264308929443,7.4679951667785645,6.86,8000,hlad
hungry,..\dataset\hungry\21c07aff-0a8d-4e74-ad5e-e3c7f7bcb11b-1430105653796-1.7-m-04-hu.wav,21c07aff-0a8d-4e74-ad5e-e3c7f7bcb11b-1430105653796-1.7-m-04-hu.wav,.wav,1430105653796,1.7,m,chlapec,04,0–4 týdny,hu,-117.28104400634766,84.78046417236328,15.364927291870117,46.78431701660156,-48.151885986328125,16.255216598510742,0.12311359494924545,21.14784812927246,-25.60395622253418,14.054805755615234,-15.187199592590332,8.266488075256348,-4.613229751586914,11.86416244506836,-11.231355667114258,8.387459754943848,-15.653315544128418,9.67069149017334,3.190702199935913,11.120868682861328,-7.328302383422852,12.181452751159668,-7.613147258758545,6.821526527404785,-13.601808547973633,9.865898132324219,6.88,8000,hlad
hungry,..\dataset\hungry\22b43570-d440-475b-b2f1-e528c81081f7-1430663490095-1.7-m-04-hu.wav,22b43570-d440-475b-b2f1-e528c81081f7-1430663490095-1.7-m-04-hu.wav,.wav,1430663490095,1.7,m,chlapec,04,0–4 týdny,hu,-260.7940673828125,104.23893737792969,75.57662963867188,31.5588436126709,17.359338760375977,41.97306442260742,35.62318420410156,18.13376808166504,-8.388248443603516,14.356110572814941,-10.413361549377441,7.614579677581787,-7.787147521972656,9.7620267868042,-12.802450180053711,7.9485368728637695,-17.868629455566406,6.885190486907959,-12.147555351257324,8.39561939239502,-16.592647552490234,8.990500450134277,-6.717522144317627,12.437129020690918,-3.6305394172668457,16.539770126342773,6.96,8000,hlad
hungry,..\dataset\hungry\2439388A-9CF2-4D3B-9534-E6951FC9EAD4-1436877933-1.1-m-26-hu.wav,2439388A-9CF2-4D3B-9534-E6951FC9EAD4-1436877933-1.1-m-26-hu.wav,.wav,1436877933,1.1,m,chlapec,26,2–6 měsíců,hu,-290.5119934082031,80.40666961669922,53.01797866821289,20.123605728149414,-21.02720832824707,12.509958267211914,-1.1337864398956299,19.879270553588867,-21.526443481445312,13.811521530151367,-9.11451530456543,11.394027709960938,-14.599815368652344,5.483043193817139,-7.643637180328369,5.658900737762451,-11.283605575561523,6.288482666015625,-11.471674919128418,5.3452229499816895,-10.521963119506836,9.893123626708984,-7.825847625732422,8.403074264526367,-10.170526504516602,7.503631114959717,7.0,8000,hlad
hungry,..\dataset\hungry\2439388A-9CF2-4D3B-9534-E6951FC9EAD4-1436877944-1.1-m-26-hu.wav,2439388A-9CF2-4D3B-9534-E6951FC9EAD4-1436877944-1.1-m-26-hu.wav,.wav,1436877944,1.1,m,chlapec,26,2–6 měsíců,hu,-287.54327392578125,69.28438568115234,52.4340934753418,22.175487518310547,-19.162187576293945,18.57209587097168,-6.6423540115356445,18.215686798095703,-22.958559036254883,15.826210975646973,-12.802490234375,10.966196060180664,-17.898502349853516,8.287955284118652,-11.836250305175781,7.24315071105957,-8.304462432861328,6.264411926269531,-6.488563537597656,7.158915996551514,-5.704644203186035,10.236798286437988,-6.165900230407715,5.857726573944092,-8.397405624389648,7.3201727867126465,7.0,8000,hlad
hungry,..\dataset\hungry\2439388A-9CF2-4D3B-9534-E6951FC9EAD4-1436877953-1.1-m-26-hu.wav,2439388A-9CF2-4D3B-9534-E6951FC9EAD4-1436877953-1.1-m-26-hu.wav,.wav,1436877953,1.1,m,chlapec,26,2–6 měsíců,hu,-273.3079833984375,69.35311126708984,60.888545989990234,20.502206802368164,-22.297134399414062,16.297651290893555,-14.649219512939453,23.363910675048828,-21.548812866210938,16.40513801574707,-13.532739639282227,11.007761001586914,-10.025315284729004,6.562122344970703,-9.328363418579102,6.533867359161377,-8.551616668701172,7.2119832038879395,-11.756136894226074,9.20898151397705,-7.333830833435059,11.814440727233887,-6.593596935272217,11.515849113464355,-6.421765327453613,11.352134704589844,7.0,8000,hlad
hungry,..\dataset\hungry\24f2a4e1-7161-42a3-a2a2-a29a2422c0b8-1430814730789-1.7-f-26-hu.wav,24f2a4e1-7161-42a3-a2a2-a29a2422c0b8-1430814730789-1.7-f-26-hu.wav,.wav,1430814730789,1.7,f,dívka,26,2–6 měsíců,hu,-534.2437133789062,120.0577163696289,44.02455520629883,23.57875633239746,-10.588545799255371,24.2525577545166,-2.2239387035369873,15.979453086853027,-9.268876075744629,19.857938766479492,-6.993632793426514,7.570619583129883,-4.686703205108643,7.236767768859863,-7.596811771392822,5.077030181884766,-8.779247283935547,6.351676940917969,-3.146651268005371,7.5144219398498535,-7.463562488555908,8.915053367614746,-3.753796339035034,7.418138027191162,-6.226083278656006,9.025762557983398,6.88,8000,hlad
hungry,..\dataset\hungry\24f2a4e1-7161-42a3-a2a2-a29a2422c0b8-1430814741368-1.7-f-26-hu.wav,24f2a4e1-7161-42a3-a2a2-a29a2422c0b8-1430814741368-1.7-f-26-hu.wav,.wav,1430814741368,1.7,f,dívka,26,2–6 měsíců,hu,-445.856689453125,145.36465454101562,25.041942596435547,34.41477966308594,-14.574058532714844,34.11599349975586,5.698797702789307,16.349512100219727,-2.268528699874878,17.56351661682129,7.63544225692749,10.442479133605957,0.5211890935897827,10.498735427856445,-0.023022927343845367,8.822286605834961,-6.388358116149902,9.262311935424805,-7.71453857421875,6.591055393218994,-5.636410713195801,7.721679210662842,0.8849524259567261,10.724897384643555,-1.3516209125518799,8.961691856384277,6.92,8000,hlad
hungry,..\dataset\hungry\24f94b49-c8bc-4ed2-b43a-80b099f12936-1430534429690-1.7-m-04-hu.wav,24f94b49-c8bc-4ed2-b43a-80b099f12936-1430534429690-1.7-m-04-hu.wav,.wav,1430534429690,1.7,m,chlapec,04,0–4 týdny,hu,-120.90308380126953,110.75735473632812,60.84298324584961,38.518714904785156,-32.09636688232422,21.864755630493164,16.834035873413086,12.81530475616455,-17.219892501831055,13.074185371398926,10.553118705749512,8.292352676391602,-18.370452880859375,7.518052577972412,-7.038158416748047,7.180645942687988,-20.157825469970703,8.341578483581543,-2.8718855381011963,8.896681785583496,-10.395698547363281,10.92418384552002,0.1577339470386505,10.08091926574707,-18.19444465637207,10.136772155761719,6.86,8000,hlad
hungry,..\dataset\hungry\24f94b49-c8bc-4ed2-b43a-80b099f12936-1430534715095-1.7-m-04-hu.wav,24f94b49-c8bc-4ed2-b43a-80b099f12936-1430534715095-1.7-m-04-hu.wav,.wav,1430534715095,1.7,m,chlapec,04,0–4 týdny,hu,-94.20411682128906,122.82923126220703,60.163333892822266,27.938749313354492,-17.363706588745117,15.105728149414062,43.641239166259766,25.41919708251953,-24.29328727722168,15.165630340576172,8.910693168640137,10.484770774841309,-16.863380432128906,9.784357070922852,-3.695552349090576,8.156484603881836,-7.785790920257568,8.4818696975708,-9.954681396484375,7.225747108459473,-17.166709899902344,11.100728988647461,-2.3254916667938232,8.747970581054688,-13.168262481689453,10.4321870803833,6.86,8000,hlad
hungry,..\dataset\hungry\2562ad82-485a-44c2-ad25-f70fce71480b-1430045593479-1.7-m-72-hu.wav,2562ad82-485a-44c2-ad25-f70fce71480b-1430045593479-1.7-m-72-hu.wav,.wav,1430045593479,1.7,m,chlapec,72,7 měsíců–2 roky,hu,-139.2872314453125,164.65794372558594,6.71158504486084,51.0836181640625,-23.660770416259766,29.2801570892334,13.539495468139648,18.63042640686035,-10.699060440063477,19.81130027770996,13.793803215026855,20.82481575012207,-7.849193572998047,19.48980712890625,-0.4974431097507477,16.799028396606445,-10.776862144470215,17.260740280151367,-9.201789855957031,13.88730525970459,-4.8590087890625,12.119370460510254,-1.405676007270813,8.266456604003906,-10.198702812194824,11.59682846069336,6.98,8000,hlad
hungry,..\dataset\hungry\2602b7c2-e96d-42f6-9767-f1ae74925ef8-1431376228657-1.7-f-22-hu.wav,2602b7c2-e96d-42f6-9767-f1ae74925ef8-1431376228657-1.7-f-22-hu.wav,.wav,1431376228657,1.7,f,dívka,22,více než 2 roky,hu,-344.4060363769531,67.0103530883789,55.76521682739258,21.019433975219727,-22.641082763671875,15.098621368408203,-4.692046642303467,13.05671501159668,-24.160306930541992,11.6359281539917,-5.381071090698242,10.17004680633545,-26.54552459716797,8.479973793029785,-6.447043418884277,8.609854698181152,-18.079700469970703,7.598124027252197,-4.675411224365234,6.552255630493164,-14.265742301940918,6.967345714569092,-4.003353118896484,9.374611854553223,-7.1637959480285645,16.24560546875,6.92,8000,hlad
hungry,..\dataset\hungry\2a0e6a88-b049-4f46-a3d6-d73ffae470d5-1430770144865-1.7-m-04-hu.wav,2a0e6a88-b049-4f46-a3d6-d73ffae470d5-1430770144865-1.7-m-04-hu.wav,.wav,1430770144865,1.7,m,chlapec,04,0–4 týdny,hu,-285.2994079589844,122.33406829833984,64.21563720703125,34.46035385131836,-14.010734558105469,28.942224502563477,-6.140167713165283,15.42162799835205,-1.2868603467941284,19.451980590820312,-11.04911994934082,22.098623275756836,-18.02968406677246,9.533520698547363,-20.65325164794922,10.267720222473145,-11.565888404846191,8.865385055541992,-9.310600280761719,10.959075927734375,-7.751563549041748,9.959485054016113,-7.4214277267456055,9.794571876525879,-12.113995552062988,5.864105224609375,6.96,8000,hlad
hungry,..\dataset\hungry\2a0e6a88-b049-4f46-a3d6-d73ffae470d5-1430770161530-1.7-m-04-hu.wav,2a0e6a88-b049-4f46-a3d6-d73ffae470d5-1430770161530-1.7-m-04-hu.wav,.wav,1430770161530,1.7,m,chlapec,04,0–4 týdny,hu,-177.63885498046875,139.15005493164062,36.55754852294922,42.30283737182617,-34.35251998901367,24.131614685058594,-8.595757484436035,19.039684295654297,-26.731101989746094,22.306276321411133,-3.524547576904297,15.969585418701172,-3.3582184314727783,12.02302360534668,-13.166041374206543,12.227115631103516,-17.096935272216797,9.007198333740234,-11.7565279006958,8.208366394042969,-9.913954734802246,11.791337966918945,-0.27077755331993103,18.2976016998291,1.638586163520813,18.87002182006836,6.94,8000,hlad
hungry,..\dataset\hungry\2ad6d558-32f2-4bfd-99c5-cbd31ee3bb11-1430064396119-1.7-m-72-hu.wav,2ad6d558-32f2-4bfd-99c5-cbd31ee3bb11-1430064396119-1.7-m-72-hu.wav,.wav,1430064396119,1.7,m,chlapec,72,7 měsíců–2 roky,hu,-248.2758026123047,88.84537506103516,63.68940734863281,26.116256713867188,-20.60384750366211,20.484142303466797,-40.861209869384766,17.23170280456543,-35.58617401123047,19.700132369995117,-12.899974822998047,14.804727554321289,-12.408736228942871,11.640637397766113,-2.809706687927246,11.60327434539795,-16.88629913330078,9.504887580871582,-2.2781689167022705,11.59238052368164,-5.248690128326416,7.231750011444092,-2.4671878814697266,13.087395668029785,-4.685391902923584,14.975361824035645,6.72,8000,hlad
hungry,..\dataset\hungry\2e25d0a5-0b2b-44ef-8491-e445b16ea75c-1430056314272-1.7-f-26-hu.wav,2e25d0a5-0b2b-44ef-8491-e445b16ea75c-1430056314272-1.7-f-26-hu.wav,.wav,1430056314272,1.7,f,dívka,26,2–6 měsíců,hu,-459.4325866699219,101.8684310913086,60.30146026611328,26.5814151763916,-28.4552059173584,32.59880065917969,-24.884735107421875,16.10483741760254,-8.920174598693848,12.263524055480957,1.6526408195495605,12.9376220703125,-19.93404197692871,15.3197603225708,-16.515716552734375,10.910975456237793,-15.788538932800293,8.358001708984375,-5.048764705657959,10.099555969238281,-3.755598783493042,10.016486167907715,0.8360604643821716,10.05034351348877,-2.0689215660095215,11.85593032836914,6.68,8000,hlad
hungry,..\dataset\hungry\2e25d0a5-0b2b-44ef-8491-e445b16ea75c-1430056332640-1.7-f-26-hu.wav,2e25d0a5-0b2b-44ef-8491-e445b16ea75c-1430056332640-1.7-f-26-hu.wav,.wav,1430056332640,1.7,f,dívka,26,2–6 měsíců,hu,-465.90740966796875,82.94161224365234,31.894424438476562,16.52366828918457,-28.112802505493164,13.613296508789062,-12.192541122436523,15.768525123596191,-18.83080291748047,15.70077896118164,-5.92343282699585,14.423588752746582,-13.583483695983887,12.415321350097656,-7.703682899475098,8.095300674438477,-20.447778701782227,8.713272094726562,-6.067957878112793,14.3936767578125,-11.114575386047363,14.521588325500488,6.23387336730957,9.822689056396484,-0.7677100300788879,13.985118865966797,6.66,8000,hlad
hungry,..\dataset\hungry\2EE636FB-BD76-4118-A0EF-82FAFC32301F-1436586600-1.1-f-04-hu.wav,2EE636FB-BD76-4118-A0EF-82FAFC32301F-1436586600-1.1-f-04-hu.wav,.wav,1436586600,1.1,f,dívka,04,0–4 týdny,hu,-182.6898193359375,40.05565643310547,44.68711853027344,15.002063751220703,-17.232162475585938,18.274131774902344,-11.652229309082031,8.956609725952148,-40.89154815673828,7.469550609588623,-17.612279891967773,12.943622589111328,-24.069154739379883,11.613861083984375,-22.646224975585938,4.6178388595581055,-24.129568099975586,7.849716663360596,-14.406196594238281,6.045224666595459,-10.472403526306152,8.8721923828125,-6.444984436035156,8.488958358764648,-0.6341360211372375,12.59088134765625,7.0,8000,hlad
hungry,..\dataset\hungry\2F1C0515-EC8E-44C1-ABEA-E04EB475543A-1432143888-1.1-m-22-hu.wav,2F1C0515-EC8E-44C1-ABEA-E04EB475543A-1432143888-1.1-m-22-hu.wav,.wav,1432143888,1.1,m,chlapec,22,více než 2 roky,hu,-470.9407043457031,102.78152465820312,33.10628890991211,17.87881088256836,-8.252630233764648,11.717788696289062,-7.603470325469971,14.084927558898926,-4.5312299728393555,9.74996280670166,-8.48291015625,6.996677875518799,-18.700847625732422,8.022214889526367,-13.661972999572754,7.569777488708496,-17.623559951782227,7.390170574188232,-11.147130966186523,5.75375509262085,-11.375207901000977,10.304925918579102,3.2433059215545654,16.50555419921875,-2.7856054306030273,15.370306968688965,7.0,8000,hlad
hungry,..\dataset\hungry\3030d0e9-0c9b-4616-9b83-f10dc2dedbfd-1430053447333-1.7-m-26-hu.wav,3030d0e9-0c9b-4616-9b83-f10dc2dedbfd-1430053447333-1.7-m-26-hu.wav,.wav,1430053447333,1.7,m,chlapec,26,2–6 měsíců,hu,-99.53622436523438,141.487060546875,17.890518188476562,56.40669631958008,-33.45943832397461,24.356637954711914,-18.365657806396484,18.16560173034668,-39.10765838623047,16.599903106689453,2.9087438583374023,16.104034423828125,-18.400156021118164,14.099695205688477,-6.49357795715332,9.731928825378418,-18.89103126525879,10.75663948059082,2.9497036933898926,11.927634239196777,-12.000466346740723,13.329483985900879,9.299302101135254,13.244738578796387,-2.4721295833587646,13.701197624206543,6.74,8000,hlad
hungry,..\dataset\hungry\3030d0e9-0c9b-4616-9b83-f10dc2dedbfd-1430053456045-1.7-m-26-hu.wav,3030d0e9-0c9b-4616-9b83-f10dc2dedbfd-1430053456045-1.7-m-26-hu.wav,.wav,1430053456045,1.7,m,chlapec,26,2–6 měsíců,hu,-238.57919311523438,128.27891540527344,93.46112060546875,32.366634368896484,-39.85371398925781,24.832908630371094,-12.074234008789062,14.98907470703125,-25.811235427856445,13.752470970153809,4.21207857131958,11.771098136901855,-15.976164817810059,9.962859153747559,-12.969663619995117,13.189312934875488,-19.07310676574707,9.732800483703613,-11.518322944641113,8.5631103515625,-10.561478614807129,7.629409313201904,-6.906932353973389,5.743378162384033,-7.168087005615234,11.187438011169434,6.76,8000,hlad
hungry,..\dataset\hungry\3030d0e9-0c9b-4616-9b83-f10dc2dedbfd-1430053464739-1.7-m-26-hu.wav,3030d0e9-0c9b-4616-9b83-f10dc2dedbfd-1430053464739-1.7-m-26-hu.wav,.wav,1430053464739,1.7,m,chlapec,26,2–6 měsíců,hu,-323.7958679199219,104.36373901367188,100.97709655761719,40.32060241699219,0.7745095491409302,28.007144927978516,-3.3807132244110107,17.872730255126953,-18.77939224243164,16.84319496154785,-5.681288719177246,11.645174026489258,-19.71644401550293,12.78713607788086,-5.714881896972656,10.638328552246094,-19.74823760986328,9.28817367553711,-8.886221885681152,7.221407413482666,-13.283041954040527,7.279219627380371,-9.776026725769043,8.135052680969238,-13.677088737487793,8.805691719055176,6.74,8000,hlad
hungry,..\dataset\hungry\3030d0e9-0c9b-4616-9b83-f10dc2dedbfd-1430053594259-1.7-m-26-hu.wav,3030d0e9-0c9b-4616-9b83-f10dc2dedbfd-1430053594259-1.7-m-26-hu.wav,.wav,1430053594259,1.7,m,chlapec,26,2–6 měsíců,hu,-224.68414306640625,133.8463897705078,47.726402282714844,27.11859703063965,-38.7501335144043,22.82101821899414,-24.27387046813965,15.550386428833008,-17.9670467376709,8.880187034606934,24.108091354370117,9.481719017028809,-27.208560943603516,10.44497013092041,0.5979125499725342,8.531984329223633,-26.618511199951172,9.762304306030273,-13.266092300415039,9.339244842529297,-8.861053466796875,13.625038146972656,0.5451706647872925,12.657258987426758,-2.2501606941223145,12.629582405090332,6.74,8000,hlad
hungry,..\dataset\hungry\3030d0e9-0c9b-4616-9b83-f10dc2dedbfd-1430326171876-1.7-m-26-hu.wav,3030d0e9-0c9b-4616-9b83-f10dc2dedbfd-1430326171876-1.7-m-26-hu.wav,.wav,1430326171876,1.7,m,chlapec,26,2–6 měsíců,hu,-301.7690124511719,146.46566772460938,4.21595573425293,27.526247024536133,-14.924259185791016,23.851945877075195,-2.3901591300964355,16.26802635192871,-40.649837493896484,17.246822357177734,16.142147064208984,13.822327613830566,-30.19526481628418,12.31871509552002,2.4057188034057617,8.322141647338867,-10.327954292297363,11.427331924438477,-10.056944847106934,10.927924156188965,-4.643311023712158,9.276266098022461,-2.254472255706787,14.015448570251465,-0.4586144983768463,12.992171287536621,6.76,8000,hlad
hungry,..\dataset\hungry\30c2cee4-b682-4dcb-86b9-7fa6f36f1b66-1430728411287-1.7-f-72-hu.wav,30c2cee4-b682-4dcb-86b9-7fa6f36f1b66-1430728411287-1.7-f-72-hu.wav,.wav,1430728411287,1.7,f,dívka,72,7 měsíců–2 roky,hu,-202.22271728515625,169.15631103515625,-27.144933700561523,51.09891128540039,-41.90376663208008,27.889984130859375,-12.540739059448242,22.70848846435547,-9.839632034301758,18.92957305908203,-9.657596588134766,12.125175476074219,-0.4091854393482208,9.780892372131348,-0.5256655216217041,11.343427658081055,-12.978137016296387,13.57738971710205,1.6336027383804321,12.632143020629883,-2.5030934810638428,11.472345352172852,-3.7772748470306396,17.007946014404297,-6.959161758422852,15.446574211120605,6.94,8000,hlad
hungry,..\dataset\hungry\31e785de-b0c9-464f-88e2-bd8f1dd5cda4-1433403682898-1.7-m-04-hu.wav,31e785de-b0c9-464f-88e2-bd8f1dd5cda4-1433403682898-1.7-m-04-hu.wav,.wav,1433403682898,1.7,m,chlapec,04,0–4 týdny,hu,-242.8542022705078,153.78900146484375,-5.900173664093018,55.20560073852539,-25.17473602294922,33.32334518432617,4.206915855407715,16.484437942504883,-21.013076782226562,22.39185333251953,-5.8323540687561035,10.474597930908203,-13.571582794189453,14.864545822143555,-0.8359960913658142,15.296194076538086,2.89109468460083,14.330890655517578,5.145325660705566,14.840929985046387,-12.695971488952637,15.694005012512207,-8.824070930480957,11.06735610961914,-4.9872050285339355,10.901450157165527,6.78,8000,hlad
hungry,..\dataset\hungry\323cab80-2551-4a46-8c3d-62c7a5264afa-1430382588301-1.7-m-22-hu.wav,323cab80-2551-4a46-8c3d-62c7a5264afa-1430382588301-1.7-m-22-hu.wav,.wav,1430382588301,1.7,m,chlapec,22,více než 2 roky,hu,-96.86175537109375,54.73046875,-38.26057815551758,30.111392974853516,-65.74171447753906,18.586700439453125,-22.236671447753906,15.736961364746094,-10.197050094604492,14.80093765258789,5.194514751434326,10.849687576293945,-8.483980178833008,13.381027221679688,-9.037043571472168,9.27657413482666,-4.376400470733643,7.464200973510742,-2.7583744525909424,10.332136154174805,-11.98104476928711,7.516227722167969,5.937027931213379,12.430087089538574,6.2465596199035645,15.203522682189941,6.9,8000,hlad
hungry,..\dataset\hungry\35D58153-7AB7-443D-BED0-2D7ABF73743F-1431855847-1.1-m-04-hu.wav,35D58153-7AB7-443D-BED0-2D7ABF73743F-1431855847-1.1-m-04-hu.wav,.wav,1431855847,1.1,m,chlapec,04,0–4 týdny,hu,-54.61864471435547,100.57598876953125,-47.12535858154297,21.85861587524414,-34.70448303222656,29.02292823791504,1.7639005184173584,20.713943481445312,-27.534557342529297,17.400691986083984,3.8012359142303467,15.048063278198242,-3.0084195137023926,18.069026947021484,13.840112686157227,15.532323837280273,2.1164565086364746,19.232833862304688,3.321608304977417,19.599721908569336,-2.992866277694702,18.408220291137695,-6.628363132476807,13.866751670837402,-1.935957908630371,13.29585075378418,7.0,8000,hlad
hungry,..\dataset\hungry\36f1b3ec-3d2a-470e-af6f-0a8cc11b2723-1430237012976-1.7-m-04-hu.wav,36f1b3ec-3d2a-470e-af6f-0a8cc11b2723-1430237012976-1.7-m-04-hu.wav,.wav,1430237012976,1.7,m,chlapec,04,0–4 týdny,hu,-324.7184143066406,122.80310821533203,-2.3814475536346436,48.11540985107422,-30.742290496826172,34.942543029785156,30.98295783996582,24.213212966918945,-18.73447036743164,28.084335327148438,-11.914098739624023,20.222747802734375,-3.1309802532196045,23.652437210083008,-3.354442596435547,23.421106338500977,-10.855326652526855,20.82328987121582,4.22470760345459,15.100592613220215,-1.0083017349243164,12.652989387512207,-2.182528495788574,11.144247055053711,-1.1555652618408203,11.928010940551758,6.96,8000,hlad
hungry,..\dataset\hungry\37105492-58b1-432e-a1ce-ea154425abab-1430744728397-1.7-f-26-hu.wav,37105492-58b1-432e-a1ce-ea154425abab-1430744728397-1.7-f-26-hu.wav,.wav,1430744728397,1.7,f,dívka,26,2–6 měsíců,hu,-509.0655517578125,145.25428771972656,42.11528396606445,23.42871856689453,-46.19413757324219,46.8426513671875,-6.482458591461182,15.416650772094727,3.6286237239837646,18.012147903442383,4.106884479522705,10.377340316772461,-15.687747955322266,14.224568367004395,-8.827646255493164,7.247110843658447,-3.742194890975952,9.333505630493164,1.6085129976272583,13.3583402633667,-4.847993850708008,7.428638935089111,-6.132811546325684,8.660539627075195,-7.060245513916016,10.425395011901855,6.9,8000,hlad
hungry,..\dataset\hungry\375308C6-F894-49A5-B246-8C2819E9C6ED-1430416651-1.0-m-04-hu.wav,375308C6-F894-49A5-B246-8C2819E9C6ED-1430416651-1.0-m-04-hu.wav,.wav,1430416651,1.0,m,chlapec,04,0–4 týdny,hu,-360.91064453125,91.91085815429688,26.47165298461914,25.62253189086914,-19.330312728881836,22.257816314697266,-9.666349411010742,14.748287200927734,-27.262653350830078,11.723381042480469,-13.133049964904785,17.015275955200195,-23.88826560974121,10.935038566589355,-7.122734069824219,9.701879501342773,-12.21103286743164,8.954340934753418,-11.538986206054688,10.24997329711914,-4.751434326171875,13.403597831726074,-3.3505516052246094,11.07645320892334,-2.5904946327209473,17.659439086914062,7.0,8000,hlad
hungry,..\dataset\hungry\376C006E-3664-4056-80D0-7661F631A062-1436930593-1.1-m-26-hu.wav,376C006E-3664-4056-80D0-7661F631A062-1436930593-1.1-m-26-hu.wav,.wav,1436930593,1.1,m,chlapec,26,2–6 měsíců,hu,-182.84580993652344,105.85699462890625,21.538639068603516,31.25574493408203,-22.032209396362305,17.714082717895508,-9.910847663879395,17.513042449951172,-12.306507110595703,11.913836479187012,0.44564464688301086,14.532392501831055,-14.089628219604492,8.512877464294434,-4.333099842071533,15.081802368164062,-15.833874702453613,12.637566566467285,-7.88995361328125,12.803812980651855,-11.31357192993164,15.31954288482666,-4.111928939819336,16.461076736450195,-13.26321029663086,11.116296768188477,7.0,8000,hlad
hungry,..\dataset\hungry\39180491-e076-4300-b5de-24e812dca6fe-1435708371348-1.7-f-04-hu.wav,39180491-e076-4300-b5de-24e812dca6fe-1435708371348-1.7-f-04-hu.wav,.wav,1435708371348,1.7,f,dívka,04,0–4 týdny,hu,-269.1098327636719,146.14889526367188,16.35409164428711,35.30684280395508,-20.018796920776367,16.82063865661621,-14.49858570098877,15.492895126342773,-27.725873947143555,23.786869049072266,-1.0552682876586914,15.579727172851562,-21.018903732299805,15.841514587402344,-3.263430595397949,8.12277889251709,-12.95002269744873,10.458054542541504,-10.722053527832031,9.917800903320312,-11.385048866271973,15.687820434570312,4.080158710479736,15.215653419494629,3.3446810245513916,20.206117630004883,6.86,8000,hlad
hungry,..\dataset\hungry\3941D08C-5A97-48A4-8830-091D878137F6-1430099813-1.0-m-72-hu.wav,3941D08C-5A97-48A4-8830-091D878137F6-1430099813-1.0-m-72-hu.wav,.wav,1430099813,1.0,m,chlapec,72,7 měsíců–2 roky,hu,-108.73915100097656,113.1602554321289,1.2490910291671753,26.62925148010254,-38.241477966308594,19.422088623046875,-20.78328514099121,29.808534622192383,-8.850807189941406,17.115352630615234,10.21563720703125,15.829514503479004,-5.15322208404541,10.928287506103516,1.1126155853271484,11.519588470458984,-16.41612434387207,10.412571907043457,0.636414110660553,10.157526016235352,3.0229170322418213,13.73813533782959,15.546191215515137,16.78204345703125,9.887641906738281,13.894923210144043,7.0,8000,hlad
hungry,..\dataset\hungry\3941D08C-5A97-48A4-8830-091D878137F6-1430099826-1.0-m-72-hu.wav,3941D08C-5A97-48A4-8830-091D878137F6-1430099826-1.0-m-72-hu.wav,.wav,1430099826,1.0,m,chlapec,72,7 měsíců–2 roky,hu,-56.29286575317383,55.774234771728516,-0.9008352160453796,22.081275939941406,-35.47964859008789,22.639551162719727,-18.004159927368164,27.56327247619629,-6.472636699676514,12.221210479736328,5.140533447265625,9.84816837310791,-11.096315383911133,9.72374439239502,4.1284990310668945,11.455668449401855,-15.455950736999512,13.530634880065918,2.664572238922119,13.654366493225098,4.815725326538086,13.430953979492188,14.645148277282715,18.838369369506836,7.425276756286621,16.641937255859375,7.0,8000,hlad
hungry,..\dataset\hungry\3bb2445a-9ae9-4dc8-9a2e-86c696ffa405-1430122005544-1.7-m-26-hu.wav,3bb2445a-9ae9-4dc8-9a2e-86c696ffa405-1430122005544-1.7-m-26-hu.wav,.wav,1430122005544,1.7,m,chlapec,26,2–6 měsíců,hu,-105.65973663330078,113.66014099121094,33.81208801269531,34.380287170410156,-16.650535583496094,22.85331916809082,-5.314673900604248,17.637075424194336,-40.81047439575195,16.364545822143555,-10.466249465942383,17.35569190979004,-19.370092391967773,12.239911079406738,-1.6552808284759521,11.401333808898926,-21.535181045532227,8.546224594116211,2.390510082244873,8.539505004882812,-14.101015090942383,8.628929138183594,1.0604866743087769,13.587836265563965,-4.650382995605469,15.09444522857666,6.86,8000,hlad
hungry,..\dataset\hungry\3bb2445a-9ae9-4dc8-9a2e-86c696ffa405-1430122381138-1.7-m-26-hu.wav,3bb2445a-9ae9-4dc8-9a2e-86c696ffa405-1430122381138-1.7-m-26-hu.wav,.wav,1430122381138,1.7,m,chlapec,26,2–6 měsíců,hu,-184.83758544921875,68.06280517578125,46.25151443481445,18.762271881103516,-13.051042556762695,15.165782928466797,12.512103080749512,9.850482940673828,-29.51035499572754,15.507535934448242,-17.659177780151367,14.809447288513184,-25.638761520385742,8.767959594726562,-6.531052112579346,7.154367446899414,-20.343399047851562,6.899453163146973,5.232329368591309,9.62437915802002,-16.776140213012695,8.693873405456543,-4.123593807220459,9.911269187927246,-10.155838966369629,10.647302627563477,6.92,8000,hlad
hungry,..\dataset\hungry\3bb2445a-9ae9-4dc8-9a2e-86c696ffa405-1430122479873-1.7-m-26-hu.wav,3bb2445a-9ae9-4dc8-9a2e-86c696ffa405-1430122479873-1.7-m-26-hu.wav,.wav,1430122479873,1.7,m,chlapec,26,2–6 měsíců,hu,-237.55795288085938,79.02603912353516,62.440120697021484,19.826393127441406,-15.992792129516602,30.7940673828125,-5.481060981750488,22.381132125854492,-28.250991821289062,14.42872428894043,-2.3068184852600098,9.6751708984375,-20.346418380737305,9.111860275268555,-1.2460464239120483,8.637944221496582,-24.560274124145508,7.913906574249268,-8.128974914550781,7.62689733505249,-23.548030853271484,8.493314743041992,0.5632336735725403,12.315604209899902,-5.526856422424316,16.487516403198242,6.92,8000,hlad
hungry,..\dataset\hungry\3bb2445a-9ae9-4dc8-9a2e-86c696ffa405-1430123758633-1.7-m-26-hu.wav,3bb2445a-9ae9-4dc8-9a2e-86c696ffa405-1430123758633-1.7-m-26-hu.wav,.wav,1430123758633,1.7,m,chlapec,26,2–6 měsíců,hu,-148.51536560058594,82.76700592041016,22.71276092529297,47.85497283935547,-26.97344207763672,25.0712833404541,1.2092772722244263,20.225677490234375,-39.890411376953125,13.819978713989258,4.636668682098389,16.108530044555664,-28.479955673217773,10.700082778930664,0.13661636412143707,11.438455581665039,-21.480249404907227,11.457348823547363,1.531562089920044,13.938809394836426,-8.342022895812988,13.173992156982422,2.5095503330230713,15.652084350585938,-10.49934196472168,13.211526870727539,6.92,8000,hlad
hungry,..\dataset\hungry\3bb2445a-9ae9-4dc8-9a2e-86c696ffa405-1430124221551-1.7-m-26-hu.wav,3bb2445a-9ae9-4dc8-9a2e-86c696ffa405-1430124221551-1.7-m-26-hu.wav,.wav,1430124221551,1.7,m,chlapec,26,2–6 měsíců,hu,-102.54032897949219,97.54640197753906,-17.431644439697266,41.71058654785156,-37.559104919433594,19.045841217041016,5.8716301918029785,20.223888397216797,-35.67936325073242,14.33338451385498,-7.552950382232666,11.459342002868652,-9.4409818649292,10.05611515045166,-1.6476752758026123,8.804973602294922,-25.320634841918945,10.417283058166504,11.43943977355957,11.186138153076172,-0.44150787591934204,11.712982177734375,1.333268165588379,12.594663619995117,-15.578360557556152,10.96860408782959,6.92,8000,hlad
hungry,..\dataset\hungry\3bb2445a-9ae9-4dc8-9a2e-86c696ffa405-1430142760958-1.7-m-26-hu.wav,3bb2445a-9ae9-4dc8-9a2e-86c696ffa405-1430142760958-1.7-m-26-hu.wav,.wav,1430142760958,1.7,m,chlapec,26,2–6 měsíců,hu,-154.74400329589844,96.10391998291016,-4.766045570373535,36.24481964111328,-45.074012756347656,19.85980987548828,-16.51266860961914,21.42542839050293,-33.7869758605957,14.531312942504883,-1.5900856256484985,12.345032691955566,-10.402620315551758,8.669295310974121,4.609180927276611,9.627223014831543,-24.0340518951416,10.201541900634766,3.9878411293029785,12.181055068969727,-1.7849286794662476,15.126943588256836,10.878732681274414,17.285808563232422,-6.084838390350342,19.368955612182617,6.92,8000,hlad
hungry,..\dataset\hungry\3bb2445a-9ae9-4dc8-9a2e-86c696ffa405-1430142784308-1.7-m-26-hu.wav,3bb2445a-9ae9-4dc8-9a2e-86c696ffa405-1430142784308-1.7-m-26-hu.wav,.wav,1430142784308,1.7,m,chlapec,26,2–6 měsíců,hu,-69.96096801757812,66.83672332763672,-31.361351013183594,38.572471618652344,-21.805322647094727,10.325309753417969,-7.986845970153809,21.529600143432617,-59.831417083740234,13.060388565063477,4.702424049377441,11.507165908813477,-21.106176376342773,13.948006629943848,15.19398021697998,11.833680152893066,-26.89622688293457,12.584051132202148,2.2974720001220703,12.746542930603027,0.7744902968406677,15.268850326538086,2.3275959491729736,16.585411071777344,1.2134958505630493,21.16530990600586,6.84,8000,hlad
hungry,..\dataset\hungry\3bb2445a-9ae9-4dc8-9a2e-86c696ffa405-1430146536552-1.7-m-26-hu.wav,3bb2445a-9ae9-4dc8-9a2e-86c696ffa405-1430146536552-1.7-m-26-hu.wav,.wav,1430146536552,1.7,m,chlapec,26,2–6 měsíců,hu,-125.45219421386719,94.06244659423828,-13.275860786437988,29.8472957611084,-42.44829559326172,17.4382266998291,-4.692249298095703,16.627933502197266,-29.34349822998047,14.022111892700195,-7.889614105224609,11.365756034851074,-23.478731155395508,8.530373573303223,1.9175046682357788,9.111973762512207,-23.190893173217773,9.573765754699707,2.9545116424560547,8.307124137878418,-8.331693649291992,11.377098083496094,11.612977981567383,16.69196891784668,-2.9342753887176514,18.663288116455078,6.86,8000,hlad
hungry,..\dataset\hungry\3BF71DAF-2A9E-4355-89D3-41AC37E94083-1437281306-1.1-f-26-hu.wav,3BF71DAF-2A9E-4355-89D3-41AC37E94083-1437281306-1.1-f-26-hu.wav,.wav,1437281306,1.1,f,dívka,26,2–6 měsíců,hu,-330.8282775878906,55.443519592285156,32.88869094848633,17.430505752563477,-7.466426849365234,12.957159996032715,-7.523858070373535,14.2754545211792,-29.490129470825195,18.73084259033203,10.429112434387207,13.387195587158203,-25.674636840820312,8.04235553741455,-12.931183815002441,6.661850452423096,-19.514799118041992,5.8564348220825195,-20.835262298583984,7.1688995361328125,-10.345392227172852,7.362473487854004,-8.874149322509766,7.130932807922363,-9.986421585083008,10.877601623535156,7.0,8000,hlad
hungry,..\dataset\hungry\3c0b4e07-33ec-4d68-a6b2-5f5dcb8cff8e-1430070829977-1.7-m-26-hu.wav,3c0b4e07-33ec-4d68-a6b2-5f5dcb8cff8e-1430070829977-1.7-m-26-hu.wav,.wav,1430070829977,1.7,m,chlapec,26,2–6 měsíců,hu,-143.14169311523438,97.54867553710938,42.07746505737305,23.79988670349121,-30.983095169067383,26.71085548400879,-19.52135467529297,19.195493698120117,-18.945423126220703,12.307374954223633,-17.708641052246094,15.656105041503906,-10.135564804077148,10.84406566619873,-7.067121505737305,9.914292335510254,-15.717591285705566,8.263566017150879,-3.513866424560547,7.54060173034668,-8.691143989562988,7.833834648132324,-7.011346817016602,10.227177619934082,-0.6907517313957214,15.024622917175293,7.06,8000,hlad
hungry,..\dataset\hungry\3c51dedc-6e4c-47dd-a179-86a25e95f1ef-1430651019625-1.7-m-04-hu.wav,3c51dedc-6e4c-47dd-a179-86a25e95f1ef-1430651019625-1.7-m-04-hu.wav,.wav,1430651019625,1.7,m,chlapec,04,0–4 týdny,hu,-146.25770568847656,105.19534301757812,39.29889678955078,59.22402572631836,-60.42796325683594,33.28062438964844,-3.974968910217285,20.980783462524414,-12.822576522827148,20.827924728393555,-21.7600040435791,19.458681106567383,-10.118976593017578,14.207520484924316,1.7533302307128906,9.925714492797852,-24.677968978881836,10.340036392211914,-8.184371948242188,14.856659889221191,-3.128979444503784,21.680391311645508,21.93703842163086,30.924610137939453,3.2296574115753174,20.237804412841797,7.06,8000,hlad
hungry,..\dataset\hungry\3c51dedc-6e4c-47dd-a179-86a25e95f1ef-1430651049104-1.7-m-72-hu.wav,3c51dedc-6e4c-47dd-a179-86a25e95f1ef-1430651049104-1.7-m-72-hu.wav,.wav,1430651049104,1.7,m,chlapec,72,7 měsíců–2 roky,hu,-195.3990020751953,104.05144500732422,63.50054931640625,45.470787048339844,-36.1309814453125,35.30320358276367,-3.3519434928894043,21.951940536499023,-6.190040588378906,15.391963958740234,-16.67111587524414,24.131681442260742,-13.68411636352539,12.579580307006836,1.0988354682922363,15.431198120117188,-20.34197235107422,11.901861190795898,-6.421046257019043,18.095062255859375,-6.870019435882568,23.016639709472656,11.950488090515137,22.372318267822266,0.22737272083759308,25.414718627929688,7.06,8000,hlad
hungry,..\dataset\hungry\3d3e244d-20b1-4ec3-9732-92dcd14ff35a-1436961241219-1.7-m-72-hu.wav,3d3e244d-20b1-4ec3-9732-92dcd14ff35a-1436961241219-1.7-m-72-hu.wav,.wav,1436961241219,1.7,m,chlapec,72,7 měsíců–2 roky,hu,-98.6148452758789,97.12032318115234,140.83795166015625,40.642574310302734,3.677271604537964,22.879114151000977,11.19349193572998,9.73246955871582,-5.297581672668457,6.860594749450684,-3.3405401706695557,7.633442401885986,-14.006888389587402,6.662294387817383,-4.624687194824219,7.112457275390625,-12.856647491455078,7.144537448883057,-10.612421035766602,6.751770973205566,-9.167683601379395,10.320297241210938,-8.628074645996094,6.271451473236084,-11.213494300842285,4.6177754402160645,6.66,8000,hlad
hungry,..\dataset\hungry\3DF341FA-E90B-4335-A51A-A9B0769150CE-1436859277-1.1-m-04-hu.wav,3DF341FA-E90B-4335-A51A-A9B0769150CE-1436859277-1.1-m-04-hu.wav,.wav,1436859277,1.1,m,chlapec,04,0–4 týdny,hu,-195.73416137695312,80.7055892944336,18.953310012817383,35.02910232543945,-2.111588478088379,17.022872924804688,6.926805019378662,11.07170295715332,-11.980742454528809,14.793269157409668,-18.021167755126953,8.155553817749023,-14.284512519836426,11.975139617919922,-18.969322204589844,11.879692077636719,-28.575847625732422,8.706130981445312,-7.710472583770752,9.284117698669434,-9.9359769821167,6.394964694976807,-5.3302531242370605,13.52843189239502,-6.905475616455078,8.341902732849121,7.0,8000,hlad
hungry,..\dataset\hungry\3DF341FA-E90B-4335-A51A-A9B0769150CE-1436859328-1.1-m-04-hu.wav,3DF341FA-E90B-4335-A51A-A9B0769150CE-1436859328-1.1-m-04-hu.wav,.wav,1436859328,1.1,m,chlapec,04,0–4 týdny,hu,-210.60922241210938,71.517578125,25.554014205932617,38.59065246582031,-2.0898051261901855,13.992673873901367,10.354153633117676,12.329865455627441,-8.850059509277344,13.397405624389648,-19.01163673400879,10.885208129882812,-14.669340133666992,10.866329193115234,-16.424381256103516,12.485279083251953,-30.00033950805664,8.816198348999023,-9.683009147644043,10.744147300720215,-7.913880348205566,5.232656478881836,-1.2890516519546509,9.163176536560059,-8.90174674987793,7.216985702514648,7.0,8000,hlad
hungry,..\dataset\hungry\40a4c760-facf-4911-b0a6-22eccc3ab18d-1430466164038-1.7-f-26-hu.wav,40a4c760-facf-4911-b0a6-22eccc3ab18d-1430466164038-1.7-f-26-hu.wav,.wav,1430466164038,1.7,f,dívka,26,2–6 měsíců,hu,-146.85203552246094,107.0484619140625,25.042177200317383,17.561893463134766,-2.907362699508667,23.168455123901367,-10.791648864746094,19.190425872802734,9.488420486450195,10.86739444732666,3.037576675415039,11.501870155334473,-11.413097381591797,10.081548690795898,-18.932130813598633,8.29995059967041,-10.691783905029297,9.315052032470703,-11.904345512390137,6.83150577545166,-13.171344757080078,7.291006565093994,-7.427964687347412,8.483712196350098,-10.048229217529297,11.6140718460083,7.06,8000,hlad
hungry,..\dataset\hungry\40a4c760-facf-4911-b0a6-22eccc3ab18d-1430466176951-1.7-f-26-hu.wav,40a4c760-facf-4911-b0a6-22eccc3ab18d-1430466176951-1.7-f-26-hu.wav,.wav,1430466176951,1.7,f,dívka,26,2–6 měsíců,hu,-160.20469665527344,85.52198791503906,37.322322845458984,15.303268432617188,3.2903034687042236,16.684539794921875,0.6549711227416992,8.6287260055542,1.2720656394958496,11.027663230895996,-9.68422794342041,8.555785179138184,-15.956131935119629,7.5795722007751465,-15.805913925170898,10.240330696105957,-16.41876220703125,8.879817008972168,-14.678723335266113,7.356289386749268,-11.869617462158203,6.182577133178711,-14.96928882598877,7.356797218322754,-8.632137298583984,6.617867946624756,7.06,8000,hlad
hungry,..\dataset\hungry\40a4c760-facf-4911-b0a6-22eccc3ab18d-1430466393384-1.7-f-26-hu.wav,40a4c760-facf-4911-b0a6-22eccc3ab18d-1430466393384-1.7-f-26-hu.wav,.wav,1430466393384,1.7,f,dívka,26,2–6 měsíců,hu,-99.0614242553711,96.37699127197266,32.992835998535156,31.21135902404785,-0.017741164192557335,12.811644554138184,-49.84844970703125,19.65361785888672,-26.359041213989258,12.787210464477539,-10.866684913635254,9.025273323059082,-13.209895133972168,12.105050086975098,-12.790759086608887,12.916637420654297,-9.526727676391602,19.248472213745117,0.8440520167350769,13.669556617736816,-4.9025349617004395,15.044078826904297,0.09691815823316574,17.258256912231445,-6.373331546783447,15.95020866394043,7.06,8000,hlad
hungry,..\dataset\hungry\40a4c760-facf-4911-b0a6-22eccc3ab18d-1430477691332-1.7-f-26-hu.wav,40a4c760-facf-4911-b0a6-22eccc3ab18d-1430477691332-1.7-f-26-hu.wav,.wav,1430477691332,1.7,f,dívka,26,2–6 měsíců,hu,-55.34117126464844,120.51952362060547,34.7949104309082,57.423851013183594,-1.4706329107284546,24.246057510375977,-16.314796447753906,22.407623291015625,-0.8127873539924622,15.172257423400879,-2.800642251968384,19.084321975708008,-17.560562133789062,14.701692581176758,-12.476410865783691,10.485057830810547,-14.506576538085938,11.759435653686523,-10.016485214233398,9.037222862243652,-10.798267364501953,6.87454891204834,-7.431751728057861,10.399009704589844,-13.209952354431152,8.944852828979492,7.06,8000,hlad
hungry,..\dataset\hungry\40a4c760-facf-4911-b0a6-22eccc3ab18d-1430477717469-1.7-f-26-hu.wav,40a4c760-facf-4911-b0a6-22eccc3ab18d-1430477717469-1.7-f-26-hu.wav,.wav,1430477717469,1.7,f,dívka,26,2–6 měsíců,hu,-30.901796340942383,103.80467224121094,-27.01087188720703,54.4609489440918,7.823496341705322,28.218017578125,-9.228693962097168,17.68197250366211,-11.188976287841797,14.09289264678955,-1.6519274711608887,16.064334869384766,-9.149455070495605,19.449460983276367,-16.174720764160156,12.677986145019531,-13.439292907714844,12.383302688598633,-3.966693162918091,9.299830436706543,-14.658507347106934,7.6430344581604,-4.944605827331543,10.629870414733887,-5.2128825187683105,11.60123062133789,7.06,8000,hlad
hungry,..\dataset\hungry\40a4c760-facf-4911-b0a6-22eccc3ab18d-1430477726097-1.7-f-26-hu.wav,40a4c760-facf-4911-b0a6-22eccc3ab18d-1430477726097-1.7-f-26-hu.wav,.wav,1430477726097,1.7,f,dívka,26,2–6 měsíců,hu,-38.665077209472656,107.75391387939453,-27.946313858032227,64.78646087646484,1.5450050830841064,18.724031448364258,-18.218120574951172,19.754940032958984,-10.308377265930176,15.51982307434082,-4.854558944702148,16.3415470123291,-4.914633750915527,18.020122528076172,-14.971490859985352,10.692748069763184,-13.420477867126465,11.470820426940918,-2.102309465408325,7.592581748962402,-16.753761291503906,10.220224380493164,-5.9387993812561035,11.10782241821289,-3.863921880722046,11.416659355163574,7.06,8000,hlad
hungry,..\dataset\hungry\40a4c760-facf-4911-b0a6-22eccc3ab18d-1430477756469-1.7-f-26-hu.wav,40a4c760-facf-4911-b0a6-22eccc3ab18d-1430477756469-1.7-f-26-hu.wav,.wav,1430477756469,1.7,f,dívka,26,2–6 měsíců,hu,-45.426597595214844,115.89332580566406,-20.969425201416016,37.88631820678711,9.9027099609375,21.660629272460938,-24.937803268432617,13.805994987487793,-5.8926167488098145,10.311673164367676,-0.7335078120231628,10.064201354980469,-10.566612243652344,15.978760719299316,-17.745527267456055,9.313271522521973,-6.036871910095215,10.720649719238281,-12.23758602142334,9.082207679748535,-13.877771377563477,9.453969955444336,-1.3010908365249634,11.676583290100098,-6.422784805297852,10.897255897521973,7.06,8000,hlad
hungry,..\dataset\hungry\40a4c760-facf-4911-b0a6-22eccc3ab18d-1430477780076-1.7-f-26-hu.wav,40a4c760-facf-4911-b0a6-22eccc3ab18d-1430477780076-1.7-f-26-hu.wav,.wav,1430477780076,1.7,f,dívka,26,2–6 měsíců,hu,-14.803537368774414,126.00643920898438,-3.875551223754883,33.36817932128906,-18.079586029052734,21.56301498413086,-28.135467529296875,19.079883575439453,-0.004105095285922289,11.992403984069824,-14.205770492553711,13.8507661819458,-4.067277431488037,16.649442672729492,-8.90256118774414,10.411604881286621,-11.595417976379395,11.210885047912598,-1.5477159023284912,8.034588813781738,-12.561957359313965,10.217954635620117,-2.594357967376709,9.29227066040039,-3.5720667839050293,8.524718284606934,7.04,8000,hlad
hungry,..\dataset\hungry\415d69b4-6d84-4bf8-97b0-10f8f108dc1d-1430739498797-1.7-m-04-hu.wav,415d69b4-6d84-4bf8-97b0-10f8f108dc1d-1430739498797-1.7-m-04-hu.wav,.wav,1430739498797,1.7,m,chlapec,04,0–4 týdny,hu,-281.46343994140625,118.38810729980469,43.667545318603516,25.996707916259766,-27.07272720336914,16.980485916137695,-1.9835617542266846,10.358318328857422,-14.784683227539062,9.864567756652832,-9.888723373413086,7.16327428817749,-17.735095977783203,9.633513450622559,-5.379397392272949,8.388168334960938,-12.15036678314209,6.2666916847229,-2.1593947410583496,7.109049320220947,-11.638257026672363,6.25098180770874,-0.19443455338478088,4.398849010467529,-6.9154157638549805,7.022603511810303,7.06,8000,hlad
hungry,..\dataset\hungry\415d69b4-6d84-4bf8-97b0-10f8f108dc1d-1430739528719-1.7-m-04-hu.wav,415d69b4-6d84-4bf8-97b0-10f8f108dc1d-1430739528719-1.7-m-04-hu.wav,.wav,1430739528719,1.7,m,chlapec,04,0–4 týdny,hu,-330.69744873046875,119.44414520263672,33.7159538269043,25.36444854736328,-37.008522033691406,13.978545188903809,3.2186930179595947,10.394929885864258,-16.93617820739746,8.353669166564941,-7.318894386291504,8.493239402770996,-13.127739906311035,9.295273780822754,-8.529634475708008,6.78039026260376,-13.568336486816406,7.310066223144531,-6.30750846862793,5.282681465148926,-9.852731704711914,5.202488422393799,-2.271606206893921,4.6489338874816895,-5.64193058013916,6.969315052032471,7.06,8000,hlad
hungry,..\dataset\hungry\42ec6f14-6ba6-457f-8a80-101ee201195c-1431345009828-1.7-m-22-hu.wav,42ec6f14-6ba6-457f-8a80-101ee201195c-1431345009828-1.7-m-22-hu.wav,.wav,1431345009828,1.7,m,chlapec,22,více než 2 roky,hu,-503.9557189941406,161.97650146484375,17.59895133972168,18.417783737182617,-30.73430633544922,20.225910186767578,15.441579818725586,14.82221508026123,-25.528430938720703,15.309526443481445,-0.3580854535102844,9.057748794555664,-11.99496078491211,8.405881881713867,-0.2875622808933258,8.849376678466797,-9.699889183044434,6.981287479400635,0.3401155173778534,5.879764556884766,-12.343278884887695,8.416020393371582,-0.38901183009147644,7.570678234100342,-8.863436698913574,7.1764960289001465,7.06,8000,hlad
hungry,..\dataset\hungry\459c3f85-5710-4efa-bcc9-8012aa1af55e-1430034880215-1.7-f-48-hu.wav,459c3f85-5710-4efa-bcc9-8012aa1af55e-1430034880215-1.7-f-48-hu.wav,.wav,1430034880215,1.7,f,dívka,48,4–8 týdnů,hu,-331.36590576171875,107.96328735351562,2.7568695545196533,37.616188049316406,-23.818714141845703,27.0147705078125,-4.446228504180908,14.618515014648438,-9.398985862731934,11.754135131835938,13.616599082946777,14.77921199798584,-23.47588348388672,15.080565452575684,-0.36979371309280396,10.43147087097168,-9.931705474853516,12.215792655944824,-7.309119701385498,11.197314262390137,-6.587796688079834,6.5305304527282715,-5.520949840545654,10.77783203125,-11.5960111618042,7.273592948913574,6.94,8000,hlad
hungry,..\dataset\hungry\459c3f85-5710-4efa-bcc9-8012aa1af55e-1430034895673-1.7-f-48-hu.wav,459c3f85-5710-4efa-bcc9-8012aa1af55e-1430034895673-1.7-f-48-hu.wav,.wav,1430034895673,1.7,f,dívka,48,4–8 týdnů,hu,-174.76422119140625,75.4318618774414,-25.546764373779297,51.44582748413086,-59.52672576904297,26.88741683959961,-12.259438514709473,13.216564178466797,-26.01817512512207,13.51736831665039,14.936559677124023,9.839652061462402,-19.172456741333008,11.937552452087402,-3.9350080490112305,11.511344909667969,-6.997040748596191,11.10379409790039,-10.163843154907227,12.787738800048828,-3.495626211166382,8.68876838684082,9.063285827636719,15.995278358459473,-13.125937461853027,13.314044952392578,6.9,8000,hlad
hungry,..\dataset\hungry\46002244-7304-45DC-BF69-B6EC2BB25009-1436902364-1.1-f-48-hu.wav,46002244-7304-45DC-BF69-B6EC2BB25009-1436902364-1.1-f-48-hu.wav,.wav,1436902364,1.1,f,dívka,48,4–8 týdnů,hu,-338.1639099121094,98.35218048095703,23.71356773376465,32.30229949951172,-41.77915954589844,26.382476806640625,-13.436162948608398,15.524227142333984,-9.382617950439453,15.137516021728516,0.11876720190048218,9.78766918182373,-26.501230239868164,10.564096450805664,-10.837323188781738,5.218563556671143,-12.518391609191895,5.558201789855957,-7.315373420715332,9.01362133026123,-13.924626350402832,9.640725135803223,-8.517160415649414,14.364571571350098,-7.279914379119873,16.25369644165039,7.0,8000,hlad
hungry,..\dataset\hungry\4be720ce-a5e5-4a48-930f-a212f8a239f6-1434737668804-1.7-f-48-hu.wav,4be720ce-a5e5-4a48-930f-a212f8a239f6-1434737668804-1.7-f-48-hu.wav,.wav,1434737668804,1.7,f,dívka,48,4–8 týdnů,hu,-399.855712890625,127.05533599853516,53.48868179321289,33.31696319580078,-27.168519973754883,30.98999786376953,-4.500463962554932,21.241201400756836,-7.017305850982666,12.082396507263184,-0.32964712381362915,11.678266525268555,-15.02798080444336,8.549644470214844,-9.017436027526855,6.3479814529418945,-14.73855972290039,6.170481204986572,-3.7580113410949707,11.438111305236816,-10.83596134185791,8.241719245910645,-5.632232666015625,10.917326927185059,-9.672184944152832,8.376211166381836,6.78,8000,hlad
hungry,..\dataset\hungry\4be720ce-a5e5-4a48-930f-a212f8a239f6-1434737694572-1.7-f-48-hu.wav,4be720ce-a5e5-4a48-930f-a212f8a239f6-1434737694572-1.7-f-48-hu.wav,.wav,1434737694572,1.7,f,dívka,48,4–8 týdnů,hu,-438.1889343261719,113.68627166748047,45.648929595947266,38.36756896972656,-18.507537841796875,32.818336486816406,-5.5468668937683105,12.354257583618164,-4.966201305389404,10.475123405456543,-1.0346635580062866,13.990677833557129,-15.62350845336914,10.678924560546875,-3.4270949363708496,9.562399864196777,-13.648552894592285,8.400481224060059,-0.6180928945541382,12.303478240966797,-12.249284744262695,10.633756637573242,-6.978551864624023,12.54465389251709,-12.525100708007812,9.819314956665039,6.78,8000,hlad
hungry,..\dataset\hungry\4be720ce-a5e5-4a48-930f-a212f8a239f6-1434774932733-1.7-f-48-hu.wav,4be720ce-a5e5-4a48-930f-a212f8a239f6-1434774932733-1.7-f-48-hu.wav,.wav,1434774932733,1.7,f,dívka,48,4–8 týdnů,hu,-254.45355224609375,106.72752380371094,-16.154315948486328,29.490224838256836,-86.84182739257812,30.924148559570312,9.888334274291992,14.004130363464355,-27.390600204467773,12.022446632385254,13.652715682983398,13.50794506072998,-20.977903366088867,12.133764266967773,7.434614658355713,11.260173797607422,-16.394235610961914,8.75911808013916,0.6688256859779358,10.469209671020508,-11.555737495422363,10.507304191589355,4.577070236206055,20.299270629882812,1.097542643547058,16.110633850097656,6.78,8000,hlad
hungry,..\dataset\hungry\4be720ce-a5e5-4a48-930f-a212f8a239f6-1434774947458-1.7-f-48-hu.wav,4be720ce-a5e5-4a48-930f-a212f8a239f6-1434774947458-1.7-f-48-hu.wav,.wav,1434774947458,1.7,f,dívka,48,4–8 týdnů,hu,-303.0704040527344,135.08177185058594,28.634151458740234,42.311119079589844,-57.54856872558594,35.91581726074219,-8.458921432495117,16.59111976623535,-22.40505027770996,21.653257369995117,7.66295862197876,12.892136573791504,-18.062217712402344,14.043664932250977,7.836273193359375,9.512861251831055,-8.632070541381836,12.235093116760254,-1.166585087776184,8.99158763885498,-17.405941009521484,10.85155963897705,-4.233501434326172,18.502159118652344,5.8667683601379395,16.343704223632812,6.78,8000,hlad
hungry,..\dataset\hungry\4CD5903D-E2CE-401E-B898-D873C763F44B-1430727644-1.0-m-26-hu.wav,4CD5903D-E2CE-401E-B898-D873C763F44B-1430727644-1.0-m-26-hu.wav,.wav,1430727644,1.0,m,chlapec,26,2–6 měsíců,hu,-340.6841735839844,125.60173797607422,30.467273712158203,33.94345474243164,-33.96075439453125,29.20699691772461,-12.132353782653809,16.7325439453125,4.5913920402526855,15.56385612487793,-9.283785820007324,11.112308502197266,-20.571928024291992,12.327513694763184,-10.817743301391602,13.355209350585938,-12.122681617736816,14.658304214477539,-5.776455879211426,10.916372299194336,-10.559134483337402,10.283905982971191,-2.8179831504821777,10.529301643371582,-5.655806541442871,13.188236236572266,7.0,8000,hlad
hungry,..\dataset\hungry\4CD5903D-E2CE-401E-B898-D873C763F44B-1430727653-1.0-m-26-hu.wav,4CD5903D-E2CE-401E-B898-D873C763F44B-1430727653-1.0-m-26-hu.wav,.wav,1430727653,1.0,m,chlapec,26,2–6 měsíců,hu,-313.7536926269531,121.66799926757812,15.479235649108887,37.719207763671875,-35.66360092163086,22.994346618652344,-11.474767684936523,23.854949951171875,9.735760688781738,14.847702026367188,-3.025102138519287,12.03171443939209,-18.677753448486328,12.660982131958008,-10.499561309814453,11.627083778381348,-14.622908592224121,8.631942749023438,-2.9534966945648193,10.938928604125977,-13.223897933959961,8.934617042541504,0.8250095844268799,10.859997749328613,-11.892363548278809,10.916365623474121,7.0,8000,hlad
hungry,..\dataset\hungry\4cefc13c-e7c0-4b5a-bddb-c40c103e640a-1431583459308-1.7-f-26-hu.wav,4cefc13c-e7c0-4b5a-bddb-c40c103e640a-1431583459308-1.7-f-26-hu.wav,.wav,1431583459308,1.7,f,dívka,26,2–6 měsíců,hu,-314.7734375,101.08454132080078,37.98888397216797,23.86639404296875,-42.29092788696289,32.765140533447266,-9.47927474975586,18.034072875976562,-20.860626220703125,14.786174774169922,-1.1674295663833618,10.889222145080566,-14.581525802612305,14.27905559539795,-7.613274574279785,9.330690383911133,-13.753546714782715,13.122562408447266,0.6690964698791504,14.013101577758789,-2.260668992996216,12.23812198638916,-2.8235039710998535,15.916936874389648,-1.5222216844558716,17.789335250854492,6.78,8000,hlad
hungry,..\dataset\hungry\4cefc13c-e7c0-4b5a-bddb-c40c103e640a-1431583470764-1.7-f-26-hu.wav,4cefc13c-e7c0-4b5a-bddb-c40c103e640a-1431583470764-1.7-f-26-hu.wav,.wav,1431583470764,1.7,f,dívka,26,2–6 měsíců,hu,-282.5642395019531,102.10165405273438,37.64759063720703,32.24934768676758,-19.706735610961914,28.5114803314209,-27.21675682067871,16.736820220947266,-30.260417938232422,14.06733512878418,1.60780930519104,20.358455657958984,-26.20395851135254,12.66172981262207,-7.003293037414551,10.682188034057617,-14.97372817993164,9.726481437683105,3.6410651206970215,14.475493431091309,4.512045383453369,13.177289962768555,-4.4023003578186035,12.99622631072998,-8.460281372070312,14.214845657348633,6.78,8000,hlad
hungry,..\dataset\hungry\4D43D6CD-C084-4081-ABF3-8B25951B2D75-1430146631-1.0-m-04-hu.wav,4D43D6CD-C084-4081-ABF3-8B25951B2D75-1430146631-1.0-m-04-hu.wav,.wav,1430146631,1.0,m,chlapec,04,0–4 týdny,hu,-267.78118896484375,117.66510009765625,16.661264419555664,24.469966888427734,-31.623899459838867,23.15237808227539,-9.488323211669922,13.227936744689941,-34.5108642578125,17.684154510498047,9.862299919128418,11.616552352905273,-15.493474960327148,11.082802772521973,-20.110952377319336,12.665093421936035,-14.6467924118042,14.3923978805542,-5.034352779388428,18.775962829589844,4.921066761016846,21.03296661376953,5.015162944793701,18.749656677246094,0.12434759736061096,21.66079330444336,7.0,8000,hlad
hungry,..\dataset\hungry\50DC5FBC-AC95-44F2-B55F-E4E5FB03AC96-1430007656-1.0-m-26-hu.wav,50DC5FBC-AC95-44F2-B55F-E4E5FB03AC96-1430007656-1.0-m-26-hu.wav,.wav,1430007656,1.0,m,chlapec,26,2–6 měsíců,hu,-225.865966796875,100.59845733642578,-6.944291114807129,38.221435546875,-45.79074478149414,17.73868179321289,10.111011505126953,25.779565811157227,-21.840410232543945,17.06966781616211,-5.618544101715088,13.014726638793945,-6.783600330352783,9.554515838623047,-8.163049697875977,9.240852355957031,-19.217384338378906,11.721199989318848,-5.667722225189209,11.919262886047363,-12.39011001586914,11.121885299682617,-0.4545374810695648,20.106016159057617,6.1352009773254395,22.633081436157227,7.0,8000,hlad
hungry,..\dataset\hungry\50DC5FBC-AC95-44F2-B55F-E4E5FB03AC96-1430007668-1.0-m-26-hu.wav,50DC5FBC-AC95-44F2-B55F-E4E5FB03AC96-1430007668-1.0-m-26-hu.wav,.wav,1430007668,1.0,m,chlapec,26,2–6 měsíců,hu,-204.259765625,98.5499038696289,3.0692708492279053,30.109580993652344,-42.76936340332031,23.518280029296875,-6.671694278717041,22.277292251586914,-33.43278503417969,20.438711166381836,-2.5679147243499756,11.856998443603516,-4.888675689697266,14.260880470275879,-12.795924186706543,13.61701774597168,-19.283416748046875,14.77878189086914,0.7377014756202698,17.109840393066406,5.316061019897461,22.21323585510254,5.769585132598877,19.541412353515625,-4.091507434844971,15.628959655761719,7.0,8000,hlad
hungry,..\dataset\hungry\50DC5FBC-AC95-44F2-B55F-E4E5FB03AC96-1430007691-1.0-m-26-hu.wav,50DC5FBC-AC95-44F2-B55F-E4E5FB03AC96-1430007691-1.0-m-26-hu.wav,.wav,1430007691,1.0,m,chlapec,26,2–6 měsíců,hu,-179.2083282470703,111.05055236816406,-18.889102935791016,33.364776611328125,-43.85544204711914,19.183673858642578,9.55285930633545,23.900529861450195,-29.568145751953125,14.83777904510498,-2.4633777141571045,14.107963562011719,-4.355868339538574,15.552271842956543,-14.129179954528809,15.734232902526855,-19.08477020263672,13.869779586791992,13.476582527160645,18.590776443481445,3.8663394451141357,20.3708553314209,0.9096517562866211,17.10435676574707,-7.439681053161621,12.573054313659668,7.0,8000,hlad
hungry,..\dataset\hungry\50DC5FBC-AC95-44F2-B55F-E4E5FB03AC96-1430108024-1.0-m-26-hu.wav,50DC5FBC-AC95-44F2-B55F-E4E5FB03AC96-1430108024-1.0-m-26-hu.wav,.wav,1430108024,1.0,m,chlapec,26,2–6 měsíců,hu,-136.15975952148438,89.68072509765625,-32.62244415283203,22.495040893554688,-5.1048264503479,10.826705932617188,-6.359692573547363,14.676007270812988,-28.020246505737305,14.583121299743652,9.168550491333008,8.341215133666992,-9.548872947692871,10.363850593566895,-2.315429210662842,15.220849990844727,-20.99152183532715,10.593976020812988,1.3117672204971313,16.965465545654297,3.2767107486724854,17.004274368286133,7.295788764953613,16.730979919433594,-2.875753879547119,15.999430656433105,7.0,8000,hlad
hungry,..\dataset\hungry\52dfc27a-fbc4-4d9f-bbcf-6406c919324a-1430041644396-1.7-m-26-hu.wav,52dfc27a-fbc4-4d9f-bbcf-6406c919324a-1430041644396-1.7-m-26-hu.wav,.wav,1430041644396,1.7,m,chlapec,26,2–6 měsíců,hu,-381.4272155761719,107.28729248046875,52.60849380493164,26.526121139526367,-40.503936767578125,29.719892501831055,-2.640963315963745,14.852338790893555,-36.202598571777344,16.36424446105957,-8.732081413269043,7.557146072387695,-15.78775405883789,12.318403244018555,-7.489339828491211,6.999529838562012,-14.500426292419434,8.86844253540039,-2.266209125518799,5.873111724853516,-17.08517074584961,7.340729713439941,-5.175720691680908,7.437134265899658,-4.124134540557861,12.76335334777832,6.9,8000,hlad
hungry,..\dataset\hungry\52dfc27a-fbc4-4d9f-bbcf-6406c919324a-1430041657947-1.7-m-26-hu.wav,52dfc27a-fbc4-4d9f-bbcf-6406c919324a-1430041657947-1.7-m-26-hu.wav,.wav,1430041657947,1.7,m,chlapec,26,2–6 měsíců,hu,-202.29742431640625,154.6465606689453,-10.486809730529785,46.05687713623047,-52.69450759887695,34.92023849487305,-8.111482620239258,23.782329559326172,-37.389488220214844,16.63912010192871,6.711575984954834,13.04970932006836,-12.643948554992676,17.47766876220703,0.3023674786090851,11.28823471069336,-13.0726957321167,13.234633445739746,-2.133728265762329,11.575778007507324,-2.8961949348449707,14.304988861083984,7.7617645263671875,16.999242782592773,2.7590129375457764,19.580909729003906,6.92,8000,hlad
hungry,..\dataset\hungry\539FDD32-6326-422E-A707-FCF063D3426C-1437073534-1.1-f-26-hu.wav,539FDD32-6326-422E-A707-FCF063D3426C-1437073534-1.1-f-26-hu.wav,.wav,1437073534,1.1,f,dívka,26,2–6 měsíců,hu,-138.69338989257812,81.02666473388672,16.9672908782959,28.92569923400879,1.1684200763702393,17.422622680664062,-4.830997467041016,9.394569396972656,-37.63589859008789,15.964813232421875,4.320914268493652,14.909089088439941,-23.07316017150879,9.660572052001953,-0.7094570994377136,8.489951133728027,-9.854196548461914,6.963549613952637,-12.34156608581543,5.897356986999512,-5.800191879272461,7.157013416290283,-8.893031120300293,5.532598972320557,-12.349201202392578,7.8758344650268555,7.0,8000,hlad
hungry,..\dataset\hungry\539FDD32-6326-422E-A707-FCF063D3426C-1437073544-1.1-f-26-hu.wav,539FDD32-6326-422E-A707-FCF063D3426C-1437073544-1.1-f-26-hu.wav,.wav,1437073544,1.1,f,dívka,26,2–6 měsíců,hu,-171.20855712890625,63.534698486328125,28.719593048095703,27.33770751953125,-6.713379383087158,13.828514099121094,-10.417866706848145,8.4104585647583,-30.528921127319336,15.3832368850708,-6.9430036544799805,11.106112480163574,-17.492191314697266,14.225086212158203,-8.314367294311523,12.66023063659668,6.285246849060059,17.709360122680664,4.634859561920166,19.725570678710938,-3.3801047801971436,19.230915069580078,-8.124516487121582,17.238603591918945,-16.006118774414062,14.298462867736816,7.0,8000,hlad
hungry,..\dataset\hungry\549a46d8-9c84-430e-ade8-97eae2bef787-1430130669340-1.7-m-48-hu.wav,549a46d8-9c84-430e-ade8-97eae2bef787-1430130669340-1.7-m-48-hu.wav,.wav,1430130669340,1.7,m,chlapec,48,4–8 týdnů,hu,-605.7443237304688,121.61300659179688,33.15680694580078,19.83768653869629,-12.062987327575684,29.65406036376953,-9.788773536682129,13.114518165588379,-26.32749366760254,18.581703186035156,0.7361966371536255,11.922060012817383,-15.02277946472168,7.884128570556641,-4.326272964477539,7.000980377197266,-7.557949066162109,8.941685676574707,-5.222654342651367,7.588832855224609,-3.936241388320923,7.8491058349609375,0.851898729801178,12.244420051574707,6.017572402954102,16.087947845458984,6.86,8000,hlad
hungry,..\dataset\hungry\549a46d8-9c84-430e-ade8-97eae2bef787-1430130686288-1.7-m-48-hu.wav,549a46d8-9c84-430e-ade8-97eae2bef787-1430130686288-1.7-m-48-hu.wav,.wav,1430130686288,1.7,m,chlapec,48,4–8 týdnů,hu,-531.5708618164062,121.18877410888672,40.17805480957031,26.85774040222168,-45.59401321411133,39.061912536621094,-6.512836933135986,11.147486686706543,-37.21128463745117,18.596149444580078,-2.5354721546173096,7.579290390014648,-1.1441867351531982,9.594082832336426,-7.231313705444336,11.200011253356934,-2.7090532779693604,7.187596797943115,1.943603515625,9.137611389160156,-4.592957496643066,9.544122695922852,2.771925687789917,10.811592102050781,-1.5820739269256592,11.902103424072266,6.88,8000,hlad
hungry,..\dataset\hungry\549a46d8-9c84-430e-ade8-97eae2bef787-1430130702316-1.7-m-48-hu.wav,549a46d8-9c84-430e-ade8-97eae2bef787-1430130702316-1.7-m-48-hu.wav,.wav,1430130702316,1.7,m,chlapec,48,4–8 týdnů,hu,-354.7708740234375,143.3641357421875,24.73299217224121,43.470699310302734,-57.49712371826172,26.00112533569336,9.434033393859863,16.01812171936035,-45.469947814941406,21.382898330688477,4.923882007598877,12.488994598388672,-15.472064018249512,15.310513496398926,4.497366428375244,8.809357643127441,-15.971940994262695,11.497827529907227,-3.025010108947754,11.538692474365234,-7.14532995223999,13.282506942749023,4.814377784729004,16.304786682128906,20.802820205688477,21.90086555480957,6.86,8000,hlad
hungry,..\dataset\hungry\549a46d8-9c84-430e-ade8-97eae2bef787-1430130714659-1.7-m-48-hu.wav,549a46d8-9c84-430e-ade8-97eae2bef787-1430130714659-1.7-m-48-hu.wav,.wav,1430130714659,1.7,m,chlapec,48,4–8 týdnů,hu,-494.893798828125,146.52879333496094,39.583160400390625,25.166805267333984,-53.56550598144531,39.756736755371094,-3.1968441009521484,11.684727668762207,-33.821285247802734,16.66609764099121,0.47846558690071106,9.063478469848633,-2.2149276733398438,11.66357707977295,-3.9612534046173096,9.087661743164062,-9.32885456085205,10.595858573913574,-8.110050201416016,7.125511169433594,-11.615002632141113,8.762900352478027,2.2512271404266357,12.830408096313477,15.458637237548828,19.657939910888672,6.86,8000,hlad
hungry,..\dataset\hungry\549a46d8-9c84-430e-ade8-97eae2bef787-1430130760929-1.7-m-48-hu.wav,549a46d8-9c84-430e-ade8-97eae2bef787-1430130760929-1.7-m-48-hu.wav,.wav,1430130760929,1.7,m,chlapec,48,4–8 týdnů,hu,-448.8155517578125,178.51124572753906,4.1468825340271,41.86894226074219,-42.62042999267578,40.4465217590332,-5.677211761474609,19.09719467163086,-31.951948165893555,19.465408325195312,7.416014671325684,12.613602638244629,-12.813825607299805,13.256099700927734,2.5832202434539795,10.485820770263672,-6.227530002593994,10.351665496826172,-2.324951171875,6.625263214111328,-11.75111198425293,9.444867134094238,-7.853346824645996,8.967208862304688,1.527045726776123,11.658055305480957,6.86,8000,hlad
hungry,..\dataset\hungry\5728DDD6-149B-412F-A14B-C29B9B5E415F-1432635035-1.0-m-26-hu.wav,5728DDD6-149B-412F-A14B-C29B9B5E415F-1432635035-1.0-m-26-hu.wav,.wav,1432635035,1.0,m,chlapec,26,2–6 měsíců,hu,-216.68421936035156,52.11985778808594,36.82340621948242,12.63936996459961,-27.865890502929688,15.34209156036377,-4.758073806762695,10.56174373626709,-24.287099838256836,13.786303520202637,4.750308513641357,16.181344985961914,-1.9760360717773438,12.73703670501709,-18.854644775390625,11.606292724609375,-17.671186447143555,10.357386589050293,-17.187585830688477,10.470830917358398,-16.259084701538086,16.9752197265625,-4.2778730392456055,17.22195053100586,-8.98390007019043,17.823448181152344,7.0,8000,hlad
hungry,..\dataset\hungry\5728DDD6-149B-412F-A14B-C29B9B5E415F-1432635047-1.0-m-26-hu.wav,5728DDD6-149B-412F-A14B-C29B9B5E415F-1432635047-1.0-m-26-hu.wav,.wav,1432635047,1.0,m,chlapec,26,2–6 měsíců,hu,-157.80242919921875,61.42649459838867,30.647335052490234,41.303871154785156,-23.198158264160156,26.750526428222656,-1.0087252855300903,20.264787673950195,-15.514036178588867,15.07951545715332,8.732431411743164,14.729480743408203,-12.276891708374023,13.765912055969238,-17.996030807495117,13.094901084899902,-19.899606704711914,17.24339485168457,-5.393518447875977,16.25293731689453,0.47657477855682373,20.304786682128906,-1.6178613901138306,18.373096466064453,-11.43667221069336,18.392127990722656,7.0,8000,hlad
hungry,..\dataset\hungry\5728DDD6-149B-412F-A14B-C29B9B5E415F-1432635069-1.0-m-26-hu.wav,5728DDD6-149B-412F-A14B-C29B9B5E415F-1432635069-1.0-m-26-hu.wav,.wav,1432635069,1.0,m,chlapec,26,2–6 měsíců,hu,-177.91287231445312,56.933082580566406,34.52034378051758,22.419740676879883,-26.376054763793945,16.56475830078125,-1.7784861326217651,11.882265090942383,-18.878662109375,10.761038780212402,9.828902244567871,15.566126823425293,-11.878125190734863,9.45954418182373,-16.931602478027344,10.96764087677002,-19.388259887695312,10.316804885864258,-13.612041473388672,10.631368637084961,-10.325127601623535,17.337434768676758,-3.9222681522369385,18.18400764465332,-7.183444023132324,20.396591186523438,7.0,8000,hlad
hungry,..\dataset\hungry\5afc6a14-a9d8-45f8-b31d-c79dd87cc8c6-1430757081034-1.7-m-48-hu.wav,5afc6a14-a9d8-45f8-b31d-c79dd87cc8c6-1430757081034-1.7-m-48-hu.wav,.wav,1430757081034,1.7,m,chlapec,48,4–8 týdnů,hu,-110.69811248779297,126.20040130615234,-17.11864471435547,46.51420211791992,-24.07900619506836,28.398956298828125,-20.500232696533203,19.611949920654297,-17.277008056640625,14.969660758972168,-1.8740527629852295,11.582319259643555,-19.836477279663086,15.063423156738281,1.4011223316192627,18.212366104125977,3.2966654300689697,12.939929008483887,-4.7904791831970215,17.064451217651367,-9.862481117248535,15.389822006225586,-3.324354887008667,14.754756927490234,-7.580511569976807,15.497427940368652,6.68,8000,hlad
hungry,..\dataset\hungry\5b49f19f-a3a7-411e-bb32-755da3cbd6f0-1430029991480-1.7-m-48-hu.wav,5b49f19f-a3a7-411e-bb32-755da3cbd6f0-1430029991480-1.7-m-48-hu.wav,.wav,1430029991480,1.7,m,chlapec,48,4–8 týdnů,hu,-107.59823608398438,97.19654083251953,19.415746688842773,37.764366149902344,-49.76140594482422,25.932687759399414,2.8893210887908936,11.912694931030273,-15.785401344299316,17.74348258972168,7.116023540496826,12.67798137664795,-9.775922775268555,12.141420364379883,5.261847496032715,10.699667930603027,-11.094590187072754,10.899514198303223,-4.093904495239258,8.425997734069824,-8.274166107177734,9.258262634277344,-2.811272382736206,14.900419235229492,-3.4934730529785156,20.35538101196289,6.96,8000,hlad
hungry,..\dataset\hungry\5C2F730C-9721-40B7-A2D8-C257DB518978-1429966327-1.0-m-04-hu.wav,5C2F730C-9721-40B7-A2D8-C257DB518978-1429966327-1.0-m-04-hu.wav,.wav,1429966327,1.0,m,chlapec,04,0–4 týdny,hu,-345.95001220703125,184.68533325195312,33.88459396362305,29.984081268310547,-8.562349319458008,16.31647300720215,-14.571549415588379,20.113142013549805,-23.439067840576172,12.987987518310547,-0.39207562804222107,15.364198684692383,-21.392873764038086,10.141715049743652,-3.0876500606536865,17.290639877319336,-17.787385940551758,9.56489086151123,-6.762866020202637,16.012237548828125,-10.564942359924316,16.235057830810547,-4.307450771331787,15.671106338500977,-3.3586952686309814,18.402334213256836,7.0,8000,hlad
hungry,..\dataset\hungry\5C2F730C-9721-40B7-A2D8-C257DB518978-1429966336-1.0-m-04-hu.wav,5C2F730C-9721-40B7-A2D8-C257DB518978-1429966336-1.0-m-04-hu.wav,.wav,1429966336,1.0,m,chlapec,04,0–4 týdny,hu,-223.16427612304688,134.33001708984375,33.416221618652344,23.834064483642578,-2.950361490249634,14.842998504638672,-37.52131652832031,24.37614631652832,-37.78348159790039,18.216703414916992,-9.679540634155273,10.907267570495605,-13.896828651428223,14.944878578186035,2.861260414123535,11.2157621383667,-14.497964859008789,9.579216003417969,-10.035172462463379,10.909310340881348,-14.747457504272461,12.882497787475586,-9.3240385055542,14.477522850036621,-11.477523803710938,9.64941692352295,7.0,8000,hlad
hungry,..\dataset\hungry\5E01DC60-1DE3-4AF9-A661-7F649EAE457D-1430141106-1.0-m-26-hu.wav,5E01DC60-1DE3-4AF9-A661-7F649EAE457D-1430141106-1.0-m-26-hu.wav,.wav,1430141106,1.0,m,chlapec,26,2–6 měsíců,hu,-272.2489318847656,128.11935424804688,22.7691650390625,29.192546844482422,-34.898380279541016,23.435392379760742,-20.04857063293457,22.341611862182617,-19.257789611816406,18.803739547729492,4.706095218658447,14.016335487365723,-16.235612869262695,11.109474182128906,-7.604241847991943,11.54528522491455,-14.966498374938965,12.258039474487305,2.7458558082580566,20.03923225402832,3.667929172515869,23.26665687561035,-0.40395835041999817,18.93830680847168,-9.31502914428711,10.213923454284668,7.0,8000,hlad
hungry,..\dataset\hungry\5f0a1ed4-ee2c-493c-bc00-6b56aad78a72-1430933240505-1.7-m-72-hu.wav,5f0a1ed4-ee2c-493c-bc00-6b56aad78a72-1430933240505-1.7-m-72-hu.wav,.wav,1430933240505,1.7,m,chlapec,72,7 měsíců–2 roky,hu,-409.9623718261719,86.86157989501953,5.427253246307373,41.77766418457031,-28.201576232910156,23.8946533203125,-0.08850427716970444,14.530763626098633,-21.695039749145508,19.642553329467773,-5.7491254806518555,17.715835571289062,-11.756303787231445,14.599067687988281,3.1579208374023438,15.28652286529541,-5.650047302246094,11.908217430114746,7.6459808349609375,13.001936912536621,-9.51395320892334,17.014270782470703,2.8231518268585205,10.600878715515137,-9.777511596679688,10.700505256652832,6.62,8000,hlad
hungry,..\dataset\hungry\5f651112-d2a3-4911-b3a5-f37bfc092494-1430734658837-1.7-m-72-hu.wav,5f651112-d2a3-4911-b3a5-f37bfc092494-1430734658837-1.7-m-72-hu.wav,.wav,1430734658837,1.7,m,chlapec,72,7 měsíců–2 roky,hu,-196.08045959472656,110.44465637207031,39.571022033691406,20.49755859375,-3.3303332328796387,20.473876953125,2.173549175262451,13.42234992980957,-58.185211181640625,20.86653709411621,-19.064218521118164,16.1860294342041,-33.02865219116211,13.446022033691406,1.5270500183105469,9.068085670471191,-17.17132568359375,12.810376167297363,7.389580726623535,14.419239044189453,2.7780990600585938,16.9517879486084,3.7908129692077637,19.996761322021484,12.533503532409668,20.453929901123047,6.92,8000,hlad
hungry,..\dataset\hungry\602b06a7-31f0-4370-b35a-9cc81d205958-1430739585531-1.7-m-04-hu.wav,602b06a7-31f0-4370-b35a-9cc81d205958-1430739585531-1.7-m-04-hu.wav,.wav,1430739585531,1.7,m,chlapec,04,0–4 týdny,hu,-150.10870361328125,126.39027404785156,77.17887878417969,19.20992088317871,-41.31779098510742,31.961896896362305,-9.365930557250977,12.027836799621582,-40.01561737060547,12.580255508422852,-11.122625350952148,14.30610179901123,-26.457584381103516,10.289350509643555,-1.19081711769104,9.188658714294434,-19.237178802490234,5.946868419647217,-7.605571746826172,7.02325963973999,-11.548369407653809,11.866646766662598,1.204269528388977,12.788400650024414,-6.436856269836426,13.783151626586914,6.92,8000,hlad
hungry,..\dataset\hungry\602b06a7-31f0-4370-b35a-9cc81d205958-1430739609286-1.7-f-72-hu.wav,602b06a7-31f0-4370-b35a-9cc81d205958-1430739609286-1.7-f-72-hu.wav,.wav,1430739609286,1.7,f,dívka,72,7 měsíců–2 roky,hu,-138.93801879882812,103.78932189941406,63.38612365722656,22.586660385131836,-61.508182525634766,23.620182037353516,-19.839000701904297,11.975560188293457,-34.74464416503906,8.057297706604004,-15.26605224609375,7.562700271606445,-23.81574821472168,10.94911003112793,-2.560654640197754,13.963369369506836,14.291712760925293,22.0635929107666,22.127918243408203,15.426143646240234,0.7963488698005676,19.959280014038086,-11.20506763458252,23.427715301513672,-9.379255294799805,11.693070411682129,6.86,8000,hlad
hungry,..\dataset\hungry\602b06a7-31f0-4370-b35a-9cc81d205958-1430907796431-1.7-f-72-hu.wav,602b06a7-31f0-4370-b35a-9cc81d205958-1430907796431-1.7-f-72-hu.wav,.wav,1430907796431,1.7,f,dívka,72,7 měsíců–2 roky,hu,-313.79949951171875,107.2530746459961,46.89345169067383,22.67024803161621,-30.61598777770996,30.29603385925293,-2.8737902641296387,17.049657821655273,-27.6502742767334,11.491172790527344,-8.20378303527832,7.146688938140869,-15.90605354309082,8.62289047241211,-12.803460121154785,7.9331841468811035,-13.925073623657227,8.593677520751953,-4.864159107208252,7.623766899108887,-18.656232833862305,11.583959579467773,-0.36563149094581604,10.336427688598633,-7.669338226318359,13.569463729858398,6.92,8000,hlad
hungry,..\dataset\hungry\63CA92F7-973A-4DCA-A410-7B19811A2478-1430041884-1.0-f-26-hu.wav,63CA92F7-973A-4DCA-A410-7B19811A2478-1430041884-1.0-f-26-hu.wav,.wav,1430041884,1.0,f,dívka,26,2–6 měsíců,hu,-382.8671875,123.526123046875,34.9194450378418,24.523710250854492,-23.632877349853516,24.741268157958984,-11.251147270202637,13.539778709411621,-18.293725967407227,16.284643173217773,-6.6222310066223145,13.98324203491211,-23.722782135009766,9.36417007446289,-23.691667556762695,11.415043830871582,-16.43050193786621,7.673656463623047,-8.267559051513672,8.43524169921875,-4.550783157348633,8.494302749633789,0.14030618965625763,9.66361141204834,-7.359999179840088,8.305367469787598,7.0,8000,hlad
hungry,..\dataset\hungry\63CA92F7-973A-4DCA-A410-7B19811A2478-1430041902-1.0-f-26-hu.wav,63CA92F7-973A-4DCA-A410-7B19811A2478-1430041902-1.0-f-26-hu.wav,.wav,1430041902,1.0,f,dívka,26,2–6 měsíců,hu,-429.4129333496094,129.55764770507812,36.71479797363281,28.29927635192871,-14.191537857055664,23.05011558532715,-1.670491337776184,11.93266487121582,-22.47885513305664,14.231302261352539,-9.120333671569824,16.16238021850586,-27.395538330078125,7.502399444580078,-19.638465881347656,9.005270004272461,-16.960180282592773,7.600955009460449,-9.712570190429688,7.380133628845215,-8.437600135803223,8.646748542785645,-7.072922706604004,6.93472146987915,-5.036961555480957,7.026506423950195,7.0,8000,hlad
hungry,..\dataset\hungry\64acb345-a61e-4ef3-a5a6-cf83c04b83f1-1430045478300-1.7-m-72-hu.wav,64acb345-a61e-4ef3-a5a6-cf83c04b83f1-1430045478300-1.7-m-72-hu.wav,.wav,1430045478300,1.7,m,chlapec,72,7 měsíců–2 roky,hu,-154.42233276367188,82.55210876464844,60.619712829589844,32.21705627441406,-35.98580551147461,23.341577529907227,-19.457645416259766,23.546201705932617,-37.73222732543945,24.073232650756836,-23.321367263793945,19.65305519104004,-13.056623458862305,11.839519500732422,-4.116096496582031,11.753705978393555,4.730281352996826,15.604615211486816,14.696316719055176,16.18212890625,4.702322006225586,18.67603302001953,-9.382898330688477,15.001423835754395,-15.653919219970703,14.956794738769531,6.66,8000,hlad
hungry,..\dataset\hungry\64acb345-a61e-4ef3-a5a6-cf83c04b83f1-1430058973897-1.7-m-72-hu.wav,64acb345-a61e-4ef3-a5a6-cf83c04b83f1-1430058973897-1.7-m-72-hu.wav,.wav,1430058973897,1.7,m,chlapec,72,7 měsíců–2 roky,hu,-144.00978088378906,90.7379150390625,33.29859924316406,14.447354316711426,-30.03095817565918,20.46980094909668,-22.98971176147461,33.689727783203125,-32.864437103271484,17.368911743164062,-6.7018232345581055,10.380536079406738,-14.072319984436035,10.432686805725098,2.197760581970215,18.04350471496582,-2.1045756340026855,10.556432723999023,2.053560495376587,15.61493968963623,-13.649566650390625,12.810909271240234,-14.556306838989258,11.945845603942871,-15.300657272338867,10.870319366455078,6.62,8000,hlad
hungry,..\dataset\hungry\653bf718-94bd-40d0-af7c-8fe44e07640c-1430759214066-1.7-m-04-hu.wav,653bf718-94bd-40d0-af7c-8fe44e07640c-1430759214066-1.7-m-04-hu.wav,.wav,1430759214066,1.7,m,chlapec,04,0–4 týdny,hu,-328.20416259765625,120.12914276123047,68.08846282958984,41.17776870727539,-18.731401443481445,15.39287281036377,-17.814292907714844,14.838349342346191,-37.094058990478516,20.928226470947266,-3.852315902709961,10.73886489868164,-29.929067611694336,15.331856727600098,-1.791386365890503,8.841002464294434,-12.826932907104492,13.802447319030762,4.670205593109131,17.522605895996094,-13.609370231628418,12.552066802978516,-3.762981653213501,12.973159790039062,-12.556126594543457,12.409135818481445,6.86,8000,hlad
hungry,..\dataset\hungry\653bf718-94bd-40d0-af7c-8fe44e07640c-1430759231913-1.7-m-04-hu.wav,653bf718-94bd-40d0-af7c-8fe44e07640c-1430759231913-1.7-m-04-hu.wav,.wav,1430759231913,1.7,m,chlapec,04,0–4 týdny,hu,-197.1583709716797,165.06695556640625,45.23257064819336,39.221649169921875,-42.097389221191406,36.16569900512695,6.0637125968933105,17.46775245666504,-36.59000015258789,23.474416732788086,4.9473652839660645,13.096144676208496,-23.011381149291992,15.061079978942871,-5.402283668518066,13.892014503479004,-12.512160301208496,12.23645305633545,4.269594192504883,12.679162979125977,-8.335295677185059,10.771472930908203,-1.606784701347351,11.999378204345703,-8.691014289855957,16.303951263427734,6.88,8000,hlad
hungry,..\dataset\hungry\6639C63C-F634-489C-91B3-E3DB5930EFD5-1431370257-1.1-m-04-hu.wav,6639C63C-F634-489C-91B3-E3DB5930EFD5-1431370257-1.1-m-04-hu.wav,.wav,1431370257,1.1,m,chlapec,04,0–4 týdny,hu,-225.20364379882812,111.94400024414062,41.15697479248047,27.992185592651367,-26.008480072021484,20.402286529541016,-6.117344856262207,15.65416145324707,-50.93143081665039,14.961999893188477,-27.191814422607422,12.97468376159668,-17.14217185974121,10.01725959777832,-9.988016128540039,12.745391845703125,-31.90985679626465,12.20888614654541,4.305253982543945,15.743115425109863,-6.493657112121582,10.987188339233398,5.406503200531006,17.734357833862305,13.083455085754395,14.665555953979492,7.0,8000,hlad
hungry,..\dataset\hungry\6639C63C-F634-489C-91B3-E3DB5930EFD5-1431370278-1.1-m-04-hu.wav,6639C63C-F634-489C-91B3-E3DB5930EFD5-1431370278-1.1-m-04-hu.wav,.wav,1431370278,1.1,m,chlapec,04,0–4 týdny,hu,-208.16146850585938,76.541015625,51.24135208129883,26.42154312133789,-34.6937141418457,13.468688011169434,-3.8120172023773193,10.964460372924805,-43.13981628417969,12.922479629516602,-41.96601104736328,13.552014350891113,-18.300521850585938,11.103117942810059,-6.890990257263184,8.820844650268555,-35.445533752441406,10.858139038085938,4.894796848297119,13.497915267944336,-5.372276306152344,8.48321533203125,1.5103546380996704,11.967211723327637,9.033310890197754,15.200882911682129,7.0,8000,hlad
hungry,..\dataset\hungry\67414C5E-0EB2-48FD-8391-FCF085FDB6D9-1430050964-1.0-m-04-hu.wav,67414C5E-0EB2-48FD-8391-FCF085FDB6D9-1430050964-1.0-m-04-hu.wav,.wav,1430050964,1.0,m,chlapec,04,0–4 týdny,hu,-202.3551483154297,111.89262390136719,26.257057189941406,29.70391845703125,-30.48072624206543,30.268535614013672,2.3516266345977783,14.917752265930176,-19.88823699951172,12.290621757507324,-8.526836395263672,18.712026596069336,-13.373666763305664,13.834317207336426,-17.583515167236328,10.614677429199219,-12.882330894470215,11.84897232055664,-6.246837139129639,13.556987762451172,5.39234733581543,20.619216918945312,7.60914421081543,19.744707107543945,-9.143019676208496,13.621138572692871,7.0,8000,hlad
hungry,..\dataset\hungry\69374818-7b73-48ac-8200-e6a225e293fb-1430746080630-1.7-m-04-hu.wav,69374818-7b73-48ac-8200-e6a225e293fb-1430746080630-1.7-m-04-hu.wav,.wav,1430746080630,1.7,m,chlapec,04,0–4 týdny,hu,-107.30229187011719,116.13831329345703,18.687305450439453,27.197830200195312,-53.693885803222656,25.963336944580078,4.45429801940918,17.2573299407959,-30.21294593811035,17.43576431274414,-5.643169403076172,8.219021797180176,-20.101350784301758,10.887907981872559,-16.841217041015625,10.671590805053711,-7.05678653717041,6.184125900268555,-11.238005638122559,10.089789390563965,-9.575209617614746,6.458730697631836,-3.042410135269165,15.291539192199707,2.1265907287597656,18.11292266845703,6.72,8000,hlad
hungry,..\dataset\hungry\69374818-7b73-48ac-8200-e6a225e293fb-1430746091424-1.7-m-04-hu.wav,69374818-7b73-48ac-8200-e6a225e293fb-1430746091424-1.7-m-04-hu.wav,.wav,1430746091424,1.7,m,chlapec,04,0–4 týdny,hu,-213.8878631591797,118.86695861816406,38.94878387451172,27.86264419555664,-49.809120178222656,26.965835571289062,-15.305623054504395,22.817808151245117,-24.613590240478516,18.305070877075195,-9.81364917755127,10.501347541809082,-12.831552505493164,12.760991096496582,-13.700345993041992,10.24499797821045,-10.782438278198242,10.174579620361328,-3.973191738128662,9.727421760559082,-8.908902168273926,10.710675239562988,2.013023614883423,9.896984100341797,-3.721160888671875,16.00595474243164,6.72,8000,hlad
hungry,..\dataset\hungry\6bd76f21-f279-4c46-9453-58c95e7b2475-1430767927715-1.7-m-72-hu.wav,6bd76f21-f279-4c46-9453-58c95e7b2475-1430767927715-1.7-m-72-hu.wav,.wav,1430767927715,1.7,m,chlapec,72,7 měsíců–2 roky,hu,-379.529296875,148.12765502929688,90.10633850097656,38.808353424072266,-36.926734924316406,36.462249755859375,-27.84339714050293,26.60297203063965,-25.770957946777344,13.271005630493164,-10.493474006652832,11.67389965057373,-23.914121627807617,10.796185493469238,-8.92198371887207,11.964103698730469,-19.3806095123291,10.186275482177734,-6.827423095703125,9.197477340698242,-1.3719494342803955,14.561384201049805,4.115180969238281,10.7996187210083,-11.575334548950195,11.91158676147461,6.62,8000,hlad
hungry,..\dataset\hungry\6d922623-8424-4625-be4c-4964e0c9e25c-1434898452774-1.7-m-04-hu.wav,6d922623-8424-4625-be4c-4964e0c9e25c-1434898452774-1.7-m-04-hu.wav,.wav,1434898452774,1.7,m,chlapec,04,0–4 týdny,hu,-239.51275634765625,89.34691619873047,112.76687622070312,30.853761672973633,-5.644378185272217,21.451459884643555,-18.944061279296875,19.175941467285156,-23.296812057495117,11.408255577087402,-13.17648696899414,10.865888595581055,-11.680142402648926,9.495121002197266,-18.77310562133789,9.610013961791992,-17.175737380981445,10.048416137695312,-10.999552726745605,9.121161460876465,-12.540830612182617,8.061015129089355,-5.181181907653809,8.799680709838867,-13.243792533874512,7.67746639251709,6.96,8000,hlad
hungry,..\dataset\hungry\7060a4f6-4c0c-494b-912c-ae60158b185a-1436931995150-1.7-f-04-hu.wav,7060a4f6-4c0c-494b-912c-ae60158b185a-1436931995150-1.7-f-04-hu.wav,.wav,1436931995150,1.7,f,dívka,04,0–4 týdny,hu,-287.5090637207031,82.37234497070312,90.43170928955078,25.298612594604492,-3.114631414413452,20.013364791870117,6.641024112701416,17.50193214416504,-4.582212924957275,12.495668411254883,-2.3851585388183594,8.691208839416504,-15.150248527526855,7.750123023986816,-5.316282272338867,8.441311836242676,-13.485116004943848,9.366047859191895,-5.438988208770752,6.03136682510376,-17.01811981201172,8.13735580444336,-7.423264026641846,6.8177809715271,-15.54458999633789,5.940558433532715,6.94,8000,hlad
hungry,..\dataset\hungry\70d30513-0ec3-49e4-9976-e85785e85c2d-1431033372810-1.7-m-04-hu.wav,70d30513-0ec3-49e4-9976-e85785e85c2d-1431033372810-1.7-m-04-hu.wav,.wav,1431033372810,1.7,m,chlapec,04,0–4 týdny,hu,-308.32666015625,187.93995666503906,21.115901947021484,49.040122985839844,3.567418098449707,13.828864097595215,-10.147788047790527,25.189437866210938,-5.708141803741455,11.366950988769531,-1.798923373222351,9.014514923095703,-7.356417655944824,8.891975402832031,-4.55615234375,6.169083595275879,-8.742696762084961,6.331783294677734,-4.1372599601745605,8.995818138122559,-9.773774147033691,7.1662421226501465,-2.2787961959838867,9.111282348632812,-9.574077606201172,8.08761215209961,6.94,8000,hlad
hungry,..\dataset\hungry\70d30513-0ec3-49e4-9976-e85785e85c2d-1431033390358-1.7-m-04-hu.wav,70d30513-0ec3-49e4-9976-e85785e85c2d-1431033390358-1.7-m-04-hu.wav,.wav,1431033390358,1.7,m,chlapec,04,0–4 týdny,hu,-320.7095642089844,218.0824432373047,1.587563157081604,29.281906127929688,-15.741408348083496,28.60918426513672,-15.997910499572754,22.265165328979492,-13.529458045959473,17.71562957763672,1.1925914287567139,8.27077865600586,-12.137886047363281,12.211008071899414,1.7711271047592163,11.529112815856934,-9.903812408447266,13.010900497436523,4.003309726715088,12.242074966430664,-4.043091297149658,12.770561218261719,3.387542724609375,14.636475563049316,-5.46486759185791,13.934491157531738,6.94,8000,hlad
hungry,..\dataset\hungry\70d30513-0ec3-49e4-9976-e85785e85c2d-1431033405793-1.7-m-04-hu.wav,70d30513-0ec3-49e4-9976-e85785e85c2d-1431033405793-1.7-m-04-hu.wav,.wav,1431033405793,1.7,m,chlapec,04,0–4 týdny,hu,-185.37110900878906,170.60049438476562,-8.21280288696289,44.036476135253906,-23.38307762145996,26.871143341064453,-20.9578914642334,18.808048248291016,-33.97982406616211,15.993589401245117,-1.0601557493209839,8.812650680541992,-26.4580078125,16.094873428344727,4.091392993927002,9.547774314880371,-4.6976118087768555,15.25805377960205,0.6417872309684753,12.681161880493164,-3.591010093688965,13.56070327758789,6.596571445465088,18.164398193359375,2.2407047748565674,16.334896087646484,6.96,8000,hlad
hungry,..\dataset\hungry\719bb382-a592-46b7-82d2-8b4a625263b7-1430376267895-1.7-m-48-hu.wav,719bb382-a592-46b7-82d2-8b4a625263b7-1430376267895-1.7-m-48-hu.wav,.wav,1430376267895,1.7,m,chlapec,48,4–8 týdnů,hu,-482.6852111816406,113.5539779663086,45.460914611816406,25.874164581298828,-20.879201889038086,24.049116134643555,5.983116626739502,18.49463653564453,-24.959495544433594,15.511500358581543,11.832147598266602,11.831549644470215,-8.73374080657959,8.666986465454102,-6.775940895080566,8.281895637512207,-18.41753578186035,7.724427223205566,-8.88698959350586,8.041333198547363,-7.243785381317139,9.491044998168945,-6.050859451293945,5.601188659667969,-7.264385223388672,5.3727545738220215,6.86,8000,hlad
hungry,..\dataset\hungry\719bb382-a592-46b7-82d2-8b4a625263b7-1430376483385-1.7-m-48-hu.wav,719bb382-a592-46b7-82d2-8b4a625263b7-1430376483385-1.7-m-48-hu.wav,.wav,1430376483385,1.7,m,chlapec,48,4–8 týdnů,hu,-490.31024169921875,136.78518676757812,39.00986862182617,32.796783447265625,-32.258811950683594,41.00850296020508,5.357430934906006,9.028555870056152,-20.383285522460938,20.09776496887207,3.0457639694213867,13.231082916259766,-8.87536907196045,6.937892436981201,-9.206093788146973,7.8711771965026855,-9.431411743164062,5.076802730560303,-7.388713359832764,4.722918510437012,-6.224693775177002,7.2784423828125,-3.944924831390381,5.315898895263672,-10.782998085021973,5.515483379364014,6.94,8000,hlad
hungry,..\dataset\hungry\719bb382-a592-46b7-82d2-8b4a625263b7-1430376501744-1.7-m-48-hu.wav,719bb382-a592-46b7-82d2-8b4a625263b7-1430376501744-1.7-m-48-hu.wav,.wav,1430376501744,1.7,m,chlapec,48,4–8 týdnů,hu,-311.25494384765625,169.68115234375,26.85078239440918,28.51122283935547,-74.84549713134766,47.786251068115234,-3.5383503437042236,15.752620697021484,-37.343284606933594,23.127233505249023,21.946775436401367,19.861845016479492,-12.946565628051758,11.905343055725098,-7.347376346588135,10.38163948059082,-6.880248546600342,9.733176231384277,-9.430752754211426,11.385058403015137,-4.948213577270508,9.4447660446167,-3.8428823947906494,8.640435218811035,-9.312538146972656,11.617879867553711,6.92,8000,hlad
hungry,..\dataset\hungry\719bb382-a592-46b7-82d2-8b4a625263b7-1430376562788-1.7-m-48-hu.wav,719bb382-a592-46b7-82d2-8b4a625263b7-1430376562788-1.7-m-48-hu.wav,.wav,1430376562788,1.7,m,chlapec,48,4–8 týdnů,hu,-424.5872802734375,154.79759216308594,71.85746765136719,30.095468521118164,-33.154022216796875,30.765853881835938,-4.84624719619751,11.8854341506958,-21.085559844970703,18.313928604125977,-9.071235656738281,8.872699737548828,-7.871206760406494,10.771605491638184,-1.178054928779602,7.573155403137207,-15.064538955688477,10.338570594787598,-4.061537742614746,8.098329544067383,-11.11482048034668,7.965791702270508,-7.971895217895508,8.245792388916016,-11.902216911315918,6.888057708740234,6.88,8000,hlad
hungry,..\dataset\hungry\743E7CCA-D32B-40B6-9541-9808122D3F6B-1436860011-1.1-f-26-hu.wav,743E7CCA-D32B-40B6-9541-9808122D3F6B-1436860011-1.1-f-26-hu.wav,.wav,1436860011,1.1,f,dívka,26,2–6 měsíců,hu,-84.14046478271484,88.16040802001953,-20.709646224975586,21.873140335083008,-12.925393104553223,15.033224105834961,3.6361451148986816,15.37677001953125,-9.022889137268066,15.525589942932129,-6.333856105804443,10.676289558410645,-14.586782455444336,16.851285934448242,-6.892919540405273,9.146629333496094,-7.592306613922119,10.203020095825195,2.1516687870025635,7.7227396965026855,-2.6278114318847656,10.672773361206055,10.712717056274414,17.89314842224121,11.203669548034668,13.289078712463379,7.0,8000,hlad
hungry,..\dataset\hungry\743E7CCA-D32B-40B6-9541-9808122D3F6B-1436860028-1.1-f-26-hu.wav,743E7CCA-D32B-40B6-9541-9808122D3F6B-1436860028-1.1-f-26-hu.wav,.wav,1436860028,1.1,f,dívka,26,2–6 měsíců,hu,-163.24266052246094,122.47459411621094,5.249958038330078,37.39565658569336,-4.445520401000977,15.224814414978027,-15.590099334716797,19.69131088256836,-18.867698669433594,25.147764205932617,-13.763388633728027,9.707115173339844,-2.2259697914123535,12.670405387878418,-2.4776663780212402,9.563586235046387,-16.883251190185547,7.889257431030273,-13.03664779663086,10.833146095275879,-4.438921928405762,8.35240364074707,-0.1748650074005127,13.791358947753906,1.9251923561096191,17.463109970092773,7.0,8000,hlad
hungry,..\dataset\hungry\743E7CCA-D32B-40B6-9541-9808122D3F6B-1436860053-1.1-f-26-hu.wav,743E7CCA-D32B-40B6-9541-9808122D3F6B-1436860053-1.1-f-26-hu.wav,.wav,1436860053,1.1,f,dívka,26,2–6 měsíců,hu,-104.57975006103516,111.23918151855469,-7.524965763092041,33.68871307373047,-0.7614119648933411,11.422914505004883,-18.098546981811523,18.99454689025879,-20.557252883911133,24.254541397094727,-11.442707061767578,11.368423461914062,-1.8429468870162964,14.903260231018066,-1.8005218505859375,10.622551918029785,-21.637022018432617,7.905999660491943,-7.763654708862305,11.253316879272461,2.39021372795105,15.125767707824707,15.58631706237793,17.920181274414062,10.113114356994629,17.720144271850586,7.0,8000,hlad
hungry,..\dataset\hungry\743E7CCA-D32B-40B6-9541-9808122D3F6B-1436860161-1.1-f-26-hu.wav,743E7CCA-D32B-40B6-9541-9808122D3F6B-1436860161-1.1-f-26-hu.wav,.wav,1436860161,1.1,f,dívka,26,2–6 měsíců,hu,-134.79556274414062,96.54219818115234,-7.649622917175293,27.80221176147461,-24.602458953857422,24.034223556518555,-10.715189933776855,18.925928115844727,-1.0179357528686523,20.605308532714844,1.7567869424819946,15.773374557495117,-12.46896743774414,15.67266845703125,-1.259480595588684,11.78370189666748,-10.389201164245605,8.466743469238281,0.4027264714241028,9.534567832946777,-6.316073417663574,10.672104835510254,-1.8910017013549805,11.930194854736328,0.9224788546562195,15.957561492919922,7.0,8000,hlad
hungry,..\dataset\hungry\7616E8F4-B1A7-45A6-9A0C-C9BB2DE64FC3-1436868751-1.1-m-72-hu.wav,7616E8F4-B1A7-45A6-9A0C-C9BB2DE64FC3-1436868751-1.1-m-72-hu.wav,.wav,1436868751,1.1,m,chlapec,72,7 měsíců–2 roky,hu,-93.1312026977539,66.31776428222656,-3.6384754180908203,36.667152404785156,-26.809837341308594,24.1531925201416,-4.5138349533081055,11.457984924316406,-13.545044898986816,10.89248275756836,0.5887562036514282,12.46699333190918,0.6606106758117676,13.662473678588867,-13.177556991577148,8.742135047912598,-8.805733680725098,10.503850936889648,-1.9408067464828491,17.512155532836914,-10.926071166992188,15.769207954406738,-0.33307239413261414,16.83803367614746,-0.6211735606193542,16.655231475830078,7.0,8000,hlad
hungry,..\dataset\hungry\771fa0cc-4535-471b-9cec-d26deff8d567-1429803644891-1.7-m-04-hu.wav,771fa0cc-4535-471b-9cec-d26deff8d567-1429803644891-1.7-m-04-hu.wav,.wav,1429803644891,1.7,m,chlapec,04,0–4 týdny,hu,-150.67445373535156,102.11798858642578,21.726600646972656,20.719301223754883,-45.07422637939453,15.163175582885742,-4.251895904541016,14.662592887878418,-40.340152740478516,17.934934616088867,-4.049808025360107,7.080992221832275,-0.7028865814208984,7.621713638305664,-0.12459886819124222,8.069341659545898,-30.42161750793457,9.754777908325195,11.512842178344727,6.779951095581055,-14.972846984863281,8.956385612487793,-23.625089645385742,11.54509449005127,-0.09074912220239639,12.291897773742676,6.82,8000,hlad
hungry,..\dataset\hungry\789d2553-cbf2-4911-91e4-fb228d231238-1430818517787-1.7-m-26-hu.wav,789d2553-cbf2-4911-91e4-fb228d231238-1430818517787-1.7-m-26-hu.wav,.wav,1430818517787,1.7,m,chlapec,26,2–6 měsíců,hu,-201.13462829589844,70.97674560546875,36.82538604736328,46.64030075073242,-19.520999908447266,21.336589813232422,20.949617385864258,15.34903621673584,-7.8980817794799805,19.893707275390625,-12.740418434143066,11.45608901977539,-14.653634071350098,9.816120147705078,11.353842735290527,8.181266784667969,-36.05788040161133,10.945728302001953,15.9071044921875,10.950990676879883,-22.799015045166016,8.322627067565918,-4.288320541381836,6.856991767883301,-7.9657793045043945,7.35874080657959,6.64,8000,hlad
hungry,..\dataset\hungry\7A22229D-06C2-4AAA-9674-DE5DF1906B3A-1436891933-1.1-m-72-hu.wav,7A22229D-06C2-4AAA-9674-DE5DF1906B3A-1436891933-1.1-m-72-hu.wav,.wav,1436891933,1.1,m,chlapec,72,7 měsíců–2 roky,hu,-205.10809326171875,124.95281219482422,-2.844398021697998,26.750234603881836,-30.644729614257812,21.926240921020508,-2.8468053340911865,10.065728187561035,-19.532960891723633,12.338835716247559,-4.366570949554443,9.861806869506836,-16.905656814575195,13.18045425415039,-7.955997943878174,7.755274295806885,-7.016223907470703,10.635863304138184,-5.442590236663818,12.209633827209473,-9.763516426086426,12.837636947631836,6.302363872528076,17.154308319091797,1.9992581605911255,16.759014129638672,7.0,8000,hlad
hungry,..\dataset\hungry\7A864194-4B6B-4850-ABBF-0C2A8170107B-1436846797-1.1-f-26-hu.wav,7A864194-4B6B-4850-ABBF-0C2A8170107B-1436846797-1.1-f-26-hu.wav,.wav,1436846797,1.1,f,dívka,26,2–6 měsíců,hu,-168.10255432128906,127.31342315673828,17.950876235961914,32.656089782714844,-32.97243881225586,24.37109375,-16.766481399536133,21.994829177856445,-8.83745002746582,17.72072982788086,-9.585834503173828,10.713652610778809,-19.24594497680664,16.757732391357422,-14.90449333190918,9.741717338562012,-13.352092742919922,14.051728248596191,3.556596040725708,15.049018859863281,-1.3343919515609741,20.937122344970703,0.4475089907646179,16.045330047607422,-12.126459121704102,14.213924407958984,7.0,8000,hlad
hungry,..\dataset\hungry\7A864194-4B6B-4850-ABBF-0C2A8170107B-1436846824-1.1-f-26-hu.wav,7A864194-4B6B-4850-ABBF-0C2A8170107B-1436846824-1.1-f-26-hu.wav,.wav,1436846824,1.1,f,dívka,26,2–6 měsíců,hu,-232.68199157714844,110.30177307128906,33.33182144165039,21.635417938232422,-42.204444885253906,26.715076446533203,-17.909381866455078,17.426652908325195,-24.477293014526367,14.385782241821289,-5.638912677764893,15.12718677520752,-19.658424377441406,8.948049545288086,-12.674752235412598,10.750107765197754,-17.38474464416504,13.21645450592041,-3.7181396484375,15.643301963806152,-8.076764106750488,18.985212326049805,-4.758032321929932,13.055479049682617,-10.414396286010742,13.240325927734375,7.0,8000,hlad
hungry,..\dataset\hungry\7A864194-4B6B-4850-ABBF-0C2A8170107B-1436846870-1.1-f-26-hu.wav,7A864194-4B6B-4850-ABBF-0C2A8170107B-1436846870-1.1-f-26-hu.wav,.wav,1436846870,1.1,f,dívka,26,2–6 měsíců,hu,-149.32681274414062,102.50161743164062,11.837775230407715,36.56515121459961,-42.33700180053711,28.762157440185547,-6.996166229248047,19.59284019470215,-13.57609748840332,22.714128494262695,-6.348901271820068,11.378543853759766,-11.74740219116211,12.841413497924805,-14.072585105895996,10.524969100952148,-5.995606899261475,17.839326858520508,5.927764892578125,19.565645217895508,-4.503773212432861,15.978961944580078,-9.151822090148926,15.315652847290039,-4.937041282653809,18.08774185180664,7.0,8000,hlad
hungry,..\dataset\hungry\7b0e160e-0505-459e-8ecb-304d7afae9d2-1437486941311-1.7-m-04-hu.wav,7b0e160e-0505-459e-8ecb-304d7afae9d2-1437486941311-1.7-m-04-hu.wav,.wav,1437486941311,1.7,m,chlapec,04,0–4 týdny,hu,-202.13645935058594,110.85167694091797,112.62351989746094,39.970863342285156,-0.33201146125793457,19.91498374938965,-0.5564761757850647,12.447649955749512,-22.54897117614746,12.093134880065918,5.490511417388916,10.875495910644531,-11.565686225891113,7.857152938842773,5.792834281921387,9.048345565795898,-18.70660400390625,9.330480575561523,4.2430291175842285,9.894938468933105,-13.254212379455566,8.345270156860352,1.90060555934906,9.163305282592773,-6.62366247177124,10.029452323913574,6.9,8000,hlad
hungry,..\dataset\hungry\7b23d26e-6f97-4e8b-b520-a9fdde21ee91-1432261716253-1.7-m-48-hu.wav,7b23d26e-6f97-4e8b-b520-a9fdde21ee91-1432261716253-1.7-m-48-hu.wav,.wav,1432261716253,1.7,m,chlapec,48,4–8 týdnů,hu,-109.62277221679688,109.42886352539062,18.31458282470703,52.8452033996582,-36.583473205566406,28.247997283935547,-3.144604206085205,25.829225540161133,-38.28081130981445,22.280006408691406,-7.682547569274902,15.285496711730957,-14.075533866882324,14.056570053100586,-17.49440574645996,12.890243530273438,-5.256335258483887,16.675386428833008,12.743260383605957,14.819091796875,10.055804252624512,21.769927978515625,7.270439624786377,18.24064826965332,-22.199054718017578,14.46737289428711,6.96,8000,hlad
hungry,..\dataset\hungry\7b23d26e-6f97-4e8b-b520-a9fdde21ee91-1432275312750-1.7-m-48-hu.wav,7b23d26e-6f97-4e8b-b520-a9fdde21ee91-1432275312750-1.7-m-48-hu.wav,.wav,1432275312750,1.7,m,chlapec,48,4–8 týdnů,hu,-114.57332611083984,116.87928771972656,23.11807632446289,64.50070190429688,-62.04777526855469,38.18564224243164,7.708476543426514,15.799031257629395,-35.35536575317383,20.016372680664062,-5.536773204803467,15.965049743652344,-11.175718307495117,16.544034957885742,-0.8940619826316833,17.76982307434082,-19.81170082092285,13.585399627685547,2.985865831375122,12.539140701293945,-4.769341468811035,14.65191650390625,-0.4216291904449463,14.410654067993164,3.1331727504730225,18.573755264282227,6.94,8000,hlad
hungry,..\dataset\hungry\7B924575-21FC-462A-969E-BABB46D1CBF5-1430055167-1.0-f-72-hu.wav,7B924575-21FC-462A-969E-BABB46D1CBF5-1430055167-1.0-f-72-hu.wav,.wav,1430055167,1.0,f,dívka,72,7 měsíců–2 roky,hu,-245.5844268798828,144.53677368164062,9.710439682006836,28.998706817626953,-36.272560119628906,28.247676849365234,-11.443157196044922,11.495610237121582,-18.989538192749023,12.360642433166504,3.031303882598877,11.934727668762207,-32.29413986206055,12.575885772705078,-1.6033713817596436,11.316179275512695,-9.182182312011719,15.282197952270508,7.031752109527588,19.869497299194336,2.6522347927093506,17.122697830200195,-11.115042686462402,19.25752067565918,1.4835926294326782,18.690752029418945,7.0,8000,hlad
hungry,..\dataset\hungry\7B924575-21FC-462A-969E-BABB46D1CBF5-1430055220-1.0-f-72-hu.wav,7B924575-21FC-462A-969E-BABB46D1CBF5-1430055220-1.0-f-72-hu.wav,.wav,1430055220,1.0,f,dívka,72,7 měsíců–2 roky,hu,-410.8555603027344,110.994384765625,46.24000930786133,27.03078842163086,-10.469980239868164,17.49272346496582,-5.892804145812988,9.018407821655273,-15.497193336486816,10.479683876037598,-11.711424827575684,7.165489673614502,-23.498937606811523,7.557318687438965,-12.768631935119629,6.346704959869385,-13.77873420715332,9.394903182983398,-6.802423000335693,8.295323371887207,-14.230999946594238,10.587986946105957,-14.329665184020996,10.188268661499023,-16.729999542236328,7.348548889160156,7.0,8000,hlad
hungry,..\dataset\hungry\7B924575-21FC-462A-969E-BABB46D1CBF5-1430055234-1.0-f-72-hu.wav,7B924575-21FC-462A-969E-BABB46D1CBF5-1430055234-1.0-f-72-hu.wav,.wav,1430055234,1.0,f,dívka,72,7 měsíců–2 roky,hu,-286.04522705078125,123.01714324951172,16.827404022216797,27.323617935180664,-31.567764282226562,24.658702850341797,-0.19012993574142456,15.54892635345459,-16.840774536132812,13.664775848388672,-9.351310729980469,7.5692853927612305,-22.22687530517578,11.377202033996582,-18.879182815551758,10.165648460388184,0.3239598274230957,13.273937225341797,3.6885035037994385,14.440253257751465,-11.833799362182617,13.601702690124512,-7.331191062927246,10.21357250213623,-8.022855758666992,14.2412691116333,7.0,8000,hlad
hungry,..\dataset\hungry\7B924575-21FC-462A-969E-BABB46D1CBF5-1430055243-1.0-f-72-hu.wav,7B924575-21FC-462A-969E-BABB46D1CBF5-1430055243-1.0-f-72-hu.wav,.wav,1430055243,1.0,f,dívka,72,7 měsíců–2 roky,hu,-213.91098022460938,130.03245544433594,18.52016258239746,30.163293838500977,-48.964637756347656,34.551666259765625,-21.604089736938477,21.966829299926758,-19.207700729370117,17.720693588256836,0.26881539821624756,12.580399513244629,-31.783796310424805,11.582387924194336,-4.698448657989502,9.447041511535645,-3.039916515350342,15.827235221862793,19.359272003173828,21.876911163330078,-1.6968917846679688,17.81796646118164,-10.114134788513184,18.973466873168945,-10.007793426513672,14.631274223327637,7.0,8000,hlad
hungry,..\dataset\hungry\7CF37029-1040-40B8-ACC9-7E6E5C03AF9B-1429808939-1.0-m-72-hu.wav,7CF37029-1040-40B8-ACC9-7E6E5C03AF9B-1429808939-1.0-m-72-hu.wav,.wav,1429808939,1.0,m,chlapec,72,7 měsíců–2 roky,hu,-287.2652587890625,162.51068115234375,24.37551498413086,31.2039852142334,-17.916597366333008,23.946636199951172,-8.0575532913208,24.292762756347656,-26.596240997314453,18.089693069458008,-4.895061492919922,12.234977722167969,-8.911371231079102,10.151634216308594,-2.0066049098968506,12.616151809692383,-13.988211631774902,12.73471450805664,-10.514309883117676,12.187154769897461,-7.571892261505127,12.474296569824219,-9.394131660461426,13.213983535766602,-2.104851245880127,15.764446258544922,7.0,8000,hlad
hungry,..\dataset\hungry\7d1c2cd2-6fa1-499f-8ca8-a298198be4e7-1436850081753-1.7-m-04-hu.wav,7d1c2cd2-6fa1-499f-8ca8-a298198be4e7-1436850081753-1.7-m-04-hu.wav,.wav,1436850081753,1.7,m,chlapec,04,0–4 týdny,hu,-151.68362426757812,96.9108657836914,50.02132797241211,37.99039840698242,-53.49409484863281,25.755020141601562,-22.93800926208496,14.140725135803223,-3.9916350841522217,14.99499797821045,-15.547598838806152,13.892833709716797,-22.225690841674805,12.722640991210938,-5.145299911499023,14.787456512451172,-12.400753021240234,13.318938255310059,-7.816896915435791,9.712423324584961,-16.089195251464844,10.651412010192871,-0.5337815880775452,7.617371559143066,-11.340766906738281,10.198457717895508,6.68,8000,hlad
hungry,..\dataset\hungry\7e3de9b8-2be5-473f-b8c3-c2657f1317bb-1430006339251-1.7-f-04-hu.wav,7e3de9b8-2be5-473f-b8c3-c2657f1317bb-1430006339251-1.7-f-04-hu.wav,.wav,1430006339251,1.7,f,dívka,04,0–4 týdny,hu,-454.6750793457031,129.07574462890625,63.03143310546875,40.76508331298828,-36.268592834472656,39.027462005615234,-2.4962916374206543,22.809219360351562,-22.29296875,18.749364852905273,-16.851585388183594,15.625466346740723,1.052121639251709,14.354928016662598,-9.29528522491455,12.388533592224121,-11.145173072814941,11.151350975036621,-8.173198699951172,8.824605941772461,-11.453261375427246,14.268895149230957,-3.55735182762146,16.43359375,9.117668151855469,17.62077522277832,6.68,8000,hlad
hungry,..\dataset\hungry\7E4B9C14-F955-4BED-9B03-7F3096A6CBFF-1430232157-1.0-f-26-hu.wav,7E4B9C14-F955-4BED-9B03-7F3096A6CBFF-1430232157-1.0-f-26-hu.wav,.wav,1430232157,1.0,f,dívka,26,2–6 měsíců,hu,-301.4902648925781,139.44723510742188,15.444509506225586,32.15818405151367,-37.757320404052734,21.260910034179688,-2.376349449157715,18.012577056884766,-17.089113235473633,11.086259841918945,-12.163562774658203,16.421749114990234,-15.084277153015137,12.842187881469727,-3.373636245727539,14.521549224853516,-15.758390426635742,11.639735221862793,-5.0057148933410645,9.400664329528809,-2.9970638751983643,10.283327102661133,3.186272144317627,11.782505989074707,-2.062804937362671,11.542377471923828,7.0,8000,hlad
hungry,..\dataset\hungry\7E4B9C14-F955-4BED-9B03-7F3096A6CBFF-1430232166-1.0-f-26-hu.wav,7E4B9C14-F955-4BED-9B03-7F3096A6CBFF-1430232166-1.0-f-26-hu.wav,.wav,1430232166,1.0,f,dívka,26,2–6 měsíců,hu,-240.03150939941406,114.71247100830078,23.332914352416992,18.5736026763916,-44.77677536010742,23.391094207763672,-25.620561599731445,14.819079399108887,-30.551837921142578,14.76883602142334,-4.113853931427002,20.11244773864746,-16.947908401489258,15.190587997436523,-13.380607604980469,19.769926071166992,-2.837615728378296,12.027416229248047,-6.0622639656066895,12.439626693725586,3.224531888961792,13.745044708251953,-4.048384189605713,12.248501777648926,-8.174866676330566,11.593412399291992,7.0,8000,hlad
hungry,..\dataset\hungry\7E4B9C14-F955-4BED-9B03-7F3096A6CBFF-1430232180-1.0-f-26-hu.wav,7E4B9C14-F955-4BED-9B03-7F3096A6CBFF-1430232180-1.0-f-26-hu.wav,.wav,1430232180,1.0,f,dívka,26,2–6 měsíců,hu,-234.20291137695312,173.7105255126953,23.077678680419922,32.698822021484375,-39.79364776611328,31.609296798706055,-20.199748992919922,16.933467864990234,-14.674391746520996,13.385125160217285,-1.0253992080688477,19.494731903076172,-13.607209205627441,15.762995719909668,-2.64204740524292,15.312071800231934,-10.21783447265625,8.898594856262207,-7.305858135223389,11.625060081481934,3.85892915725708,18.775415420532227,2.434404134750366,17.10952377319336,-3.3916077613830566,14.849615097045898,7.0,8000,hlad
hungry,..\dataset\hungry\7E4B9C14-F955-4BED-9B03-7F3096A6CBFF-1430232195-1.0-f-26-hu.wav,7E4B9C14-F955-4BED-9B03-7F3096A6CBFF-1430232195-1.0-f-26-hu.wav,.wav,1430232195,1.0,f,dívka,26,2–6 měsíců,hu,-317.6473083496094,176.23475646972656,23.449373245239258,24.182838439941406,-44.57990646362305,27.903532028198242,-22.590391159057617,22.09075355529785,-16.17271614074707,12.35521125793457,-2.5148720741271973,20.76380729675293,-15.361159324645996,19.06293296813965,0.12180249392986298,11.53766918182373,-15.026226997375488,10.071770668029785,-3.1645495891571045,8.361140251159668,-4.548742771148682,10.910741806030273,-1.4235281944274902,11.864015579223633,0.2699615955352783,10.045916557312012,7.0,8000,hlad
hungry,..\dataset\hungry\7fd72d70-07c4-40a0-85e9-c91df9bdefb2-1430994916704-1.7-f-04-hu.wav,7fd72d70-07c4-40a0-85e9-c91df9bdefb2-1430994916704-1.7-f-04-hu.wav,.wav,1430994916704,1.7,f,dívka,04,0–4 týdny,hu,-446.5071105957031,206.38035583496094,15.943500518798828,29.19300079345703,-23.246366500854492,41.49238967895508,9.006152153015137,16.727073669433594,-7.1854472160339355,15.947906494140625,-5.4927215576171875,10.392884254455566,-1.9656322002410889,6.580586910247803,-5.715481758117676,9.39224624633789,-5.642690181732178,7.864803314208984,-5.2477827072143555,6.792850494384766,-5.152497291564941,7.245655536651611,-5.997974872589111,8.165515899658203,-1.4344898462295532,8.471898078918457,7.06,8000,hlad
hungry,..\dataset\hungry\80130d3a-ceb9-4460-8464-e956bac5c40d-1436850034856-1.7-m-72-hu.wav,80130d3a-ceb9-4460-8464-e956bac5c40d-1436850034856-1.7-m-72-hu.wav,.wav,1436850034856,1.7,m,chlapec,72,7 měsíců–2 roky,hu,-147.48361206054688,160.32093811035156,60.18987274169922,39.41355514526367,-21.445554733276367,26.324907302856445,0.0016822406323626637,24.64109992980957,-12.7412691116333,17.284225463867188,12.963850975036621,18.63534927368164,-15.0580415725708,10.0037260055542,0.8576101660728455,12.422548294067383,-16.638019561767578,10.600415229797363,-4.932567596435547,7.115226745605469,-7.009141445159912,7.1301116943359375,-4.788087844848633,7.396995544433594,-8.4213228225708,6.799194812774658,6.68,8000,hlad
hungry,..\dataset\hungry\8057932d-a6af-4d63-903b-37049686e176-1430919675907-1.7-f-72-hu.wav,8057932d-a6af-4d63-903b-37049686e176-1430919675907-1.7-f-72-hu.wav,.wav,1430919675907,1.7,f,dívka,72,7 měsíců–2 roky,hu,-410.9780578613281,184.25563049316406,53.982295989990234,34.783538818359375,13.679959297180176,23.415143966674805,2.936835527420044,14.385759353637695,-7.965721607208252,19.402992248535156,-5.582372665405273,12.666594505310059,-9.88961124420166,8.614399909973145,-11.6541109085083,8.187911033630371,-12.474790573120117,8.391234397888184,-10.054314613342285,6.792240619659424,-10.478148460388184,6.529783725738525,-7.763182640075684,8.739444732666016,-10.261816024780273,7.813148498535156,6.96,8000,hlad
hungry,..\dataset\hungry\80f5ab0a-16c1-4738-9209-fbdae52ff769-1430140636917-1.7-f-04-hu.wav,80f5ab0a-16c1-4738-9209-fbdae52ff769-1430140636917-1.7-f-04-hu.wav,.wav,1430140636917,1.7,f,dívka,04,0–4 týdny,hu,-261.8625183105469,163.75506591796875,23.829328536987305,48.911075592041016,-49.50638961791992,46.139732360839844,12.556617736816406,22.099849700927734,-41.679805755615234,17.239521026611328,1.4949167966842651,13.23581314086914,-33.23268508911133,14.689818382263184,-5.520537376403809,11.211069107055664,-15.361420631408691,8.210701942443848,-2.601118564605713,10.021909713745117,-6.354074001312256,9.61878776550293,3.7255947589874268,10.545390129089355,-6.5470709800720215,13.203323364257812,6.9,8000,hlad
hungry,..\dataset\hungry\815af07e-4c31-4032-8bd1-dab6e60c879e-1433156413683-1.7-m-04-hu.wav,815af07e-4c31-4032-8bd1-dab6e60c879e-1433156413683-1.7-m-04-hu.wav,.wav,1433156413683,1.7,m,chlapec,04,0–4 týdny,hu,-146.30441284179688,126.90718078613281,-53.40365982055664,48.80424118041992,-31.02907943725586,19.37891387939453,-1.6007540225982666,23.891769409179688,-39.62679672241211,17.636348724365234,1.3756687641143799,13.877326011657715,-16.420053482055664,14.104363441467285,-0.0021285463590174913,11.36852741241455,-11.669730186462402,14.264412879943848,9.059919357299805,12.072729110717773,-17.73138427734375,16.905258178710938,12.981131553649902,15.581616401672363,-4.71411657333374,17.154651641845703,6.94,8000,hlad
hungry,..\dataset\hungry\815af07e-4c31-4032-8bd1-dab6e60c879e-1433156423585-1.7-m-04-hu.wav,815af07e-4c31-4032-8bd1-dab6e60c879e-1433156423585-1.7-m-04-hu.wav,.wav,1433156423585,1.7,m,chlapec,04,0–4 týdny,hu,-121.22696685791016,129.53775024414062,-45.25474548339844,37.70520782470703,-24.22926139831543,15.307703971862793,-17.27676010131836,20.871667861938477,-38.11847686767578,13.022503852844238,6.554995059967041,10.178794860839844,-18.465065002441406,14.51456356048584,-2.5961930751800537,10.211426734924316,-8.598930358886719,13.347037315368652,4.642988204956055,9.2786283493042,-10.6403226852417,17.159122467041016,8.088397979736328,16.73029136657715,-6.85573673248291,16.490161895751953,6.96,8000,hlad
hungry,..\dataset\hungry\81724071-bc5e-4e38-8f35-85a691af5721-1430737552979-1.7-m-04-hu.wav,81724071-bc5e-4e38-8f35-85a691af5721-1430737552979-1.7-m-04-hu.wav,.wav,1430737552979,1.7,m,chlapec,04,0–4 týdny,hu,-487.91424560546875,56.10708236694336,95.01754760742188,25.192058563232422,-28.980104446411133,31.604602813720703,-20.651409149169922,21.481639862060547,1.891818881034851,10.114314079284668,-9.082119941711426,12.055789947509766,-10.333635330200195,8.310470581054688,-10.42355728149414,7.8202691078186035,-28.082164764404297,9.747331619262695,-2.2013778686523438,14.283062934875488,3.4731605052948,17.487491607666016,17.07400131225586,19.098224639892578,-4.755955696105957,21.404983520507812,6.94,8000,hlad
hungry,..\dataset\hungry\818A32F4-D5D8-426C-B88C-81A8154AC81A-1430093571-1.0-m-26-hu.wav,818A32F4-D5D8-426C-B88C-81A8154AC81A-1430093571-1.0-m-26-hu.wav,.wav,1430093571,1.0,m,chlapec,26,2–6 měsíců,hu,-108.1766128540039,81.68946075439453,18.55434799194336,34.98092269897461,-22.42723274230957,26.34876823425293,-15.385029792785645,27.313217163085938,-9.853866577148438,14.788227081298828,12.487046241760254,16.825820922851562,-19.690595626831055,11.608670234680176,-2.9037985801696777,10.419975280761719,-18.157636642456055,14.332564353942871,-6.152156829833984,19.566938400268555,2.253448247909546,22.370492935180664,7.786133766174316,23.93184471130371,-1.7795337438583374,21.682790756225586,7.0,8000,hlad
hungry,..\dataset\hungry\85FAB169-4DCC-406D-AC93-2F6A8D797DAB-1437632141-1.1-m-04-hu.wav,85FAB169-4DCC-406D-AC93-2F6A8D797DAB-1437632141-1.1-m-04-hu.wav,.wav,1437632141,1.1,m,chlapec,04,0–4 týdny,hu,-214.63140869140625,162.89344787597656,-19.513626098632812,34.01666259765625,-26.613981246948242,19.844402313232422,-0.17363464832305908,14.600162506103516,-17.496383666992188,10.357444763183594,5.747112274169922,10.677720069885254,-23.367904663085938,9.334257125854492,7.137665271759033,12.330574035644531,-5.035215854644775,14.243142127990723,17.703819274902344,17.2401180267334,10.449688911437988,16.627058029174805,-3.9230213165283203,15.60037899017334,-12.180842399597168,12.976415634155273,7.0,8000,hlad
hungry,..\dataset\hungry\86c2b87a-ae7c-46a3-b6fb-7ebe748812cf-1430036547966-1.7-m-04-hu.wav,86c2b87a-ae7c-46a3-b6fb-7ebe748812cf-1430036547966-1.7-m-04-hu.wav,.wav,1430036547966,1.7,m,chlapec,04,0–4 týdny,hu,-139.93984985351562,100.93852996826172,63.97511672973633,28.537208557128906,-5.185601711273193,18.20720672607422,-0.9060286283493042,13.661534309387207,-25.486085891723633,10.619379043579102,-8.089910507202148,12.084541320800781,-13.550850868225098,13.11497688293457,-5.997361183166504,6.8048577308654785,-11.620016098022461,7.628012180328369,-7.3260626792907715,6.154446125030518,-8.71579647064209,5.380064964294434,-3.1894819736480713,5.9200544357299805,-4.958159923553467,7.448798179626465,7.04,8000,hlad
hungry,..\dataset\hungry\86c2b87a-ae7c-46a3-b6fb-7ebe748812cf-1430036562389-1.7-m-04-hu.wav,86c2b87a-ae7c-46a3-b6fb-7ebe748812cf-1430036562389-1.7-m-04-hu.wav,.wav,1430036562389,1.7,m,chlapec,04,0–4 týdny,hu,-121.22066497802734,104.79148864746094,61.21294021606445,21.875850677490234,-33.834266662597656,34.02606201171875,5.481431007385254,11.753494262695312,-34.54692077636719,16.811065673828125,-9.965248107910156,15.05803108215332,-6.890235900878906,10.32174301147461,-8.294576644897461,7.247861862182617,-12.328329086303711,6.682361602783203,-9.747138023376465,7.784041881561279,-9.274765014648438,6.04281759262085,-4.354760646820068,6.336942195892334,-2.6290934085845947,11.926281929016113,7.06,8000,hlad
hungry,..\dataset\hungry\86c2b87a-ae7c-46a3-b6fb-7ebe748812cf-1430036593222-1.7-f-26-hu.wav,86c2b87a-ae7c-46a3-b6fb-7ebe748812cf-1430036593222-1.7-f-26-hu.wav,.wav,1430036593222,1.7,f,dívka,26,2–6 měsíců,hu,-155.0774688720703,93.40811920166016,86.04031372070312,34.847286224365234,-13.910515785217285,17.337926864624023,-10.575509071350098,16.180187225341797,-22.584802627563477,9.605820655822754,-6.7773895263671875,10.077997207641602,-12.463404655456543,8.558232307434082,-8.84518051147461,6.878205299377441,-12.617705345153809,6.295748710632324,-7.978329181671143,5.692233085632324,-9.344179153442383,4.847156524658203,-6.119929790496826,7.428676605224609,-6.622250556945801,5.4967732429504395,7.04,8000,hlad
hungry,..\dataset\hungry\88da3fbd-926b-4ee7-ae8f-85f92f2783b0-1430114329442-1.7-m-04-hu.wav,88da3fbd-926b-4ee7-ae8f-85f92f2783b0-1430114329442-1.7-m-04-hu.wav,.wav,1430114329442,1.7,m,chlapec,04,0–4 týdny,hu,-481.6755676269531,98.70165252685547,37.549407958984375,26.939117431640625,-49.22272872924805,24.883623123168945,-34.99457550048828,17.454345703125,-18.47234344482422,15.934698104858398,0.08612283319234848,11.384949684143066,-10.780421257019043,7.775094985961914,-19.43623924255371,11.41547679901123,-15.17361068725586,8.413413047790527,-3.1788554191589355,9.887292861938477,-11.652925491333008,12.005589485168457,11.274188041687012,16.32232666015625,5.619485378265381,15.993961334228516,6.78,8000,hlad
hungry,..\dataset\hungry\89964233-cbdb-4f34-a819-5f4b5ce3f5f5-1430049852345-1.7-f-04-hu.wav,89964233-cbdb-4f34-a819-5f4b5ce3f5f5-1430049852345-1.7-f-04-hu.wav,.wav,1430049852345,1.7,f,dívka,04,0–4 týdny,hu,-139.72105407714844,99.73088073730469,31.05914878845215,41.13873291015625,-21.495248794555664,26.201385498046875,-7.321710586547852,18.329992294311523,-29.985553741455078,25.600217819213867,20.96034812927246,15.873135566711426,-37.9217643737793,12.47607135772705,-0.6793304085731506,11.505744934082031,-21.91022300720215,11.362271308898926,-10.233007431030273,9.67937183380127,-12.445876121520996,7.487241268157959,-9.443512916564941,8.768570899963379,-17.113250732421875,10.148652076721191,6.92,8000,hlad
hungry,..\dataset\hungry\89964233-cbdb-4f34-a819-5f4b5ce3f5f5-1430049868816-1.7-f-04-hu.wav,89964233-cbdb-4f34-a819-5f4b5ce3f5f5-1430049868816-1.7-f-04-hu.wav,.wav,1430049868816,1.7,f,dívka,04,0–4 týdny,hu,-108.81852722167969,75.02265167236328,21.962495803833008,31.636363983154297,-42.85497283935547,26.455598831176758,-14.469696044921875,17.521827697753906,-26.468122482299805,18.98054313659668,18.947050094604492,12.851521492004395,-38.138336181640625,18.7978515625,3.6796209812164307,12.263859748840332,-22.038347244262695,12.168194770812988,-2.2314376831054688,10.826056480407715,-19.232189178466797,8.7129487991333,-7.801557540893555,9.215256690979004,-12.92618179321289,11.425342559814453,6.92,8000,hlad
hungry,..\dataset\hungry\8b1faa77-e3ac-48af-bf2a-58aadebefcba-1436798541805-1.7-m-04-hu.wav,8b1faa77-e3ac-48af-bf2a-58aadebefcba-1436798541805-1.7-m-04-hu.wav,.wav,1436798541805,1.7,m,chlapec,04,0–4 týdny,hu,-400.1344299316406,125.89348602294922,29.989925384521484,23.754714965820312,-12.164766311645508,30.89750862121582,-8.082112312316895,20.700090408325195,2.6226584911346436,12.027727127075195,13.354231834411621,10.588202476501465,-13.367182731628418,13.22219467163086,-4.611948490142822,5.21256160736084,-8.41104793548584,9.343908309936523,0.10001543909311295,6.6822099685668945,-9.209371566772461,9.979898452758789,-7.196852207183838,5.180087566375732,-4.713375568389893,9.501310348510742,6.74,8000,hlad
hungry,..\dataset\hungry\8C13A1F9-62CC-46AA-9192-BECE5CDD5CB0-1430249362-1.0-f-72-hu.wav,8C13A1F9-62CC-46AA-9192-BECE5CDD5CB0-1430249362-1.0-f-72-hu.wav,.wav,1430249362,1.0,f,dívka,72,7 měsíců–2 roky,hu,-419.70159912109375,122.2655258178711,37.1068000793457,21.1374568939209,-22.240962982177734,25.687007904052734,-7.9850544929504395,12.573366165161133,-15.901050567626953,9.89553165435791,-9.782829284667969,7.022830486297607,-10.8364896774292,8.902831077575684,-17.426511764526367,7.75649356842041,-15.009584426879883,7.477684497833252,-8.493671417236328,5.676697731018066,-16.266252517700195,9.734062194824219,-8.57823371887207,8.603282928466797,-5.876671314239502,10.609378814697266,7.0,8000,hlad
hungry,..\dataset\hungry\8c2a1f03-07f4-4aee-a73f-bc57beb2b600-1430761324670-1.7-f-26-hu.wav,8c2a1f03-07f4-4aee-a73f-bc57beb2b600-1430761324670-1.7-f-26-hu.wav,.wav,1430761324670,1.7,f,dívka,26,2–6 měsíců,hu,-175.48658752441406,136.7882537841797,-43.382728576660156,38.06658935546875,-44.96002960205078,29.295391082763672,-14.106217384338379,18.85826301574707,-8.360332489013672,13.844788551330566,0.2397245615720749,13.398689270019531,-7.068324089050293,16.41823387145996,-7.607859134674072,10.394291877746582,-15.586897850036621,10.172957420349121,7.7376580238342285,13.24352741241455,-0.4883049428462982,12.936101913452148,-0.7118581533432007,14.690389633178711,-13.587736129760742,15.771995544433594,6.64,8000,hlad
hungry,..\dataset\hungry\8c66887c-8251-49fa-903b-c02d56405f58-1436856065644-1.7-m-26-hu.wav,8c66887c-8251-49fa-903b-c02d56405f58-1436856065644-1.7-m-26-hu.wav,.wav,1436856065644,1.7,m,chlapec,26,2–6 měsíců,hu,-419.0865783691406,169.01046752929688,24.2547664642334,36.324825286865234,-49.00706481933594,44.7495231628418,-10.666181564331055,18.940073013305664,-30.45244026184082,28.965269088745117,-2.4065632820129395,13.226283073425293,5.16588830947876,12.293802261352539,-3.3270010948181152,10.72021484375,-7.026479721069336,14.650275230407715,-5.647213459014893,8.810447692871094,-9.845300674438477,13.711080551147461,4.553638935089111,10.841527938842773,4.460943698883057,14.508417129516602,6.96,8000,hlad
hungry,..\dataset\hungry\8c66887c-8251-49fa-903b-c02d56405f58-1436856137837-1.7-m-26-hu.wav,8c66887c-8251-49fa-903b-c02d56405f58-1436856137837-1.7-m-26-hu.wav,.wav,1436856137837,1.7,m,chlapec,26,2–6 měsíců,hu,-291.9119873046875,138.1685333251953,30.285198211669922,39.04045486450195,-53.864986419677734,28.326892852783203,-28.82677459716797,16.618921279907227,-20.47859764099121,14.785834312438965,-5.335493087768555,8.004279136657715,-1.880591630935669,11.009270668029785,-6.637433052062988,8.666834831237793,-14.09968376159668,9.272051811218262,-7.130269527435303,8.779317855834961,-19.05386734008789,11.308161735534668,4.234848499298096,11.237359046936035,11.910502433776855,16.685503005981445,6.94,8000,hlad
hungry,..\dataset\hungry\8c920fd0-fa9f-4926-bcac-074767dcbfcd-1436850948195-1.7-m-04-hu.wav,8c920fd0-fa9f-4926-bcac-074767dcbfcd-1436850948195-1.7-m-04-hu.wav,.wav,1436850948195,1.7,m,chlapec,04,0–4 týdny,hu,-379.4046936035156,132.90982055664062,46.0518684387207,48.34477233886719,-7.803684711456299,31.630346298217773,-11.194367408752441,18.23815155029297,-4.226064682006836,10.090242385864258,-8.230709075927734,10.076362609863281,-16.388019561767578,12.861099243164062,-3.5417490005493164,12.811137199401855,-13.265860557556152,13.558286666870117,-3.5431230068206787,10.233081817626953,-7.42596435546875,14.572330474853516,-5.34726619720459,14.140915870666504,-10.809094429016113,9.220654487609863,6.66,8000,hlad
hungry,..\dataset\hungry\8c920fd0-fa9f-4926-bcac-074767dcbfcd-1436856363348-1.7-f-04-hu.wav,8c920fd0-fa9f-4926-bcac-074767dcbfcd-1436856363348-1.7-f-04-hu.wav,.wav,1436856363348,1.7,f,dívka,04,0–4 týdny,hu,-315.75531005859375,155.29421997070312,44.32550811767578,45.964637756347656,-16.02003288269043,22.409006118774414,-21.565631866455078,19.356901168823242,-18.445018768310547,17.101774215698242,-8.826842308044434,10.37646198272705,-17.65689468383789,12.329093933105469,-2.099998950958252,11.341955184936523,-21.447795867919922,14.783559799194336,-0.1843903362751007,8.572189331054688,-4.542710304260254,7.707773685455322,-1.7148240804672241,11.379476547241211,-4.045932769775391,12.869732856750488,6.68,8000,hlad
hungry,..\dataset\hungry\8c920fd0-fa9f-4926-bcac-074767dcbfcd-1436856382717-1.7-m-04-hu.wav,8c920fd0-fa9f-4926-bcac-074767dcbfcd-1436856382717-1.7-m-04-hu.wav,.wav,1436856382717,1.7,m,chlapec,04,0–4 týdny,hu,-313.8780822753906,103.59478759765625,79.11377716064453,28.725040435791016,-73.43749237060547,42.813140869140625,-2.5461809635162354,21.604589462280273,-31.489200592041016,16.406179428100586,0.6784330010414124,12.41061019897461,-23.214155197143555,12.034924507141113,-12.250773429870605,8.471576690673828,-13.397344589233398,7.272414684295654,-13.386102676391602,14.610636711120605,2.2493913173675537,16.703411102294922,11.305994033813477,19.29845428466797,5.9581427574157715,20.802623748779297,6.66,8000,hlad
hungry,..\dataset\hungry\8f4dbf5a-b504-4452-b6ac-94e646a6a052-1430727792958-1.7-f-72-hu.wav,8f4dbf5a-b504-4452-b6ac-94e646a6a052-1430727792958-1.7-f-72-hu.wav,.wav,1430727792958,1.7,f,dívka,72,7 měsíců–2 roky,hu,-366.0644836425781,97.77938079833984,63.354522705078125,24.819429397583008,-9.478194236755371,23.091514587402344,-4.55952787399292,12.232577323913574,-10.949012756347656,9.579805374145508,-16.601972579956055,12.079971313476562,-17.41916847229004,7.808206558227539,-2.274601459503174,7.091594219207764,-16.995134353637695,7.8781418800354,-4.272805213928223,7.09788179397583,-10.746757507324219,6.5139665603637695,-5.037799835205078,6.243479251861572,-12.453688621520996,9.428068161010742,6.92,8000,hlad
hungry,..\dataset\hungry\8f4dbf5a-b504-4452-b6ac-94e646a6a052-1430727806162-1.7-f-72-hu.wav,8f4dbf5a-b504-4452-b6ac-94e646a6a052-1430727806162-1.7-f-72-hu.wav,.wav,1430727806162,1.7,f,dívka,72,7 měsíců–2 roky,hu,-399.4134216308594,92.7140121459961,67.94905853271484,29.53012466430664,-24.892824172973633,30.86225700378418,-10.703457832336426,17.239761352539062,-18.842233657836914,13.494464874267578,-15.975349426269531,13.840544700622559,-3.151902437210083,10.758075714111328,-1.9305884838104248,8.05652904510498,-14.9552001953125,6.953261375427246,-6.6877923011779785,8.907552719116211,-12.284910202026367,6.922180652618408,-10.486501693725586,8.862934112548828,-8.96522331237793,11.417141914367676,6.92,8000,hlad
hungry,..\dataset\hungry\8f4dbf5a-b504-4452-b6ac-94e646a6a052-1430729451597-1.7-f-72-hu.wav,8f4dbf5a-b504-4452-b6ac-94e646a6a052-1430729451597-1.7-f-72-hu.wav,.wav,1430729451597,1.7,f,dívka,72,7 měsíců–2 roky,hu,-530.6661987304688,94.85885620117188,36.03376388549805,9.785181999206543,3.978480577468872,10.590869903564453,5.143565654754639,6.1536545753479,-8.847030639648438,9.060860633850098,-5.6496901512146,5.269262313842773,-10.088672637939453,5.873164653778076,-6.918763160705566,5.535216331481934,-11.038999557495117,5.3274335861206055,-5.491840362548828,3.688415050506592,-9.163252830505371,6.7597575187683105,-4.62076473236084,8.407452583312988,-7.986083984375,5.984908103942871,6.92,8000,hlad
hungry,..\dataset\hungry\8f4dbf5a-b504-4452-b6ac-94e646a6a052-1430734962301-1.7-f-72-hu.wav,8f4dbf5a-b504-4452-b6ac-94e646a6a052-1430734962301-1.7-f-72-hu.wav,.wav,1430734962301,1.7,f,dívka,72,7 měsíců–2 roky,hu,-436.19281005859375,109.17640686035156,46.004661560058594,24.60292625427246,-2.4619932174682617,12.692584037780762,-1.2330683469772339,11.518621444702148,-8.337323188781738,14.937554359436035,-1.3417094945907593,8.151567459106445,-9.618658065795898,5.405025959014893,-6.319004058837891,6.367818832397461,-10.93075180053711,6.798142910003662,-2.5295753479003906,6.166360855102539,-8.520037651062012,6.369475841522217,-3.3815994262695312,7.691253185272217,-8.973004341125488,7.48134183883667,6.92,8000,hlad
hungry,..\dataset\hungry\8f4dbf5a-b504-4452-b6ac-94e646a6a052-1430735028906-1.7-f-72-hu.wav,8f4dbf5a-b504-4452-b6ac-94e646a6a052-1430735028906-1.7-f-72-hu.wav,.wav,1430735028906,1.7,f,dívka,72,7 měsíců–2 roky,hu,-316.94598388671875,116.41744995117188,39.41801834106445,44.072505950927734,2.6702773571014404,14.096446990966797,-25.790847778320312,20.37017059326172,-39.463645935058594,24.05000877380371,-16.243579864501953,19.273283004760742,-1.1389302015304565,9.94918441772461,-6.135234355926514,15.485164642333984,-11.465301513671875,13.036669731140137,2.3692429065704346,11.199252128601074,-8.39254379272461,9.514411926269531,7.654027938842773,13.907974243164062,2.314985752105713,19.120332717895508,6.92,8000,hlad
hungry,..\dataset\hungry\8f4dbf5a-b504-4452-b6ac-94e646a6a052-1430735040980-1.7-f-72-hu.wav,8f4dbf5a-b504-4452-b6ac-94e646a6a052-1430735040980-1.7-f-72-hu.wav,.wav,1430735040980,1.7,f,dívka,72,7 měsíců–2 roky,hu,-360.9167175292969,124.2210464477539,32.777320861816406,22.925247192382812,-3.9794363975524902,12.130510330200195,-10.333799362182617,28.017168045043945,-27.912250518798828,23.67585563659668,-5.02643346786499,14.458447456359863,-3.066946268081665,8.814417839050293,-5.994511127471924,8.330376625061035,-6.175008296966553,8.961823463439941,2.4754185676574707,11.09719467163086,-12.629258155822754,7.030800819396973,1.212791085243225,12.129759788513184,-7.943238258361816,8.1114501953125,6.96,8000,hlad
hungry,..\dataset\hungry\8f4dbf5a-b504-4452-b6ac-94e646a6a052-1430735057816-1.7-f-72-hu.wav,8f4dbf5a-b504-4452-b6ac-94e646a6a052-1430735057816-1.7-f-72-hu.wav,.wav,1430735057816,1.7,f,dívka,72,7 měsíců–2 roky,hu,-345.76025390625,93.0716323852539,56.08623504638672,31.590970993041992,-9.080550193786621,23.473833084106445,-23.013748168945312,17.918262481689453,-44.37906265258789,24.18144416809082,-15.173460006713867,16.896163940429688,-0.38960447907447815,11.997392654418945,-10.828731536865234,10.15518569946289,-7.9706645011901855,10.455354690551758,0.975031316280365,8.987853050231934,-5.322387218475342,11.120915412902832,7.676070690155029,16.1076602935791,-2.576493740081787,13.640277862548828,6.92,8000,hlad
hungry,..\dataset\hungry\8f4dbf5a-b504-4452-b6ac-94e646a6a052-1430735157938-1.7-f-72-hu.wav,8f4dbf5a-b504-4452-b6ac-94e646a6a052-1430735157938-1.7-f-72-hu.wav,.wav,1430735157938,1.7,f,dívka,72,7 měsíců–2 roky,hu,-325.2012634277344,81.7933120727539,18.309736251831055,32.14352798461914,-6.997840404510498,26.800884246826172,-17.483455657958984,15.083439826965332,-10.452561378479004,21.06706428527832,10.902073860168457,20.47151756286621,-14.360837936401367,13.972159385681152,-7.947277545928955,17.195775985717773,-17.915189743041992,20.35767364501953,-4.9569501876831055,15.985831260681152,-13.353907585144043,11.318318367004395,-2.42376971244812,9.49478816986084,-10.790888786315918,14.868358612060547,6.92,8000,hlad
hungry,..\dataset\hungry\8f5c01dc-6826-4076-a831-027ad61afdaf-1435873509176-1.7-f-26-hu.wav,8f5c01dc-6826-4076-a831-027ad61afdaf-1435873509176-1.7-f-26-hu.wav,.wav,1435873509176,1.7,f,dívka,26,2–6 měsíců,hu,-220.2377471923828,104.70606994628906,-28.927534103393555,60.36452102661133,-46.03789520263672,39.72962188720703,-8.618152618408203,32.5293083190918,-10.506638526916504,20.15192413330078,-15.690025329589844,21.713403701782227,0.22328072786331177,18.271747589111328,-4.7468366622924805,14.701129913330078,-4.736781597137451,18.455272674560547,5.391145706176758,19.85194969177246,-13.907135009765625,19.66330337524414,4.062866687774658,16.363035202026367,-9.590282440185547,13.988085746765137,6.94,8000,hlad
hungry,..\dataset\hungry\8FDA58A7-FDC6-4421-855F-738E6E853E43-1429895742-1.0-m-26-hu.wav,8FDA58A7-FDC6-4421-855F-738E6E853E43-1429895742-1.0-m-26-hu.wav,.wav,1429895742,1.0,m,chlapec,26,2–6 měsíců,hu,-266.7891845703125,112.4780502319336,11.22222900390625,24.052946090698242,-55.73165512084961,26.00033950805664,2.715039014816284,15.69775676727295,-14.746415138244629,21.62528419494629,-16.810476303100586,18.29277992248535,4.98603630065918,11.879376411437988,-1.8773338794708252,11.686433792114258,-17.59587287902832,9.637889862060547,-12.141560554504395,9.394522666931152,-13.286582946777344,9.619976043701172,3.2735064029693604,11.841252326965332,1.3611582517623901,18.699575424194336,7.0,8000,hlad
hungry,..\dataset\hungry\8FDA58A7-FDC6-4421-855F-738E6E853E43-1429895751-1.0-m-26-hu.wav,8FDA58A7-FDC6-4421-855F-738E6E853E43-1429895751-1.0-m-26-hu.wav,.wav,1429895751,1.0,m,chlapec,26,2–6 měsíců,hu,-236.07798767089844,122.99236297607422,10.606513023376465,30.101627349853516,-65.21985626220703,33.16102981567383,4.88068962097168,18.53734588623047,-12.272516250610352,17.855731964111328,-11.123088836669922,13.398098945617676,0.6806055307388306,12.953351020812988,-6.798826694488525,14.313794136047363,-15.600239753723145,6.874554634094238,-6.889697074890137,13.039375305175781,-12.619954109191895,9.26620101928711,-3.5742084980010986,10.711321830749512,5.885446071624756,15.571515083312988,7.0,8000,hlad
hungry,..\dataset\hungry\8FDA58A7-FDC6-4421-855F-738E6E853E43-1429895780-1.0-m-26-hu.wav,8FDA58A7-FDC6-4421-855F-738E6E853E43-1429895780-1.0-m-26-hu.wav,.wav,1429895780,1.0,m,chlapec,26,2–6 měsíců,hu,-117.6651611328125,116.60432434082031,-24.182065963745117,27.208086013793945,-28.438749313354492,21.345441818237305,6.5253682136535645,14.343607902526855,2.872941732406616,14.554757118225098,-21.341838836669922,16.541372299194336,4.848517894744873,13.640084266662598,7.228451251983643,14.368169784545898,-21.74091339111328,10.779679298400879,0.15001176297664642,8.33318042755127,-1.916899561882019,14.184029579162598,6.794872283935547,12.713193893432617,5.101352691650391,16.284942626953125,7.0,8000,hlad
hungry,..\dataset\hungry\9090c7a3-bebc-4485-aafc-64e4298da3ac-1430088396663-1.7-f-26-hu.wav,9090c7a3-bebc-4485-aafc-64e4298da3ac-1430088396663-1.7-f-26-hu.wav,.wav,1430088396663,1.7,f,dívka,26,2–6 měsíců,hu,-230.1979522705078,109.06146240234375,34.06083679199219,36.86337661743164,-29.687458038330078,41.719825744628906,7.354503154754639,14.599617004394531,-13.136858940124512,17.881872177124023,8.96500015258789,10.437952041625977,-7.954913139343262,11.977018356323242,-6.8874287605285645,9.355351448059082,-9.406521797180176,8.518388748168945,-2.0079402923583984,8.226341247558594,-8.636632919311523,8.61072826385498,2.019481897354126,13.891484260559082,1.7821252346038818,15.18028736114502,6.94,8000,hlad
hungry,..\dataset\hungry\9090c7a3-bebc-4485-aafc-64e4298da3ac-1430109146143-1.7-f-26-hu.wav,9090c7a3-bebc-4485-aafc-64e4298da3ac-1430109146143-1.7-f-26-hu.wav,.wav,1430109146143,1.7,f,dívka,26,2–6 měsíců,hu,-62.87947463989258,75.21784973144531,33.076873779296875,35.75505828857422,-54.43323516845703,21.224952697753906,-30.89141273498535,11.889443397521973,-37.9640998840332,14.342048645019531,11.814891815185547,14.964625358581543,-20.98015594482422,15.805704116821289,-8.215094566345215,18.312129974365234,-9.310017585754395,20.81230354309082,8.8384428024292,22.476593017578125,-10.14842414855957,19.12316131591797,1.442186713218689,16.552833557128906,-8.315840721130371,20.09889030456543,7.02,8000,hlad
hungry,..\dataset\hungry\92d08bbe-553f-4844-85b1-15d572f06ea2-1436873183951-1.7-m-04-hu.wav,92d08bbe-553f-4844-85b1-15d572f06ea2-1436873183951-1.7-m-04-hu.wav,.wav,1436873183951,1.7,m,chlapec,04,0–4 týdny,hu,-113.8353042602539,119.94242095947266,36.91597366333008,45.697818756103516,-49.566097259521484,39.064971923828125,11.232866287231445,21.410425186157227,-28.420883178710938,22.011486053466797,5.4773359298706055,16.8738956451416,-13.847567558288574,12.17358684539795,-4.392951965332031,10.993012428283691,-2.3534955978393555,14.972400665283203,-1.0957094430923462,15.186494827270508,-2.223057508468628,16.052135467529297,-0.6590920686721802,15.924612045288086,-7.9210615158081055,15.143896102905273,6.78,8000,hlad
hungry,..\dataset\hungry\92d08bbe-553f-4844-85b1-15d572f06ea2-1436873211119-1.7-m-04-hu.wav,92d08bbe-553f-4844-85b1-15d572f06ea2-1436873211119-1.7-m-04-hu.wav,.wav,1436873211119,1.7,m,chlapec,04,0–4 týdny,hu,-206.7374725341797,82.783447265625,83.65435028076172,30.06294822692871,-5.661118507385254,41.70212173461914,10.815309524536133,21.709978103637695,-16.637149810791016,22.069795608520508,0.2860698401927948,7.946907043457031,-7.049814701080322,11.512414932250977,-1.8383256196975708,8.701255798339844,-12.150425910949707,10.782317161560059,-11.211405754089355,11.324898719787598,-12.56561279296875,13.717203140258789,-8.161516189575195,13.32345199584961,-6.138279914855957,17.76943016052246,6.78,8000,hlad
hungry,..\dataset\hungry\9641D2D5-7D9F-41B2-8345-229AE9555FEC-1430022546-1.0-m-72-hu.wav,9641D2D5-7D9F-41B2-8345-229AE9555FEC-1430022546-1.0-m-72-hu.wav,.wav,1430022546,1.0,m,chlapec,72,7 měsíců–2 roky,hu,-240.65357971191406,12.672562599182129,42.357460021972656,12.191034317016602,-22.280282974243164,7.474909782409668,-9.973089218139648,5.489930152893066,-40.40161895751953,7.399662017822266,-16.807363510131836,5.1799726486206055,-20.295269012451172,4.833369731903076,-16.99712562561035,5.172131538391113,-13.989494323730469,5.120615482330322,-7.963226795196533,6.025907039642334,-5.387821197509766,7.131385803222656,3.7516822814941406,8.404067039489746,4.875202178955078,5.848642349243164,7.0,8000,hlad
hungry,..\dataset\hungry\96986c8b-9988-4c37-a0f8-e7c4269cc3ac-1431719845836-1.7-m-26-hu.wav,96986c8b-9988-4c37-a0f8-e7c4269cc3ac-1431719845836-1.7-m-26-hu.wav,.wav,1431719845836,1.7,m,chlapec,26,2–6 měsíců,hu,-205.15135192871094,102.26331329345703,58.43254852294922,32.2309684753418,-68.49991607666016,30.256269454956055,-25.734952926635742,18.692474365234375,-11.585753440856934,17.741872787475586,-6.047976016998291,14.373703002929688,-3.430631160736084,13.240653991699219,0.24675492942333221,10.810084342956543,-13.372952461242676,13.893399238586426,-3.3918941020965576,20.038471221923828,-4.001917362213135,17.736740112304688,6.0045552253723145,24.29273796081543,-0.7133253812789917,23.596187591552734,6.72,8000,hlad
hungry,..\dataset\hungry\990DE219-FCD1-4634-91CE-19AB93E5D2B0-1430214575-1.0-m-04-hu.wav,990DE219-FCD1-4634-91CE-19AB93E5D2B0-1430214575-1.0-m-04-hu.wav,.wav,1430214575,1.0,m,chlapec,04,0–4 týdny,hu,-237.5854034423828,30.597469329833984,38.59349822998047,9.227272033691406,-38.69511413574219,8.609182357788086,-10.721638679504395,7.952476501464844,-10.707079887390137,6.870523452758789,-12.13708209991455,8.55059814453125,-21.884899139404297,6.9756269454956055,-14.445240020751953,6.588720798492432,-18.42960548400879,5.401382923126221,-13.020088195800781,4.548017978668213,-16.347883224487305,5.286305904388428,-11.671839714050293,5.8389739990234375,-9.256538391113281,5.579395294189453,7.0,8000,hlad
hungry,..\dataset\hungry\999bf14b-e417-4b44-b746-9253f81efe38-1430844940177-1.7-m-04-hu.wav,999bf14b-e417-4b44-b746-9253f81efe38-1430844940177-1.7-m-04-hu.wav,.wav,1430844940177,1.7,m,chlapec,04,0–4 týdny,hu,-392.6194763183594,143.29063415527344,110.31827545166016,34.60468673706055,-21.005382537841797,38.015838623046875,22.261507034301758,17.662830352783203,-24.516258239746094,31.627681732177734,-11.290178298950195,11.114496231079102,0.4183838367462158,7.752597332000732,-4.333801746368408,6.096458911895752,-5.4284820556640625,6.9821062088012695,-7.2821269035339355,7.615739345550537,-11.895715713500977,9.150022506713867,-5.5215911865234375,11.119277000427246,-0.5286166071891785,11.851652145385742,6.9,8000,hlad
hungry,..\dataset\hungry\999bf14b-e417-4b44-b746-9253f81efe38-1430972705879-1.7-m-26-hu.wav,999bf14b-e417-4b44-b746-9253f81efe38-1430972705879-1.7-m-26-hu.wav,.wav,1430972705879,1.7,m,chlapec,26,2–6 měsíců,hu,-556.5657348632812,120.51498413085938,71.86591339111328,36.431819915771484,3.2610437870025635,32.57373046875,16.364910125732422,11.980937004089355,2.968731164932251,12.360490798950195,-1.0998494625091553,7.068830966949463,-6.205822467803955,8.314455032348633,-2.8004391193389893,6.090613842010498,-8.095660209655762,7.334924221038818,-8.127400398254395,7.285818099975586,-7.724003314971924,7.7525529861450195,-5.279791831970215,9.365198135375977,-6.390388011932373,9.12492847442627,6.9,8000,hlad
hungry,..\dataset\hungry\999bf14b-e417-4b44-b746-9253f81efe38-1431013054417-1.7-m-26-hu.wav,999bf14b-e417-4b44-b746-9253f81efe38-1431013054417-1.7-m-26-hu.wav,.wav,1431013054417,1.7,m,chlapec,26,2–6 měsíců,hu,-259.1593933105469,112.9308090209961,87.10366821289062,43.50896453857422,-62.149532318115234,30.05686378479004,-6.55778694152832,22.40704917907715,-42.100738525390625,19.097700119018555,1.4563490152359009,16.048330307006836,-15.972845077514648,13.208056449890137,-1.7242670059204102,10.021517753601074,-12.366995811462402,9.384849548339844,-16.42598533630371,13.120412826538086,-8.880809783935547,10.077744483947754,-7.93161678314209,14.027759552001953,-0.6315284967422485,18.173891067504883,6.9,8000,hlad
hungry,..\dataset\hungry\999bf14b-e417-4b44-b746-9253f81efe38-1431013068243-1.7-m-26-hu.wav,999bf14b-e417-4b44-b746-9253f81efe38-1431013068243-1.7-m-26-hu.wav,.wav,1431013068243,1.7,m,chlapec,26,2–6 měsíců,hu,-194.2760772705078,122.44387817382812,50.31993865966797,43.033973693847656,-76.23216247558594,25.719301223754883,11.885619163513184,15.120767593383789,-50.747859954833984,14.837689399719238,2.65653133392334,13.535492897033691,-17.56761360168457,11.306558609008789,-1.034426212310791,6.3791890144348145,-14.974699974060059,6.763710975646973,-12.631146430969238,6.426739692687988,-11.966893196105957,10.201009750366211,0.26923173666000366,16.99103546142578,9.254176139831543,19.819557189941406,6.9,8000,hlad
hungry,..\dataset\hungry\9aa8bac5-eeb9-4f19-a4bf-7c439e87364b-1430745312460-1.7-m-04-hu.wav,9aa8bac5-eeb9-4f19-a4bf-7c439e87364b-1430745312460-1.7-m-04-hu.wav,.wav,1430745312460,1.7,m,chlapec,04,0–4 týdny,hu,-435.05853271484375,127.90324401855469,39.349178314208984,37.33021926879883,8.022187232971191,18.65483856201172,-12.386594772338867,24.84853744506836,1.9005922079086304,14.054220199584961,-7.193399906158447,11.303104400634766,-4.654564380645752,11.87947940826416,-3.6608083248138428,10.58285903930664,-6.467504978179932,11.8203706741333,-3.668009042739868,11.101520538330078,-9.20180606842041,8.873337745666504,-11.242335319519043,6.756960868835449,-7.5098395347595215,5.9369730949401855,6.54,8000,hlad
hungry,..\dataset\hungry\9aa8bac5-eeb9-4f19-a4bf-7c439e87364b-1430745385374-1.7-m-04-hu.wav,9aa8bac5-eeb9-4f19-a4bf-7c439e87364b-1430745385374-1.7-m-04-hu.wav,.wav,1430745385374,1.7,m,chlapec,04,0–4 týdny,hu,-254.426513671875,106.07429504394531,30.718957901000977,18.32383155822754,-37.72749328613281,26.954010009765625,-16.558053970336914,9.540742874145508,-42.97296905517578,14.934136390686035,18.793977737426758,9.8089599609375,-9.468042373657227,13.571313858032227,-19.045711517333984,10.498992919921875,-10.654701232910156,10.279767990112305,-13.975970268249512,9.615565299987793,7.282074928283691,11.116141319274902,12.959349632263184,15.478086471557617,3.828021287918091,16.125003814697266,6.54,8000,hlad
hungry,..\dataset\hungry\9CFD61B9-BF13-406D-8B2F-F73CFAAF25CB-1430927693-1.0-f-04-hu.wav,9CFD61B9-BF13-406D-8B2F-F73CFAAF25CB-1430927693-1.0-f-04-hu.wav,.wav,1430927693,1.0,f,dívka,04,0–4 týdny,hu,-172.7520751953125,77.95086669921875,59.33490753173828,32.624961853027344,6.676479339599609,20.605030059814453,-1.616302251815796,20.64888572692871,-20.576887130737305,13.344409942626953,9.389294624328613,9.937302589416504,-8.542549133300781,13.186318397521973,-21.055465698242188,14.03350830078125,-15.84732437133789,9.18602180480957,-17.6599063873291,9.422770500183105,-19.128210067749023,14.229687690734863,-4.1800432205200195,16.293540954589844,-4.474539279937744,21.8725528717041,7.0,8000,hlad
hungry,..\dataset\hungry\9CFD61B9-BF13-406D-8B2F-F73CFAAF25CB-1430927704-1.0-f-04-hu.wav,9CFD61B9-BF13-406D-8B2F-F73CFAAF25CB-1430927704-1.0-f-04-hu.wav,.wav,1430927704,1.0,f,dívka,04,0–4 týdny,hu,-208.77593994140625,102.69857025146484,79.4968490600586,34.15260314941406,5.463250637054443,18.39624786376953,-13.363941192626953,25.972597122192383,-26.241104125976562,19.157804489135742,-6.450744152069092,15.55263900756836,-17.630857467651367,7.26258659362793,-13.482863426208496,8.651572227478027,-15.062532424926758,9.024666786193848,-3.924380302429199,13.61681079864502,-4.966935157775879,19.85411262512207,-4.611991882324219,15.730568885803223,-15.284886360168457,9.52592945098877,7.0,8000,hlad
hungry,..\dataset\hungry\9CFD61B9-BF13-406D-8B2F-F73CFAAF25CB-1430927716-1.0-f-04-hu.wav,9CFD61B9-BF13-406D-8B2F-F73CFAAF25CB-1430927716-1.0-f-04-hu.wav,.wav,1430927716,1.0,f,dívka,04,0–4 týdny,hu,-228.37127685546875,92.4600601196289,52.17081832885742,28.33499526977539,-7.292243003845215,20.718523025512695,0.22164885699748993,15.116791725158691,-15.50853157043457,13.782814025878906,3.693347692489624,15.11011791229248,-9.478484153747559,12.059199333190918,-11.381625175476074,9.972272872924805,-11.777588844299316,6.4251227378845215,-14.255819320678711,8.371809959411621,-15.015504837036133,10.478323936462402,-7.4848456382751465,14.939803123474121,-0.6788602471351624,18.196941375732422,7.0,8000,hlad
hungry,..\dataset\hungry\9CFD61B9-BF13-406D-8B2F-F73CFAAF25CB-1430927728-1.0-f-04-hu.wav,9CFD61B9-BF13-406D-8B2F-F73CFAAF25CB-1430927728-1.0-f-04-hu.wav,.wav,1430927728,1.0,f,dívka,04,0–4 týdny,hu,-169.6440887451172,84.32581329345703,101.55677032470703,34.5869140625,3.6308677196502686,30.208036422729492,9.86925983428955,17.45290756225586,-22.053613662719727,21.24039649963379,-12.955513954162598,11.549203872680664,-16.667482376098633,10.367960929870605,-15.381013870239258,10.43277645111084,-18.70562171936035,12.367048263549805,-14.413990020751953,7.837545394897461,-17.887388229370117,9.72530460357666,-12.378390312194824,8.339432716369629,-14.75638198852539,6.382574558258057,7.0,8000,hlad
hungry,..\dataset\hungry\9CFD61B9-BF13-406D-8B2F-F73CFAAF25CB-1430927741-1.0-f-04-hu.wav,9CFD61B9-BF13-406D-8B2F-F73CFAAF25CB-1430927741-1.0-f-04-hu.wav,.wav,1430927741,1.0,f,dívka,04,0–4 týdny,hu,-121.12004852294922,77.56511688232422,56.042198181152344,38.83530807495117,-15.58166790008545,24.424421310424805,2.3256053924560547,15.972912788391113,-22.672643661499023,16.561100006103516,-1.66517972946167,14.377752304077148,-7.493281841278076,8.294047355651855,-7.839085578918457,11.086464881896973,-18.410429000854492,10.2011137008667,-18.693439483642578,10.366315841674805,-7.294670581817627,13.004026412963867,1.230178952217102,16.25086212158203,-2.3631155490875244,13.73165512084961,7.0,8000,hlad
hungry,..\dataset\hungry\9fe37482-6a64-401d-b8b9-3e47d6ed9ac0-1430047362195-1.7-f-26-hu.wav,9fe37482-6a64-401d-b8b9-3e47d6ed9ac0-1430047362195-1.7-f-26-hu.wav,.wav,1430047362195,1.7,f,dívka,26,2–6 měsíců,hu,-251.98428344726562,147.10841369628906,54.9626579284668,23.270050048828125,-46.98135757446289,33.24397659301758,-16.0034122467041,20.72211265563965,-54.8527717590332,25.444091796875,-5.2278242111206055,14.259590148925781,4.826349258422852,13.935463905334473,-4.917850971221924,13.720047950744629,-6.311585426330566,18.065967559814453,1.102124810218811,13.002972602844238,-7.1332292556762695,13.420042991638184,5.851707935333252,15.319757461547852,1.5301810503005981,15.642040252685547,6.92,8000,hlad
hungry,..\dataset\hungry\9fe37482-6a64-401d-b8b9-3e47d6ed9ac0-1430047373513-1.7-f-26-hu.wav,9fe37482-6a64-401d-b8b9-3e47d6ed9ac0-1430047373513-1.7-f-26-hu.wav,.wav,1430047373513,1.7,f,dívka,26,2–6 měsíců,hu,-237.9060516357422,136.37960815429688,36.27427673339844,21.574485778808594,-68.08554077148438,36.60699462890625,-9.137960433959961,20.47357749938965,-31.664371490478516,15.321258544921875,-8.461485862731934,18.6007137298584,-6.610779285430908,12.505854606628418,-4.827088356018066,13.478875160217285,-20.24445343017578,17.50426483154297,6.519537925720215,11.765419006347656,-10.337539672851562,14.88036823272705,15.205303192138672,16.662904739379883,13.56114387512207,18.83114242553711,6.92,8000,hlad
hungry,..\dataset\hungry\9fe37482-6a64-401d-b8b9-3e47d6ed9ac0-1430047399844-1.7-f-26-hu.wav,9fe37482-6a64-401d-b8b9-3e47d6ed9ac0-1430047399844-1.7-f-26-hu.wav,.wav,1430047399844,1.7,f,dívka,26,2–6 měsíců,hu,-359.8151550292969,151.00083923339844,31.852354049682617,24.313495635986328,-29.150346755981445,38.39883041381836,-6.72813081741333,12.227951049804688,-20.44248390197754,20.195518493652344,9.822998046875,10.944857597351074,-12.81865119934082,10.78425121307373,-15.172181129455566,11.176374435424805,-13.898223876953125,10.186982154846191,-4.387712001800537,11.663427352905273,-2.19982647895813,11.479323387145996,2.7402138710021973,13.957923889160156,-2.428241491317749,12.762028694152832,6.94,8000,hlad
hungry,..\dataset\hungry\9fe37482-6a64-401d-b8b9-3e47d6ed9ac0-1430047590938-1.7-f-26-hu.wav,9fe37482-6a64-401d-b8b9-3e47d6ed9ac0-1430047590938-1.7-f-26-hu.wav,.wav,1430047590938,1.7,f,dívka,26,2–6 měsíců,hu,-221.5606231689453,119.76952362060547,36.690921783447266,24.61156463623047,-48.680538177490234,32.24284362792969,-25.72505760192871,17.114818572998047,-35.813941955566406,23.613603591918945,7.483175754547119,14.429079055786133,-10.590481758117676,12.152802467346191,1.991514801979065,13.01535415649414,-16.861772537231445,20.24765396118164,-6.286802291870117,15.588678359985352,-6.237958908081055,16.599952697753906,13.580253601074219,24.136985778808594,9.093324661254883,20.66567611694336,6.94,8000,hlad
hungry,..\dataset\hungry\A123AD65-38D3-4A65-AB37-330034765840-1430093687-1.0-m-04-hu.wav,A123AD65-38D3-4A65-AB37-330034765840-1430093687-1.0-m-04-hu.wav,.wav,1430093687,1.0,m,chlapec,04,0–4 týdny,hu,-276.6125793457031,40.89921569824219,48.62561798095703,14.934635162353516,-1.5560880899429321,14.980875968933105,3.8058502674102783,10.038470268249512,-17.483346939086914,6.84736442565918,-12.31283950805664,8.618852615356445,-20.78348731994629,7.538837909698486,-17.112821578979492,6.955252170562744,-19.741518020629883,4.56239128112793,-13.841459274291992,5.0751543045043945,-14.335949897766113,6.803935527801514,-11.835450172424316,6.09958028793335,-15.309554100036621,4.537359237670898,7.0,8000,hlad
hungry,..\dataset\hungry\A123AD65-38D3-4A65-AB37-330034765840-1430093699-1.0-m-04-hu.wav,A123AD65-38D3-4A65-AB37-330034765840-1430093699-1.0-m-04-hu.wav,.wav,1430093699,1.0,m,chlapec,04,0–4 týdny,hu,-259.0238342285156,57.32301712036133,65.37238311767578,26.384607315063477,-4.307343006134033,21.583051681518555,16.933671951293945,12.995347023010254,-17.635387420654297,7.968425273895264,-5.962347984313965,9.005900382995605,-18.458539962768555,6.190417766571045,-20.495349884033203,7.59174108505249,-19.415088653564453,5.564176082611084,-15.577444076538086,7.196818828582764,-15.056801795959473,8.469343185424805,-13.272774696350098,6.840517044067383,-15.198403358459473,5.336680889129639,7.0,8000,hlad
hungry,..\dataset\hungry\A123AD65-38D3-4A65-AB37-330034765840-1430093710-1.0-m-04-hu.wav,A123AD65-38D3-4A65-AB37-330034765840-1430093710-1.0-m-04-hu.wav,.wav,1430093710,1.0,m,chlapec,04,0–4 týdny,hu,-265.5306396484375,50.775970458984375,58.91680908203125,27.79121971130371,3.8326172828674316,15.010997772216797,8.76611042022705,13.511629104614258,-17.32489776611328,12.649344444274902,-11.3768892288208,11.896778106689453,-21.157176971435547,8.371495246887207,-10.117863655090332,9.949037551879883,-19.141130447387695,7.335031032562256,-9.033364295959473,8.157220840454102,-14.805628776550293,4.891361236572266,-9.923833847045898,9.417223930358887,-10.648482322692871,9.15841007232666,7.0,8000,hlad
hungry,..\dataset\hungry\A123AD65-38D3-4A65-AB37-330034765840-1430093726-1.0-m-04-hu.wav,A123AD65-38D3-4A65-AB37-330034765840-1430093726-1.0-m-04-hu.wav,.wav,1430093726,1.0,m,chlapec,04,0–4 týdny,hu,-243.74639892578125,53.0428352355957,69.77661895751953,30.2247371673584,-6.77910041809082,17.683759689331055,8.303889274597168,13.154272079467773,-4.751016616821289,11.750189781188965,-9.188597679138184,11.6749849319458,-20.2073917388916,10.690181732177734,-13.657234191894531,9.09170913696289,-16.246479034423828,6.654591083526611,-12.978734970092773,5.95685338973999,-18.507070541381836,5.362617492675781,-16.636362075805664,9.344766616821289,-10.893508911132812,8.151275634765625,7.0,8000,hlad
hungry,..\dataset\hungry\a40b9b8d-e4bc-457a-badf-f38bdbc0c358-1430016745385-1.7-m-04-hu.wav,a40b9b8d-e4bc-457a-badf-f38bdbc0c358-1430016745385-1.7-m-04-hu.wav,.wav,1430016745385,1.7,m,chlapec,04,0–4 týdny,hu,-120.87611389160156,85.51580810546875,53.881465911865234,61.29656219482422,-25.933671951293945,32.99055862426758,16.309480667114258,22.882211685180664,-17.61216926574707,12.8983793258667,13.545574188232422,12.73276138305664,-29.292163848876953,10.647393226623535,-7.447062969207764,14.509298324584961,-22.944496154785156,8.619097709655762,-11.067784309387207,9.353569030761719,-10.218414306640625,10.042583465576172,1.3994535207748413,20.082056045532227,-3.95120906829834,16.958995819091797,6.86,8000,hlad
hungry,..\dataset\hungry\a40b9b8d-e4bc-457a-badf-f38bdbc0c358-1430016779981-1.7-m-26-hu.wav,a40b9b8d-e4bc-457a-badf-f38bdbc0c358-1430016779981-1.7-m-26-hu.wav,.wav,1430016779981,1.7,m,chlapec,26,2–6 měsíců,hu,-164.4966278076172,98.7679443359375,62.42796325683594,51.23306655883789,-28.554227828979492,36.54291915893555,5.9586501121521,11.913666725158691,-11.64169692993164,13.044264793395996,13.597127914428711,12.638164520263672,-20.676401138305664,9.384039878845215,-10.00298023223877,11.165175437927246,-21.537185668945312,7.394371509552002,-12.485754013061523,7.873082160949707,-11.93875503540039,10.78188705444336,4.8072991371154785,16.462635040283203,-11.185481071472168,14.960968017578125,6.94,8000,hlad
hungry,..\dataset\hungry\a40b9b8d-e4bc-457a-badf-f38bdbc0c358-1430017191818-1.7-m-26-hu.wav,a40b9b8d-e4bc-457a-badf-f38bdbc0c358-1430017191818-1.7-m-26-hu.wav,.wav,1430017191818,1.7,m,chlapec,26,2–6 měsíců,hu,-96.83255004882812,107.96727752685547,4.193571090698242,36.82118225097656,-68.91646575927734,21.024202346801758,-29.483015060424805,21.912439346313477,-8.049562454223633,24.00116539001465,19.05889129638672,18.163387298583984,-17.244060516357422,19.714073181152344,0.4434238076210022,16.903120040893555,-11.509702682495117,15.7643461227417,0.9653545022010803,15.887545585632324,-9.321763038635254,13.604915618896484,-0.3143552839756012,7.313371181488037,-6.7174391746521,13.628026008605957,6.92,8000,hlad
hungry,..\dataset\hungry\a56e2494-d2b2-480e-af0b-de9ea8f33572-1436897427825-1.7-f-26-hu.wav,a56e2494-d2b2-480e-af0b-de9ea8f33572-1436897427825-1.7-f-26-hu.wav,.wav,1436897427825,1.7,f,dívka,26,2–6 měsíců,hu,-231.90318298339844,134.404052734375,14.4104585647583,24.822616577148438,-24.289857864379883,21.147430419921875,-21.32098388671875,21.1427059173584,-29.525659561157227,16.1120548248291,5.547966480255127,13.830867767333984,-19.905763626098633,11.057567596435547,-4.353762626647949,8.95505142211914,-13.995144844055176,8.173912048339844,-5.842605113983154,8.05742073059082,-4.456973075866699,10.6710844039917,-0.3505847752094269,13.675437927246094,-0.33629781007766724,10.747369766235352,6.96,8000,hlad
hungry,..\dataset\hungry\a7b13b65-da2c-48ec-8aed-46adcaba705f-1430823489236-1.7-f-26-hu.wav,a7b13b65-da2c-48ec-8aed-46adcaba705f-1430823489236-1.7-f-26-hu.wav,.wav,1430823489236,1.7,f,dívka,26,2–6 měsíců,hu,-94.47695922851562,124.02777862548828,36.60596466064453,43.09484100341797,-24.81243896484375,21.0095272064209,1.8080723285675049,17.201297760009766,-22.265275955200195,16.31002426147461,-13.967630386352539,16.20594024658203,-10.083592414855957,11.154712677001953,-3.029905080795288,11.90099811553955,-17.708581924438477,10.881532669067383,-9.877707481384277,10.080981254577637,-16.89141273498535,11.013914108276367,3.275794744491577,14.210732460021973,-1.5758386850357056,15.226424217224121,6.94,8000,hlad
hungry,..\dataset\hungry\AA2CA7F6-4547-4CC0-AA4C-5D7B64727FB5-1437123487-1.1-f-26-hu.wav,AA2CA7F6-4547-4CC0-AA4C-5D7B64727FB5-1437123487-1.1-f-26-hu.wav,.wav,1437123487,1.1,f,dívka,26,2–6 měsíců,hu,-130.37704467773438,44.684024810791016,-33.922569274902344,22.74911117553711,-28.49199867248535,19.958528518676758,5.170872688293457,14.494638442993164,-21.166088104248047,12.327396392822266,23.070451736450195,10.28333568572998,-27.17385482788086,7.572192668914795,15.510462760925293,8.121667861938477,-10.727496147155762,15.880578994750977,6.2065110206604,19.080007553100586,6.171672344207764,18.122018814086914,-2.8273613452911377,19.482074737548828,-4.0096049308776855,18.706785202026367,7.0,8000,hlad
hungry,..\dataset\hungry\aaa57dbd-7b88-454a-963e-6faa2f4ed4e7-1436910225455-1.7-f-04-hu.wav,aaa57dbd-7b88-454a-963e-6faa2f4ed4e7-1436910225455-1.7-f-04-hu.wav,.wav,1436910225455,1.7,f,dívka,04,0–4 týdny,hu,-460.10784912109375,147.65966796875,23.139707565307617,34.86678695678711,1.073211908340454,30.963281631469727,7.567331314086914,11.749345779418945,-0.5727476477622986,21.7278995513916,-2.5620274543762207,13.551287651062012,-13.519234657287598,13.406571388244629,-5.332529067993164,7.031033992767334,-4.8286662101745605,8.326383590698242,-0.5463356971740723,7.431102275848389,-4.774186611175537,6.91873836517334,-2.489964008331299,8.475900650024414,-6.050656318664551,7.571764945983887,7.04,8000,hlad
hungry,..\dataset\hungry\aaa57dbd-7b88-454a-963e-6faa2f4ed4e7-1436910235521-1.7-f-04-hu.wav,aaa57dbd-7b88-454a-963e-6faa2f4ed4e7-1436910235521-1.7-f-04-hu.wav,.wav,1436910235521,1.7,f,dívka,04,0–4 týdny,hu,-402.2809143066406,156.6151580810547,51.67966842651367,26.34234619140625,-5.943515777587891,28.18965721130371,-6.9627251625061035,17.288942337036133,-20.788354873657227,31.806373596191406,7.444186687469482,9.56627368927002,-22.01566505432129,16.500320434570312,-8.393089294433594,8.632749557495117,-5.307708740234375,7.973937034606934,-5.883230686187744,10.982869148254395,-4.439775466918945,8.75257682800293,-5.778059959411621,9.332149505615234,-5.554807662963867,6.331397533416748,6.88,8000,hlad
hungry,..\dataset\hungry\aaa57dbd-7b88-454a-963e-6faa2f4ed4e7-1436982066128-1.7-f-04-hu.wav,aaa57dbd-7b88-454a-963e-6faa2f4ed4e7-1436982066128-1.7-f-04-hu.wav,.wav,1436982066128,1.7,f,dívka,04,0–4 týdny,hu,-456.0888977050781,125.16057586669922,59.14047622680664,28.660858154296875,-35.47016525268555,26.3045654296875,-11.196490287780762,22.64154624938965,-27.915496826171875,13.509387969970703,-6.41787576675415,9.26742935180664,-5.290367126464844,9.68612003326416,-4.392406463623047,10.561848640441895,-3.7840232849121094,8.991854667663574,-2.848529577255249,10.06664752960205,-6.462514877319336,9.116247177124023,-2.9215874671936035,6.275257587432861,-6.846583843231201,10.143608093261719,6.92,8000,hlad
hungry,..\dataset\hungry\aaa57dbd-7b88-454a-963e-6faa2f4ed4e7-1436982075169-1.7-f-04-hu.wav,aaa57dbd-7b88-454a-963e-6faa2f4ed4e7-1436982075169-1.7-f-04-hu.wav,.wav,1436982075169,1.7,f,dívka,04,0–4 týdny,hu,-406.7193908691406,159.96664428710938,47.349090576171875,28.756969451904297,-52.51148223876953,37.38302993774414,-8.327980995178223,22.291202545166016,-15.887107849121094,17.37056541442871,-0.03510190546512604,17.788433074951172,-16.98317527770996,16.95669937133789,-1.611220359802246,9.77946662902832,-4.1329522132873535,10.04214096069336,-2.0476906299591064,7.3629679679870605,-9.034810066223145,9.228643417358398,-9.543659210205078,7.914057731628418,-7.275742530822754,7.4137864112854,6.9,8000,hlad
hungry,..\dataset\hungry\aaa57dbd-7b88-454a-963e-6faa2f4ed4e7-1436982098411-1.7-f-04-hu.wav,aaa57dbd-7b88-454a-963e-6faa2f4ed4e7-1436982098411-1.7-f-04-hu.wav,.wav,1436982098411,1.7,f,dívka,04,0–4 týdny,hu,-468.1795349121094,146.96742248535156,52.458377838134766,30.987945556640625,-35.39307403564453,40.82279586791992,-11.24204158782959,25.115169525146484,-12.371283531188965,16.562889099121094,-7.428298473358154,14.08777141571045,-5.488491058349609,12.917129516601562,-1.4802244901657104,11.57779598236084,-7.188495635986328,11.629349708557129,-1.591625690460205,9.594271659851074,-3.043785333633423,8.427567481994629,-5.537270545959473,9.833976745605469,-5.138823509216309,7.192370891571045,6.9,8000,hlad
hungry,..\dataset\hungry\aaa57dbd-7b88-454a-963e-6faa2f4ed4e7-1436988612387-1.7-f-04-hu.wav,aaa57dbd-7b88-454a-963e-6faa2f4ed4e7-1436988612387-1.7-f-04-hu.wav,.wav,1436988612387,1.7,f,dívka,04,0–4 týdny,hu,-183.02809143066406,171.0366668701172,-37.75298309326172,49.86250305175781,-43.51891326904297,26.76115608215332,8.031429290771484,18.07496452331543,-16.671247482299805,20.120088577270508,-1.433866262435913,15.972744941711426,-12.446667671203613,18.951608657836914,-2.377711296081543,14.464919090270996,-6.334035873413086,11.646946907043457,4.71488094329834,10.171034812927246,-12.198848724365234,12.181513786315918,1.0270049571990967,12.868414878845215,-6.385622024536133,14.724832534790039,6.92,8000,hlad
hungry,..\dataset\hungry\aaa57dbd-7b88-454a-963e-6faa2f4ed4e7-1437166513710-1.7-f-04-hu.wav,aaa57dbd-7b88-454a-963e-6faa2f4ed4e7-1437166513710-1.7-f-04-hu.wav,.wav,1437166513710,1.7,f,dívka,04,0–4 týdny,hu,-265.4807434082031,146.92015075683594,-4.130638599395752,69.36756134033203,-35.343719482421875,25.309249877929688,-13.924545288085938,26.993677139282227,-20.517799377441406,20.168853759765625,-10.948704719543457,18.59481430053711,-10.627758979797363,18.874120712280273,-1.5804771184921265,9.46045207977295,-20.4263973236084,14.235769271850586,2.8421871662139893,11.499934196472168,-10.398508071899414,12.961442947387695,8.58255386352539,14.098945617675781,0.10816387087106705,16.390222549438477,7.02,8000,hlad
hungry,..\dataset\hungry\ad7fd28b-3e85-4e9b-9e18-af4bda64c60f-1430756389867-1.7-m-72-hu.wav,ad7fd28b-3e85-4e9b-9e18-af4bda64c60f-1430756389867-1.7-m-72-hu.wav,.wav,1430756389867,1.7,m,chlapec,72,7 měsíců–2 roky,hu,-169.77578735351562,91.78166198730469,34.4478874206543,21.29353904724121,-60.26618194580078,27.942607879638672,5.445865154266357,14.596626281738281,-45.77616882324219,22.119239807128906,5.24633264541626,14.50295639038086,-18.711620330810547,10.35222053527832,-8.225343704223633,5.5574116706848145,-11.126021385192871,8.786314964294434,-12.682252883911133,7.619327545166016,-18.301998138427734,7.625230312347412,-3.7482874393463135,7.581412315368652,-11.453619956970215,7.457104206085205,6.86,8000,hlad
hungry,..\dataset\hungry\adb53808-8b13-4c08-b055-6653c75298be-1430133962749-1.7-m-72-hu.wav,adb53808-8b13-4c08-b055-6653c75298be-1430133962749-1.7-m-72-hu.wav,.wav,1430133962749,1.7,m,chlapec,72,7 měsíců–2 roky,hu,-253.4172821044922,88.34620666503906,48.94533920288086,22.573762893676758,-14.83004379272461,16.58812141418457,21.416128158569336,13.599935531616211,-24.9737491607666,19.008405685424805,-1.54659903049469,13.822491645812988,-21.46208953857422,10.016039848327637,-0.4877248704433441,8.986600875854492,-3.9990031719207764,10.382792472839355,-0.1262081265449524,7.274372577667236,-5.357537746429443,8.02328109741211,-2.5220396518707275,7.062633514404297,-10.533612251281738,6.695653438568115,6.92,8000,hlad
hungry,..\dataset\hungry\adb53808-8b13-4c08-b055-6653c75298be-1430133982281-1.7-m-72-hu.wav,adb53808-8b13-4c08-b055-6653c75298be-1430133982281-1.7-m-72-hu.wav,.wav,1430133982281,1.7,m,chlapec,72,7 měsíců–2 roky,hu,-194.10781860351562,107.74808502197266,43.11052322387695,33.81198501586914,-31.66195297241211,26.48450469970703,13.059991836547852,22.28860855102539,-26.786039352416992,26.790002822875977,23.871007919311523,16.369915008544922,-11.594831466674805,12.943907737731934,-4.650373935699463,8.975495338439941,-1.3589431047439575,12.820539474487305,-4.018877029418945,15.015349388122559,2.022498607635498,14.321337699890137,0.22744978964328766,14.14627742767334,-7.789835453033447,13.904921531677246,6.92,8000,hlad
hungry,..\dataset\hungry\adcefe56-90b1-4120-83b1-93008cb6f7f0-1430731683554-1.7-m-04-hu.wav,adcefe56-90b1-4120-83b1-93008cb6f7f0-1430731683554-1.7-m-04-hu.wav,.wav,1430731683554,1.7,m,chlapec,04,0–4 týdny,hu,-143.07083129882812,140.7895965576172,-10.114680290222168,45.05902862548828,0.8015698790550232,25.455909729003906,-22.392488479614258,15.50127124786377,-37.378177642822266,18.377368927001953,-9.362842559814453,13.971312522888184,-15.22754955291748,13.913679122924805,-18.460535049438477,17.57056999206543,2.6991477012634277,11.39194393157959,17.718502044677734,14.31533432006836,6.034843444824219,15.46501350402832,5.87658166885376,12.93309211730957,-20.103939056396484,12.880012512207031,6.94,8000,hlad
hungry,..\dataset\hungry\AE02C934-F4E5-4C73-818D-56AA6887EC18-1430279441-1.0-m-26-hu.wav,AE02C934-F4E5-4C73-818D-56AA6887EC18-1430279441-1.0-m-26-hu.wav,.wav,1430279441,1.0,m,chlapec,26,2–6 měsíců,hu,-213.5802001953125,132.94705200195312,-5.7629499435424805,35.294891357421875,-29.76165008544922,18.092039108276367,-28.942058563232422,18.281909942626953,-9.430807113647461,13.087658882141113,16.81069564819336,18.420204162597656,-25.891042709350586,13.107644081115723,-18.909414291381836,10.46802806854248,-6.00027322769165,18.1915340423584,9.856135368347168,22.989742279052734,-12.773961067199707,14.880758285522461,-5.269174575805664,15.220667839050293,-7.844494819641113,11.858413696289062,7.0,8000,hlad
hungry,..\dataset\hungry\AE02C934-F4E5-4C73-818D-56AA6887EC18-1430279454-1.0-m-26-hu.wav,AE02C934-F4E5-4C73-818D-56AA6887EC18-1430279454-1.0-m-26-hu.wav,.wav,1430279454,1.0,m,chlapec,26,2–6 měsíců,hu,-413.97100830078125,59.2270393371582,11.476852416992188,27.475330352783203,-27.49106216430664,15.556702613830566,-5.286562442779541,19.77469253540039,-3.9228515625,12.711847305297852,-5.445427894592285,10.716818809509277,-11.663610458374023,13.864590644836426,-13.243229866027832,10.945756912231445,-17.12456512451172,8.785585403442383,-10.916794776916504,9.407137870788574,-22.156112670898438,9.664173126220703,-7.987525939941406,12.123700141906738,-15.300186157226562,7.820067405700684,7.0,8000,hlad
hungry,..\dataset\hungry\ae5a462b-5424-4b5b-82d5-07ccb61654ab-1430405436291-1.7-f-04-hu.wav,ae5a462b-5424-4b5b-82d5-07ccb61654ab-1430405436291-1.7-f-04-hu.wav,.wav,1430405436291,1.7,f,dívka,04,0–4 týdny,hu,-461.109130859375,132.306884765625,41.93801498413086,44.13496398925781,-2.769568920135498,34.31736755371094,3.4839189052581787,16.482166290283203,1.3862746953964233,9.980666160583496,5.147841930389404,10.504573822021484,-19.124008178710938,13.220519065856934,2.5499391555786133,8.616464614868164,-10.473343849182129,7.128891468048096,-8.671051025390625,6.842065334320068,-11.590875625610352,10.230191230773926,2.14859938621521,19.156957626342773,-4.476486682891846,13.461947441101074,6.88,8000,hlad
hungry,..\dataset\hungry\ae5a462b-5424-4b5b-82d5-07ccb61654ab-1431155960186-1.7-f-48-hu.wav,ae5a462b-5424-4b5b-82d5-07ccb61654ab-1431155960186-1.7-f-48-hu.wav,.wav,1431155960186,1.7,f,dívka,48,4–8 týdnů,hu,-241.87020874023438,115.48392486572266,-15.606579780578613,33.2311897277832,-2.2664217948913574,21.738210678100586,-38.09400177001953,13.734743118286133,-14.05671501159668,9.803056716918945,17.70484733581543,11.13723373413086,-46.20436096191406,12.031250953674316,1.013490080833435,7.961602687835693,-13.99111270904541,8.725607872009277,-5.1044158935546875,8.368026733398438,-13.300189971923828,8.581901550292969,9.367541313171387,15.145304679870605,3.6461868286132812,14.222943305969238,6.9,8000,hlad
hungry,..\dataset\hungry\ae5f103b-5fee-442f-bb1b-d9d0570c46ab-1431533809819-1.7-m-26-hu.wav,ae5f103b-5fee-442f-bb1b-d9d0570c46ab-1431533809819-1.7-m-26-hu.wav,.wav,1431533809819,1.7,m,chlapec,26,2–6 měsíců,hu,-186.9981689453125,151.4212188720703,23.33148956298828,39.51931381225586,-30.192005157470703,36.53904342651367,-5.731656551361084,26.372974395751953,-14.742615699768066,14.538928985595703,21.70806884765625,16.326452255249023,-9.593472480773926,20.522998809814453,-4.2792134284973145,13.605792999267578,-13.24622631072998,15.559540748596191,-7.163824558258057,8.968587875366211,-7.313162803649902,10.893254280090332,-10.021656036376953,6.099000930786133,-7.043412685394287,8.68896198272705,6.96,8000,hlad
hungry,..\dataset\hungry\af30880e-5f98-4dc0-b37a-be6b21fa0ba3-1431240037389-1.7-m-26-hu.wav,af30880e-5f98-4dc0-b37a-be6b21fa0ba3-1431240037389-1.7-m-26-hu.wav,.wav,1431240037389,1.7,m,chlapec,26,2–6 měsíců,hu,-82.60013580322266,127.12488555908203,18.559154510498047,44.88003921508789,-29.01427459716797,21.68198013305664,-6.244193077087402,19.400455474853516,-58.70425796508789,19.611846923828125,-16.563383102416992,13.551392555236816,-18.66162872314453,9.166808128356934,5.570425033569336,10.80855655670166,-3.935763120651245,14.03281307220459,0.3961915373802185,8.957716941833496,-9.351054191589355,8.689247131347656,3.471275806427002,12.306167602539062,-9.653732299804688,13.031988143920898,6.52,8000,hlad
hungry,..\dataset\hungry\afa44e7f-4187-4f1c-9437-b49ba75f542e-1430629785235-1.7-f-04-hu.wav,afa44e7f-4187-4f1c-9437-b49ba75f542e-1430629785235-1.7-f-04-hu.wav,.wav,1430629785235,1.7,f,dívka,04,0–4 týdny,hu,-298.7749328613281,80.56050109863281,39.90203857421875,31.06485939025879,4.781069755554199,26.76319122314453,11.399715423583984,19.413036346435547,-16.19569969177246,16.80643653869629,-0.85784912109375,11.967483520507812,-14.86149787902832,14.13490104675293,-2.493175983428955,11.790254592895508,-19.506052017211914,8.64387035369873,-0.46273449063301086,9.993664741516113,-12.235910415649414,8.283775329589844,4.292829513549805,9.784052848815918,-6.335076808929443,13.479033470153809,6.94,8000,hlad
hungry,..\dataset\hungry\B0D9116D-8FA4-41AF-B626-BE508FD5CA04-1430832542-1.0-m-04-hu.wav,B0D9116D-8FA4-41AF-B626-BE508FD5CA04-1430832542-1.0-m-04-hu.wav,.wav,1430832542,1.0,m,chlapec,04,0–4 týdny,hu,-266.7245178222656,106.98592376708984,23.21158790588379,16.832199096679688,2.8756580352783203,18.56597328186035,-11.700005531311035,14.105560302734375,-37.560157775878906,14.87791919708252,-18.903776168823242,12.985238075256348,-4.7965264320373535,14.06217098236084,-21.151472091674805,12.545080184936523,-7.400497913360596,8.892891883850098,-8.445718765258789,12.038578033447266,-10.645857810974121,17.41337776184082,4.5991716384887695,19.26012420654297,-6.9337382316589355,15.113420486450195,7.0,8000,hlad
hungry,..\dataset\hungry\B2A105BB-347B-4878-A735-AA4ECF32CD16-1436864116-1.1-m-26-hu.wav,B2A105BB-347B-4878-A735-AA4ECF32CD16-1436864116-1.1-m-26-hu.wav,.wav,1436864116,1.1,m,chlapec,26,2–6 měsíců,hu,-65.52604675292969,60.079498291015625,-29.635513305664062,28.575763702392578,-25.714553833007812,21.55644416809082,1.0020840167999268,13.953124046325684,-20.331140518188477,13.775693893432617,16.50278663635254,9.481889724731445,-18.36214256286621,11.696742057800293,-0.6310058832168579,14.032668113708496,-6.239935874938965,11.473575592041016,2.0407512187957764,14.418951988220215,-4.155937671661377,17.309797286987305,5.9687886238098145,18.518280029296875,-11.598472595214844,15.938570976257324,7.0,8000,hlad
hungry,..\dataset\hungry\B327333E-2DE2-4833-A75A-4C576208BED3-1430087429-1.0-f-48-hu.wav,B327333E-2DE2-4833-A75A-4C576208BED3-1430087429-1.0-f-48-hu.wav,.wav,1430087429,1.0,f,dívka,48,4–8 týdnů,hu,-265.29736328125,91.76049041748047,50.214996337890625,30.099529266357422,-20.866243362426758,17.862581253051758,3.8302419185638428,14.742313385009766,-9.63578987121582,12.01171588897705,-1.9070675373077393,13.531659126281738,-19.611034393310547,6.857858180999756,-11.898367881774902,5.730123043060303,-19.3531494140625,10.788524627685547,-10.65641975402832,7.028914451599121,-14.394750595092773,6.801811695098877,-5.015505313873291,7.402433395385742,-14.77719497680664,7.881960391998291,7.0,8000,hlad
hungry,..\dataset\hungry\B327333E-2DE2-4833-A75A-4C576208BED3-1430087443-1.0-f-48-hu.wav,B327333E-2DE2-4833-A75A-4C576208BED3-1430087443-1.0-f-48-hu.wav,.wav,1430087443,1.0,f,dívka,48,4–8 týdnů,hu,-282.5005187988281,20.874370574951172,52.93839645385742,9.545628547668457,-12.577804565429688,5.339563369750977,5.413809299468994,4.2316083908081055,-22.256895065307617,7.01621150970459,-11.728545188903809,3.3924078941345215,-20.26495933532715,4.02621603012085,-16.758630752563477,3.406142234802246,-22.91498374938965,2.8009705543518066,-15.006509780883789,2.5458598136901855,-15.695477485656738,2.900749921798706,-5.009904861450195,3.5058889389038086,-12.649283409118652,4.590188980102539,7.0,8000,hlad
hungry,..\dataset\hungry\B327333E-2DE2-4833-A75A-4C576208BED3-1430087456-1.0-f-48-hu.wav,B327333E-2DE2-4833-A75A-4C576208BED3-1430087456-1.0-f-48-hu.wav,.wav,1430087456,1.0,f,dívka,48,4–8 týdnů,hu,-209.61441040039062,87.95111083984375,25.356704711914062,31.05419158935547,-20.68067741394043,16.194677352905273,-5.439001560211182,12.010124206542969,-5.011285781860352,17.554643630981445,-6.024841785430908,8.055525779724121,-19.207725524902344,8.41098690032959,-9.62759780883789,12.851393699645996,-15.135396957397461,7.955458641052246,-7.325965881347656,10.328154563903809,-11.378924369812012,14.962013244628906,-0.8833075165748596,11.922075271606445,-6.96470832824707,17.208301544189453,7.0,8000,hlad
hungry,..\dataset\hungry\B400D2D0-9FCE-472E-A152-1FF349B9B407-1436845915-1.1-m-04-hu.wav,B400D2D0-9FCE-472E-A152-1FF349B9B407-1436845915-1.1-m-04-hu.wav,.wav,1436845915,1.1,m,chlapec,04,0–4 týdny,hu,-328.38311767578125,60.39403533935547,43.968509674072266,23.98392677307129,-10.466748237609863,13.90355396270752,-2.3992717266082764,12.951591491699219,-23.965023040771484,10.941316604614258,-10.9623384475708,7.502847194671631,-15.166152954101562,9.912001609802246,-15.022809028625488,7.233327388763428,-16.45466423034668,9.029253959655762,-10.652146339416504,8.011857032775879,-13.667722702026367,7.383747100830078,-8.964940071105957,8.043275833129883,-11.816896438598633,4.842262268066406,7.0,8000,hlad
hungry,..\dataset\hungry\B456CE9D-CBD4-43E5-899B-8B8B0483F17D-1431015486-1.0-m-72-hu.wav,B456CE9D-CBD4-43E5-899B-8B8B0483F17D-1431015486-1.0-m-72-hu.wav,.wav,1431015486,1.0,m,chlapec,72,7 měsíců–2 roky,hu,-299.5039978027344,89.06082153320312,28.54106903076172,25.738914489746094,-62.454654693603516,46.05170822143555,-8.753819465637207,12.510527610778809,-20.249923706054688,21.431396484375,-6.704104423522949,12.874931335449219,-8.935629844665527,16.596988677978516,-11.336071014404297,13.024365425109863,-10.790090560913086,12.680352210998535,-8.133379936218262,12.646601676940918,-4.168166160583496,16.683326721191406,10.19795036315918,21.3125,-2.059654474258423,20.147106170654297,7.0,8000,hlad
hungry,..\dataset\hungry\b4c460d8-bd6b-4017-9bb8-2ae4ff0c5af1-1432751065608-1.7-f-26-hu.wav,b4c460d8-bd6b-4017-9bb8-2ae4ff0c5af1-1432751065608-1.7-f-26-hu.wav,.wav,1432751065608,1.7,f,dívka,26,2–6 měsíců,hu,-27.34709358215332,74.83341979980469,4.041765213012695,53.1817626953125,-60.010948181152344,26.856441497802734,-38.59539031982422,32.09867477416992,-22.23172378540039,25.0003719329834,-0.685102105140686,19.129955291748047,-10.393598556518555,15.510025024414062,-0.7215145230293274,16.44209098815918,-15.941021919250488,16.9212646484375,2.5748400688171387,15.668622970581055,-9.69631576538086,14.942070007324219,6.094295978546143,18.946971893310547,-1.888424277305603,18.052528381347656,6.92,8000,hlad
hungry,..\dataset\hungry\b5044f9a-6f2e-44fc-8e04-9076a988acf2-1435544527174-1.7-m-04-hu.wav,b5044f9a-6f2e-44fc-8e04-9076a988acf2-1435544527174-1.7-m-04-hu.wav,.wav,1435544527174,1.7,m,chlapec,04,0–4 týdny,hu,-386.3104248046875,138.375244140625,104.46641540527344,39.935760498046875,26.478242874145508,26.11167335510254,-7.218121528625488,22.29255485534668,4.565859794616699,13.753340721130371,2.6881322860717773,11.50214958190918,-4.6407999992370605,11.171935081481934,-1.1327238082885742,7.984816074371338,-5.949590682983398,7.538462162017822,-0.6177254915237427,6.827018737792969,-9.140339851379395,5.879937648773193,-0.3150710463523865,6.702725410461426,-8.828166007995605,6.91335391998291,6.9,8000,hlad
hungry,..\dataset\hungry\b8fe4527-5e46-437f-897d-be32112bc1c8-1430166086647-1.7-f-48-hu.wav,b8fe4527-5e46-437f-897d-be32112bc1c8-1430166086647-1.7-f-48-hu.wav,.wav,1430166086647,1.7,f,dívka,48,4–8 týdnů,hu,-423.01605224609375,111.1468734741211,54.31805419921875,42.24740982055664,11.352718353271484,14.840624809265137,-11.222250938415527,15.124706268310547,-30.26244354248047,25.939762115478516,0.24076594412326813,7.425503253936768,-16.096813201904297,13.570241928100586,-11.194470405578613,9.829462051391602,-11.203546524047852,9.408535957336426,-10.013570785522461,9.98640251159668,0.048597902059555054,14.008971214294434,5.169736862182617,16.721160888671875,5.31961727142334,14.168737411499023,6.74,8000,hlad
hungry,..\dataset\hungry\b9d0daab-43c8-41f1-86af-3bcdea9af63c-1429979961789-1.7-f-22-hu.wav,b9d0daab-43c8-41f1-86af-3bcdea9af63c-1429979961789-1.7-f-22-hu.wav,.wav,1429979961789,1.7,f,dívka,22,více než 2 roky,hu,-281.1119079589844,95.03498077392578,59.96940994262695,40.98573303222656,-25.085590362548828,42.21760559082031,-15.848512649536133,45.026180267333984,-27.971923828125,32.74165344238281,-11.227230072021484,17.345661163330078,9.009635925292969,18.267187118530273,6.672030925750732,21.025175094604492,-0.37339019775390625,18.68051528930664,-6.327063083648682,17.794628143310547,-29.527673721313477,11.75365924835205,-7.7087883949279785,8.33778190612793,-10.478683471679688,9.619808197021484,6.78,8000,hlad
hungry,..\dataset\hungry\bb2bdafb-0477-4be4-8c41-1a6192e8c6d4-1430637640279-1.7-m-72-hu.wav,bb2bdafb-0477-4be4-8c41-1a6192e8c6d4-1430637640279-1.7-m-72-hu.wav,.wav,1430637640279,1.7,m,chlapec,72,7 měsíců–2 roky,hu,-138.37893676757812,109.05618286132812,45.25920867919922,30.369882583618164,-68.793701171875,36.83483123779297,-4.922440052032471,21.280887603759766,-19.209688186645508,12.463183403015137,-7.631563663482666,12.292037010192871,-7.134746074676514,12.204744338989258,-16.87368392944336,11.310347557067871,-12.570137977600098,11.167713165283203,-9.737878799438477,8.374667167663574,-15.3662748336792,8.38410758972168,-5.800324440002441,7.422149181365967,-9.228013038635254,8.514132499694824,6.66,8000,hlad
hungry,..\dataset\hungry\bb2bdafb-0477-4be4-8c41-1a6192e8c6d4-1430637663087-1.7-m-72-hu.wav,bb2bdafb-0477-4be4-8c41-1a6192e8c6d4-1430637663087-1.7-m-72-hu.wav,.wav,1430637663087,1.7,m,chlapec,72,7 měsíců–2 roky,hu,-177.99343872070312,112.0050277709961,44.74528121948242,21.01078224182129,-12.028000831604004,18.76218605041504,-9.32796859741211,22.396095275878906,-30.113269805908203,19.143613815307617,-29.89539337158203,17.72003936767578,-6.383120536804199,15.024880409240723,-14.258569717407227,11.378665924072266,-12.30049991607666,9.791722297668457,-3.6430177688598633,8.711318016052246,-10.78337287902832,12.849640846252441,-6.0886383056640625,9.17551326751709,-4.813110828399658,9.970084190368652,6.66,8000,hlad
hungry,..\dataset\hungry\bb2bdafb-0477-4be4-8c41-1a6192e8c6d4-1430637736064-1.7-m-72-hu.wav,bb2bdafb-0477-4be4-8c41-1a6192e8c6d4-1430637736064-1.7-m-72-hu.wav,.wav,1430637736064,1.7,m,chlapec,72,7 měsíců–2 roky,hu,-156.0142822265625,121.0790786743164,16.552248001098633,21.274124145507812,-37.403804779052734,29.938146591186523,-9.167057037353516,20.19032096862793,-23.895639419555664,15.938819885253906,-8.902288436889648,19.0665340423584,-10.053698539733887,9.923316955566406,-6.911862850189209,14.67306900024414,-11.585029602050781,12.643074989318848,-4.962829113006592,11.013627052307129,-11.383337020874023,12.405318260192871,-7.303675651550293,8.113512992858887,-2.5998988151550293,16.18081283569336,6.66,8000,hlad
hungry,..\dataset\hungry\be21ef2a-a415-4e8b-bfe6-731bf9956e2c-1431320909516-1.7-f-26-hu.wav,be21ef2a-a415-4e8b-bfe6-731bf9956e2c-1431320909516-1.7-f-26-hu.wav,.wav,1431320909516,1.7,f,dívka,26,2–6 měsíců,hu,-215.46543884277344,152.9725799560547,7.670381546020508,42.327491760253906,-46.50377655029297,39.31385040283203,-2.5016067028045654,15.274958610534668,-28.098115921020508,20.31137466430664,14.3414306640625,14.190733909606934,-19.01131820678711,10.704812049865723,-10.545592308044434,10.061244010925293,-11.641647338867188,8.792280197143555,-10.717041015625,9.830476760864258,6.957639694213867,16.5873966217041,5.386940956115723,20.51709747314453,-6.292335033416748,15.38477897644043,6.96,8000,hlad
hungry,..\dataset\hungry\bfbc4d23-39b2-4b33-b686-2f048f062b60-1430077722675-1.7-f-72-hu.wav,bfbc4d23-39b2-4b33-b686-2f048f062b60-1430077722675-1.7-f-72-hu.wav,.wav,1430077722675,1.7,f,dívka,72,7 měsíců–2 roky,hu,-247.75331115722656,95.25093078613281,51.91313171386719,18.959598541259766,0.3751130700111389,30.370830535888672,-3.3768911361694336,17.294416427612305,-21.261119842529297,17.624887466430664,-0.7147103548049927,11.780570983886719,-10.106521606445312,11.24184513092041,-6.6135334968566895,9.06576156616211,-17.15530776977539,9.447693824768066,-3.1413002014160156,17.036558151245117,-14.052694320678711,13.957291603088379,-7.05601692199707,12.478161811828613,-13.248448371887207,12.20345401763916,6.78,8000,hlad
hungry,..\dataset\hungry\c10e2b0f-0cb8-4485-b82f-d453edf97db7-1430738986076-1.7-f-26-hu.wav,c10e2b0f-0cb8-4485-b82f-d453edf97db7-1430738986076-1.7-f-26-hu.wav,.wav,1430738986076,1.7,f,dívka,26,2–6 měsíců,hu,-493.8896484375,153.3795623779297,55.584651947021484,33.692935943603516,-32.77757263183594,45.21196746826172,16.802852630615234,22.293136596679688,-22.891645431518555,15.512611389160156,-9.799562454223633,11.839146614074707,-16.1405029296875,12.206212043762207,-13.428068161010742,8.25003433227539,-13.411582946777344,10.522848129272461,-7.706179618835449,9.352717399597168,-4.4908318519592285,10.279683113098145,-6.410601615905762,11.389339447021484,-7.981135845184326,10.439764022827148,6.88,8000,hlad
hungry,..\dataset\hungry\c10e2b0f-0cb8-4485-b82f-d453edf97db7-1430739158854-1.7-f-26-hu.wav,c10e2b0f-0cb8-4485-b82f-d453edf97db7-1430739158854-1.7-f-26-hu.wav,.wav,1430739158854,1.7,f,dívka,26,2–6 měsíců,hu,-660.576171875,77.70390319824219,67.71463775634766,32.711063385009766,25.580801010131836,27.05518913269043,11.608268737792969,14.33509349822998,1.5515141487121582,13.690489768981934,2.294332265853882,7.561744689941406,-1.4453096389770508,5.5720977783203125,-4.344623565673828,8.203326225280762,-2.4969863891601562,6.047924995422363,-5.344858169555664,6.479282855987549,-3.7739639282226562,5.822987079620361,-3.498945951461792,7.95226526260376,-8.13971996307373,6.853437423706055,6.86,8000,hlad
hungry,..\dataset\hungry\c10e2b0f-0cb8-4485-b82f-d453edf97db7-1430739179429-1.7-f-26-hu.wav,c10e2b0f-0cb8-4485-b82f-d453edf97db7-1430739179429-1.7-f-26-hu.wav,.wav,1430739179429,1.7,f,dívka,26,2–6 měsíců,hu,-209.42327880859375,179.78021240234375,-18.73793601989746,26.488243103027344,-5.1198272705078125,22.043441772460938,-10.558530807495117,19.463542938232422,-50.26244354248047,21.249675750732422,31.82040023803711,20.037837982177734,-33.54751205444336,15.864997863769531,-0.40124988555908203,8.207428932189941,-17.776721954345703,10.623382568359375,-2.031970739364624,8.325909614562988,-0.6362338066101074,11.8604097366333,14.026655197143555,12.15298080444336,-0.6878176927566528,13.003640174865723,6.88,8000,hlad
hungry,..\dataset\hungry\C249BCDD-0F65-4D6A-82BE-43C4006E3DDB-1436891733-1.1-m-72-hu.wav,C249BCDD-0F65-4D6A-82BE-43C4006E3DDB-1436891733-1.1-m-72-hu.wav,.wav,1436891733,1.1,m,chlapec,72,7 měsíců–2 roky,hu,-229.2122039794922,90.95760345458984,25.028528213500977,24.65019416809082,-7.258432865142822,11.502054214477539,-4.5604963302612305,12.171886444091797,-28.815914154052734,13.648929595947266,-14.393147468566895,13.676229476928711,-9.932815551757812,11.34469985961914,-14.36337661743164,9.282181739807129,-13.991255760192871,10.703861236572266,-10.788674354553223,9.76417064666748,-16.215469360351562,15.846630096435547,-5.128466606140137,14.50738525390625,-12.316279411315918,9.886473655700684,7.0,8000,hlad
hungry,..\dataset\hungry\C249BCDD-0F65-4D6A-82BE-43C4006E3DDB-1436891742-1.1-m-72-hu.wav,C249BCDD-0F65-4D6A-82BE-43C4006E3DDB-1436891742-1.1-m-72-hu.wav,.wav,1436891742,1.1,m,chlapec,72,7 měsíců–2 roky,hu,-244.9724578857422,128.91842651367188,18.153343200683594,38.04956817626953,-19.274938583374023,18.202234268188477,-5.139063835144043,15.093328475952148,-39.12902069091797,16.08169174194336,-12.32153034210205,24.46268653869629,-16.32050132751465,7.555543422698975,-7.584044456481934,8.098484992980957,-4.437942981719971,10.07100772857666,-10.015165328979492,10.9326753616333,-14.67582893371582,13.870121955871582,5.243018627166748,17.813350677490234,-5.943258762359619,17.98859977722168,7.0,8000,hlad
hungry,..\dataset\hungry\C421C6FE-DFEE-4080-8AEA-848E7CE4756B-1430548250-1.0-f-48-hu.wav,C421C6FE-DFEE-4080-8AEA-848E7CE4756B-1430548250-1.0-f-48-hu.wav,.wav,1430548250,1.0,f,dívka,48,4–8 týdnů,hu,-163.8647918701172,92.34632873535156,30.716514587402344,25.063640594482422,-35.62311935424805,22.251928329467773,-19.85706901550293,16.968883514404297,-22.454776763916016,15.286569595336914,-14.727855682373047,13.79442024230957,-20.74880599975586,10.353740692138672,-13.005495071411133,13.28270435333252,-15.484729766845703,13.847732543945312,-9.26142692565918,12.44826602935791,-11.29388427734375,13.38338565826416,-0.5004043579101562,18.493694305419922,1.1853095293045044,15.927545547485352,7.0,8000,hlad
hungry,..\dataset\hungry\C421C6FE-DFEE-4080-8AEA-848E7CE4756B-1430548277-1.0-f-26-hu.wav,C421C6FE-DFEE-4080-8AEA-848E7CE4756B-1430548277-1.0-f-26-hu.wav,.wav,1430548277,1.0,f,dívka,26,2–6 měsíců,hu,-228.57379150390625,117.71752166748047,33.652976989746094,39.92506408691406,-23.395566940307617,20.773099899291992,-17.267898559570312,22.25432014465332,-27.039201736450195,13.441609382629395,-12.761642456054688,14.203306198120117,-19.495594024658203,15.533889770507812,-15.906662940979004,11.695080757141113,-24.952600479125977,11.668691635131836,-10.080146789550781,10.377507209777832,-17.379852294921875,12.333883285522461,-0.6447125673294067,17.609397888183594,0.505135178565979,15.956284523010254,7.0,8000,hlad
hungry,..\dataset\hungry\c42e76b9-a4c1-48f6-a91d-27ab83015874-1430737177322-1.7-f-72-hu.wav,c42e76b9-a4c1-48f6-a91d-27ab83015874-1430737177322-1.7-f-72-hu.wav,.wav,1430737177322,1.7,f,dívka,72,7 měsíců–2 roky,hu,-315.1007080078125,155.69000244140625,-5.3701300621032715,34.164588928222656,-28.682430267333984,33.779396057128906,-13.967789649963379,22.193492889404297,-15.59874153137207,18.56495475769043,-10.436013221740723,11.839112281799316,-0.6695271730422974,19.64232063293457,4.902806758880615,16.2880916595459,-0.2520313858985901,11.329687118530273,4.459173202514648,20.801843643188477,-7.4248528480529785,9.142719268798828,-7.238537788391113,12.377327919006348,-4.6588850021362305,11.458762168884277,6.64,8000,hlad
hungry,..\dataset\hungry\c6fd9d60-0fa7-44c0-b3ce-0192527d7b81-1429978271017-1.7-m-04-hu.wav,c6fd9d60-0fa7-44c0-b3ce-0192527d7b81-1429978271017-1.7-m-04-hu.wav,.wav,1429978271017,1.7,m,chlapec,04,0–4 týdny,hu,-219.8201446533203,134.75582885742188,51.179718017578125,31.237125396728516,-18.216567993164062,28.719797134399414,-6.87693452835083,10.984169960021973,-22.836111068725586,13.991194725036621,-17.85779571533203,12.527999877929688,-14.003162384033203,16.353382110595703,-11.518879890441895,10.05045223236084,-13.731244087219238,8.397507667541504,-5.241358280181885,8.740606307983398,-4.806222438812256,12.214986801147461,-1.499503493309021,13.339031219482422,-6.6530890464782715,13.327486038208008,6.78,8000,hlad
hungry,..\dataset\hungry\c6fd9d60-0fa7-44c0-b3ce-0192527d7b81-1430038968282-1.7-m-04-hu.wav,c6fd9d60-0fa7-44c0-b3ce-0192527d7b81-1430038968282-1.7-m-04-hu.wav,.wav,1430038968282,1.7,m,chlapec,04,0–4 týdny,hu,-206.44374084472656,147.5493927001953,13.188116073608398,49.29248809814453,-46.246829986572266,25.106002807617188,-4.684093952178955,15.51575756072998,-32.70490646362305,16.01686668395996,6.3161444664001465,19.322813034057617,-26.349342346191406,14.832335472106934,-7.452755451202393,13.703953742980957,-13.392154693603516,10.942337036132812,-11.398691177368164,7.349227428436279,-1.3092753887176514,10.950250625610352,9.537187576293945,12.572322845458984,5.775804042816162,19.855548858642578,6.78,8000,hlad
hungry,..\dataset\hungry\c6fd9d60-0fa7-44c0-b3ce-0192527d7b81-1430066825817-1.7-m-72-hu.wav,c6fd9d60-0fa7-44c0-b3ce-0192527d7b81-1430066825817-1.7-m-72-hu.wav,.wav,1430066825817,1.7,m,chlapec,72,7 měsíců–2 roky,hu,-319.58575439453125,157.4237823486328,44.05014419555664,33.18527603149414,1.3727527856826782,28.482255935668945,1.705762267112732,21.110332489013672,-38.18749237060547,26.116230010986328,-5.93235969543457,8.931200981140137,-15.904302597045898,12.113388061523438,-12.650879859924316,11.305774688720703,-12.723752975463867,11.408223152160645,-9.539225578308105,12.572131156921387,-5.654832363128662,12.632516860961914,-5.115209102630615,11.4053373336792,-4.329452991485596,12.005215644836426,6.78,8000,hlad
hungry,..\dataset\hungry\c6fd9d60-0fa7-44c0-b3ce-0192527d7b81-1430068155237-1.7-m-72-hu.wav,c6fd9d60-0fa7-44c0-b3ce-0192527d7b81-1430068155237-1.7-m-72-hu.wav,.wav,1430068155237,1.7,m,chlapec,72,7 měsíců–2 roky,hu,-250.9883575439453,144.45140075683594,18.827394485473633,34.33137512207031,-42.000003814697266,21.53028678894043,-9.648727416992188,17.29305648803711,-22.403573989868164,16.713083267211914,-5.741213798522949,16.68137550354004,-19.9376220703125,10.918814659118652,-5.0801777839660645,10.473093032836914,-14.867238998413086,7.985659599304199,-3.811979293823242,8.043790817260742,-2.3538076877593994,10.613375663757324,-0.0744636207818985,10.370838165283203,1.525916576385498,12.069903373718262,6.78,8000,hlad
hungry,..\dataset\hungry\c6fd9d60-0fa7-44c0-b3ce-0192527d7b81-1430068167526-1.7-m-72-hu.wav,c6fd9d60-0fa7-44c0-b3ce-0192527d7b81-1430068167526-1.7-m-72-hu.wav,.wav,1430068167526,1.7,m,chlapec,72,7 měsíců–2 roky,hu,-208.59642028808594,167.64109802246094,24.60893440246582,36.927555084228516,-27.511611938476562,21.401269912719727,-14.19991683959961,28.639249801635742,-40.7596321105957,22.310964584350586,-13.52483081817627,10.975261688232422,-10.342211723327637,17.789608001708984,-4.410855770111084,8.632920265197754,-12.109426498413086,11.259073257446289,-6.980374336242676,6.840865612030029,-3.808112144470215,9.902803421020508,-0.8831148147583008,11.377815246582031,5.7082600593566895,15.083150863647461,6.78,8000,hlad
hungry,..\dataset\hungry\c7fef089-4a65-4b75-bfd4-bae0e3518adf-1430754388848-1.7-m-04-hu.wav,c7fef089-4a65-4b75-bfd4-bae0e3518adf-1430754388848-1.7-m-04-hu.wav,.wav,1430754388848,1.7,m,chlapec,04,0–4 týdny,hu,-219.7159881591797,148.4010467529297,27.02072525024414,33.60988235473633,-22.638139724731445,29.81026840209961,-4.45090389251709,28.894214630126953,-26.923202514648438,24.880647659301758,-10.361595153808594,16.92361831665039,-2.5531444549560547,13.790146827697754,-11.917593002319336,10.636914253234863,-12.987611770629883,9.150768280029297,-1.59200119972229,8.403526306152344,-13.622786521911621,13.817412376403809,13.510564804077148,17.257278442382812,1.7267431020736694,14.837703704833984,6.72,8000,hlad
hungry,..\dataset\hungry\ca7d8d54-13cb-4060-8db4-90651b60c078-1434674769219-1.7-f-26-hu.wav,ca7d8d54-13cb-4060-8db4-90651b60c078-1434674769219-1.7-f-26-hu.wav,.wav,1434674769219,1.7,f,dívka,26,2–6 měsíců,hu,-307.00732421875,142.57948303222656,26.992549896240234,22.466215133666992,-25.893259048461914,26.84493064880371,-14.769230842590332,22.033727645874023,-33.44092559814453,30.632890701293945,8.037575721740723,15.303495407104492,-16.27065086364746,14.647603988647461,-11.908387184143066,10.593701362609863,-1.5856910943984985,16.687345504760742,14.81830883026123,17.647268295288086,6.456210613250732,14.97237777709961,0.1381535679101944,12.127870559692383,-19.92100715637207,14.055843353271484,6.78,8000,hlad
hungry,..\dataset\hungry\CC8771B1-C84E-4223-A010-029A7629A975-1434107299-1.1-f-04-hu.wav,CC8771B1-C84E-4223-A010-029A7629A975-1434107299-1.1-f-04-hu.wav,.wav,1434107299,1.1,f,dívka,04,0–4 týdny,hu,-285.9937744140625,91.54834747314453,15.500306129455566,22.61199188232422,-35.233062744140625,19.892913818359375,-10.219305038452148,16.375951766967773,-26.940505981445312,15.270500183105469,-13.004414558410645,11.246553421020508,-5.276809215545654,8.517524719238281,-11.308116912841797,8.320206642150879,-14.3722562789917,12.672405242919922,-12.229582786560059,9.27461051940918,-16.294580459594727,11.049583435058594,-1.7967274188995361,17.044538497924805,1.9537289142608643,16.98855209350586,7.0,8000,hlad
hungry,..\dataset\hungry\cda99fcf-d010-47b4-8987-f54be313ddbd-1429973787766-1.7-f-26-hu.wav,cda99fcf-d010-47b4-8987-f54be313ddbd-1429973787766-1.7-f-26-hu.wav,.wav,1429973787766,1.7,f,dívka,26,2–6 měsíců,hu,-268.2575988769531,63.21103286743164,68.00895690917969,31.38518714904785,-69.35782623291016,37.49808120727539,-10.732467651367188,20.017314910888672,-3.185685634613037,12.702467918395996,1.8521339893341064,11.511650085449219,-9.090028762817383,12.097999572753906,-16.965187072753906,10.1948881149292,-13.802507400512695,9.527802467346191,0.7852782011032104,7.955181121826172,-18.622196197509766,7.629926681518555,-7.950212001800537,8.128124237060547,-6.388154029846191,16.58452033996582,6.94,8000,hlad
hungry,..\dataset\hungry\cde108d0-62c3-47f8-82c4-233c9fba5cdd-1436884406827-1.7-m-48-hu.wav,cde108d0-62c3-47f8-82c4-233c9fba5cdd-1436884406827-1.7-m-48-hu.wav,.wav,1436884406827,1.7,m,chlapec,48,4–8 týdnů,hu,-124.17789459228516,71.4216079711914,15.971961975097656,21.48105812072754,-9.418770790100098,33.73051834106445,19.771350860595703,14.41992473602295,-32.7459716796875,10.073330879211426,5.732308387756348,11.599702835083008,-34.56737518310547,9.751609802246094,-9.896522521972656,9.925355911254883,-17.12407112121582,8.119568824768066,-9.442436218261719,8.04760456085205,-13.93659782409668,9.273213386535645,-3.070622205734253,8.39261245727539,-6.226115703582764,10.972975730895996,6.92,8000,hlad
hungry,..\dataset\hungry\cde108d0-62c3-47f8-82c4-233c9fba5cdd-1436884444242-1.7-m-48-hu.wav,cde108d0-62c3-47f8-82c4-233c9fba5cdd-1436884444242-1.7-m-48-hu.wav,.wav,1436884444242,1.7,m,chlapec,48,4–8 týdnů,hu,-71.66620635986328,77.99868774414062,-21.56355857849121,37.683998107910156,-22.29519271850586,18.794641494750977,-6.566771507263184,18.10009002685547,-32.71335220336914,13.461265563964844,14.995368003845215,15.215624809265137,-34.420814514160156,13.468179702758789,3.101609945297241,10.954120635986328,-18.38072395324707,7.736734390258789,-3.117870807647705,6.516660690307617,-15.92780876159668,8.281757354736328,-2.373521566390991,15.550820350646973,5.2043070793151855,15.164481163024902,6.86,8000,hlad
hungry,..\dataset\hungry\cecd525b-18fd-49e3-b2b9-dfb08b93ad95-1430109958636-1.7-m-26-hu.wav,cecd525b-18fd-49e3-b2b9-dfb08b93ad95-1430109958636-1.7-m-26-hu.wav,.wav,1430109958636,1.7,m,chlapec,26,2–6 měsíců,hu,-250.94065856933594,100.98602294921875,59.05691909790039,21.35650062561035,0.7629948854446411,16.675762176513672,2.377462387084961,18.330230712890625,-16.49400520324707,15.335660934448242,16.71221160888672,9.107183456420898,-15.688108444213867,9.784188270568848,4.207552909851074,9.883040428161621,-8.888153076171875,7.02555513381958,-3.8930795192718506,6.901068687438965,-11.780871391296387,6.713883399963379,-16.500925064086914,7.875794410705566,-14.392120361328125,7.993458271026611,6.94,8000,hlad
hungry,..\dataset\hungry\D18A30C6-4370-4BE0-83F8-031892F96603-1432989796-1.1-f-04-hu.wav,D18A30C6-4370-4BE0-83F8-031892F96603-1432989796-1.1-f-04-hu.wav,.wav,1432989796,1.1,f,dívka,04,0–4 týdny,hu,-204.7881317138672,109.6656265258789,18.380876541137695,26.21573257446289,-39.37804412841797,22.458484649658203,-16.229469299316406,20.479909896850586,-1.8419101238250732,18.80252456665039,-7.5524163246154785,13.500832557678223,-26.850217819213867,11.618512153625488,-4.7277727127075195,16.28340721130371,-17.51506996154785,12.016129493713379,-4.710493564605713,9.82446575164795,-7.484545707702637,15.566158294677734,1.2927623987197876,19.01492691040039,-5.109396457672119,18.368419647216797,7.0,8000,hlad
hungry,..\dataset\hungry\D1CB71F9-EF76-49B3-A703-41D557444D21-1436863366-1.1-m-04-hu.wav,D1CB71F9-EF76-49B3-A703-41D557444D21-1436863366-1.1-m-04-hu.wav,.wav,1436863366,1.1,m,chlapec,04,0–4 týdny,hu,-321.0891418457031,74.69658660888672,67.16081237792969,26.851139068603516,-6.001753807067871,12.186274528503418,-10.214604377746582,20.80877113342285,-13.624334335327148,7.5858306884765625,0.2187192589044571,9.772562980651855,-15.948419570922852,7.348299503326416,-22.617258071899414,7.779125213623047,-29.191993713378906,5.661933422088623,-16.3543758392334,5.809682846069336,-18.21162986755371,10.197979927062988,-2.9412310123443604,15.976912498474121,-4.083515167236328,14.52988052368164,7.0,8000,hlad
hungry,..\dataset\hungry\D1CB71F9-EF76-49B3-A703-41D557444D21-1436863375-1.1-m-04-hu.wav,D1CB71F9-EF76-49B3-A703-41D557444D21-1436863375-1.1-m-04-hu.wav,.wav,1436863375,1.1,m,chlapec,04,0–4 týdny,hu,-159.15260314941406,83.11188507080078,-20.654876708984375,40.58811569213867,-19.521459579467773,18.2609806060791,6.488260269165039,22.4089298248291,-0.7641790509223938,12.044154167175293,-4.377949237823486,13.767653465270996,-6.987615585327148,15.142901420593262,-6.299191474914551,11.895877838134766,-24.2928524017334,8.878514289855957,-2.8761565685272217,13.065488815307617,-11.716547012329102,13.353697776794434,7.751226902008057,19.26736068725586,3.518266201019287,17.843978881835938,7.0,8000,hlad
hungry,..\dataset\hungry\d1e236a0-e030-4137-9030-5625026cd098-1430477951092-1.2-m-04-hu.wav,d1e236a0-e030-4137-9030-5625026cd098-1430477951092-1.2-m-04-hu.wav,.wav,1430477951092,1.2,m,chlapec,04,0–4 týdny,hu,-242.82215881347656,95.72116088867188,73.02489471435547,34.62784194946289,-68.85608673095703,30.303529739379883,-51.298583984375,23.395673751831055,-19.367908477783203,13.47546100616455,6.554940223693848,11.312533378601074,-26.777462005615234,9.898804664611816,-4.083861827850342,10.600163459777832,-13.423246383666992,12.196564674377441,-5.615942478179932,10.263531684875488,-8.750652313232422,17.376541137695312,20.562820434570312,24.955915451049805,17.490562438964844,19.943180084228516,6.9,8000,hlad
hungry,..\dataset\hungry\d1e236a0-e030-4137-9030-5625026cd098-1430477960643-1.2-m-04-hu.wav,d1e236a0-e030-4137-9030-5625026cd098-1430477960643-1.2-m-04-hu.wav,.wav,1430477960643,1.2,m,chlapec,04,0–4 týdny,hu,-143.0911102294922,117.48519897460938,61.09588623046875,34.300994873046875,-87.34529113769531,27.453765869140625,-58.16294860839844,23.320634841918945,-15.07705020904541,10.188697814941406,12.799078941345215,13.800995826721191,-35.33516311645508,14.210249900817871,7.706316947937012,12.144356727600098,-14.226304054260254,15.08716869354248,3.3435003757476807,13.541197776794434,5.653374195098877,16.711252212524414,15.03188705444336,20.402929306030273,0.42767372727394104,19.839046478271484,6.92,8000,hlad
hungry,..\dataset\hungry\D54D9C2A-56ED-4338-9D1F-2ADB4E081DAD-1429807587-1.0-m-48-hu.wav,D54D9C2A-56ED-4338-9D1F-2ADB4E081DAD-1429807587-1.0-m-48-hu.wav,.wav,1429807587,1.0,m,chlapec,48,4–8 týdnů,hu,-258.58587646484375,130.59779357910156,5.904295921325684,39.78047180175781,-30.721187591552734,30.569740295410156,-7.7824482917785645,16.956111907958984,-21.248079299926758,20.85277557373047,-4.492993354797363,17.256303787231445,-23.522966384887695,19.76816177368164,-17.159456253051758,15.62525463104248,-5.271613597869873,16.124271392822266,3.463014841079712,17.314510345458984,-2.296252489089966,18.636314392089844,-7.696865081787109,13.968478202819824,-4.00291109085083,13.457669258117676,7.0,8000,hlad
hungry,..\dataset\hungry\D54D9C2A-56ED-4338-9D1F-2ADB4E081DAD-1429807598-1.0-m-48-hu.wav,D54D9C2A-56ED-4338-9D1F-2ADB4E081DAD-1429807598-1.0-m-48-hu.wav,.wav,1429807598,1.0,m,chlapec,48,4–8 týdnů,hu,-341.5676574707031,158.30296325683594,13.508373260498047,24.395862579345703,-26.249895095825195,22.451297760009766,-17.217201232910156,18.192218780517578,-17.602954864501953,27.7952880859375,2.537874460220337,13.015239715576172,-12.612890243530273,10.240506172180176,-8.382108688354492,10.289929389953613,-7.711557865142822,9.003901481628418,-4.881597995758057,9.70482063293457,1.7459770441055298,16.44265365600586,2.8738701343536377,18.7502384185791,-4.379034042358398,14.398772239685059,7.0,8000,hlad
hungry,..\dataset\hungry\D54D9C2A-56ED-4338-9D1F-2ADB4E081DAD-1430036283-1.0-m-48-hu.wav,D54D9C2A-56ED-4338-9D1F-2ADB4E081DAD-1430036283-1.0-m-48-hu.wav,.wav,1430036283,1.0,m,chlapec,48,4–8 týdnů,hu,-191.682373046875,144.04034423828125,-20.032438278198242,29.59539794921875,-63.07746887207031,24.68640899658203,3.7301435470581055,15.394108772277832,-36.641727447509766,18.914947509765625,16.500295639038086,14.950420379638672,5.433740615844727,13.456863403320312,-1.0163640975952148,8.311245918273926,-5.591125965118408,11.3261079788208,-6.846743583679199,10.673458099365234,-12.748404502868652,11.059163093566895,3.1891045570373535,16.38333511352539,-4.408259391784668,15.613238334655762,7.0,8000,hlad
hungry,..\dataset\hungry\D54D9C2A-56ED-4338-9D1F-2ADB4E081DAD-1430036301-1.0-m-48-hu.wav,D54D9C2A-56ED-4338-9D1F-2ADB4E081DAD-1430036301-1.0-m-48-hu.wav,.wav,1430036301,1.0,m,chlapec,48,4–8 týdnů,hu,-232.46438598632812,145.5609893798828,7.3954691886901855,30.385976791381836,-63.71868896484375,34.352413177490234,-2.5355401039123535,16.426944732666016,-31.924840927124023,13.959880828857422,9.510649681091309,14.280166625976562,-2.175872564315796,13.948068618774414,-5.080819606781006,8.752513885498047,-5.2164387702941895,13.795100212097168,-6.362551689147949,14.6004056930542,-10.744100570678711,14.622908592224121,-0.2018929421901703,15.46581745147705,-5.646485805511475,18.69587516784668,7.0,8000,hlad
hungry,..\dataset\hungry\d6cda191-4962-4308-9a36-46d5648a95ed-1428333797380-1.5-f-26-hu.wav,d6cda191-4962-4308-9a36-46d5648a95ed-1428333797380-1.5-f-26-hu.wav,.wav,1428333797380,1.5,f,dívka,26,2–6 měsíců,hu,-276.16839599609375,158.7877960205078,65.08892059326172,44.767478942871094,-10.763284683227539,49.70975875854492,5.55894660949707,19.54400062561035,-12.213553428649902,22.10195541381836,-5.250148773193359,22.397724151611328,-14.057665824890137,14.820839881896973,2.180570602416992,12.840383529663086,-9.561966896057129,13.135214805603027,-0.9914179444313049,7.3866448402404785,-2.5370254516601562,10.701187133789062,-3.212573766708374,6.769278049468994,-8.214546203613281,6.489489555358887,6.82,8000,hlad
hungry,..\dataset\hungry\d6cda191-4962-4308-9a36-46d5648a95ed-1430640304482-1.7-m-04-hu.wav,d6cda191-4962-4308-9a36-46d5648a95ed-1430640304482-1.7-m-04-hu.wav,.wav,1430640304482,1.7,m,chlapec,04,0–4 týdny,hu,-203.1147918701172,131.0797119140625,-26.18572998046875,23.133258819580078,-64.46844482421875,23.587581634521484,-17.87159538269043,18.731460571289062,-0.7545739412307739,14.610595703125,5.155052661895752,12.245919227600098,-23.384477615356445,11.318826675415039,-1.8348402976989746,14.261781692504883,-16.137039184570312,10.239871978759766,-1.0940277576446533,9.375510215759277,1.748571753501892,15.733685493469238,7.342780113220215,13.017648696899414,-5.939565658569336,15.155959129333496,6.84,8000,hlad
hungry,..\dataset\hungry\d6cda191-4962-4308-9a36-46d5648a95ed-1431882032820-1.7-m-04-hu.wav,d6cda191-4962-4308-9a36-46d5648a95ed-1431882032820-1.7-m-04-hu.wav,.wav,1431882032820,1.7,m,chlapec,04,0–4 týdny,hu,-89.92391967773438,114.43894958496094,-27.72759437561035,26.660310745239258,-67.93902587890625,22.872167587280273,2.2535886764526367,23.32798194885254,-21.353342056274414,18.194499969482422,8.55600357055664,15.463275909423828,-30.058244705200195,11.771082878112793,9.419132232666016,12.013007164001465,-14.370429992675781,14.04802131652832,-8.642587661743164,15.559168815612793,3.2211074829101562,9.078534126281738,4.308551788330078,11.12005615234375,-8.191269874572754,11.026994705200195,6.82,8000,hlad
hungry,..\dataset\hungry\d6cda191-4962-4308-9a36-46d5648a95ed-1431882043380-1.7-m-04-hu.wav,d6cda191-4962-4308-9a36-46d5648a95ed-1431882043380-1.7-m-04-hu.wav,.wav,1431882043380,1.7,m,chlapec,04,0–4 týdny,hu,-283.52154541015625,207.07847595214844,-44.180355072021484,33.03116989135742,-37.79989242553711,33.19145584106445,19.080583572387695,25.945772171020508,-27.244535446166992,17.541006088256836,11.017531394958496,11.55466079711914,-20.238529205322266,11.11030101776123,1.655613660812378,10.092398643493652,-9.941313743591309,10.821718215942383,-0.5866504907608032,11.475918769836426,-3.6587140560150146,8.753854751586914,3.6993296146392822,8.212794303894043,-12.147833824157715,8.900716781616211,6.84,8000,hlad
hungry,..\dataset\hungry\d79affbc-f7b4-4ef0-ae57-be5da4b827bf-1430761514476-1.7-m-72-hu.wav,d79affbc-f7b4-4ef0-ae57-be5da4b827bf-1430761514476-1.7-m-72-hu.wav,.wav,1430761514476,1.7,m,chlapec,72,7 měsíců–2 roky,hu,-370.8806457519531,100.17977142333984,59.49587631225586,26.929349899291992,-25.588525772094727,26.74380874633789,3.7680680751800537,23.328954696655273,-40.81839370727539,19.12033462524414,8.836791038513184,18.395780563354492,-18.415651321411133,12.467108726501465,0.5767183899879456,11.990113258361816,-16.25251579284668,14.512582778930664,-6.121209621429443,15.066330909729004,-11.03562068939209,9.99794864654541,-6.180219650268555,7.659520626068115,-13.011038780212402,11.210723876953125,6.9,8000,hlad
hungry,..\dataset\hungry\d79affbc-f7b4-4ef0-ae57-be5da4b827bf-1430761528998-1.7-m-72-hu.wav,d79affbc-f7b4-4ef0-ae57-be5da4b827bf-1430761528998-1.7-m-72-hu.wav,.wav,1430761528998,1.7,m,chlapec,72,7 měsíců–2 roky,hu,-361.625,98.01676177978516,60.647247314453125,25.5557918548584,-24.174890518188477,18.700923919677734,12.010290145874023,13.36032772064209,-30.574987411499023,15.959769248962402,3.132563591003418,8.324834823608398,-18.95888900756836,10.6084623336792,-6.769165992736816,11.141886711120605,-20.406503677368164,12.920592308044434,-3.8821816444396973,8.845697402954102,-8.184367179870605,7.50430965423584,-8.367445945739746,7.6562066078186035,-22.25333023071289,10.0765380859375,6.94,8000,hlad
hungry,..\dataset\hungry\D833237F-1F7C-4338-BEDE-84C0CF5F4145-1430083995-1.0-f-26-hu.wav,D833237F-1F7C-4338-BEDE-84C0CF5F4145-1430083995-1.0-f-26-hu.wav,.wav,1430083995,1.0,f,dívka,26,2–6 měsíců,hu,-236.4847869873047,58.39788055419922,60.38864517211914,28.254732131958008,-48.62498092651367,17.279054641723633,-32.243446350097656,18.095802307128906,-51.32449722290039,17.930953979492188,3.0903267860412598,18.581666946411133,-9.422607421875,13.488869667053223,-18.999406814575195,10.78260612487793,-14.449082374572754,17.353797912597656,-0.5803307890892029,14.105229377746582,-0.3642054498195648,14.712372779846191,-4.6500396728515625,15.751480102539062,-18.390356063842773,12.012210845947266,7.0,8000,hlad
hungry,..\dataset\hungry\D833237F-1F7C-4338-BEDE-84C0CF5F4145-1430084007-1.0-f-26-hu.wav,D833237F-1F7C-4338-BEDE-84C0CF5F4145-1430084007-1.0-f-26-hu.wav,.wav,1430084007,1.0,f,dívka,26,2–6 měsíců,hu,-275.4040832519531,86.78958129882812,73.12919616699219,21.73065757751465,-35.930442810058594,23.912931442260742,-37.353511810302734,20.302907943725586,-57.8348274230957,24.064659118652344,2.140941619873047,13.008179664611816,-7.084681987762451,11.613622665405273,-11.253196716308594,9.450681686401367,-21.122718811035156,11.050796508789062,-7.147526264190674,13.53653335571289,-6.125760078430176,16.963748931884766,-4.105076313018799,13.947484970092773,-10.25964641571045,16.760299682617188,7.0,8000,hlad
hungry,..\dataset\hungry\DB95BF4A-E3E5-4429-A660-DBBCF486E6DF-1430664611-1.0-f-72-hu.wav,DB95BF4A-E3E5-4429-A660-DBBCF486E6DF-1430664611-1.0-f-72-hu.wav,.wav,1430664611,1.0,f,dívka,72,7 měsíců–2 roky,hu,-342.0705261230469,60.70814514160156,23.788145065307617,33.171077728271484,-40.626853942871094,20.559528350830078,-5.405304431915283,15.729140281677246,-20.72984504699707,13.58265495300293,-23.728778839111328,11.53230094909668,-3.677302122116089,11.455853462219238,-1.6437205076217651,14.332446098327637,-26.425817489624023,9.960026741027832,-1.9744560718536377,11.291305541992188,-6.027346611022949,12.860037803649902,-11.370549201965332,12.396551132202148,-4.815922737121582,12.546089172363281,7.0,8000,hlad
hungry,..\dataset\hungry\DB95BF4A-E3E5-4429-A660-DBBCF486E6DF-1430664633-1.0-f-72-hu.wav,DB95BF4A-E3E5-4429-A660-DBBCF486E6DF-1430664633-1.0-f-72-hu.wav,.wav,1430664633,1.0,f,dívka,72,7 měsíců–2 roky,hu,-358.9782409667969,82.6993408203125,42.27588653564453,19.691997528076172,-39.16800308227539,23.57459831237793,-9.134445190429688,19.957664489746094,-20.318462371826172,13.6365327835083,-31.488353729248047,13.295700073242188,-13.6785888671875,9.644213676452637,-8.10928726196289,13.47136116027832,-17.071924209594727,14.672711372375488,-0.6242837309837341,15.64144515991211,-6.806546211242676,16.357179641723633,-8.952825546264648,12.92485237121582,-3.5171756744384766,10.467570304870605,7.0,8000,hlad
hungry,..\dataset\hungry\DBA77EDC-D457-4B3A-83B8-B7AFBF272D4E-1436860486-1.1-m-72-hu.wav,DBA77EDC-D457-4B3A-83B8-B7AFBF272D4E-1436860486-1.1-m-72-hu.wav,.wav,1436860486,1.1,m,chlapec,72,7 měsíců–2 roky,hu,-207.11587524414062,20.92244529724121,54.59526824951172,11.26723861694336,-24.230552673339844,6.825769424438477,1.1940704584121704,9.150732040405273,-9.445101737976074,7.185060501098633,-2.2910730838775635,6.0825276374816895,-16.8776798248291,7.47622537612915,-21.206295013427734,4.501746654510498,-26.442251205444336,7.008413314819336,-10.265158653259277,4.930600166320801,-11.033608436584473,6.345704555511475,-12.988515853881836,9.783770561218262,-18.492507934570312,8.246857643127441,7.0,8000,hlad
hungry,..\dataset\hungry\dc5429de-26b4-48e2-bc47-bc607b9bba06-1430741828918-1.7-f-72-hu.wav,dc5429de-26b4-48e2-bc47-bc607b9bba06-1430741828918-1.7-f-72-hu.wav,.wav,1430741828918,1.7,f,dívka,72,7 měsíců–2 roky,hu,-341.3511962890625,121.01050567626953,-15.43008041381836,39.615379333496094,-68.94796752929688,33.416019439697266,23.723567962646484,17.10557746887207,-18.596710205078125,13.114190101623535,-13.546964645385742,11.55064582824707,-2.3409767150878906,12.203104972839355,-2.7695729732513428,17.61693572998047,-3.7990529537200928,11.829573631286621,-11.609071731567383,11.953984260559082,-1.2904789447784424,13.32401180267334,-0.7961069345474243,15.804081916809082,-7.1220808029174805,15.35340690612793,6.94,8000,hlad
hungry,..\dataset\hungry\DCB33551-F9BA-4B4A-8DA1-A3107E1AD859-1430406483-1.0-m-04-hu.wav,DCB33551-F9BA-4B4A-8DA1-A3107E1AD859-1430406483-1.0-m-04-hu.wav,.wav,1430406483,1.0,m,chlapec,04,0–4 týdny,hu,-147.50291442871094,53.00948715209961,32.15644454956055,14.886863708496094,-21.142309188842773,14.974546432495117,11.721843719482422,12.124964714050293,-16.302032470703125,14.642468452453613,5.01729679107666,10.242918014526367,-5.829281330108643,11.230921745300293,-12.406818389892578,5.72837495803833,-12.997859001159668,7.842175483703613,-18.033973693847656,5.872220516204834,-14.752362251281738,7.323667049407959,-5.141449451446533,13.309896469116211,-11.073138236999512,15.00457763671875,7.0,8000,hlad
hungry,..\dataset\hungry\DCB33551-F9BA-4B4A-8DA1-A3107E1AD859-1430406495-1.0-m-04-hu.wav,DCB33551-F9BA-4B4A-8DA1-A3107E1AD859-1430406495-1.0-m-04-hu.wav,.wav,1430406495,1.0,m,chlapec,04,0–4 týdny,hu,-95.73764038085938,96.92206573486328,-3.186378002166748,45.50199890136719,-9.820868492126465,17.014251708984375,17.779205322265625,17.561599731445312,-3.283961057662964,12.791594505310059,5.339203357696533,7.203847408294678,-11.387887001037598,9.722297668457031,2.806208848953247,14.980704307556152,-18.784446716308594,9.664200782775879,-8.132820129394531,12.445169448852539,-6.893183708190918,10.464085578918457,-1.981439232826233,15.544787406921387,-4.779098987579346,14.43873119354248,7.0,8000,hlad
hungry,..\dataset\hungry\e0717ce2-da25-417c-89a5-58d7175f4a6d-1436966513203-1.7-m-26-hu.wav,e0717ce2-da25-417c-89a5-58d7175f4a6d-1436966513203-1.7-m-26-hu.wav,.wav,1436966513203,1.7,m,chlapec,26,2–6 měsíců,hu,-255.2013702392578,160.54244995117188,21.710317611694336,55.84626007080078,-32.75094985961914,21.03437042236328,-8.718520164489746,16.719467163085938,-25.362329483032227,13.53216552734375,3.15732741355896,8.862030982971191,-19.763797760009766,9.287975311279297,-3.9931375980377197,4.625843048095703,-13.306766510009766,6.283453941345215,-3.2042722702026367,4.613717555999756,-12.620347023010254,5.545963764190674,-2.0243372917175293,4.854095458984375,-9.248991966247559,4.87190580368042,6.66,8000,hlad
hungry,..\dataset\hungry\e0cc5beb-50e5-46ef-852e-c92106216e62-1430143334661-1.7-m-04-hu.wav,e0cc5beb-50e5-46ef-852e-c92106216e62-1430143334661-1.7-m-04-hu.wav,.wav,1430143334661,1.7,m,chlapec,04,0–4 týdny,hu,-287.07257080078125,48.5970458984375,-2.847639799118042,37.36655807495117,-40.56948471069336,22.47311019897461,-11.788750648498535,13.571187019348145,-23.23779296875,18.049436569213867,8.99143123626709,11.727668762207031,-20.377277374267578,13.226753234863281,3.8286900520324707,13.426939964294434,-16.19712257385254,12.716999053955078,4.058201789855957,9.28670597076416,-18.477731704711914,12.783625602722168,12.637176513671875,15.73682689666748,8.347243309020996,12.76136589050293,6.64,8000,hlad
hungry,..\dataset\hungry\e1e640e2-78cb-4cb7-9ccc-93813bfc251c-1430738640598-1.7-m-72-hu.wav,e1e640e2-78cb-4cb7-9ccc-93813bfc251c-1430738640598-1.7-m-72-hu.wav,.wav,1430738640598,1.7,m,chlapec,72,7 měsíců–2 roky,hu,-207.24514770507812,108.1300048828125,17.75837516784668,30.77714729309082,-23.57415771484375,15.896260261535645,-11.048048973083496,18.076494216918945,-49.219852447509766,20.27354621887207,-14.626370429992676,10.332472801208496,-16.008012771606445,9.628809928894043,-7.806811332702637,11.334003448486328,-4.900811672210693,8.971996307373047,-3.547105073928833,10.333023071289062,5.168529987335205,13.598503112792969,-9.242657661437988,12.52320671081543,-2.7442591190338135,9.018223762512207,6.92,8000,hlad
hungry,..\dataset\hungry\e1e640e2-78cb-4cb7-9ccc-93813bfc251c-1430738652322-1.7-m-72-hu.wav,e1e640e2-78cb-4cb7-9ccc-93813bfc251c-1430738652322-1.7-m-72-hu.wav,.wav,1430738652322,1.7,m,chlapec,72,7 měsíců–2 roky,hu,-295.01446533203125,93.60803985595703,60.08418655395508,25.48403549194336,-26.676509857177734,28.136186599731445,-8.177281379699707,16.174253463745117,-30.049222946166992,26.3675479888916,-15.652694702148438,10.61242961883545,-12.253105163574219,9.417191505432129,-10.863580703735352,7.360783100128174,-6.609854698181152,9.253392219543457,-6.1207499504089355,11.325688362121582,-1.5405867099761963,17.397279739379883,-5.067260265350342,13.097042083740234,-6.469191074371338,13.547423362731934,6.92,8000,hlad
hungry,..\dataset\hungry\E2C4BCE0-99FD-49EC-8AB1-5EA5DF7DD8C5-1430042952-1.0-m-04-hu.wav,E2C4BCE0-99FD-49EC-8AB1-5EA5DF7DD8C5-1430042952-1.0-m-04-hu.wav,.wav,1430042952,1.0,m,chlapec,04,0–4 týdny,hu,-257.6415100097656,72.35348510742188,33.88936233520508,23.592674255371094,-9.368992805480957,12.742881774902344,-17.806819915771484,10.043034553527832,-27.069101333618164,11.668335914611816,-2.5073177814483643,13.272414207458496,-27.097278594970703,8.436559677124023,-16.635282516479492,7.074184417724609,-18.261056900024414,4.969869136810303,-11.332579612731934,7.33958101272583,-14.585947036743164,6.431828022003174,-2.0148465633392334,10.570889472961426,-7.435127258300781,12.562602996826172,7.0,8000,hlad
hungry,..\dataset\hungry\e36730a9-d62b-4752-856f-b42feb1585df-1429975817524-1.7-m-04-hu.wav,e36730a9-d62b-4752-856f-b42feb1585df-1429975817524-1.7-m-04-hu.wav,.wav,1429975817524,1.7,m,chlapec,04,0–4 týdny,hu,-349.40411376953125,93.8492202758789,21.86358070373535,17.110109329223633,-55.01544952392578,25.17609405517578,-10.495442390441895,11.321212768554688,-26.766769409179688,17.76816749572754,3.8621020317077637,16.519962310791016,-8.58098316192627,17.41685676574707,-1.771653652191162,12.945619583129883,-14.272089958190918,8.611173629760742,-3.036872625350952,14.110135078430176,1.166162133216858,15.518952369689941,3.353883743286133,11.697463035583496,-5.317823886871338,13.074100494384766,6.76,8000,hlad
hungry,..\dataset\hungry\e37c323c-0edb-4942-be47-3cc0b2de00a1-1434392919844-1.7-f-26-hu.wav,e37c323c-0edb-4942-be47-3cc0b2de00a1-1434392919844-1.7-f-26-hu.wav,.wav,1434392919844,1.7,f,dívka,26,2–6 měsíců,hu,-359.5618591308594,94.5676040649414,45.50423812866211,30.511667251586914,-13.307989120483398,20.940099716186523,-6.782111167907715,20.036174774169922,-30.19432830810547,20.739912033081055,7.448912620544434,11.127074241638184,-11.649672508239746,12.086467742919922,-3.5332441329956055,9.66025447845459,-12.002850532531738,9.565641403198242,-6.999020576477051,7.306070804595947,-15.091498374938965,9.763338088989258,-4.466706275939941,10.419268608093262,-3.8087337017059326,13.957846641540527,6.88,8000,hlad
hungry,..\dataset\hungry\e37c323c-0edb-4942-be47-3cc0b2de00a1-1434392936735-1.7-f-26-hu.wav,e37c323c-0edb-4942-be47-3cc0b2de00a1-1434392936735-1.7-f-26-hu.wav,.wav,1434392936735,1.7,f,dívka,26,2–6 měsíců,hu,-285.12103271484375,135.73651123046875,21.591581344604492,28.814664840698242,-45.86104202270508,33.070281982421875,-15.797492980957031,17.217670440673828,-32.27817153930664,25.526302337646484,18.528121948242188,17.010087966918945,-10.146289825439453,16.837631225585938,0.4363901615142822,12.225250244140625,-9.267663955688477,12.61011028289795,-10.175555229187012,11.461469650268555,-8.908843040466309,11.805516242980957,-2.1831209659576416,8.231060028076172,0.5793399810791016,14.39442253112793,6.92,8000,hlad
hungry,..\dataset\hungry\e4051e62-d21d-4bb8-a235-fd7e859ad787-1430739655763-1.7-m-04-hu.wav,e4051e62-d21d-4bb8-a235-fd7e859ad787-1430739655763-1.7-m-04-hu.wav,.wav,1430739655763,1.7,m,chlapec,04,0–4 týdny,hu,-253.69708251953125,147.81202697753906,47.82930374145508,30.767484664916992,-10.929800987243652,21.785730361938477,-16.75811004638672,15.23815631866455,-40.83681869506836,24.514070510864258,4.823385715484619,10.642569541931152,-11.575254440307617,11.855260848999023,-18.221576690673828,9.641984939575195,-10.076765060424805,11.807998657226562,-4.332826614379883,6.110499858856201,-18.29712677001953,13.230813026428223,4.625795841217041,15.094193458557129,5.338895797729492,16.91196632385254,6.92,8000,hlad
hungry,..\dataset\hungry\e4051e62-d21d-4bb8-a235-fd7e859ad787-1430740613780-1.7-f-72-hu.wav,e4051e62-d21d-4bb8-a235-fd7e859ad787-1430740613780-1.7-f-72-hu.wav,.wav,1430740613780,1.7,f,dívka,72,7 měsíců–2 roky,hu,-175.20941162109375,112.79269409179688,41.25167465209961,33.793800354003906,-13.890522003173828,31.449071884155273,-15.01661205291748,21.80196189880371,-23.461544036865234,18.914134979248047,-4.337388515472412,14.623710632324219,-22.804275512695312,11.635930061340332,-16.115127563476562,14.689746856689453,-12.000638008117676,9.045598983764648,-12.926030158996582,10.77303695678711,-6.85767126083374,9.810844421386719,6.5785417556762695,19.613588333129883,5.093857288360596,21.067218780517578,6.96,8000,hlad
hungry,..\dataset\hungry\EC2E1160-BC33-450A-A62D-DE2A4C0D42BB-1430039051-1.0-f-48-hu.wav,EC2E1160-BC33-450A-A62D-DE2A4C0D42BB-1430039051-1.0-f-48-hu.wav,.wav,1430039051,1.0,f,dívka,48,4–8 týdnů,hu,-108.64398193359375,84.22899627685547,-3.176410436630249,23.749605178833008,-34.08408737182617,16.056699752807617,-4.418445587158203,18.55009651184082,-1.229204535484314,11.079309463500977,-1.6192837953567505,15.411458969116211,-22.84319305419922,12.72973918914795,1.9548864364624023,7.977111339569092,-14.084569931030273,8.009706497192383,-4.654270172119141,8.996124267578125,-13.629616737365723,16.014570236206055,5.202267169952393,18.436777114868164,12.377861022949219,16.11115264892578,7.0,8000,hlad
hungry,..\dataset\hungry\eccb4617-8373-4c4f-b49e-bb2d72bce8d8-1430035348191-1.7-m-26-hu.wav,eccb4617-8373-4c4f-b49e-bb2d72bce8d8-1430035348191-1.7-m-26-hu.wav,.wav,1430035348191,1.7,m,chlapec,26,2–6 měsíců,hu,-278.4859924316406,100.57910919189453,48.965423583984375,25.375883102416992,-29.04075813293457,35.22592544555664,-19.66752052307129,23.877790451049805,-29.550657272338867,17.5792179107666,1.7425566911697388,13.905352592468262,-29.835865020751953,10.326055526733398,-2.2979555130004883,11.89997386932373,-28.3526611328125,10.215949058532715,-8.090259552001953,11.140670776367188,-13.970247268676758,12.780293464660645,-0.1697971522808075,14.7472562789917,-4.66049337387085,8.294870376586914,6.9,8000,hlad
hungry,..\dataset\hungry\ed31b187-34af-4ff1-979c-3b8a5905fb7b-1430044808480-1.7-m-04-hu.wav,ed31b187-34af-4ff1-979c-3b8a5905fb7b-1430044808480-1.7-m-04-hu.wav,.wav,1430044808480,1.7,m,chlapec,04,0–4 týdny,hu,-196.60733032226562,122.35384368896484,17.551515579223633,59.13849639892578,-23.27889633178711,28.803691864013672,8.348318078787997e-05,14.50893497467041,-19.821468353271484,16.57203483581543,11.240865707397461,13.558591842651367,-35.308467864990234,12.356204986572266,-1.3357011079788208,10.860991477966309,-11.75106143951416,11.575138092041016,-11.725642204284668,11.315888404846191,-6.5225019454956055,8.74898624420166,-0.3385356068611145,13.17969799041748,-2.1042275428771973,12.186777114868164,6.64,8000,hlad
hungry,..\dataset\hungry\ed31b187-34af-4ff1-979c-3b8a5905fb7b-1430044853892-1.7-f-04-hu.wav,ed31b187-34af-4ff1-979c-3b8a5905fb7b-1430044853892-1.7-f-04-hu.wav,.wav,1430044853892,1.7,f,dívka,04,0–4 týdny,hu,-248.90744018554688,143.8634490966797,38.785804748535156,43.012298583984375,-28.28887939453125,30.118165969848633,2.620622396469116,16.088407516479492,-14.922049522399902,11.628918647766113,-9.734002113342285,14.124859809875488,-18.846532821655273,10.511524200439453,2.7024283409118652,17.124435424804688,-20.399221420288086,10.781533241271973,-5.840667724609375,7.1389594078063965,-14.549022674560547,7.824610233306885,-8.279525756835938,8.917290687561035,-8.16373062133789,14.01666259765625,6.64,8000,hlad
hungry,..\dataset\hungry\ed31b187-34af-4ff1-979c-3b8a5905fb7b-1430044897699-1.7-f-48-hu.wav,ed31b187-34af-4ff1-979c-3b8a5905fb7b-1430044897699-1.7-f-48-hu.wav,.wav,1430044897699,1.7,f,dívka,48,4–8 týdnů,hu,-178.46517944335938,146.81304931640625,-2.8821463584899902,66.6348876953125,-31.156400680541992,32.59257888793945,2.908574104309082,15.497553825378418,-26.018770217895508,13.718246459960938,6.872483253479004,17.15448570251465,-16.794958114624023,9.371918678283691,-14.047384262084961,10.473633766174316,-12.696518898010254,9.62304401397705,-10.450933456420898,8.96527099609375,-9.91348648071289,11.05240249633789,7.162398338317871,16.003877639770508,-10.411768913269043,19.67239761352539,6.64,8000,hlad
hungry,..\dataset\hungry\ed31b187-34af-4ff1-979c-3b8a5905fb7b-1430045366784-1.7-f-04-hu.wav,ed31b187-34af-4ff1-979c-3b8a5905fb7b-1430045366784-1.7-f-04-hu.wav,.wav,1430045366784,1.7,f,dívka,04,0–4 týdny,hu,-261.7720947265625,99.5414810180664,39.3662223815918,50.44751739501953,-38.42662048339844,23.017478942871094,-13.549281120300293,13.80380916595459,-7.406327247619629,10.788559913635254,4.188422203063965,11.745851516723633,-18.84185791015625,10.053296089172363,-4.402440547943115,10.817900657653809,-13.18744945526123,11.125495910644531,-10.501077651977539,6.28171443939209,-10.013265609741211,6.488372325897217,-3.479511022567749,9.71924877166748,-7.396203994750977,14.281697273254395,6.64,8000,hlad
hungry,..\dataset\hungry\edb5924c-07ba-4eaa-838b-aaf9511a219b-1431894189631-1.7-m-48-hu.wav,edb5924c-07ba-4eaa-838b-aaf9511a219b-1431894189631-1.7-m-48-hu.wav,.wav,1431894189631,1.7,m,chlapec,48,4–8 týdnů,hu,-185.3077392578125,129.93165588378906,26.587791442871094,41.54534149169922,-24.934907913208008,34.25910568237305,-14.456470489501953,16.86002540588379,-24.86678123474121,19.360916137695312,11.91036319732666,18.505451202392578,-19.065977096557617,17.905277252197266,-14.663437843322754,15.115409851074219,-11.911378860473633,10.886338233947754,-2.204843759536743,11.762863159179688,-8.792457580566406,11.857398986816406,-1.5607863664627075,11.347124099731445,-8.83359146118164,9.14484691619873,6.94,8000,hlad
hungry,..\dataset\hungry\edb5924c-07ba-4eaa-838b-aaf9511a219b-1431899400326-1.7-m-48-hu.wav,edb5924c-07ba-4eaa-838b-aaf9511a219b-1431899400326-1.7-m-48-hu.wav,.wav,1431899400326,1.7,m,chlapec,48,4–8 týdnů,hu,-189.61224365234375,136.639404296875,55.0240364074707,33.69105529785156,-60.884300231933594,38.82093811035156,-6.679662227630615,19.276517868041992,-5.484160423278809,13.9555082321167,1.2391564846038818,12.505529403686523,-7.56105899810791,12.11664867401123,-5.862658500671387,7.77483606338501,-18.976184844970703,7.3180928230285645,-3.079775094985962,4.537370681762695,-14.096430778503418,7.982631206512451,-8.61259651184082,8.111966133117676,-4.388543128967285,14.98528003692627,6.96,8000,hlad
hungry,..\dataset\hungry\efd13da0-d40e-48bc-b14e-dee28af4d3c6-1430728179252-1.7-m-22-hu.wav,efd13da0-d40e-48bc-b14e-dee28af4d3c6-1430728179252-1.7-m-22-hu.wav,.wav,1430728179252,1.7,m,chlapec,22,více než 2 roky,hu,-269.6902160644531,148.03736877441406,42.60255813598633,53.46831130981445,-25.763723373413086,42.47482681274414,11.931282043457031,16.244882583618164,-34.13282775878906,22.873579025268555,-11.778670310974121,17.069889068603516,-23.49271583557129,18.271438598632812,0.254546582698822,21.23237419128418,-14.90099048614502,20.140779495239258,-7.172068119049072,17.887680053710938,-14.235807418823242,18.94683074951172,-7.481297969818115,12.190411567687988,-6.016134738922119,15.162110328674316,6.9,8000,hlad
hungry,..\dataset\hungry\F1AF5794-AD3B-4181-B010-AB835E5BDA64-1430441342-1.0-m-72-hu.wav,F1AF5794-AD3B-4181-B010-AB835E5BDA64-1430441342-1.0-m-72-hu.wav,.wav,1430441342,1.0,m,chlapec,72,7 měsíců–2 roky,hu,-289.1425476074219,76.95624542236328,27.592082977294922,21.632038116455078,-19.380840301513672,21.095565795898438,-9.176070213317871,20.612886428833008,-17.132856369018555,16.693662643432617,-6.285824298858643,15.740546226501465,-7.446004867553711,9.09019947052002,-8.667407989501953,7.0321149826049805,-14.937292098999023,7.317974090576172,-11.16905403137207,12.290298461914062,-12.643756866455078,12.014968872070312,-6.747908592224121,11.853677749633789,-8.622529983520508,12.187308311462402,7.0,8000,hlad
hungry,..\dataset\hungry\F24DE44B-762C-4149-AC92-96A5E57ED118-1430816918-1.0-m-04-hu.wav,F24DE44B-762C-4149-AC92-96A5E57ED118-1430816918-1.0-m-04-hu.wav,.wav,1430816918,1.0,m,chlapec,04,0–4 týdny,hu,-285.94256591796875,102.84795379638672,42.2300910949707,23.85466194152832,-24.848106384277344,16.922527313232422,-7.64877462387085,9.376258850097656,-29.78953742980957,14.999317169189453,-33.661163330078125,10.439437866210938,-10.363842010498047,10.320269584655762,-9.416376113891602,8.18882942199707,-15.428582191467285,7.604099273681641,3.5566844940185547,16.47433090209961,-2.1809639930725098,13.89727783203125,11.067739486694336,22.6021785736084,4.8542561531066895,16.55336570739746,7.0,8000,hlad
hungry,..\dataset\hungry\F24DE44B-762C-4149-AC92-96A5E57ED118-1430816936-1.0-m-04-hu.wav,F24DE44B-762C-4149-AC92-96A5E57ED118-1430816936-1.0-m-04-hu.wav,.wav,1430816936,1.0,m,chlapec,04,0–4 týdny,hu,-226.20004272460938,64.68043518066406,32.42660903930664,18.8232364654541,-17.285642623901367,13.115099906921387,-21.75897979736328,9.9019136428833,-35.89009475708008,8.923656463623047,-25.757705688476562,9.590692520141602,-7.051080226898193,5.967895984649658,-20.294164657592773,12.55939769744873,-8.809354782104492,11.467820167541504,4.736471176147461,5.372340202331543,-10.419764518737793,12.651283264160156,11.16085433959961,20.54446792602539,0.9026548862457275,24.580062866210938,7.0,8000,hlad
hungry,..\dataset\hungry\F2F97740-D638-4B6F-9E09-3AC65F06B448-1436849313-1.1-f-48-hu.wav,F2F97740-D638-4B6F-9E09-3AC65F06B448-1436849313-1.1-f-48-hu.wav,.wav,1436849313,1.1,f,dívka,48,4–8 týdnů,hu,-180.324462890625,72.69347381591797,54.620887756347656,34.648109436035156,-31.751190185546875,15.132428169250488,-2.570493459701538,10.419301986694336,-20.923940658569336,12.949685096740723,-6.912155628204346,6.811056613922119,-14.83554458618164,8.963261604309082,-15.133004188537598,8.81120777130127,-22.904985427856445,7.076976776123047,-9.423035621643066,8.898367881774902,-12.785191535949707,9.793669700622559,-1.0789533853530884,18.970922470092773,0.10586214810609818,15.281792640686035,7.0,8000,hlad
hungry,..\dataset\hungry\F2F97740-D638-4B6F-9E09-3AC65F06B448-1436849335-1.1-f-48-hu.wav,F2F97740-D638-4B6F-9E09-3AC65F06B448-1436849335-1.1-f-48-hu.wav,.wav,1436849335,1.1,f,dívka,48,4–8 týdnů,hu,-206.47525024414062,56.61873245239258,69.08714294433594,19.528518676757812,-24.282562255859375,16.65406608581543,-1.4962137937545776,11.218522071838379,-21.026447296142578,13.020973205566406,-11.253752708435059,8.126181602478027,-19.990114212036133,8.53100299835205,-16.188045501708984,6.572265148162842,-19.206031799316406,7.411564826965332,-11.866157531738281,6.484640121459961,-9.843912124633789,5.781551361083984,-6.978199481964111,8.799664497375488,-6.9302167892456055,8.833817481994629,7.0,8000,hlad
hungry,..\dataset\hungry\F3BAEDDA-CDC0-4A65-90EE-5C372CEE4F3B-1437012044-1.1-m-26-hu.wav,F3BAEDDA-CDC0-4A65-90EE-5C372CEE4F3B-1437012044-1.1-m-26-hu.wav,.wav,1437012044,1.1,m,chlapec,26,2–6 měsíců,hu,-157.5522003173828,71.58769989013672,19.386917114257812,44.096031188964844,-15.709870338439941,17.029470443725586,5.204395294189453,17.666820526123047,-27.297266006469727,12.609796524047852,-4.577578544616699,14.195830345153809,-0.4741205871105194,11.964823722839355,-12.860543251037598,12.372482299804688,-12.657949447631836,16.18947982788086,-8.184394836425781,14.431896209716797,-2.5419247150421143,17.926712036132812,-2.525409698486328,15.552729606628418,-9.905311584472656,16.62199592590332,7.0,8000,hlad
hungry,..\dataset\hungry\F3BAEDDA-CDC0-4A65-90EE-5C372CEE4F3B-1437012059-1.1-m-26-hu.wav,F3BAEDDA-CDC0-4A65-90EE-5C372CEE4F3B-1437012059-1.1-m-26-hu.wav,.wav,1437012059,1.1,m,chlapec,26,2–6 měsíců,hu,-154.43283081054688,87.1732406616211,11.231324195861816,41.676185607910156,-13.44975471496582,13.437382698059082,9.656164169311523,14.767538070678711,-20.80523109436035,11.590356826782227,-3.6443393230438232,7.340106964111328,-7.419709205627441,13.718169212341309,-11.647963523864746,10.656327247619629,-15.410446166992188,9.43753433227539,1.850496768951416,15.445921897888184,-2.5246565341949463,13.927067756652832,3.9637131690979004,15.532217025756836,-13.367049217224121,16.100711822509766,7.0,8000,hlad
hungry,..\dataset\hungry\F3BAEDDA-CDC0-4A65-90EE-5C372CEE4F3B-1437012076-1.1-f-26-hu.wav,F3BAEDDA-CDC0-4A65-90EE-5C372CEE4F3B-1437012076-1.1-f-26-hu.wav,.wav,1437012076,1.1,f,dívka,26,2–6 měsíců,hu,-219.90310668945312,52.82380676269531,46.72698974609375,23.49349021911621,-19.273784637451172,12.744128227233887,1.306387186050415,11.289616584777832,-21.221519470214844,7.9346160888671875,-7.750461101531982,7.487741470336914,-16.135562896728516,8.586785316467285,-13.069060325622559,6.465855121612549,-19.661277770996094,6.702214241027832,-8.291515350341797,7.646587371826172,-14.007253646850586,7.945437908172607,-10.37446403503418,10.370146751403809,-18.66742515563965,5.943554878234863,7.0,8000,hlad
hungry,..\dataset\hungry\F4A0C710-AC2D-42E0-8EA9-3E4CAC31EE20-1430318390-1.0-m-04-hu.wav,F4A0C710-AC2D-42E0-8EA9-3E4CAC31EE20-1430318390-1.0-m-04-hu.wav,.wav,1430318390,1.0,m,chlapec,04,0–4 týdny,hu,-200.40072631835938,89.41393280029297,20.583311080932617,26.751815795898438,-46.98847961425781,22.969093322753906,-19.826173782348633,15.096179962158203,-22.34786033630371,11.16843032836914,8.649547576904297,11.75224781036377,-12.977283477783203,15.871434211730957,-13.566064834594727,12.781908988952637,-18.708791732788086,10.863154411315918,-17.062213897705078,10.829071998596191,-13.852001190185547,9.600152015686035,0.42666083574295044,17.350234985351562,14.563573837280273,24.361146926879883,7.0,8000,hlad
hungry,..\dataset\hungry\F4A0C710-AC2D-42E0-8EA9-3E4CAC31EE20-1430318400-1.0-m-04-hu.wav,F4A0C710-AC2D-42E0-8EA9-3E4CAC31EE20-1430318400-1.0-m-04-hu.wav,.wav,1430318400,1.0,m,chlapec,04,0–4 týdny,hu,-173.44117736816406,90.5487289428711,23.665502548217773,22.915124893188477,-61.24186325073242,23.71306800842285,-33.85228729248047,11.146865844726562,-26.918703079223633,13.470686912536621,4.889220237731934,9.52621078491211,-4.896938323974609,11.06820297241211,-12.387004852294922,11.494462013244629,-17.10350227355957,11.316332817077637,-12.936738967895508,10.309771537780762,-8.862977027893066,10.596819877624512,-8.27556324005127,17.596771240234375,15.714859962463379,22.58445167541504,7.0,8000,hlad
hungry,..\dataset\hungry\F4A0C710-AC2D-42E0-8EA9-3E4CAC31EE20-1430318416-1.0-m-04-hu.wav,F4A0C710-AC2D-42E0-8EA9-3E4CAC31EE20-1430318416-1.0-m-04-hu.wav,.wav,1430318416,1.0,m,chlapec,04,0–4 týdny,hu,-129.63009643554688,97.8399429321289,2.835592746734619,36.7921142578125,-49.56138610839844,30.79897689819336,-15.420924186706543,20.6031551361084,-19.607786178588867,11.639961242675781,4.584234237670898,12.80357551574707,-9.819337844848633,11.973201751708984,-13.012425422668457,11.362027168273926,-10.614129066467285,13.341620445251465,-6.822832107543945,13.897331237792969,-11.114848136901855,14.161758422851562,5.60964298248291,20.081411361694336,15.700409889221191,23.40980339050293,7.0,8000,hlad
hungry,..\dataset\hungry\F4A65A98-ADEE-49C4-9B45-65A8429DF170-1430232330-1.0-m-72-hu.wav,F4A65A98-ADEE-49C4-9B45-65A8429DF170-1430232330-1.0-m-72-hu.wav,.wav,1430232330,1.0,m,chlapec,72,7 měsíců–2 roky,hu,-330.0866394042969,139.7076873779297,8.744393348693848,27.74434471130371,-7.3611955642700195,15.415311813354492,-14.86326789855957,18.243228912353516,-18.279541015625,16.43132781982422,-0.26179447770118713,12.844023704528809,-8.642309188842773,10.808109283447266,-5.507693290710449,13.64295482635498,-9.384099006652832,9.22804069519043,-3.386133909225464,12.692584037780762,2.6995344161987305,18.688051223754883,1.9688167572021484,16.142942428588867,-8.428694725036621,13.617790222167969,7.0,8000,hlad
hungry,..\dataset\hungry\f5b29377-7cd6-4688-942c-5a07add39dc5-1437178455960-1.7-f-26-hu.wav,f5b29377-7cd6-4688-942c-5a07add39dc5-1437178455960-1.7-f-26-hu.wav,.wav,1437178455960,1.7,f,dívka,26,2–6 měsíců,hu,-295.19439697265625,130.9636993408203,47.385231018066406,41.64979553222656,-39.979488372802734,51.182865142822266,-15.927568435668945,23.39588165283203,-23.4097843170166,16.398284912109375,11.029743194580078,18.350128173828125,-18.294370651245117,11.356415748596191,-13.166540145874023,12.832253456115723,-12.040445327758789,9.625232696533203,-8.617359161376953,9.440648078918457,-8.731821060180664,8.617276191711426,-7.793776035308838,10.495804786682129,-1.4929298162460327,13.636897087097168,7.06,8000,hlad
hungry,..\dataset\hungry\F6C6D3EE-F139-48A4-9EAC-0A50EB011CDC-1430103957-1.0-m-04-hu.wav,F6C6D3EE-F139-48A4-9EAC-0A50EB011CDC-1430103957-1.0-m-04-hu.wav,.wav,1430103957,1.0,m,chlapec,04,0–4 týdny,hu,-114.13774108886719,126.96147918701172,-24.7144775390625,40.240047454833984,-34.37140655517578,23.32421875,5.0915937423706055,22.005651473999023,-17.147592544555664,12.776269912719727,20.6168270111084,19.019672393798828,-5.9773383140563965,12.50822639465332,-14.352065086364746,17.156831741333008,-3.5301363468170166,14.891371726989746,4.387978553771973,17.646808624267578,0.2575104832649231,16.606369018554688,2.962948799133301,16.295190811157227,-12.424393653869629,14.866114616394043,7.0,8000,hlad
hungry,..\dataset\hungry\F6C6D3EE-F139-48A4-9EAC-0A50EB011CDC-1430103974-1.0-m-04-hu.wav,F6C6D3EE-F139-48A4-9EAC-0A50EB011CDC-1430103974-1.0-m-04-hu.wav,.wav,1430103974,1.0,m,chlapec,04,0–4 týdny,hu,-125.10071563720703,107.91179656982422,-3.598339319229126,39.19398498535156,-38.301212310791016,29.57984733581543,2.0630972385406494,15.53237247467041,-16.389978408813477,17.781234741210938,0.26474833488464355,12.719118118286133,-2.1743361949920654,14.690122604370117,-15.302412986755371,9.664657592773438,-9.320940971374512,11.727470397949219,3.9316654205322266,16.461578369140625,-3.2552385330200195,14.824238777160645,8.563742637634277,18.153066635131836,-4.6377034187316895,16.528379440307617,7.0,8000,hlad
hungry,..\dataset\hungry\f896b69d-6241-4b51-9c45-0d628bc827c1-1430090255303-1.7-m-04-hu.wav,f896b69d-6241-4b51-9c45-0d628bc827c1-1430090255303-1.7-m-04-hu.wav,.wav,1430090255303,1.7,m,chlapec,04,0–4 týdny,hu,-201.06683349609375,136.66293334960938,58.059913635253906,46.503841400146484,-27.68770980834961,31.521196365356445,-3.9242122173309326,15.934334754943848,-35.15243911743164,19.452829360961914,-1.9572980403900146,8.740372657775879,-26.431947708129883,16.363019943237305,10.17906665802002,13.434918403625488,6.224678039550781,14.28741455078125,1.7110916376113892,17.819955825805664,-18.906597137451172,14.146925926208496,-19.180261611938477,9.712760925292969,-8.262191772460938,9.744746208190918,6.92,8000,hlad
hungry,..\dataset\hungry\f896b69d-6241-4b51-9c45-0d628bc827c1-1430090274181-1.7-m-04-hu.wav,f896b69d-6241-4b51-9c45-0d628bc827c1-1430090274181-1.7-m-04-hu.wav,.wav,1430090274181,1.7,m,chlapec,04,0–4 týdny,hu,-343.58673095703125,106.33897399902344,100.63928985595703,38.694820404052734,16.605308532714844,34.4453125,6.735864639282227,20.574195861816406,-22.366281509399414,29.418481826782227,-9.332508087158203,13.5322847366333,-14.906903266906738,10.222701072692871,-13.707991600036621,9.775346755981445,-8.599103927612305,10.511085510253906,-4.255881309509277,11.569268226623535,-5.59661865234375,15.619498252868652,-8.328176498413086,11.720067977905273,-11.277668952941895,10.716819763183594,6.9,8000,hlad
hungry,..\dataset\hungry\f896b69d-6241-4b51-9c45-0d628bc827c1-1430090400166-1.7-m-72-hu.wav,f896b69d-6241-4b51-9c45-0d628bc827c1-1430090400166-1.7-m-72-hu.wav,.wav,1430090400166,1.7,m,chlapec,72,7 měsíců–2 roky,hu,-301.891845703125,116.11168670654297,35.620243072509766,62.25823974609375,-31.18106460571289,40.25368881225586,17.712804794311523,24.257530212402344,-13.807454109191895,28.648836135864258,-14.482342720031738,20.319612503051758,-20.997465133666992,21.215547561645508,7.213250637054443,27.454082489013672,-11.046921730041504,25.018049240112305,2.26784348487854,17.611867904663086,-9.962457656860352,11.650160789489746,-13.215069770812988,12.571419715881348,-13.692915916442871,13.82229995727539,6.9,8000,hlad
hungry,..\dataset\hungry\F950E7E3-A1A5-4A01-99F4-9B155C3C6606-1430305696-1.0-m-72-hu.wav,F950E7E3-A1A5-4A01-99F4-9B155C3C6606-1430305696-1.0-m-72-hu.wav,.wav,1430305696,1.0,m,chlapec,72,7 měsíců–2 roky,hu,-232.56858825683594,90.13843536376953,54.1853141784668,31.470443725585938,-22.27701759338379,14.408757209777832,-5.296641826629639,10.777482032775879,-21.087493896484375,22.250017166137695,-2.2962608337402344,11.781073570251465,-13.7078857421875,15.666156768798828,-9.108394622802734,16.299034118652344,-13.498255729675293,10.896676063537598,-15.985335350036621,10.130098342895508,-18.927263259887695,8.236869812011719,-19.552101135253906,10.285510063171387,-16.018089294433594,14.274547576904297,7.0,8000,hlad
hungry,..\dataset\hungry\F95D4BCE-2FB0-4A0C-A058-BFB0674539AF-1430055800-1.0-m-26-hu.wav,F95D4BCE-2FB0-4A0C-A058-BFB0674539AF-1430055800-1.0-m-26-hu.wav,.wav,1430055800,1.0,m,chlapec,26,2–6 měsíců,hu,-150.36386108398438,88.60841369628906,30.223600387573242,50.24949264526367,-3.751312494277954,19.312971115112305,16.648778915405273,19.214204788208008,-5.511743545532227,12.76483154296875,-7.34770393371582,9.461957931518555,-13.304902076721191,12.410839080810547,-9.960064888000488,14.431806564331055,-22.35407066345215,8.668557167053223,-10.409048080444336,9.058854103088379,-16.357614517211914,7.753780841827393,-8.513063430786133,12.20991039276123,-1.8060073852539062,18.32698631286621,7.0,8000,hlad
hungry,..\dataset\hungry\F95D4BCE-2FB0-4A0C-A058-BFB0674539AF-1430055809-1.0-m-26-hu.wav,F95D4BCE-2FB0-4A0C-A058-BFB0674539AF-1430055809-1.0-m-26-hu.wav,.wav,1430055809,1.0,m,chlapec,26,2–6 měsíců,hu,-188.44497680664062,89.63849639892578,37.591064453125,47.05133819580078,-31.285099029541016,32.72669219970703,-3.080691337585449,15.764093399047852,-13.648064613342285,18.157123565673828,-3.3829362392425537,14.590913772583008,-17.857967376708984,11.42419719696045,-9.217225074768066,8.389066696166992,-20.01902961730957,6.602607250213623,-14.515471458435059,8.796205520629883,-13.33370590209961,7.197663307189941,-9.092233657836914,9.376873970031738,-9.4530029296875,10.044242858886719,7.0,8000,hlad
hungry,..\dataset\hungry\F95D4BCE-2FB0-4A0C-A058-BFB0674539AF-1430055950-1.0-m-26-hu.wav,F95D4BCE-2FB0-4A0C-A058-BFB0674539AF-1430055950-1.0-m-26-hu.wav,.wav,1430055950,1.0,m,chlapec,26,2–6 měsíců,hu,-78.65792846679688,87.8370590209961,-15.432875633239746,36.496498107910156,-15.252157211303711,16.275468826293945,1.4002097845077515,22.8912296295166,-4.997115612030029,11.57327651977539,-8.17357063293457,9.99803352355957,1.7345315217971802,12.941067695617676,-5.401607990264893,10.636872291564941,-13.066015243530273,7.769674301147461,-3.1585161685943604,11.61901569366455,-11.705567359924316,10.282906532287598,11.836671829223633,16.047496795654297,7.783019542694092,17.46072006225586,7.0,8000,hlad
hungry,..\dataset\hungry\fa8620d3-e7db-4101-aff0-28dbf0d96a5f-1434296505682-1.7-f-04-hu.wav,fa8620d3-e7db-4101-aff0-28dbf0d96a5f-1434296505682-1.7-f-04-hu.wav,.wav,1434296505682,1.7,f,dívka,04,0–4 týdny,hu,-258.2344055175781,139.77951049804688,33.81278610229492,30.039705276489258,-88.59308624267578,39.23658752441406,-34.61932373046875,24.8494930267334,-18.699548721313477,17.34573745727539,4.6984100341796875,16.17955780029297,-9.691229820251465,18.617897033691406,-11.606605529785156,16.188039779663086,-1.833146333694458,20.097429275512695,10.843144416809082,18.816791534423828,5.9884467124938965,18.169614791870117,2.7261922359466553,21.652109146118164,-11.529897689819336,17.079505920410156,6.74,8000,hlad
hungry,..\dataset\hungry\fa8620d3-e7db-4101-aff0-28dbf0d96a5f-1434465485354-1.7-f-04-hu.wav,fa8620d3-e7db-4101-aff0-28dbf0d96a5f-1434465485354-1.7-f-04-hu.wav,.wav,1434465485354,1.7,f,dívka,04,0–4 týdny,hu,-290.3543395996094,149.79330444335938,18.578432083129883,21.980194091796875,-59.3922004699707,48.3281364440918,-12.38570785522461,21.984270095825195,-27.87881851196289,18.59480857849121,20.110536575317383,17.714662551879883,-20.034025192260742,17.306428909301758,-4.923243045806885,10.875574111938477,-13.517807006835938,14.840780258178711,-0.6094462275505066,12.882498741149902,3.467545747756958,13.605719566345215,6.724949836730957,17.213550567626953,-2.047244071960449,14.424969673156738,6.76,8000,hlad
hungry,..\dataset\hungry\FAE74A94-9968-43ED-958C-50D7C4C1F13C-1430770858-1.0-f-22-hu.wav,FAE74A94-9968-43ED-958C-50D7C4C1F13C-1430770858-1.0-f-22-hu.wav,.wav,1430770858,1.0,f,dívka,22,více než 2 roky,hu,-303.32452392578125,127.50822448730469,30.390546798706055,18.990140914916992,-21.285497665405273,17.542404174804688,-1.5240099430084229,10.300718307495117,-23.507116317749023,17.496170043945312,-35.27772903442383,22.39034080505371,-15.593790054321289,11.774639129638672,-12.211845397949219,9.439911842346191,-2.750109910964966,11.146966934204102,7.220872402191162,22.18353843688965,4.4050517082214355,15.009369850158691,-4.578917503356934,11.226483345031738,-8.380762100219727,18.307649612426758,7.0,8000,hlad
hungry,..\dataset\hungry\FAE74A94-9968-43ED-958C-50D7C4C1F13C-1430770871-1.0-f-22-hu.wav,FAE74A94-9968-43ED-958C-50D7C4C1F13C-1430770871-1.0-f-22-hu.wav,.wav,1430770871,1.0,f,dívka,22,více než 2 roky,hu,-319.77191162109375,135.92330932617188,36.92124557495117,21.655853271484375,-11.893104553222656,18.148996353149414,-5.027633190155029,12.331302642822266,-28.009244918823242,18.701690673828125,-31.907772064208984,18.874021530151367,-30.928115844726562,17.261459350585938,-18.568470001220703,10.781325340270996,-14.611682891845703,13.077455520629883,6.663084506988525,20.1036434173584,7.239923000335693,20.768037796020508,4.150191783905029,16.823192596435547,-1.3168612718582153,18.016860961914062,7.0,8000,hlad
hungry,..\dataset\hungry\FF2CD2F6-404D-4626-8718-6E6C751F63B8-1431104337-1.0-m-04-hu.wav,FF2CD2F6-404D-4626-8718-6E6C751F63B8-1431104337-1.0-m-04-hu.wav,.wav,1431104337,1.0,m,chlapec,04,0–4 týdny,hu,-246.91090393066406,100.25751495361328,67.5384521484375,17.733375549316406,-37.204376220703125,26.54977035522461,-20.436555862426758,15.65490436553955,-41.74733352661133,12.451155662536621,-28.325786590576172,11.583052635192871,-11.92088508605957,10.758033752441406,-14.53653335571289,8.940078735351562,-11.537712097167969,9.886297225952148,-17.49367904663086,9.269033432006836,-14.621420860290527,8.692184448242188,-3.358478546142578,7.937591552734375,0.11178883910179138,15.599410057067871,7.0,8000,hlad
hungry,..\dataset\hungry\FF2CD2F6-404D-4626-8718-6E6C751F63B8-1431104346-1.0-m-04-hu.wav,FF2CD2F6-404D-4626-8718-6E6C751F63B8-1431104346-1.0-m-04-hu.wav,.wav,1431104346,1.0,m,chlapec,04,0–4 týdny,hu,-212.37770080566406,79.84007263183594,55.99617385864258,17.227645874023438,-36.74091339111328,28.39850425720215,-22.239402770996094,15.2313871383667,-37.29193878173828,10.852837562561035,-24.696033477783203,8.35451889038086,-4.224684238433838,11.62917709350586,-18.294496536254883,9.908634185791016,-7.6417555809021,9.880888938903809,-14.374062538146973,7.5771965980529785,-14.576018333435059,8.254806518554688,3.2395901679992676,10.34040641784668,5.142115592956543,14.760740280151367,7.0,8000,hlad
hungry,..\dataset\hungry\FF2CD2F6-404D-4626-8718-6E6C751F63B8-1431104360-1.0-m-04-hu.wav,FF2CD2F6-404D-4626-8718-6E6C751F63B8-1431104360-1.0-m-04-hu.wav,.wav,1431104360,1.0,m,chlapec,04,0–4 týdny,hu,-183.2222137451172,85.66814422607422,37.098350524902344,23.860763549804688,-43.09931945800781,25.300128936767578,-18.757577896118164,12.229249000549316,-32.68417739868164,11.83617115020752,-16.359821319580078,14.190196990966797,-4.538324356079102,12.4060640335083,-12.827963829040527,14.99624252319336,-16.631624221801758,15.142677307128906,-15.558676719665527,10.83249282836914,-7.6191582679748535,13.342227935791016,5.028350830078125,18.86919593811035,9.158358573913574,18.23486328125,7.0,8000,hlad
hungry,..\dataset\hungry\FF2CD2F6-404D-4626-8718-6E6C751F63B8-1431104396-1.0-m-04-hu.wav,FF2CD2F6-404D-4626-8718-6E6C751F63B8-1431104396-1.0-m-04-hu.wav,.wav,1431104396,1.0,m,chlapec,04,0–4 týdny,hu,-240.3492431640625,85.5013656616211,51.19982147216797,13.488138198852539,-29.558250427246094,14.642888069152832,-14.567861557006836,16.83766746520996,-39.17692184448242,15.506796836853027,-18.706098556518555,8.911362648010254,-5.853693962097168,10.73173713684082,-21.10687828063965,8.649710655212402,-17.89274024963379,7.537783145904541,-14.247944831848145,7.891860485076904,-16.418819427490234,11.361845016479492,10.029685974121094,18.3049373626709,7.630546569824219,20.79608726501465,7.0,8000,hlad
hungry,..\dataset\hungry\FF482278-24C9-4FB0-A7BE-FD92D1FE17B4-1430028319-1.0-m-26-hu.wav,FF482278-24C9-4FB0-A7BE-FD92D1FE17B4-1430028319-1.0-m-26-hu.wav,.wav,1430028319,1.0,m,chlapec,26,2–6 měsíců,hu,-174.31893920898438,122.17851257324219,37.101463317871094,28.873027801513672,-34.744873046875,20.758731842041016,-31.389850616455078,17.666494369506836,-34.07286071777344,15.583451271057129,4.759902000427246,15.302176475524902,-4.156147480010986,13.654596328735352,-4.506362438201904,11.783169746398926,-11.348662376403809,11.42813777923584,-7.34626579284668,15.817879676818848,4.442482948303223,17.311660766601562,-1.6758400201797485,15.451238632202148,-7.299610614776611,12.053460121154785,7.0,8000,hlad
tired,..\dataset\tired\03ADDCFB-354E-416D-BF32-260CF47F7060-1433658024-1.1-f-04-ti.wav,03ADDCFB-354E-416D-BF32-260CF47F7060-1433658024-1.1-f-04-ti.wav,.wav,1433658024,1.1,f,dívka,04,0–4 týdny,ti,-123.3947525024414,123.18287658691406,-7.6807661056518555,34.01802062988281,-45.796546936035156,15.119342803955078,-14.830530166625977,21.51288414001465,-35.80921173095703,22.256855010986328,-6.582898139953613,12.821629524230957,-14.554726600646973,12.694564819335938,5.863020420074463,10.922538757324219,-17.312841415405273,12.634889602661133,-2.7078049182891846,15.001320838928223,9.897449493408203,17.32149887084961,16.990097045898438,22.08253288269043,-2.4687345027923584,21.99236488342285,7.0,8000,únava
tired,..\dataset\tired\06c4cfa2-7fa6-4fda-91a1-ea186a4acc64-1430029221058-1.7-f-26-ti.wav,06c4cfa2-7fa6-4fda-91a1-ea186a4acc64-1430029221058-1.7-f-26-ti.wav,.wav,1430029221058,1.7,f,dívka,26,2–6 měsíců,ti,-376.6588134765625,125.52555084228516,7.211593151092529,48.730587005615234,-41.92201614379883,26.48223304748535,-9.278085708618164,14.553932189941406,-33.27226638793945,16.264528274536133,-1.9660065174102783,12.61501407623291,-11.632720947265625,9.88029670715332,-2.8243424892425537,7.762546539306641,-15.101893424987793,7.9385480880737305,0.5367744565010071,13.507123947143555,-1.567306637763977,11.784132957458496,4.364758491516113,12.743144035339355,2.658691167831421,16.056045532226562,6.68,8000,únava
tired,..\dataset\tired\06c4cfa2-7fa6-4fda-91a1-ea186a4acc64-1430029237378-1.7-f-26-ti.wav,06c4cfa2-7fa6-4fda-91a1-ea186a4acc64-1430029237378-1.7-f-26-ti.wav,.wav,1430029237378,1.7,f,dívka,26,2–6 měsíců,ti,-382.32049560546875,96.090087890625,36.94552993774414,21.07647705078125,-46.82030487060547,27.13743019104004,-1.556286096572876,16.66937255859375,-34.90359115600586,19.04743766784668,6.155937194824219,11.017679214477539,-14.197092056274414,9.734036445617676,-6.004794597625732,9.10750675201416,-15.374979019165039,11.180768013000488,-4.293144226074219,13.465842247009277,2.2974483966827393,13.55147647857666,8.407510757446289,18.306312561035156,-0.8889205455780029,19.670846939086914,6.66,8000,únava
tired,..\dataset\tired\06c4cfa2-7fa6-4fda-91a1-ea186a4acc64-1430029246453-1.7-f-26-ti.wav,06c4cfa2-7fa6-4fda-91a1-ea186a4acc64-1430029246453-1.7-f-26-ti.wav,.wav,1430029246453,1.7,f,dívka,26,2–6 měsíců,ti,-334.9870910644531,117.4005126953125,38.42030334472656,59.99742126464844,-21.979568481445312,23.8919677734375,7.98470401763916,11.194252967834473,-24.555036544799805,17.067079544067383,-1.1207647323608398,11.061793327331543,-18.437057495117188,10.675568580627441,-9.337017059326172,11.483295440673828,-26.078405380249023,11.639500617980957,-8.989751815795898,12.297152519226074,-5.470839023590088,13.247167587280273,3.8027639389038086,15.53731918334961,-2.419631242752075,15.45889663696289,6.52,8000,únava
tired,..\dataset\tired\1309B82C-F146-46F0-A723-45345AFA6EA8-1430059864-1.0-f-04-ti.wav,1309B82C-F146-46F0-A723-45345AFA6EA8-1430059864-1.0-f-04-ti.wav,.wav,1430059864,1.0,f,dívka,04,0–4 týdny,ti,-217.4827423095703,78.7256851196289,15.069838523864746,31.368558883666992,-17.407987594604492,19.598600387573242,-11.459912300109863,13.516984939575195,-6.557858943939209,9.469317436218262,2.320047378540039,8.351643562316895,-2.487231969833374,6.896152973175049,-2.6899569034576416,7.837040424346924,-19.658035278320312,5.534358978271484,-1.6195882558822632,8.416431427001953,-16.33465576171875,7.931163787841797,-8.144037246704102,10.799478530883789,-11.237908363342285,12.247275352478027,7.0,8000,únava
tired,..\dataset\tired\1309B82C-F146-46F0-A723-45345AFA6EA8-1431172241-1.0-f-48-ti.wav,1309B82C-F146-46F0-A723-45345AFA6EA8-1431172241-1.0-f-48-ti.wav,.wav,1431172241,1.0,f,dívka,48,4–8 týdnů,ti,-335.8409729003906,152.17678833007812,55.37655258178711,33.18955612182617,-22.734880447387695,24.228046417236328,-12.67388916015625,14.17278003692627,-11.152647018432617,8.611711502075195,0.4249882698059082,19.768600463867188,-14.749119758605957,8.25540542602539,-18.425691604614258,10.129277229309082,-20.41056251525879,7.812673091888428,-14.131044387817383,7.431432247161865,-15.214211463928223,6.021122455596924,-8.243155479431152,4.9845967292785645,-8.337120056152344,8.704136848449707,7.0,8000,únava
tired,..\dataset\tired\5B416CE8-2591-4531-9ADC-86D085B5D48B-1430144827-1.0-m-48-ti.wav,5B416CE8-2591-4531-9ADC-86D085B5D48B-1430144827-1.0-m-48-ti.wav,.wav,1430144827,1.0,m,chlapec,48,4–8 týdnů,ti,-266.75018310546875,61.1507568359375,70.53905487060547,11.246603965759277,-39.41997528076172,17.646940231323242,-7.518706798553467,11.0172700881958,-27.414031982421875,13.499345779418945,-22.147655487060547,9.530689239501953,-18.707157135009766,6.2919135093688965,-12.1245698928833,6.460133075714111,-14.172520637512207,5.456464767456055,-8.036514282226562,4.488409996032715,-16.192710876464844,4.664247035980225,-8.900592803955078,6.5603156089782715,-10.753066062927246,6.5678181648254395,7.0,8000,únava
tired,..\dataset\tired\79FF400A-97E2-4701-987D-C7C850D5523C-1430089487-1.0-f-48-ti.wav,79FF400A-97E2-4701-987D-C7C850D5523C-1430089487-1.0-f-48-ti.wav,.wav,1430089487,1.0,f,dívka,48,4–8 týdnů,ti,-237.16796875,141.43690490722656,-3.8104960918426514,54.296321868896484,-17.351743698120117,34.95762252807617,-3.2794296741485596,22.405460357666016,-12.6073637008667,14.890599250793457,1.7762315273284912,19.704360961914062,-19.177183151245117,17.374515533447266,-15.476616859436035,16.259654998779297,-7.155477523803711,13.469560623168945,-4.186784267425537,16.46682357788086,-4.115215301513672,13.821601867675781,1.4143245220184326,14.665538787841797,-6.405826091766357,11.35313606262207,7.0,8000,únava
tired,..\dataset\tired\7A22229D-06C2-4AAA-9674-DE5DF1906B3A-1436891944-1.1-m-72-ti.wav,7A22229D-06C2-4AAA-9674-DE5DF1906B3A-1436891944-1.1-m-72-ti.wav,.wav,1436891944,1.1,m,chlapec,72,7 měsíců–2 roky,ti,-219.36480712890625,107.17604064941406,8.02629280090332,29.422292709350586,-19.170185089111328,18.083337783813477,-10.739668846130371,20.6247615814209,-22.32500457763672,13.227315902709961,-12.839316368103027,17.877954483032227,-21.1389102935791,12.012483596801758,-11.108763694763184,11.494219779968262,-8.000587463378906,17.301860809326172,3.517010450363159,16.915979385375977,-2.6774280071258545,20.896665573120117,2.4470295906066895,18.158790588378906,-7.174137592315674,13.895516395568848,7.0,8000,únava
tired,..\dataset\tired\7A22229D-06C2-4AAA-9674-DE5DF1906B3A-1436891957-1.1-m-72-ti.wav,7A22229D-06C2-4AAA-9674-DE5DF1906B3A-1436891957-1.1-m-72-ti.wav,.wav,1436891957,1.1,m,chlapec,72,7 měsíců–2 roky,ti,-212.31558227539062,89.8908462524414,18.429935455322266,28.8653621673584,-11.189398765563965,19.193086624145508,-15.864431381225586,18.28447914123535,-22.501293182373047,14.913461685180664,-21.2658634185791,18.370197296142578,-18.031461715698242,10.900552749633789,-10.299426078796387,12.771271705627441,-15.382654190063477,6.941915035247803,-2.454840898513794,13.000932693481445,-6.551689624786377,19.24213409423828,3.9201204776763916,17.65558624267578,-2.0125436782836914,17.517499923706055,7.0,8000,únava
tired,..\dataset\tired\B2AABCE0-1F62-4B57-B58A-308959ABDFE7-1437188751-1.1-m-26-ti.wav,B2AABCE0-1F62-4B57-B58A-308959ABDFE7-1437188751-1.1-m-26-ti.wav,.wav,1437188751,1.1,m,chlapec,26,2–6 měsíců,ti,-213.3900909423828,67.76370239257812,31.444982528686523,38.2562370300293,-18.776355743408203,16.431978225708008,9.784419059753418,10.877693176269531,-28.503490447998047,10.464470863342285,1.7925488948822021,17.506799697875977,-15.80375862121582,5.812407493591309,-10.343147277832031,6.82766056060791,-11.03959846496582,6.307589054107666,-15.015869140625,11.93974781036377,-10.870307922363281,19.694486618041992,-4.3027472496032715,16.760921478271484,1.540786623954773,20.350248336791992,7.0,8000,únava
tired,..\dataset\tired\B2AABCE0-1F62-4B57-B58A-308959ABDFE7-1437188766-1.1-m-26-ti.wav,B2AABCE0-1F62-4B57-B58A-308959ABDFE7-1437188766-1.1-m-26-ti.wav,.wav,1437188766,1.1,m,chlapec,26,2–6 měsíců,ti,-177.1100311279297,73.02965545654297,9.035918235778809,37.5820198059082,-21.133577346801758,19.24678611755371,10.304739952087402,12.551926612854004,-27.422046661376953,9.2872953414917,13.385499954223633,16.799015045166016,-17.642047882080078,6.524342060089111,-8.421091079711914,9.394360542297363,-17.098247528076172,7.578431129455566,-13.700968742370605,13.253083229064941,-4.77572774887085,20.11020278930664,3.913170337677002,20.31822395324707,12.167346000671387,23.365638732910156,7.0,8000,únava
tired,..\dataset\tired\b4c460d8-bd6b-4017-9bb8-2ae4ff0c5af1-1430418266487-1.7-f-26-ti.wav,b4c460d8-bd6b-4017-9bb8-2ae4ff0c5af1-1430418266487-1.7-f-26-ti.wav,.wav,1430418266487,1.7,f,dívka,26,2–6 měsíců,ti,-105.41683197021484,61.50600814819336,85.75627899169922,43.690731048583984,-22.0894832611084,30.001413345336914,-34.409202575683594,25.327484130859375,-39.6986198425293,23.60318946838379,-25.67294692993164,13.532567977905273,-13.791658401489258,14.843426704406738,-14.065556526184082,12.53612232208252,-13.33678150177002,15.6485013961792,-0.06628986448049545,11.7483549118042,-11.438233375549316,13.803129196166992,1.3911986351013184,14.605019569396973,8.030729293823242,21.59345245361328,6.92,8000,únava
tired,..\dataset\tired\C421C6FE-DFEE-4080-8AEA-848E7CE4756B-1430548384-1.0-m-26-ti.wav,C421C6FE-DFEE-4080-8AEA-848E7CE4756B-1430548384-1.0-m-26-ti.wav,.wav,1430548384,1.0,m,chlapec,26,2–6 měsíců,ti,-182.72592163085938,92.09819030761719,46.68268966674805,23.705745697021484,-28.99320411682129,23.00981330871582,-22.389299392700195,16.03980827331543,-16.96228790283203,14.86428165435791,-21.956253051757812,12.049993515014648,-27.91977310180664,11.606447219848633,-15.45832633972168,9.305567741394043,-23.73684310913086,10.292404174804688,-9.286157608032227,8.388887405395508,-8.652898788452148,9.214744567871094,-9.360519409179688,7.897001266479492,-6.564175605773926,8.526737213134766,7.0,8000,únava
tired,..\dataset\tired\C421C6FE-DFEE-4080-8AEA-848E7CE4756B-1430548393-1.0-f-26-ti.wav,C421C6FE-DFEE-4080-8AEA-848E7CE4756B-1430548393-1.0-f-26-ti.wav,.wav,1430548393,1.0,f,dívka,26,2–6 měsíců,ti,-172.13978576660156,61.342384338378906,38.228424072265625,30.323320388793945,-45.62752151489258,21.513469696044922,-25.328479766845703,18.743928909301758,-17.614593505859375,13.747145652770996,-13.04069709777832,15.125958442687988,-19.333784103393555,10.648725509643555,-11.961714744567871,12.02970027923584,-22.8480281829834,11.327302932739258,-9.644369125366211,9.506970405578613,-5.457983493804932,18.525562286376953,2.3817315101623535,13.324450492858887,-0.9555451273918152,20.28881072998047,7.0,8000,únava
tired,..\dataset\tired\C5127741-5897-468C-A543-7F1B72569F0E-1428333964-1.0-m-26-ti.wav,C5127741-5897-468C-A543-7F1B72569F0E-1428333964-1.0-m-26-ti.wav,.wav,1428333964,1.0,m,chlapec,26,2–6 měsíců,ti,-362.54644775390625,55.345794677734375,76.1600341796875,29.136703491210938,16.113656997680664,15.841320991516113,-10.792533874511719,11.753043174743652,-42.46114730834961,14.247349739074707,-27.224782943725586,12.429924011230469,-31.033613204956055,8.055153846740723,-26.269296646118164,9.529661178588867,-18.113113403320312,7.4731574058532715,-12.04732894897461,7.9415974617004395,-5.296942234039307,6.9818620681762695,-1.3846714496612549,6.032032489776611,-13.648265838623047,5.280251502990723,7.0,8000,únava
tired,..\dataset\tired\ca7d8d54-13cb-4060-8db4-90651b60c078-1434674792223-1.7-f-26-ti.wav,ca7d8d54-13cb-4060-8db4-90651b60c078-1434674792223-1.7-f-26-ti.wav,.wav,1434674792223,1.7,f,dívka,26,2–6 měsíců,ti,-321.9156188964844,115.14006042480469,29.000925064086914,29.554161071777344,-26.983890533447266,30.668188095092773,-8.421236991882324,13.96015739440918,-43.784706115722656,27.496389389038086,6.983801364898682,16.160686492919922,-13.338813781738281,11.963759422302246,-17.93702507019043,15.129964828491211,-3.0711965560913086,13.710259437561035,4.044560432434082,14.59329605102539,13.877010345458984,18.31576156616211,10.864931106567383,19.183774948120117,-11.122514724731445,14.98330020904541,6.78,8000,únava
tired,..\dataset\tired\cecd525b-18fd-49e3-b2b9-dfb08b93ad95-1430110029205-1.7-m-26-ti.wav,cecd525b-18fd-49e3-b2b9-dfb08b93ad95-1430110029205-1.7-m-26-ti.wav,.wav,1430110029205,1.7,m,chlapec,26,2–6 měsíců,ti,-229.1272735595703,115.147705078125,45.91390609741211,33.46206283569336,-4.000341892242432,31.794231414794922,-2.105628252029419,20.51051902770996,-17.762849807739258,12.153386116027832,20.449949264526367,12.863007545471191,-19.99946403503418,9.71171760559082,8.834707260131836,8.265957832336426,-7.482494831085205,7.843562602996826,-8.917844772338867,6.0443434715271,-8.772720336914062,6.574783802032471,-18.178394317626953,7.402218818664551,-7.509947776794434,11.700800895690918,6.94,8000,únava
tired,..\dataset\tired\D4665929-8695-4655-927F-63F09B2D4CB8-1430726940-1.0-f-26-ti.wav,D4665929-8695-4655-927F-63F09B2D4CB8-1430726940-1.0-f-26-ti.wav,.wav,1430726940,1.0,f,dívka,26,2–6 měsíců,ti,-413.25274658203125,80.12503814697266,12.133255004882812,25.786312103271484,-13.676054000854492,22.74228858947754,4.733180522918701,17.088375091552734,-30.368900299072266,11.627289772033691,-8.766408920288086,11.125045776367188,-14.779839515686035,9.007031440734863,-7.560967445373535,8.769761085510254,-10.912027359008789,7.748302459716797,-9.228597640991211,8.775949478149414,-7.363640308380127,8.62640380859375,-5.8988261222839355,9.49044132232666,-7.451297760009766,16.33830451965332,7.0,8000,únava
tired,..\dataset\tired\d5abedab-9ed5-48d0-a83b-fc00c33d6d6b-1430079192907-1.7-f-04-ti.wav,d5abedab-9ed5-48d0-a83b-fc00c33d6d6b-1430079192907-1.7-f-04-ti.wav,.wav,1430079192907,1.7,f,dívka,04,0–4 týdny,ti,-457.8249206542969,91.53372192382812,-2.33583927154541,41.996376037597656,-21.825368881225586,27.368480682373047,20.69257354736328,18.302337646484375,-26.662296295166016,15.70122241973877,0.6471644639968872,8.57037353515625,-13.559839248657227,8.109981536865234,0.20755097270011902,6.351454257965088,-17.468168258666992,8.895424842834473,2.3901941776275635,8.315621376037598,-9.500248908996582,6.061099052429199,-6.206003665924072,7.698053359985352,-5.94450569152832,5.776325225830078,6.88,8000,únava
tired,..\dataset\tired\d6cda191-4962-4308-9a36-46d5648a95ed-1431587887997-1.7-m-04-ti.wav,d6cda191-4962-4308-9a36-46d5648a95ed-1431587887997-1.7-m-04-ti.wav,.wav,1431587887997,1.7,m,chlapec,04,0–4 týdny,ti,-299.76580810546875,166.06910705566406,-22.056196212768555,38.48401641845703,-54.8699951171875,47.5030403137207,-10.684993743896484,20.410303115844727,-13.612975120544434,16.800064086914062,14.929638862609863,10.57819938659668,-4.868366718292236,9.056414604187012,-1.0047012567520142,11.358372688293457,-11.420478820800781,11.010737419128418,-1.6435638666152954,6.522129535675049,-0.5527086853981018,10.721868515014648,8.838273048400879,14.637673377990723,-1.5352061986923218,15.017950057983398,6.82,8000,únava
tired,..\dataset\tired\d6cda191-4962-4308-9a36-46d5648a95ed-1431587899682-1.7-m-04-ti.wav,d6cda191-4962-4308-9a36-46d5648a95ed-1431587899682-1.7-m-04-ti.wav,.wav,1431587899682,1.7,m,chlapec,04,0–4 týdny,ti,-212.8203887939453,155.00946044921875,-33.98030090332031,45.177490234375,-79.00460815429688,30.562118530273438,-15.763538360595703,23.66840171813965,-4.97352933883667,17.395782470703125,-6.165211200714111,11.638915061950684,1.7277553081512451,10.665335655212402,0.5491626262664795,8.592164993286133,-12.404664039611816,9.438096046447754,0.23608246445655823,7.397754192352295,-12.642754554748535,11.382172584533691,2.8310744762420654,14.291491508483887,2.624607563018799,14.895025253295898,6.82,8000,únava
tired,..\dataset\tired\d6cda191-4962-4308-9a36-46d5648a95ed-1431616581736-1.7-m-04-ti.wav,d6cda191-4962-4308-9a36-46d5648a95ed-1431616581736-1.7-m-04-ti.wav,.wav,1431616581736,1.7,m,chlapec,04,0–4 týdny,ti,-181.16436767578125,127.95519256591797,-24.07926368713379,37.15994644165039,-38.59075927734375,20.103290557861328,-25.037158966064453,20.225313186645508,-30.60786247253418,18.554460525512695,17.291738510131836,13.315042495727539,-27.921199798583984,11.645254135131836,5.801510810852051,12.103229522705078,-8.344738006591797,9.572626113891602,-8.01668930053711,10.600037574768066,-7.9823994636535645,9.68745231628418,2.5156307220458984,11.298855781555176,-3.9225497245788574,14.149713516235352,6.84,8000,únava
tired,..\dataset\tired\eea17285-4ab9-4d34-a2f5-55fc8c866ac6-1431887695278-1.7-f-26-ti.wav,eea17285-4ab9-4d34-a2f5-55fc8c866ac6-1431887695278-1.7-f-26-ti.wav,.wav,1431887695278,1.7,f,dívka,26,2–6 měsíců,ti,-518.137451171875,93.7116928100586,55.82257843017578,19.125429153442383,19.839031219482422,14.933293342590332,15.108027458190918,10.160140991210938,2.4072470664978027,11.31081485748291,-0.5849369168281555,8.577329635620117,-4.911595821380615,7.925422191619873,1.538100242614746,6.650901794433594,-12.058676719665527,7.235465049743652,0.6536620855331421,4.692007064819336,-11.480127334594727,5.662235736846924,-2.3207883834838867,4.819439888000488,-11.939948081970215,5.637660503387451,6.92,8000,únava
